{"L": 2, "J": 0.44721359549995826, "B": 0.44721359549995826, "K": 20, "init_state": "maximally-mixed state", "energy": -0.8617952654447799, "eigoccs": [0.9039846737899636, 0.000904099576568253, 0.09500503673467472, 0.00010618989879222524]}