{"L": 2, "J": 0.09950371902099898, "B": 0.4975185951049949, "K": 40, "init_state": "maximally-mixed state", "energy": -0.5345510037127289, "eigoccs": [0.576669157360955, 3.112777675215356e-05, 0.42329821003826085, 1.5048240396253823e-06]}