{"L": 2, "J": 0.09950371902099898, "B": 0.4975185951049949, "K": 5, "init_state": "maximally-mixed state", "energy": -0.8788028078077641, "eigoccs": [0.8896659647354206, 0.0009835904893675364, 0.10926132513163282, 8.91196435831511e-05]}