{"L": 2, "J": 0.09950371902099898, "B": 0.4975185951049949, "K": 20, "init_state": "maximally-mixed state", "energy": -0.6132061281545017, "eigoccs": [0.6481979735753032, 0.00010784526965212742, 0.3516856331539021, 8.548001143375528e-06]}