{"L": 2, "J": 0.9284766908852597, "B": 0.18569533817705194, "K": 2, "init_state": "maximally-mixed state", "energy": -0.9541570011893732, "eigoccs": [0.3630594653628982, 0.6367893592466223, 6.479220221905865e-05, 8.638318826237063e-05]}