{"L": 3, "J": 0.48596110151427613, "B": 0.09719222030285522, "K": 5, "init_state": "maximally-mixed state", "energy": -0.9623078392695661, "eigoccs": [0.5058295835683897, 0.46221218777752415, 0.008528920300625303, 0.007865395181686679, 0.006829851088480719, 0.006113063089792567, 0.0013522303746259924, 0.001268768618876583]}