{"L": 3, "J": 0.48596110151427613, "B": 0.09719222030285522, "K": 20, "init_state": "maximally-mixed state", "energy": -0.9897277502981516, "eigoccs": [0.5341784179553892, 0.4594987308233629, 0.00045110267296447727, 0.00043681527495817104, 0.0026794740952458948, 0.002651154585567881, 6.011340367724126e-05, 4.419118882943026e-05]}