{"L": 4, "J": 0.04962748692122745, "B": 0.2481374346061372, "K": 5, "init_state": "maximally-mixed state", "energy": -0.9772469956104123, "eigoccs": [0.9601741154188791, 0.0008493449763733472, 0.005667898117515833, 0.00748487200338494, 0.023806070524314618, 0.0005340833078150085, 0.0006681436388343157, 0.0001376838033450953, 0.00024721949125464495, 0.00018272394658572157, 0.0002203327430236851, 5.224607222414611e-06, 7.377939012527115e-06, 8.98920311708857e-06, 5.618787848751393e-06, 3.0149147308500937e-07]}