{"L": 4, "J": 0.04962748692122745, "B": 0.2481374346061372, "K": 20, "init_state": "maximally-mixed state", "energy": -0.9591982981588216, "eigoccs": [0.9287366521812159, 3.119736219517903e-05, 0.0029598281410935664, 0.0060575972792143214, 0.06185538911189855, 1.9911515815372477e-06, 1.7573775087691406e-05, 1.0769483825267412e-05, 9.29131759081033e-06, 8.841392497013425e-05, 0.00022858785019295354, 3.060205303263108e-07, 7.689240776768178e-08, 2.1463280137682326e-07, 2.108856300536832e-06, 2.0191167183352744e-09]}