{"L": 4, "J": 0.326612219552346, "B": 0.0653224439104692, "K": 20, "init_state": "maximally-mixed state", "energy": -0.9821698180546401, "eigoccs": [0.4858145935128354, 0.49089178743077355, 0.0006515883941951047, 0.0007356874023702754, 0.0037914776610672523, 0.003539947031087767, 0.006774273448237796, 0.006859248087978613, 3.0187052217721623e-05, 2.892261627557194e-05, 4.1249681710068154e-05, 3.6314356584664714e-05, 0.000398643533081374, 0.00040168361398955533, 1.1591622908493812e-06, 3.2370153081151115e-06]}