{"L": 4, "J": 0.04962748692122745, "B": 0.2481374346061372, "K": 10, "init_state": "maximally-mixed state", "energy": -0.9613033705571079, "eigoccs": [0.930667965213261, 0.0003187524783430324, 0.005472688631246677, 0.023296927903846493, 0.03959148520155809, 2.350271384712996e-05, 7.780678787423626e-05, 6.67884377858484e-05, 8.33021728925391e-05, 0.00011642268782890812, 0.00027942354236756915, 2.0533064583065986e-07, 1.9372424771266794e-06, 5.910150830584788e-07, 2.1936535075457e-06, 6.9874497341536665e-09]}