{"L": 5, "J": 0.24566796280110115, "B": 0.04913359256022023, "K": 20, "init_state": "maximally-mixed state", "energy": -0.9725116478539386, "eigoccs": [0.47444205972037706, 0.47584981458154074, 0.0023809762667978737, 0.0022316158414046627, 0.00700158616773632, 0.006801206753441594, 0.006354425096773566, 0.006331160172044378, 0.007603653239047591, 0.007694174841847692, 0.0002452651486484623, 0.00024326348289911936, 0.0001945169081744027, 0.0001913717206940717, 0.00021425129699741274, 0.00020784242529805499, 0.00019479378411922814, 0.00019797337794445456, 0.0004558237852145025, 0.00044708105428344254, 0.00032342140650698075, 0.00032748712258519363, 8.081025342850573e-06, 7.460430295720767e-06, 6.747382752797916e-06, 6.285830542877757e-06, 7.301920201147535e-06, 7.664753591291372e-06, 1.101282201518265e-05, 1.0829330246922474e-05, 4.5678910953966407e-07, 3.955215613723827e-07]}