{"L": 5, "J": 0.1659289965874811, "B": 0.1659289965874811, "K": 3, "init_state": "maximally-mixed state", "energy": -0.8309293080049134, "eigoccs": [0.6564270472511973, 0.011074003784857957, 0.10824230353193932, 0.022720634673048842, 0.05709147647045442, 0.014225569753069456, 0.042367079148083964, 0.016182037333735036, 0.004939105085037688, 0.021794311392409137, 0.002089383090978471, 0.003434647917140316, 0.009982809892763355, 0.005004225739959771, 0.002365022141286325, 0.007701475235025617, 0.000847770676150039, 0.0030275541400655165, 0.001264532832564464, 0.0005499867200910186, 0.0015692814703095023, 0.0032418022690802223, 0.00026799310013989486, 0.0013344164077152274, 0.00031101966089931016, 0.00030767809686383643, 0.0007109721048929135, 0.00017936379355542649, 0.0004327435671683781, 6.185408292207674e-05, 0.0002405547833325591, 1.1343853271878341e-05]}