{"L": 5, "J": 0.03968214607433029, "B": 0.19841073037165147, "K": 20, "init_state": "maximally-mixed state", "energy": -0.9666315404951729, "eigoccs": [0.9284552123000083, 0.00012745649813668183, 0.0007545072552734133, 0.004620424700715276, 0.021613105471207962, 0.04222484397799565, 2.8535168282487176e-06, 1.8110611742293026e-05, 2.673808464175854e-05, 3.99566242668796e-05, 9.413930168543446e-06, 2.6809228379827365e-05, 4.4696072692973135e-05, 8.258657793482719e-05, 0.00013135178210049508, 0.0018096985835504337, 4.1712998688520965e-08, 1.0085148872223699e-07, 1.6555719646935525e-07, 2.5731454573929045e-07, 7.473277697422506e-07, 3.0436051774033457e-07, 5.705458288200322e-07, 1.573021120164168e-06, 2.1054570497957806e-06, 6.334553168441422e-06, 1.865905568550813e-09, 1.1526144255528068e-09, 3.3281566170160535e-09, 1.1438472088464853e-08, 1.622425483920731e-08, 7.326404095882767e-11]}