{"L": 6, "J": 0.13705708646304537, "B": 0.13705708646304537, "K": 40, "init_state": "maximally-mixed state", "energy": -0.9889849681671, "eigoccs": [0.9572819782863948, 0.001186936254195504, 0.027359491822940684, 8.098191302393185e-05, 0.007453754061739109, 5.8444860853417845e-05, 0.003272278663127764, 3.667439582865933e-05, 0.00022636098161505757, 0.0007117130408425868, 0.0013051070593597166, 5.96456798047114e-06, 2.977477277079215e-06, 6.671619284351004e-06, 0.00030382882291396935, 7.544186715064751e-06, 5.5231464950964015e-05, 0.0002834490345875112, 0.0001958228986578438, 1.510483761658316e-06, 2.1069989965378973e-06, 1.9129129403870037e-06, 2.3082908973069658e-05, 5.91896138307619e-05, 1.0316867711702854e-06, 2.2605247469329237e-05, 6.893475180226848e-07, 1.4694816221483172e-05, 1.983501694591389e-05, 2.662498732926711e-07, 1.152069850595195e-07, 1.920049520423289e-06, 5.195984613055467e-07, 2.956365618012956e-06, 5.844531625243326e-06, 6.298482883218236e-08, 4.9411365634059376e-08, 1.4861790950565589e-06, 5.056772129726482e-08, 1.383421200869442e-06, 3.089601124101314e-08, 4.875054057375081e-08, 1.2033359802932365e-06, 2.039016055389229e-07, 1.2095393512097075e-06, 6.46053050375163e-09, 7.65540651708768e-09, 1.3050687292315615e-08, 1.602328014764691e-07, 4.034223357032973e-09, 2.3625451164731067e-07, 1.0508167194518955e-07, 1.9399176524863112e-07, 6.66895067628958e-10, 5.825543545440286e-10, 1.6242414006227543e-09, 1.2684404182948085e-08, 5.684489911754612e-10, 1.9569757395610607e-08, 3.9961941669304587e-10, 1.1782703919125551e-08, 3.621008321424439e-11, 3.881925092292788e-09, 6.230086015696273e-12]}