{"L": 6, "J": 0.033057440093328, "B": 0.16528720046664, "K": 5, "init_state": "maximally-mixed state", "energy": -0.9791777455159472, "eigoccs": [0.9454485497731859, 0.001923117280796487, 0.001821156419829807, 0.0034108219374156448, 0.012279755540607382, 0.013123029250651952, 0.01902097000536539, 1.5345597757551204e-05, 0.0004197606357283822, 0.00036286863744038647, 0.0001337963227982501, 3.449923540659593e-05, 5.563122559611432e-05, 9.696151207000848e-05, 0.0001736978131090753, 0.00034772569645000727, 6.900224311645657e-05, 0.0002555678232679167, 0.00012011287927321917, 0.00026180251592596503, 0.00023727377122549889, 0.00029738100825986777, 2.0351494259439177e-06, 1.5376200528555818e-06, 1.22835347264227e-06, 5.500797442841955e-06, 9.073275226133584e-07, 6.296133326036007e-06, 6.631038384621734e-06, 7.27766342998723e-06, 2.2668858189554475e-06, 4.2780857317246475e-06, 1.0693216078188322e-05, 2.262507250704157e-06, 4.190155058876908e-06, 2.3963046641411964e-06, 2.255676222347944e-06, 6.7490242188837184e-06, 3.83841598583186e-06, 6.492207716719515e-06, 5.001867412372666e-06, 7.499989618441783e-06, 9.281937952902245e-08, 1.3860306158611527e-07, 1.1334935702610983e-07, 7.495454829611457e-08, 1.008720705101263e-07, 1.5325198409797606e-07, 4.1508859218904226e-08, 1.4652058608289925e-07, 7.204508254574779e-08, 1.501486308077599e-07, 1.8184201752338246e-07, 8.635419057710555e-08, 1.337304704554423e-07, 1.8128751217500588e-07, 1.4901574503226615e-07, 2.7066844229859175e-09, 2.9621072896228742e-09, 3.6564804859060326e-09, 2.60613243304785e-09, 4.3959144630560055e-09, 1.737549265232324e-09, 8.752425906097746e-11]}