{"L": 6, "J": 0.033057440093328, "B": 0.16528720046664, "K": 40, "init_state": "maximally-mixed state", "energy": -0.9441808661802178, "eigoccs": [0.863426494984991, 4.2064875094533765e-05, 0.0006563372794740234, 0.002339108106606143, 0.0172604033373581, 0.0512436916121457, 0.05368939349244576, 1.2106489275679022e-05, 6.270321343105018e-06, 1.200204835435219e-05, 5.167084953888135e-06, 1.1185820423627979e-05, 1.5674752502451094e-05, 6.412939553105001e-06, 1.1148161300368745e-05, 1.597081850380727e-05, 6.140453273880404e-05, 6.965516824695495e-05, 0.00011466618952893641, 0.00014302178141972896, 0.00031580081521082114, 0.010494474156480093, 6.087158409308814e-08, 2.470664914596901e-08, 4.4160674987696874e-07, 1.1078183524443415e-07, 4.426486774468356e-07, 1.389890911199759e-07, 3.4479020694925194e-07, 5.216981387412532e-07, 1.0432403452651091e-07, 2.4071312249806134e-07, 4.159627498626017e-07, 4.05418576525528e-07, 3.8214269797376294e-07, 7.975934028001886e-07, 8.078352117413521e-07, 8.280472581012641e-07, 2.9773807355033635e-06, 1.9729414413935485e-06, 9.577012483974002e-06, 2.6607715999286164e-05, 2.612746416540418e-10, 4.1016751550364024e-09, 1.193617679738677e-09, 7.614014279006954e-09, 5.790342510451567e-10, 1.6871020442090483e-09, 2.5286286960332932e-08, 4.0399370062436104e-09, 2.5680534543632966e-09, 8.643418784024986e-09, 8.844671376397185e-08, 4.2748041811560183e-08, 1.2017129544030031e-08, 7.655816051037683e-08, 6.563070788847203e-08, 1.915173531125468e-11, 2.305952976610947e-11, 4.723703701760773e-11, 1.6625208847355184e-10, 1.7798504966562816e-10, 2.413334507145057e-10, 1.2264732725515963e-12]}