{"L": 6, "J": 0.13705708646304537, "B": 0.13705708646304537, "K": 2, "init_state": "maximally-mixed state", "energy": -0.6230970719525047, "eigoccs": [0.2313875695335383, 0.055322408188208994, 0.13540332893200463, 0.033111956892047656, 0.08360369134963581, 0.02816743808166701, 0.050076811427864965, 0.0180623214415626, 0.03269339647434104, 0.045773433994187096, 0.02125381741498013, 0.011133286325910399, 0.015014323766452538, 0.0071314252980558684, 0.026909461059609174, 0.009113011004724142, 0.018096822703546525, 0.021256789563450472, 0.012264748719476515, 0.0055137052527302974, 0.00818573263004955, 0.003985000322591133, 0.013259329399768188, 0.008768595632188814, 0.004956733731487353, 0.008537651157657755, 0.003186277602856398, 0.013011136272509903, 0.005914336124516125, 0.003436318066709885, 0.004128923162105556, 0.007486567292953694, 0.002186033576234458, 0.0035129157683836884, 0.004758839353157, 0.0024509947727885855, 0.0014269459792945862, 0.0052753845134557295, 0.001542266168453642, 0.003561101913121705, 0.0016984564628250546, 0.0012044141815141275, 0.005029639702115762, 0.002223003859422607, 0.0029914182339971004, 0.0016279236121522621, 0.0007420855129815973, 0.0010309339388640132, 0.00167698328528383, 0.0005984531311992951, 0.002550699666604888, 0.0010749206338363428, 0.0014779896177402147, 0.0006600091070029988, 0.00042702687816784156, 0.00043582652813166606, 0.0009786780897246942, 0.0003196839377718793, 0.0008012293222356439, 0.0002679568328268482, 0.0007015230213640236, 0.00019858849953221838, 0.00033898551223040103, 8.273956817139273e-05]}