{"L": 6, "J": 0.19683820800041796, "B": 0.03936764160008359, "K": 2, "init_state": "maximally-mixed state", "energy": -0.6235399800774064, "eigoccs": [0.1761600426353765, 0.17470032577801223, 0.06495566353613971, 0.06471891325715134, 0.0405502634708806, 0.04027347984253509, 0.03251511858131152, 0.03224606724983346, 0.034952283225310396, 0.03485290140935947, 0.025070442989847102, 0.024297325193824375, 0.015106653779094576, 0.015298429928973324, 0.013119091626187077, 0.013274445113440732, 0.008079681380272857, 0.008042271058684523, 0.015078652019002648, 0.01508966040136806, 0.011972839711087705, 0.011782863250956626, 0.009254596472132772, 0.009138375522229656, 0.007524361553990425, 0.0073755956564711764, 0.007231282195957143, 0.007187434320497627, 0.006001021527667114, 0.005835295728546093, 0.005989963793905597, 0.005808296504882163, 0.0029776250711582354, 0.0030887552857286407, 0.003610244591679473, 0.0036765958903514197, 0.0031803868149585385, 0.003199020037243625, 0.0029879848536558794, 0.0030391866109794902, 0.0026176621442448407, 0.0026181483197279315, 0.0017927584601126697, 0.001773398761142853, 0.0016813497318333864, 0.0016410904670545814, 0.0029134619765704413, 0.0028607703931347473, 0.001879922281777887, 0.0018250555791718896, 0.0014557554453169482, 0.001412231176680541, 0.0005938743797684876, 0.0006289002771000573, 0.0006343432865086002, 0.0006526463929559198, 0.0007764859513476286, 0.0007804566735761354, 0.0006263897819928118, 0.000627581414181569, 0.0003635440996656624, 0.00034983182469072174, 0.00012323110511858296, 0.00012767220563836447]}