{"L": 6, "J": 0.033057440093328, "B": 0.16528720046664, "K": 3, "init_state": "maximally-mixed state", "energy": -0.9684302796534547, "eigoccs": [0.9170800304514376, 0.0037754499147929217, 0.004276327959924811, 0.013043665401784097, 0.015390540239867093, 0.0197454235388589, 0.02041648428366382, 0.00014544979454669807, 0.0001340018883483495, 0.0005578594564425114, 0.0007097783460925692, 0.0001862991685620237, 0.00030234582288175154, 0.0002353038393773535, 0.0004412685022721235, 0.00021857375324002055, 0.0004830643919483109, 0.0003328788147027345, 0.0006877543471521508, 0.0004899908970662228, 0.0005268910100882024, 0.0005247159691604935, 4.902611327078784e-06, 8.332926544854174e-06, 1.2194868623686253e-05, 1.734981046157968e-05, 7.191791656351627e-06, 1.4767312964298107e-05, 1.694684677926987e-05, 1.2290935467466205e-05, 1.663334899967228e-05, 1.5915409172557188e-05, 1.7718528096673337e-05, 1.9464997003585795e-05, 1.6169673880073156e-05, 1.1180400976003535e-05, 1.5825872329506513e-05, 9.587282803491621e-06, 1.356682425616591e-05, 1.7963113959063273e-05, 2.1996305899846128e-05, 1.6451659502202668e-05, 3.695139320259792e-07, 6.288311073670618e-07, 6.888840582889779e-07, 5.767952305845806e-07, 7.643121975615482e-07, 8.488045053691013e-07, 5.034851091673549e-07, 5.897913552832736e-07, 6.873082045543931e-07, 5.148287722911353e-07, 6.95992856657054e-07, 6.099786601464979e-07, 5.72595762991812e-07, 5.887857435150573e-07, 6.348338382698563e-07, 1.830585172199467e-08, 2.5398672434930523e-08, 2.9175352229209552e-08, 2.7185163091827157e-08, 5.05010813709744e-08, 2.4607427872600548e-08, 1.7722165827566993e-09]}