{"L": 6, "J": 0.19683820800041796, "B": 0.03936764160008359, "K": 20, "init_state": "maximally-mixed state", "energy": -0.9764630593191403, "eigoccs": [0.47379088994637897, 0.47355804587113604, 0.0052629863763571025, 0.005221796154151737, 0.0012710824321128396, 0.0012662302476266275, 0.005333667895803709, 0.005307381517208922, 0.004058956183953012, 0.004062505056797552, 0.008184592232071127, 0.008224131709166055, 8.307567156231914e-05, 8.285239420746654e-05, 0.0001912201683910295, 0.00019009982032345147, 0.00011816166565637061, 0.00011777082971084717, 0.00018239583297705432, 0.00018183819621534996, 0.00044166741422443543, 0.00044000565716661023, 0.00014224565352887115, 0.00014100367247877932, 0.00018320875300485958, 0.00018303888503004806, 0.00031409692369711373, 0.00031350431384194726, 0.0002805378649086788, 0.00028030249858746804, 0.00024029992504522393, 0.0002420063239231031, 2.1523125169892225e-06, 2.188593914115809e-06, 3.5458606921556503e-06, 3.5436375780436425e-06, 4.710522213697966e-06, 4.405020954913871e-06, 6.668417610324491e-06, 5.450643624339318e-06, 7.567595780675349e-06, 7.411350237701034e-06, 3.7520274653885177e-06, 4.049440447410389e-06, 4.644443955046399e-06, 4.6869286867724424e-06, 7.774317560015265e-06, 7.222120349340599e-06, 4.4967327517993e-06, 4.480513200725052e-06, 8.347127389456966e-06, 8.40485609024674e-06, 1.8167923084352375e-07, 1.6210934732037992e-07, 2.3201671793240702e-07, 2.4007028618371577e-07, 3.2100381887671897e-07, 3.143775409154955e-07, 4.2706615550324186e-07, 4.153650304617607e-07, 2.901381670522516e-07, 2.937226715488741e-07, 1.1422185750045088e-08, 1.0478615156979303e-08]}