{"L": 7, "J": 0.0283282086429988, "B": 0.141641043214994, "K": 47, "init_state": "maximally-mixed state", "energy": -0.959842867077354, "eigoccs": [0.8838692742807788, 6.236942256657646e-05, 0.0033128013056746043, 0.0014013878411159746, 0.0036437049438007756, 0.027013951046682045, 0.03682773436994113, 0.035019272445026686, 4.864643024316407e-06, 4.35823429866103e-06, 8.575819228756127e-06, 6.501804595641968e-06, 1.3084763693291195e-05, 8.68772988536846e-06, 1.3260394927880998e-05, 8.32492655892702e-06, 8.18588577582773e-06, 1.98591649115521e-06, 1.2457780717137646e-05, 1.0783566790034108e-05, 2.6126825492152323e-05, 4.5332265946656115e-05, 4.1167263165734424e-05, 5.975383920092088e-05, 8.54943654201472e-05, 0.00011246214484600153, 0.00019000148902360126, 0.0009130125240969996, 0.0071848256534562775, 1.5655749392741223e-08, 1.212908028210125e-07, 2.046396039963245e-08, 3.898549290461378e-08, 1.0618811361216644e-07, 6.571393103999604e-08, 4.6209929343839574e-08, 1.2143180599676326e-07, 6.182442719163959e-08, 9.573215309103365e-08, 1.953230308700252e-07, 8.371817570299675e-08, 4.986807938397822e-08, 9.67018013852195e-08, 2.0439064391531709e-07, 1.1026390883900358e-07, 2.388326557954619e-07, 2.089091503956353e-07, 1.1736928655246761e-07, 2.2939226347535687e-07, 3.123473190092604e-07, 2.745661367295866e-07, 2.1394111142838684e-07, 3.4674822795016697e-07, 5.971648674299854e-07, 5.333041486095341e-07, 3.124477559933637e-07, 4.0489948301296157e-07, 1.5143917159643118e-06, 9.61410651104955e-07, 1.2407981413446045e-06, 4.444622717760109e-06, 2.698436138525056e-06, 8.738401816946617e-06, 6.489933334634309e-05, 1.2874060185496648e-10, 1.5967470309267195e-10, 3.978232586897941e-10, 2.836616365099125e-10, 5.240509923337426e-10, 6.55867334606135e-10, 2.3545278447184264e-10, 4.012582580522094e-09, 2.7128771585863488e-09, 8.199710693916827e-10, 9.297950323781056e-10, 2.4721752580679998e-09, 2.5448025066682194e-10, 1.7410949287012062e-09, 5.955466474590131e-10, 1.4914834281048668e-09, 6.977749821338498e-09, 2.4159950583110732e-09, 5.461193891825334e-09, 3.955507984467632e-09, 4.108498638114358e-09, 2.612514179218552e-09, 3.881234962258183e-09, 6.930307051704928e-09, 2.312372716713853e-08, 5.433782119536086e-09, 3.5451482257061045e-08, 4.043851057846272e-09, 3.2981460060275523e-08, 7.873621344826749e-09, 3.78261544620608e-08, 8.029656493080861e-08, 4.723164414445513e-08, 5.927469510130632e-08, 1.4615895691143263e-07, 1.4811557403502282e-12, 3.50548169743929e-12, 3.637937782764624e-12, 6.172739606094933e-12, 6.507889813545731e-12, 1.9640816546508875e-11, 1.9359545104184588e-11, 2.4883912971623982e-11, 8.913092319710321e-12, 2.1854291626318163e-11, 1.4590306524606637e-11, 1.1862965216963992e-11, 2.5343003550369992e-11, 7.687582210741202e-11, 1.2080728213371994e-10, 5.764106650477079e-11, 1.1417735489125368e-10, 1.3041178392063586e-10, 6.802552409509953e-10, 2.552376273132748e-10, 3.69086217109025e-10, 1.1682616568244273e-13, 4.7300673049211955e-14, 1.4239058558664774e-13, 5.890063348086193e-13, 6.830276009609068e-13, 3.7092027133106943e-13, 5.247448027711328e-13, 1.3648993200538964e-15]}