{"L": 7, "J": 0.16419577752050152, "B": 0.032839155504100305, "K": 2, "init_state": "maximally-mixed state", "energy": -0.5922729192587133, "eigoccs": [0.1257219849248148, 0.12580230031044293, 0.055549081796695515, 0.05549038664141599, 0.037271790424365736, 0.037469339199646255, 0.026717950689214592, 0.02682860497976681, 0.024654033905715467, 0.0248617801216161, 0.025261580995584385, 0.025234807238660555, 0.018732243008984933, 0.01865911008151091, 0.016215465859302745, 0.01616758224378713, 0.012264659817148391, 0.012183476950953587, 0.008388818511491463, 0.008472222242324443, 0.012089795947856266, 0.012076998472459861, 0.008178296619679174, 0.008288200863125967, 0.012805797352545008, 0.012799028884673191, 0.010059957055737052, 0.0099950966434878, 0.008994500327008674, 0.009053895426425927, 0.006093479408193096, 0.006166681073262818, 0.006744631043681661, 0.006747994928289036, 0.006274380047080602, 0.006307270550596149, 0.0048988240164293435, 0.004919292017790697, 0.005809672815368415, 0.005847914000579763, 0.004525531866176646, 0.004531686784230302, 0.004371945384445946, 0.004372921098171355, 0.0036453666465421455, 0.0035948838590315513, 0.0037756976235689198, 0.003752908742061671, 0.004102845276338537, 0.00408893455957318, 0.002769702053717292, 0.002743602634533965, 0.0033724574317876826, 0.003342532772933062, 0.001864824059333186, 0.0019023035921697474, 0.0029840263477176093, 0.002963976627560776, 0.0024846786165528345, 0.0024609842381990337, 0.00213624763424578, 0.0021668009631625696, 0.002928834001238728, 0.0029260435396428917, 0.0017295074491028403, 0.0017496375626207344, 0.0024068360513703393, 0.0023824907006430736, 0.002042569556788585, 0.002072674982041704, 0.0017016543279449593, 0.001721655029704575, 0.002442254870124925, 0.0024313135725482515, 0.0014514394007096292, 0.0014728031091250774, 0.0017675904624737306, 0.0017742939319531812, 0.001280455317953075, 0.0012934460061632962, 0.0012612694995533594, 0.0012666650802687484, 0.001164422570085503, 0.001167085451324296, 0.0007783235908278993, 0.0007610180367484227, 0.0009124870283948262, 0.000899612106006347, 0.0008031219435826104, 0.0007918843062699433, 0.0009447742947807983, 0.000937504643431776, 0.0008456694566445684, 0.0008371817829956303, 0.0006590461624995089, 0.0006516097321629239, 0.0008811424197906637, 0.0008740047599244048, 0.0006128896241283468, 0.0006035667059605813, 0.0004352009129561469, 0.0004461465571397517, 0.0004021036193644717, 0.0004130113091956629, 0.0006420001534115866, 0.0006365689191877141, 0.0004538750322345215, 0.00046036542449528903, 0.0006167752909231899, 0.0006102142950439237, 0.00044055086969187055, 0.00044620487050137434, 0.00031389878960992905, 0.00031755123265922984, 0.00017401470632221177, 0.00016902500890022756, 0.00017650578878743, 0.00017304037883239054, 0.00020490492544914386, 0.00020191419454291268, 0.0002138628981088455, 0.0002118708068485934, 0.00014869813205919646, 0.0001456856581483558, 9.22127584386096e-05, 9.52817043852785e-05, 3.8442278586881356e-05, 3.750816688078286e-05]}