{"L": 7, "J": 0.0283282086429988, "B": 0.141641043214994, "K": 16, "init_state": "maximally-mixed state", "energy": -0.9735637452663803, "eigoccs": [0.9226334242963845, 0.0001782308730138682, 0.00033523064646779406, 0.0020384397769421213, 0.004758840354443515, 0.010328480169180363, 0.025898269244856584, 0.029309423015546093, 1.3849137776525956e-05, 4.2199659757822336e-05, 9.150886219153535e-06, 1.199669369180012e-05, 2.877710793782094e-05, 1.3423340811839074e-05, 2.80016278044897e-05, 1.934126191143555e-05, 1.7936846463899352e-05, 1.1809532855185538e-05, 1.85049858688904e-05, 2.2284094309231098e-05, 1.8691589381698788e-05, 5.474721310304731e-05, 5.344442235222794e-05, 7.437264392318808e-05, 9.761092622684686e-05, 0.00013664984904002462, 0.0001812180159710248, 0.00026871543484011974, 0.0033434962102302608, 4.0716456534117243e-08, 2.1234216110529314e-07, 9.288675957829917e-08, 1.1613215608832651e-07, 4.1050449276184e-07, 3.2969695264394166e-07, 2.5390411115130793e-07, 8.032598119073877e-07, 3.449665840744727e-07, 4.550360167450253e-07, 2.809401379359708e-07, 9.451910121690494e-07, 1.539527808034234e-07, 3.7328677374794414e-07, 6.362572531256328e-07, 3.7112184907293185e-07, 4.292859056916231e-07, 8.334818398430888e-07, 6.198564735207696e-07, 7.319813823209945e-07, 1.1918872665964346e-06, 1.0924308661810565e-06, 5.042058664044562e-07, 6.375780944962046e-07, 9.022125839995726e-07, 9.466863303222079e-07, 7.66510470544836e-07, 8.653158935178704e-07, 9.421309608765414e-07, 1.0240378920678377e-06, 1.6600593381743682e-06, 3.621351279350612e-06, 2.8468538522798488e-06, 8.075470826282833e-06, 1.919424418067563e-05, 1.8669787368703293e-09, 6.8163752990793035e-09, 3.444699991636151e-09, 3.916309175675708e-09, 5.947208916172604e-09, 3.3729585513549804e-09, 2.137349827210123e-09, 1.1973830257527944e-08, 5.387775426863345e-09, 9.81650072405315e-09, 6.914241192790369e-09, 6.673125012272554e-09, 3.755744184415378e-09, 1.0697760829498052e-08, 1.0618327387370022e-08, 2.6298970928890423e-08, 1.862188304126227e-08, 2.0052918558847412e-08, 1.2773940997838958e-08, 1.0361598483227705e-08, 2.8505585671357686e-09, 8.228690348986681e-08, 4.94243501770121e-09, 5.371210749775125e-09, 2.3372661648272505e-08, 1.0461048470921049e-08, 4.4792667698738925e-08, 4.290097107088368e-08, 7.45713696168168e-08, 1.6327486055851954e-08, 1.0739708436247672e-08, 2.0806551789278503e-08, 4.155739948578726e-08, 3.3451285536857444e-08, 1.3394018102770323e-07, 2.8678437103998427e-11, 5.999411200776801e-11, 3.572916159410047e-11, 4.890872531693775e-11, 4.1463961196328614e-11, 1.5187417658625397e-10, 4.189324271533542e-11, 9.248095293098326e-11, 5.266803574643126e-11, 1.0125926838294625e-10, 1.3370409360034506e-10, 2.33456762211925e-10, 9.959459715992136e-11, 1.2410558895745867e-10, 7.771591140339979e-11, 2.4459364682201655e-10, 8.304718938571877e-10, 2.712861884566489e-10, 1.2105713111756707e-09, 1.6666303176944787e-10, 4.754362612292204e-10, 7.592015140954132e-13, 4.3655162890900427e-13, 2.679442995609867e-12, 2.986221431981288e-12, 8.785290812904391e-12, 3.003170491580459e-12, 3.973598314480145e-12, 7.74132908151491e-15]}