{"L": 7, "J": 0.11673007904761215, "B": 0.11673007904761215, "K": 6, "init_state": "maximally-mixed state", "energy": -0.9423134231838334, "eigoccs": [0.7665473244481222, 0.005425243075071671, 0.11066800513669706, 0.008746988951413796, 0.030313654811585256, 0.0062998009884889464, 0.017610496008324497, 0.0029024194090700303, 0.010013966126629087, 0.012468181281622304, 0.000966110661756248, 0.0008247172256884117, 0.0035467653326862222, 0.00315161191827081, 0.004129348762152454, 0.0002994347855948495, 0.00044108698659085663, 0.000596871714194416, 0.002559466428711657, 0.00257365935209675, 0.0008937471188459943, 0.00031025501140733173, 0.0003225315334802736, 0.0007957804635434273, 0.0017171405417416336, 0.00013227160583383513, 6.016483439666873e-05, 0.00027927221037174444, 0.0006264675946224321, 0.0002892341770146062, 0.0007375022357994856, 0.0008760042619854126, 0.00010174102402299686, 0.00019595945483848437, 0.0001010557143597945, 0.00010944026686120475, 9.407114702538968e-05, 0.0003697542993110889, 0.00016354472863183754, 6.438577351032968e-05, 0.00014800983674276142, 7.471343765054977e-05, 0.00012992415228578046, 3.426535059563077e-05, 0.00011173676616110394, 0.00013952200824342054, 0.00013125260796939195, 2.610322693981092e-05, 2.5974876507626163e-05, 3.257433371650501e-05, 5.772444571938126e-05, 1.508128019438372e-05, 2.9901994649574906e-05, 3.933854938653754e-05, 4.4761491394038565e-05, 0.00013726569784986358, 1.461908302569894e-05, 4.735543389382597e-06, 4.575436330226273e-05, 1.0651266564017672e-05, 1.842935508240605e-05, 5.431325965054571e-05, 3.5701810755766074e-05, 8.061067719598737e-06, 3.756367935146792e-05, 7.073355146975832e-06, 1.104951642648354e-05, 5.775934648114642e-06, 3.4676171671216344e-05, 6.10656739790082e-06, 1.8861515353949776e-05, 4.906211681348679e-05, 2.292519106319545e-06, 6.43665327020178e-06, 1.37283790970178e-05, 7.933031103382341e-06, 8.73945372000685e-06, 1.1273214041903127e-05, 4.313994580786816e-06, 8.426392318517257e-06, 8.58880115771343e-06, 2.772115451365193e-06, 1.8841765356168744e-06, 1.5974651259464695e-06, 8.22592167740896e-06, 3.157469920468221e-06, 1.6192176097353122e-06, 2.134527379291996e-06, 3.787173144253755e-06, 1.89589685646586e-06, 7.400477082422711e-07, 2.942235738301091e-06, 5.562473160644824e-06, 1.5994734298211855e-06, 2.2719081329893477e-06, 2.582276333049766e-06, 6.42813073769146e-07, 4.089261757753339e-07, 7.181477319348273e-07, 1.115141291772087e-06, 6.555980123632562e-07, 5.307928097582425e-06, 2.2097720050397813e-06, 2.602325445518393e-07, 2.6020661517509497e-07, 1.0762470095772743e-06, 9.819379052391712e-07, 2.6081942151276955e-07, 1.7447708527178092e-07, 1.4548349461352166e-07, 8.658712648976436e-07, 1.793211508950918e-06, 9.028599047411317e-07, 1.7214213094795176e-07, 8.76916042830466e-08, 1.1062813662381379e-07, 3.275569462244724e-07, 2.429118662741421e-07, 3.9928362129932526e-08, 3.992402551917467e-08, 2.1457144448905646e-07, 5.2433482429872495e-08, 1.8931615494031097e-07, 3.85485522883805e-08, 6.619378196150293e-08, 3.734051662200468e-09, 6.632280225834995e-08, 1.5422401034030718e-09]}