{"L": 7, "J": 0.11673007904761215, "B": 0.11673007904761215, "K": 22, "init_state": "maximally-mixed state", "energy": -0.9844186161716847, "eigoccs": [0.9278737247623727, 0.00011982642884083067, 0.04429189094921987, 0.0006542526382245503, 0.008540550692790892, 0.00017839173219381024, 0.008422297036692858, 7.473983907454074e-05, 0.0014054324635250828, 0.004100565280205489, 2.6903970335785168e-05, 7.934473177931904e-06, 0.00024472941954096334, 0.0008462400997414127, 0.001069380442943494, 3.8783467545864794e-06, 2.8411126580543698e-05, 4.108393277050751e-05, 0.0005032281978444538, 0.0004707555776503333, 5.655179623323224e-05, 1.8516239587148833e-05, 6.053729415152879e-06, 0.0002474850713765497, 0.0002535630839249277, 3.920583954347647e-06, 7.533591818286144e-06, 1.0735186040330427e-05, 3.1857912675149544e-05, 6.590825867565007e-05, 0.00014740449653153303, 7.685594079808891e-05, 2.347775017784024e-06, 9.517591013392235e-06, 4.1716370492773584e-06, 3.104669045636716e-06, 1.5986098236096104e-06, 2.782129798847155e-05, 2.809178445334524e-05, 3.4823188254589425e-06, 1.2074657484557985e-05, 1.3938509201469176e-06, 3.0695851803477725e-06, 1.6364085979416062e-06, 1.2117492305556748e-05, 1.1885513063479243e-05, 1.1221758600801928e-05, 3.2995229383231995e-07, 3.4138510756375776e-07, 1.0822881211155095e-06, 1.4671947983302866e-06, 4.6527923088013643e-07, 1.098336965516802e-06, 1.3101649064304005e-06, 4.744612025316043e-06, 8.421954443341414e-06, 1.9028863810440626e-07, 7.04589929499494e-08, 1.8767149854441962e-06, 3.60475694590116e-07, 2.249842030167463e-07, 8.752731529401741e-07, 2.4891784880789788e-06, 1.3431076222286882e-07, 2.918693559207095e-06, 6.549442910723981e-08, 2.549035202008219e-07, 1.3406337174300258e-07, 9.366466491166893e-07, 8.927999813845971e-08, 1.0291169360545087e-06, 1.931386816298412e-06, 2.6795015894915257e-08, 6.220363932394545e-08, 3.7689218264713334e-07, 1.0314988105600604e-07, 1.623503873907799e-07, 1.7533322444027565e-07, 3.071149946186719e-08, 5.373120164469038e-07, 5.439857010806338e-07, 2.549735608672256e-08, 6.890855425068174e-09, 9.056283136277509e-09, 1.7011366189634543e-07, 5.225620759959273e-08, 1.2737127617854933e-08, 3.217414382967378e-08, 6.858525587398232e-08, 1.175554628020459e-08, 3.8675295068041785e-09, 5.53896870966622e-08, 1.0139668491973548e-07, 2.403397501035303e-08, 5.697558004316202e-08, 1.0045753129709156e-07, 3.4153458709127746e-09, 1.6939660131157552e-09, 3.906296631027363e-09, 1.2561412997457311e-08, 7.362097091459411e-09, 8.344386690403148e-08, 6.865855015133512e-08, 1.3159615227244772e-09, 5.44331350330468e-10, 1.8967961103334048e-08, 6.433263472681939e-09, 1.2564773757416367e-09, 1.1122829742364276e-09, 2.4598277119897875e-10, 9.49966726925762e-09, 1.924794376269395e-08, 1.8152482164858387e-08, 3.551561593629365e-10, 6.350479338223049e-11, 3.468678522932688e-10, 5.689216905839282e-09, 1.0397626749751428e-09, 4.8092632896382045e-11, 4.8092320129830334e-11, 1.2977753977213571e-09, 5.2638493255024863e-11, 1.6288202480537049e-09, 1.174459760175913e-10, 5.500401680675166e-10, 2.1537153826097833e-12, 3.323195009238689e-10, 3.1932120500103976e-13]}