{"L": 7, "J": 0.11673007904761215, "B": 0.11673007904761215, "K": 18, "init_state": "maximally-mixed state", "energy": -0.9823130701227942, "eigoccs": [0.9181124347919102, 7.358020983415505e-05, 0.05054339616804723, 0.0009429556702892118, 0.009091331406015956, 0.00014687636927229278, 0.010450657453777008, 0.00019382265575695098, 0.001572944606932521, 0.0036274415174486823, 5.456480871047288e-05, 1.4583113061845431e-05, 0.00046233259155069507, 0.0010647158870208291, 0.0010996125159521307, 2.0522742673001755e-05, 4.2257499990081895e-05, 6.208234983215673e-05, 0.0005883249694403217, 0.0005263055952798323, 7.252691368260145e-05, 2.4724076110791425e-05, 1.0865941979673783e-05, 0.000289261845013551, 0.00026997096498343573, 2.944643590086043e-06, 8.889840239527333e-06, 1.310422446216925e-05, 4.0012559323826806e-05, 6.99785316168557e-05, 0.00016525687674926771, 9.923185305049272e-05, 6.052946904075814e-06, 1.746367769240746e-05, 8.127452617883134e-06, 5.7179832166901966e-06, 3.147249130607859e-06, 3.3172806123986804e-05, 3.580084114449907e-05, 5.926480888346889e-06, 2.1480957567365527e-05, 2.0885449785432466e-06, 5.259669703825364e-06, 2.1314717596785475e-06, 1.563394701668552e-05, 1.5926350874534136e-05, 1.5105008387100315e-05, 5.561733909913342e-07, 5.555970072536132e-07, 2.0938467248034097e-06, 2.778057215690874e-06, 9.9751333133776e-07, 2.211103929533397e-06, 2.211552458161859e-06, 5.1109525202536385e-06, 1.041359827361569e-05, 2.93453075494887e-07, 6.878921057034342e-08, 2.446003741826563e-06, 5.172678472947612e-07, 3.534525888698162e-07, 1.3067641313714857e-06, 2.9127044433034396e-06, 2.141032955714114e-07, 3.839902780349918e-06, 1.266457330421444e-07, 3.72930038148021e-07, 1.7207682270612627e-07, 1.3096463220817476e-06, 1.7269032999596966e-07, 1.42974292896298e-06, 2.5513713256022462e-06, 3.8205274044567596e-08, 1.1186958346099057e-07, 5.761556396714656e-07, 1.8564024747365988e-07, 2.7012849159874237e-07, 2.882512964795963e-07, 5.2330518888694077e-08, 6.92886286918912e-07, 6.899104439656799e-07, 4.192912550787274e-08, 2.119394847033744e-08, 2.0783997756187997e-08, 2.357084838253586e-07, 9.958007719053942e-08, 2.2087609835492223e-08, 5.606177505212644e-08, 1.0657311669324037e-07, 2.2311818754228917e-08, 9.001367937874553e-09, 8.633245489644375e-08, 1.535877717455969e-07, 4.000266498239358e-08, 8.423336226003033e-08, 1.1904129177019431e-07, 6.113807391300689e-09, 3.8969716968963035e-09, 6.852565601634448e-09, 2.1450378640827393e-08, 9.783840765511893e-09, 1.278577388702399e-07, 9.788541343987601e-08, 2.070576859015065e-09, 1.743306943363065e-09, 2.9173001032131218e-08, 1.2475985665530873e-08, 3.1119176003444068e-09, 1.9800446182539003e-09, 9.371309874928967e-10, 1.385868371944814e-08, 2.8613284813436322e-08, 2.560831269166291e-08, 6.603319634669495e-10, 2.1456533414144325e-10, 7.831579244627129e-10, 9.80605070528255e-09, 2.0769675269865894e-09, 1.383647538877683e-10, 1.383560551880738e-10, 1.9237977791887475e-09, 9.528233380977627e-11, 2.8753848487176504e-09, 2.344417059511296e-10, 7.793766879935603e-10, 9.052952456864662e-12, 5.230573184524529e-10, 1.161376730111888e-12]}