{"L": 7, "J": 0.11673007904761215, "B": 0.11673007904761215, "K": 47, "init_state": "maximally-mixed state", "energy": -0.9901770287207485, "eigoccs": [0.9536059019734553, 0.0009863603241689859, 0.02710516720599501, 3.637969202792791e-05, 0.007072005725468807, 8.113767551282873e-05, 0.006035484820221296, 3.785335489017047e-05, 0.0006145206190342181, 0.001627001486874256, 1.3337765656903314e-05, 3.6293702484254257e-06, 0.00010960000808391118, 0.0005905791679009578, 0.0009267579927762914, 3.686624795358088e-06, 4.966906158784769e-06, 6.6629840662400585e-06, 0.00026398715861178926, 0.0002974880210971584, 1.9776819346543936e-05, 3.869385338144083e-06, 1.8762171023182094e-06, 0.00013488448002861364, 0.0001336712560094469, 4.366006835148239e-07, 1.2890848555762864e-06, 4.362653240807733e-06, 1.2152775546493054e-05, 4.9064154982488726e-05, 0.00010261371342017115, 3.4026713882050346e-05, 1.0698399046727485e-06, 4.9641056590034685e-06, 2.1809369437626926e-06, 1.4386023896794847e-06, 7.139434052831074e-07, 1.1731304810945517e-05, 1.7619983334017564e-05, 1.5885872162029628e-06, 7.21170988164043e-06, 3.9550677059166353e-07, 8.970375593855408e-07, 7.16113195169978e-07, 5.304926299479729e-06, 5.677020689539194e-06, 5.446949353047946e-06, 1.5059708894640056e-07, 1.6837037316314076e-07, 2.920106419252962e-07, 4.403889148329075e-07, 1.1271772428716081e-07, 3.355032794875881e-07, 1.8065565581828358e-07, 1.8008545426703273e-06, 3.4205197779150444e-06, 4.456835210676673e-08, 6.1108277115322714e-09, 5.638982631754654e-07, 5.076811225731008e-08, 6.391809411570939e-08, 2.4100227099479046e-07, 8.379010139802579e-07, 1.7366141686924196e-08, 1.3637239710852496e-06, 2.474478738273855e-08, 5.2931470672846104e-08, 2.3653500924909925e-08, 2.942932932790172e-07, 2.6104166148537107e-08, 3.80954935259545e-07, 6.335202540751519e-07, 1.8034821371563124e-09, 1.255948650218371e-08, 1.259918160717298e-07, 2.876461318666188e-08, 5.1310268189696556e-08, 5.260300014806463e-08, 7.933467529102291e-09, 2.0216260241512388e-07, 2.1014290004989084e-07, 7.016729064931636e-09, 1.6573289592670824e-09, 2.8150026549615806e-09, 4.921092430724247e-08, 1.2888944680050248e-08, 2.487069805168419e-09, 7.222337400750602e-09, 2.2633818773941592e-08, 2.084977312717689e-09, 5.811750776446659e-10, 1.536712812972941e-08, 2.8734338916082093e-08, 5.85862591297862e-09, 1.606520987425089e-08, 3.947059325632486e-08, 2.8933347285533434e-10, 2.1057599672252133e-10, 3.08473984453086e-10, 2.898976067982084e-09, 1.1660240006057676e-09, 2.734474870043046e-08, 2.2839100294487825e-08, 1.495010013100245e-10, 1.6224214956078758e-10, 4.952203666896421e-09, 1.5131302673494146e-09, 2.9228506962699783e-10, 6.913205060747881e-11, 5.456762482445572e-11, 2.63585562433916e-09, 4.059873766634952e-09, 4.590715883228794e-09, 7.226509642165576e-11, 1.3420933694943888e-11, 5.215062316996159e-11, 1.6057058544801038e-09, 1.7479073277389427e-10, 7.020628854920753e-12, 7.0212131672772976e-12, 2.778048641140769e-10, 6.666827449757504e-12, 2.7854355315134125e-10, 2.1035645874635913e-12, 1.6094781503464267e-10, 5.382329536169639e-13, 6.208335483307664e-11, 9.724665872055979e-14]}