{"L": 7, "J": 0.0283282086429988, "B": 0.141641043214994, "K": 2, "init_state": "maximally-mixed state", "energy": -0.8913797764071966, "eigoccs": [0.6865137237203776, 0.029111731606148206, 0.029213284621562127, 0.029991042900302068, 0.03765691404759591, 0.03472805734129171, 0.047794657832923165, 0.05328349334019443, 0.001068867450336959, 0.001141251745561784, 0.0014926850869151497, 0.0025752343840061685, 0.001499937237735427, 0.001679603326418839, 0.0016229091768993529, 0.0020141831047477323, 0.0025549479285209417, 0.002407658199847477, 0.0025393562583599758, 0.00214400598407444, 0.0024100091909423325, 0.0022582407044200283, 0.0021275694449616493, 0.0022751401984964083, 0.0027703111352265037, 0.0032729171543008796, 0.002429695220023102, 0.002583980372883855, 0.0034665653860268828, 7.030236400403327e-05, 0.00010199377073154263, 0.00010864699723783908, 8.96170087291608e-05, 7.869136570376847e-05, 0.00010759540351550357, 9.594796834888785e-05, 0.00010196971404650957, 0.00013963893825393102, 0.00013161541675716054, 0.0001489706686415262, 0.00011543177455064896, 0.00012940078614467472, 0.00011644864610635915, 0.00021424338872412854, 0.00013274898349720086, 0.00019874828680642795, 0.00014221508846624361, 0.0001329772286218498, 0.00014260963939608136, 0.00014962211650601054, 0.0001410756306738739, 0.0001274908540589058, 0.00016802915619422182, 0.00013411844574404892, 0.000149062526263444, 0.00020392392916590137, 0.00015862918297823958, 0.00019717825308680808, 0.00015883561710904688, 0.00016015132526638043, 0.00017867447952678441, 0.00018432795592831095, 0.00022439522077486934, 0.0001676980100740026, 6.646539344435551e-06, 5.77881580843579e-06, 6.860328185333968e-06, 8.442719069926258e-06, 7.0078095771527755e-06, 1.0528310083259345e-05, 8.924920495092599e-06, 9.131498680232685e-06, 8.16485118357104e-06, 1.0506638900808729e-05, 9.415050423788744e-06, 9.209925560143555e-06, 7.629812628927993e-06, 7.374131920992057e-06, 9.860233256142605e-06, 8.18613127382453e-06, 9.900389539341921e-06, 9.122861148030002e-06, 1.1121896758846182e-05, 1.244088702404508e-05, 1.0260447207151604e-05, 1.2235166292080014e-05, 1.2330585988347038e-05, 1.1023064450206893e-05, 1.1037047704266359e-05, 1.0566888151065085e-05, 1.5748948523201442e-05, 1.0377738526628808e-05, 1.2976349103867568e-05, 1.1156875788218679e-05, 1.1594705165525853e-05, 1.07760733095952e-05, 1.160839521885531e-05, 1.155724964542925e-05, 1.2990914201832704e-05, 5.725044473405307e-07, 6.445837611854479e-07, 6.209803186991112e-07, 6.724234760221399e-07, 5.968512128593018e-07, 8.819025288377993e-07, 6.693391211380715e-07, 6.842924739043635e-07, 7.934819089529526e-07, 8.679510286869992e-07, 7.560680832732873e-07, 7.653545007653307e-07, 7.432370934536032e-07, 8.366257677346331e-07, 7.917242740815554e-07, 7.188153130012465e-07, 8.519416781330557e-07, 8.34507036300929e-07, 9.780697293525916e-07, 9.333285332651189e-07, 8.550844323959186e-07, 5.987090055642734e-08, 5.1459780267770575e-08, 5.7300879261430104e-08, 6.29408337509594e-08, 6.908583150574313e-08, 6.311459112239559e-08, 6.767066188208036e-08, 5.04694957163477e-09]}