{"L": 7, "J": 0.0283282086429988, "B": 0.141641043214994, "K": 4, "init_state": "maximally-mixed state", "energy": -0.9711867356334448, "eigoccs": [0.912897737651355, 0.0021701339696914477, 0.002275294782898591, 0.003495266667386805, 0.009655248722464151, 0.018632544036580698, 0.030742372692235526, 0.014291338492257874, 7.95410938314958e-05, 4.400830409853363e-05, 0.00020289647756934056, 0.00017970602683919131, 0.0007551414821776877, 0.00036397261530496524, 9.764856313371382e-05, 0.0001454439479035266, 6.239941738565678e-05, 5.362707393789304e-05, 7.591441750551107e-05, 0.0006119112423293987, 0.00017908377813648425, 0.00015763156103677887, 0.00027602267109012873, 0.00014252208503508579, 0.00032870668602418007, 0.0003310059129190326, 0.0006066712501072233, 0.00045441278748896424, 0.0004257707513506684, 1.5745719833049082e-06, 3.780317939138306e-06, 2.918523885093913e-06, 3.4747689858787948e-06, 5.5721268842962465e-06, 2.2339537750717406e-06, 3.617423269940015e-06, 1.8374957367922485e-06, 7.643480793357244e-06, 1.4558086529813846e-06, 9.944066057391855e-06, 5.501642500279378e-06, 3.001301682290328e-06, 1.6488559893800907e-05, 1.1577292963616173e-05, 3.97162837603536e-06, 6.109072117437464e-06, 2.762694507993971e-05, 4.808253908763556e-06, 1.3049174776448566e-05, 1.317761291632441e-05, 9.15536653785015e-06, 5.883003279404561e-06, 5.3667366284262635e-06, 4.218479234292826e-06, 4.047657741020125e-06, 2.1008943332811406e-06, 1.87154874242869e-05, 4.379092130758684e-06, 1.1930798517661623e-05, 9.819094964602341e-06, 3.814137225221701e-06, 9.008261279035085e-06, 9.226439203310791e-06, 1.1458986659548559e-05, 2.265325418771665e-07, 1.5726626200661403e-07, 4.1058957764568625e-08, 2.658524920428604e-07, 5.846472404904574e-08, 1.309315464575749e-07, 1.5755646304142004e-07, 1.1668778937607082e-07, 6.084051057399271e-07, 9.78945011684611e-08, 1.3265917892307126e-07, 1.4015550052639e-07, 8.455377441681616e-08, 1.7784531907086747e-07, 1.419514652963079e-07, 2.2810623618408964e-07, 7.377002554724807e-08, 2.0656328893057102e-07, 1.5155357375198674e-07, 2.2351161396332755e-07, 1.3766733395781358e-07, 1.0566387897345258e-07, 2.739268003375793e-07, 5.166971994560389e-07, 1.6747623897617845e-07, 3.808969355603769e-07, 2.8338912040131895e-07, 2.4297630029692904e-07, 3.9409688654455705e-07, 1.7440743112193355e-07, 3.5455682207076667e-07, 2.001602448720643e-07, 1.4595243478897069e-07, 2.8784537677915737e-07, 3.0482321619648546e-07, 7.537720601059779e-09, 6.148367473038084e-09, 6.404928594137813e-09, 3.443682476033326e-09, 3.5873863669122147e-09, 7.479505761784e-09, 2.8537830649627028e-09, 8.282671642291498e-09, 4.250726509642537e-09, 4.832772997538216e-09, 4.617852802613945e-09, 1.7894388970621453e-08, 1.1171011664961595e-08, 3.964329576330744e-09, 4.0664908302506525e-09, 6.276789752299776e-09, 8.767451886449053e-09, 6.285268566248033e-09, 6.763143728565419e-09, 1.0543356620782805e-08, 7.728514814408798e-09, 1.5750856698376453e-10, 3.352458528469687e-10, 2.0208186281726343e-10, 1.4277124061269026e-10, 2.45530999586073e-10, 2.026201703488002e-10, 3.345882569776885e-10, 5.5379510419417285e-12]}