{"L": 7, "J": 0.0283282086429988, "B": 0.141641043214994, "K": 48, "init_state": "maximally-mixed state", "energy": -0.9605179774251953, "eigoccs": [0.8862194073941774, 3.789010093513428e-05, 0.0025158646060272766, 0.0016170771597408071, 0.0036430113338994006, 0.025361959341812134, 0.0367389008667067, 0.035000806995178, 7.756539717428141e-07, 1.8728218650306021e-06, 9.805028651103601e-06, 5.414594448902618e-06, 1.0938780168297569e-05, 6.323296640488141e-06, 8.430601692151006e-06, 1.0644673082470132e-05, 7.922854351189205e-06, 3.1702463640852824e-06, 5.421668840428142e-06, 1.0600283365221292e-05, 3.1975789394153266e-05, 3.834701283821793e-05, 3.8638615233786054e-05, 6.104626233681011e-05, 8.619357313139505e-05, 0.0001064907191494378, 0.00019763055904033563, 0.0009551601041942155, 0.007173272986861261, 1.329790097682268e-08, 6.101926501279842e-08, 1.8298034279026613e-08, 2.950952658551963e-08, 7.67766760130578e-08, 5.213726232880777e-08, 4.7928498181593525e-08, 4.995813199178299e-08, 5.663980754211072e-08, 9.666196196689387e-08, 3.365316754568704e-08, 3.1302071106878264e-08, 5.960510603422209e-08, 8.297464501457757e-08, 1.0389763237546775e-07, 1.8399878327471675e-07, 1.396682595680136e-07, 1.156591383290154e-07, 8.847568461864478e-08, 2.0308199022282886e-07, 2.747789415574932e-07, 3.698402038653766e-07, 1.1618754378012673e-07, 2.760496736648769e-07, 4.836936768800732e-07, 6.692663395086946e-07, 1.4014469809091234e-07, 5.399778476452927e-07, 1.316053715434781e-06, 1.1818465124788722e-06, 1.2199537897461796e-06, 4.478946238098816e-06, 2.85441882540605e-06, 8.477959239160451e-06, 7.062910544590201e-05, 6.164820942464587e-11, 2.2659962518333e-10, 4.637653191351655e-10, 3.872513001829354e-10, 2.6321614702465683e-10, 1.068779265978616e-09, 2.533718487331705e-10, 8.201366388731301e-10, 7.591559886045825e-10, 2.7852645868240747e-09, 5.203474960413549e-09, 1.0835597817840373e-09, 5.811131688211672e-09, 1.0377544172817885e-09, 1.472556842197731e-09, 1.0192629110167117e-09, 3.2809679021510164e-09, 6.077423318652155e-09, 1.2376886615553534e-09, 1.117794817904846e-09, 3.7060941715910184e-09, 5.414374509336586e-09, 1.511624781204746e-09, 2.771590991515413e-09, 2.2505930871680396e-08, 6.798481370872916e-09, 5.145985513466499e-09, 4.98520957833569e-09, 1.6683747209116183e-08, 7.459235643191973e-09, 2.5297884835778846e-09, 2.4635818349289585e-08, 3.355097866393347e-08, 8.662692624612405e-08, 1.7288345287799176e-07, 8.479573668832329e-13, 2.434812294877969e-12, 2.7192053649623012e-12, 6.6024993512611195e-12, 6.621500608549835e-12, 2.5275245161400674e-11, 7.455764908990278e-12, 2.109084744724307e-11, 7.877334316410493e-12, 2.071501797528608e-11, 1.2024843205346564e-11, 1.2900439704083604e-11, 1.8960287715761345e-10, 4.52833771388371e-11, 3.1296464629964016e-11, 5.483615587367853e-11, 5.520989266615902e-11, 1.6829649979400292e-10, 1.585413485140215e-10, 2.5673848242327227e-10, 5.818335724230769e-10, 3.359960032349956e-14, 1.1698656329423286e-13, 1.1567533910598116e-13, 1.672964112215088e-13, 3.565129125960472e-13, 1.071903279142763e-13, 6.422930717202e-13, 2.563107322632643e-16]}