{"L": 7, "J": 0.16419577752050152, "B": 0.032839155504100305, "K": 44, "init_state": "maximally-mixed state", "energy": -0.9705765574671061, "eigoccs": [0.45973791887244353, 0.45981542536012304, 0.009273705288215046, 0.009250774656769233, 0.0006334143953533593, 0.0006413093826459497, 0.0031438453178920045, 0.0031596435451143826, 0.005418594001257948, 0.005422610580177267, 0.006410678516408842, 0.00641370561661416, 0.012950746406068338, 0.012973166297885752, 4.218961245448707e-05, 4.207672877606796e-05, 8.354577645140586e-05, 8.353681452492875e-05, 6.158912608661293e-05, 6.1264807545958e-05, 0.0001481306791689184, 0.00014808104979266006, 7.282283062332579e-05, 7.209631334561287e-05, 0.00017001084339150662, 0.00016938999254200961, 0.00031292156171814115, 0.00031246897821290504, 0.00010300462197538536, 0.0001031788863505404, 0.00015500904158689377, 0.0001550852112343751, 8.000978717592218e-05, 8.071467825078625e-05, 0.0001671155090112736, 0.000167480578921576, 0.00018356244478576547, 0.00018386287463140218, 0.00018995137268307618, 0.00019000123583753196, 0.0002562430250386785, 0.0002566041592179146, 0.000262963219659633, 0.00026374963550559636, 1.5318617427906356e-06, 1.4783869180476417e-06, 2.280946413946068e-06, 2.176415783060631e-06, 2.962280034657039e-06, 3.16068017252908e-06, 3.5380759738339772e-06, 3.526320793209633e-06, 3.0144503075996984e-06, 3.115305271638295e-06, 1.6042179513818592e-06, 1.5605199555801055e-06, 4.349615229125916e-06, 4.339786682282919e-06, 5.101809722620667e-06, 5.09685213088535e-06, 1.8199704613174445e-06, 1.8787332170356923e-06, 5.666240531492806e-06, 5.686970342770964e-06, 2.5662414064921216e-06, 2.540894644763741e-06, 7.489235947075085e-06, 7.525144589281893e-06, 2.7783494420468046e-06, 2.7045747128663123e-06, 2.992397807333825e-06, 2.972326510175707e-06, 8.569793032599477e-06, 8.69586209459679e-06, 4.679647379816851e-06, 4.696875133055556e-06, 4.1555472917183085e-06, 4.161888124529331e-06, 6.014762703472293e-06, 5.979427859505954e-06, 7.0004512446804045e-06, 7.02831820856059e-06, 7.705695417977315e-06, 7.721051835427998e-06, 4.718337603798811e-08, 4.545945271191365e-08, 5.650788174984452e-08, 5.490327606018044e-08, 7.357792386275404e-08, 7.304091580650171e-08, 8.606913650590196e-08, 8.430904937714341e-08, 1.0323391760455722e-07, 1.0142243758662629e-07, 1.263618890846405e-07, 1.263066654724805e-07, 1.4154745505021982e-07, 1.4233591436315465e-07, 1.641564004907041e-07, 1.6474265896504432e-07, 8.951486759490963e-08, 9.00248613042807e-08, 9.837500058963176e-08, 9.587415584953868e-08, 1.978220863428592e-07, 1.9827983896396086e-07, 1.1333049193214507e-07, 1.1375488878930213e-07, 2.6116499848003693e-07, 2.640965788789887e-07, 1.4572233439373872e-07, 1.4374900986700784e-07, 2.3730888891893915e-07, 2.374831226341325e-07, 2.917279378332737e-09, 2.770295808664652e-09, 3.1722718493653283e-09, 3.1493010324942495e-09, 3.868857371792283e-09, 3.75850840450016e-09, 5.367079929015209e-09, 5.1856566261520924e-09, 7.325236421016546e-09, 7.316980521370094e-09, 4.8635203653885206e-09, 4.780106390838059e-09, 1.5658269724662523e-10, 1.5039992732384502e-10]}