{"L": 7, "J": 0.11673007904761215, "B": 0.11673007904761215, "K": 45, "init_state": "maximally-mixed state", "energy": -0.9901292005655468, "eigoccs": [0.9546922870184857, 0.0001295006129313291, 0.026024286212519246, 4.973069754379353e-05, 0.007437990702546073, 3.8938200320328954e-05, 0.006288199508072915, 4.075007939372243e-05, 0.0006687968223382452, 0.0019182304959898958, 1.5300829044728612e-05, 1.9397357670643005e-06, 0.00011458393233752139, 0.0006112560334614312, 0.0008254781407411179, 3.7882110304720193e-06, 5.198530461449282e-06, 6.287756433925175e-06, 0.00024480172257254206, 0.00031777816837150067, 2.262302075103248e-05, 4.582492733046165e-06, 1.9641293683342585e-06, 0.0001295191455992118, 0.0001245122622228421, 5.161541654192403e-07, 1.2156823225393968e-06, 3.996581359078553e-06, 1.199440715261341e-05, 4.510309517560067e-05, 0.00010031131175511785, 3.5593721195860365e-05, 6.41374606475453e-07, 5.880062361481466e-06, 2.7237520666285565e-06, 1.684882995583651e-06, 7.840541390237109e-07, 1.1738990954464057e-05, 1.7210171199387782e-05, 1.7315467841840858e-06, 8.934381777670671e-06, 3.979928488654564e-07, 9.117642423092672e-07, 6.741548863544379e-07, 5.49448532639694e-06, 5.643433370822548e-06, 5.423097316516049e-06, 1.4497920882772057e-07, 1.6427702248538533e-07, 3.4729748279548974e-07, 4.79938854367374e-07, 1.1577050487826793e-07, 3.7480684368806894e-07, 1.8983047593769997e-07, 1.6990677523559087e-06, 3.452179901704439e-06, 5.025323504429136e-08, 2.459124357080127e-08, 8.03651495810097e-07, 5.429424854900191e-08, 6.689275272895362e-08, 2.627608245132392e-07, 8.388877214792662e-07, 2.0799421896225066e-08, 1.415696456667806e-06, 2.4492956607435727e-08, 5.5855603160746124e-08, 2.1944596849267863e-08, 3.2162159280117527e-07, 2.9204148967875894e-08, 3.9735703171037475e-07, 6.572668529074943e-07, 2.041104691224762e-09, 1.2316122513520936e-08, 1.4377922900391656e-07, 3.093103821603563e-08, 5.72563081995691e-08, 5.865370533382215e-08, 7.959473235307897e-09, 2.164875231314075e-07, 2.238025747244605e-07, 7.0410681385329525e-09, 1.9395483277210634e-09, 2.45510761918362e-09, 5.12742010015668e-08, 1.4859889787081447e-08, 2.51162823460513e-09, 7.845978545411105e-09, 2.1813747558263535e-08, 1.950306802360007e-09, 7.473962959135865e-10, 1.626356447452762e-08, 3.037603684084184e-08, 6.3131844126380534e-09, 1.8393868860860936e-08, 3.979071299096041e-08, 2.8066292341022963e-10, 1.7917063421753602e-10, 3.0216010681982255e-10, 3.126228855936727e-09, 1.1673767797034017e-09, 2.7855274025406212e-08, 2.3778148011863173e-08, 1.3229171966361933e-10, 1.1337605902041462e-10, 5.797191343616085e-09, 1.6643639101939396e-09, 3.1354909366479475e-10, 8.878653765640834e-11, 6.090987170211047e-11, 2.8205724217332457e-09, 4.419874957979269e-09, 4.742327199177255e-09, 7.169525933555487e-11, 1.0694769068554297e-11, 5.671799318124749e-11, 1.842708212209479e-09, 1.9375001524489984e-10, 7.816638796019206e-12, 7.817216354504505e-12, 3.1352797899983943e-10, 6.3067549212833e-12, 3.117137173126433e-10, 2.4435705612056172e-12, 1.816319012589448e-10, 4.0239983080236936e-13, 6.991333104534186e-11, 5.486049558711388e-14]}