{"L": 7, "J": 0.11673007904761215, "B": 0.11673007904761215, "K": 37, "init_state": "maximally-mixed state", "energy": -0.9890846480971756, "eigoccs": [0.9503894235844947, 0.0012716074584680393, 0.026693212742688453, 9.119448127045928e-05, 0.007920671351638198, 8.229060048180927e-05, 0.006961507310769924, 4.825753478608369e-05, 0.0007895143704461968, 0.0024612769367511273, 2.580051933611135e-05, 5.7458001271128945e-06, 0.00021771195311165288, 0.0006494640756673926, 0.0009962850403358757, 4.478143130020719e-06, 7.164526471430149e-06, 9.512571363068057e-06, 0.0003179286728302287, 0.00036789036816651225, 2.882026263501434e-05, 6.949319851487808e-06, 3.4632387718340914e-06, 0.00015434037831510108, 0.00016380926593575132, 6.563217207669632e-07, 6.04718361551437e-07, 5.315226575126349e-06, 1.4215664896129049e-05, 5.185919860768179e-05, 0.00011402317868400608, 4.276139821109559e-05, 1.2877488123815869e-06, 7.993885871632556e-06, 3.82746292711331e-06, 2.389194729775638e-06, 1.1346148472606243e-06, 1.3624995240213572e-05, 2.2394440493480873e-05, 2.151799832059385e-06, 8.093959317653529e-06, 5.430329445341656e-07, 1.1372646047070601e-06, 4.950778401520888e-07, 6.413130696198236e-06, 6.555937539357178e-06, 6.277228925659199e-06, 2.343755402559962e-07, 2.6500049558538235e-07, 5.941860507856158e-07, 7.569439774317585e-07, 2.4190324819289274e-07, 6.261610133567954e-07, 3.246291916138261e-07, 2.5032510047936436e-06, 4.626560996704641e-06, 7.158162772396162e-08, 1.4836235190998889e-08, 8.25840355473762e-07, 8.183156138148961e-08, 9.582538057331449e-08, 3.5567980757140965e-07, 1.1054710855775177e-06, 3.20335157419929e-08, 1.7666170675114026e-06, 3.8794438757726495e-08, 8.356935434936545e-08, 3.739924231682925e-08, 3.6076286323226487e-07, 4.264379415118109e-08, 5.262203724281496e-07, 8.884421813966049e-07, 3.494071375719976e-09, 1.5525105646048584e-08, 1.862760123216529e-07, 4.491776550901201e-08, 7.645784065711907e-08, 8.01652981131748e-08, 1.3370523082866508e-08, 2.8496104604472807e-07, 2.9382467644802647e-07, 1.078748804098579e-08, 4.0655100223067425e-09, 4.7120161730075155e-09, 6.514158144080949e-08, 2.483292801204886e-08, 3.6170426258292264e-09, 1.3035946722989137e-08, 2.9609592671880676e-08, 2.7507969741182986e-09, 1.276467243677886e-09, 2.182286441707911e-08, 4.04331388069076e-08, 8.869627355736725e-09, 2.366504708953918e-08, 5.43017387204125e-08, 5.809856283670922e-10, 4.1830551759158437e-10, 6.154410051256714e-10, 5.211649965496162e-09, 1.772575056133668e-09, 3.974112354777042e-08, 3.4248311996415446e-08, 3.008114327386626e-10, 2.998419508471575e-10, 7.066219925249692e-09, 2.769638663881927e-09, 5.749401459294495e-10, 1.4621523553019567e-10, 1.1717141927872982e-10, 3.738677023180123e-09, 6.378760270172785e-09, 7.131231404361749e-09, 1.1317218099471078e-10, 3.196749081454877e-11, 1.102318607987667e-10, 2.5473588880614725e-09, 3.3447220464895735e-10, 1.4135417977157401e-11, 1.413629984913306e-11, 4.0985091248730766e-10, 1.2155031967700427e-11, 4.5370388852024715e-10, 7.2151729409876095e-12, 2.7373111029797054e-10, 1.201220357207598e-12, 1.0059937929394926e-10, 2.1292551979172859e-13]}