{"L": 7, "J": 0.0283282086429988, "B": 0.141641043214994, "K": 39, "init_state": "maximally-mixed state", "energy": -0.9621007663225456, "eigoccs": [0.8916501609033287, 1.1694030349532783e-05, 0.0005743717927442621, 0.0016263804103162608, 0.0033839109264194376, 0.021575851259608043, 0.03662801548150196, 0.03582900289742852, 2.903772624246976e-06, 2.9637507939158976e-06, 1.0464773240744844e-05, 6.19444532474329e-06, 1.891882932846965e-05, 5.767729569847516e-06, 9.869477739989817e-06, 1.08403713688638e-05, 1.1298400229696369e-05, 2.2414245895905154e-06, 1.5159774023034138e-05, 1.216366535001298e-05, 3.406019805537026e-05, 4.935123653212868e-05, 3.994604625966772e-05, 5.936963768343855e-05, 9.492751392887798e-05, 0.00011214924155325811, 0.00017573246251761612, 0.0006158298415616481, 0.007362588375646373, 9.715665904367788e-09, 1.1871198322660675e-07, 3.2342049182997344e-08, 1.6976070117830333e-07, 4.764801224522125e-08, 3.805179538544356e-07, 9.348463157234766e-08, 1.5296293981526422e-07, 5.906474270611186e-08, 1.7715986376348793e-07, 3.0298468024007615e-08, 9.78142962984471e-08, 5.437373099555253e-08, 1.6218230036647057e-07, 1.8840024374998362e-07, 4.397788741157384e-07, 2.1008547916289869e-07, 3.486646157324495e-07, 1.9008466375538943e-07, 2.2693098941437463e-07, 6.190550196643238e-07, 2.498122780918914e-07, 1.6687854227693607e-07, 1.9234980508548297e-07, 6.753855140546346e-07, 6.364417948790137e-07, 8.155157176177704e-08, 5.553957946022673e-07, 1.6221052658503851e-06, 1.0670192239928955e-06, 1.2538429089457324e-06, 4.699046976282326e-06, 2.940459728558379e-06, 9.439757421804433e-06, 4.000858665108933e-05, 1.1892178967652104e-10, 2.522379266096396e-10, 5.456214022713028e-10, 6.184045464282921e-10, 5.988191033839935e-10, 1.890036979835197e-09, 3.943344077863615e-10, 1.900810143198203e-09, 1.0824922335083992e-09, 2.3132432954879436e-09, 1.7915547626692253e-08, 6.369805073777755e-09, 2.5301607309443834e-09, 2.060607027886606e-09, 1.349030715314919e-09, 1.246295604322108e-09, 1.790392882740296e-08, 4.232967318946251e-09, 2.9471679464494956e-09, 1.3947095830511887e-09, 3.515694846341621e-09, 9.509374168732738e-09, 2.3909219761418675e-09, 1.4530553326569079e-09, 1.6359251659779696e-08, 1.0464036085907423e-08, 2.3635160918512824e-08, 1.0741871441841158e-08, 1.0917114385976616e-07, 5.415675083488113e-09, 2.0004570689065883e-09, 3.809816613319461e-08, 1.986948150558968e-08, 5.1120129900317343e-08, 1.0082083540339254e-07, 2.008335390151478e-12, 8.030331044757697e-12, 5.793409460003795e-12, 1.2672269754924374e-11, 1.1022315506293216e-11, 1.5102911239851706e-11, 9.04024704667971e-12, 2.2927123344458317e-11, 1.0263355731047456e-11, 3.0460308460001925e-11, 3.8797520480673543e-11, 1.3642614341358402e-11, 2.1607970926374297e-11, 4.5737970620801266e-11, 4.9665016234606064e-11, 8.467506517858044e-11, 8.833318818783845e-11, 2.74357289532693e-10, 4.334259681305175e-11, 3.85990775020156e-10, 2.5323755439106904e-10, 2.538063569139706e-13, 2.5420522999378716e-13, 1.2329254912850487e-13, 5.290309709317747e-13, 6.001655511924424e-13, 1.7821910248092217e-13, 6.765121018763275e-13, 1.0557017639621042e-15]}