{"L": 7, "J": 0.11673007904761215, "B": 0.11673007904761215, "K": 10, "init_state": "maximally-mixed state", "energy": -0.970383060192294, "eigoccs": [0.8660847789819932, 0.0005655898557461903, 0.08351812251425225, 0.0016994741888630462, 0.012496631099377103, 0.0017284103614583289, 0.010412563856271422, 0.0004651651337167088, 0.0038177059639594867, 0.008040918954164127, 0.0003183079081118705, 0.00013154223968102596, 0.0017503474149012056, 0.0014621144359207366, 0.0018250834848526083, 7.625344593944293e-05, 0.00011766964452696819, 0.00016798590695382915, 0.0011963034616289292, 0.0008781983801800959, 0.0003227703942052837, 9.581448542596613e-05, 6.138327789930535e-05, 0.0004537145249756371, 0.0006366355839791298, 2.385870124398868e-05, 1.6176241210961783e-05, 6.400970390117514e-05, 0.0001614600426645998, 0.0001394753053003649, 0.000338476970461171, 0.00022608039903039638, 1.9553438309569135e-05, 6.137944352105728e-05, 3.07159125573644e-05, 2.3594264556769143e-05, 1.492798011372027e-05, 0.00010658683053362859, 5.768974468077788e-05, 1.4541611117365947e-05, 4.665385381373596e-05, 1.3288161023102911e-05, 2.548198492381701e-05, 6.577361044028091e-06, 3.7906523482627064e-05, 3.959612418342788e-05, 3.7187119548490026e-05, 4.246806533076221e-06, 4.3361205595172386e-06, 6.153103595407798e-06, 1.1506266832854614e-05, 2.773339062297532e-06, 5.857979067198896e-06, 8.57539506188675e-06, 1.2042395422613345e-05, 2.831830345810559e-05, 1.8736804746311984e-06, 7.649458611952132e-07, 1.0017874040426101e-05, 1.8393047526485352e-06, 2.678366379642176e-06, 8.205368438760173e-06, 8.60926858493616e-06, 1.323406603995339e-06, 9.353682961273384e-06, 6.66612630416913e-07, 1.7793364773645572e-06, 8.552977825808436e-07, 5.954993067561574e-06, 8.713550676391256e-07, 4.27706631898991e-06, 9.09695893345233e-06, 2.76791606740172e-07, 7.704302538451367e-07, 2.454001120254876e-06, 1.0865003195817207e-06, 1.2624783674335057e-06, 1.573081930059494e-06, 4.771037774340053e-07, 1.7352062142983782e-06, 1.7739200824662686e-06, 2.801572671224583e-07, 2.019354328238239e-07, 1.5219904433648098e-07, 1.2003893519693659e-06, 4.662163833410951e-07, 1.7810442828325005e-07, 2.791742903227727e-07, 5.204889715070914e-07, 1.9908564985324494e-07, 6.470960717828819e-08, 4.374746039453445e-07, 8.166066350548697e-07, 1.9946623216058312e-07, 3.306826394353276e-07, 3.901894736041811e-07, 5.726802880176696e-08, 3.467728094650864e-08, 6.422740940013152e-08, 1.2984013296346541e-07, 6.729272678577357e-08, 6.503490283300223e-07, 3.3203646311393396e-07, 1.843879081076904e-08, 1.710499856797596e-08, 1.3606068796316102e-07, 9.153026448193588e-08, 2.444840223005927e-08, 1.6208964162152842e-08, 8.036801957087105e-09, 8.924604212632993e-08, 2.0739316630779626e-07, 1.1452611270125314e-07, 1.0948624533679827e-08, 2.8329801306927772e-09, 6.81769891251866e-09, 4.242752940578467e-08, 1.7576679008028343e-08, 1.8169322736566663e-09, 1.816841659644688e-09, 1.7569620612261278e-08, 2.7264083517672302e-09, 1.8490501844787625e-08, 2.361701211300173e-09, 4.08127161714456e-09, 1.4452367596291885e-10, 4.8476916263229624e-09, 1.7834112152555583e-11]}