{"L": 7, "J": 0.16419577752050152, "B": 0.032839155504100305, "K": 14, "init_state": "maximally-mixed state", "energy": -0.9555574185055575, "eigoccs": [0.4419177298765068, 0.4426380364548771, 0.011310510701183269, 0.011196213167038248, 0.0014667399374808003, 0.0011702952788446514, 0.00421732043581362, 0.004263572990292504, 0.005885918102800007, 0.0058568094703774064, 0.009698414172147863, 0.009720578190890405, 0.01917577193423795, 0.019236047045098844, 0.00014585670277853183, 0.0001392375959135732, 0.00033327192377724285, 0.0003351646978704807, 0.00010883810077088895, 0.00010533398480878789, 0.0004305678045209917, 0.00042984206957397456, 0.00025618638582278094, 0.00025458012302300576, 0.0007167800074016, 0.0007165849210914134, 0.0008604021720125588, 0.0008573231357427455, 0.00013610463880611056, 0.00013197428655103361, 0.0002787975660146114, 0.0002855401929402817, 0.00020517114750591789, 0.0001914499362368069, 0.00047288704326096394, 0.00046964933420190025, 0.0004680313659531722, 0.00047029417208991524, 0.0003152051826367343, 0.00031280346887460847, 0.0005217763870809879, 0.0005204511219737048, 0.0005604669193793163, 0.0005616035193228444, 3.740489213521756e-06, 3.6885317637797536e-06, 8.859366212996776e-06, 8.269348081801777e-06, 8.340570518754357e-06, 6.800549251586664e-06, 1.2508845436435397e-05, 1.2323421782971333e-05, 1.0494836600331025e-05, 1.02161243746567e-05, 5.83413084861597e-06, 6.567876836884213e-06, 2.196248690044516e-05, 2.1489592119912628e-05, 2.0817078517649584e-05, 2.167404804976488e-05, 5.626279826132712e-06, 5.1116156790549785e-06, 1.956373773046569e-05, 1.9640934455402026e-05, 7.881579782473948e-06, 7.733648469859792e-06, 3.3605996566948254e-05, 3.387368774421987e-05, 7.915911972227575e-06, 7.753926283715805e-06, 1.3016050127938749e-05, 1.280452782619052e-05, 4.386806425956523e-05, 4.372123064764775e-05, 1.5551778404603057e-05, 1.5980477137415006e-05, 9.801511422874478e-06, 9.563543460903026e-06, 1.6360050828177746e-05, 1.645792241135762e-05, 2.6644262626956987e-05, 2.6656975629544347e-05, 2.244944796820231e-05, 2.2418400486841472e-05, 3.779912524441454e-07, 3.7151327867780604e-07, 4.5273139745867405e-07, 4.1933100894794844e-07, 5.112533141505543e-07, 5.041124808375635e-07, 8.340664364976162e-07, 7.840367224276636e-07, 7.431626926189603e-07, 7.382131307316469e-07, 1.1615716981951687e-06, 1.1733423599017287e-06, 7.146675131557849e-07, 6.539781247689901e-07, 1.1922035307500143e-06, 1.2148180289589738e-06, 4.790924078233692e-07, 4.7330580720434445e-07, 6.651824423578984e-07, 6.350078286032379e-07, 1.7307769818579659e-06, 1.7402405196594772e-06, 6.496167937035514e-07, 6.196790032779657e-07, 1.6931994217532732e-06, 1.6850302221070894e-06, 6.43586707449847e-07, 6.330972460420016e-07, 1.09537032518925e-06, 1.1178015213795407e-06, 3.4009497614688375e-08, 3.169413359669249e-08, 3.4808892253350807e-08, 3.3966965497405554e-08, 3.918061309739773e-08, 3.6550440476686215e-08, 5.06479983283137e-08, 4.990497856415496e-08, 8.699297940537892e-08, 8.880259323572597e-08, 3.948257475222626e-08, 3.6987207071488795e-08, 3.3233811480270097e-09, 3.1437951174955862e-09]}