{"L": 7, "J": 0.16419577752050152, "B": 0.032839155504100305, "K": 41, "init_state": "maximally-mixed state", "energy": -0.9721078930521403, "eigoccs": [0.46193103982396594, 0.46185428146097396, 0.009811161624647846, 0.00977820788435237, 0.0013312550445231887, 0.0013288004589582312, 0.0021429610841973198, 0.002144684535619724, 0.0028891103470345134, 0.0029000771499371955, 0.006043365150607074, 0.006036734594365073, 0.013428135657856229, 0.013439778975816167, 3.4613216468579e-05, 3.504044177074095e-05, 0.00010435350651160982, 0.00010421724075904879, 7.982218985039252e-05, 7.981408277418752e-05, 0.00014184473026931135, 0.00014213164080140877, 9.831150423081272e-05, 9.862034405480876e-05, 0.000198006273479134, 0.0001975631074603396, 0.00037891168887185496, 0.00037848995253177684, 0.0001406324818012504, 0.00014060631588274188, 0.00014586292180800546, 0.00014598161862029726, 0.00011272534676564112, 0.00011303961179711381, 0.00014598879278826846, 0.00014592619043686246, 0.00019625043059260478, 0.00019645003912339417, 0.00015182168801795173, 0.00015222616202212677, 0.00019090324094461238, 0.00019126829197458153, 0.00026115730264963336, 0.0002612461506638571, 1.5111476429997162e-06, 1.5880029461875434e-06, 2.1716631753185346e-06, 2.260613521291787e-06, 3.4771986195000274e-06, 3.421973928122269e-06, 3.322310709140813e-06, 3.3540905096633767e-06, 3.2733301834893487e-06, 3.272093093362562e-06, 1.5733544114157182e-06, 1.561433782957533e-06, 4.314546127765844e-06, 4.176391655184066e-06, 5.854762329612249e-06, 5.869237040915332e-06, 2.1147595775266824e-06, 2.132304422674478e-06, 4.790106838821044e-06, 5.015247464980472e-06, 2.9779931124461544e-06, 2.965634485381847e-06, 6.882822144423769e-06, 6.946876350724579e-06, 2.5289634062413276e-06, 2.5098006603045345e-06, 3.6715264077687503e-06, 3.6669036408019395e-06, 9.965505156108425e-06, 9.952769652712567e-06, 3.2881822312574825e-06, 3.2601500053112257e-06, 5.634056546256554e-06, 5.634978983714706e-06, 5.508500760009231e-06, 5.532873019771938e-06, 6.745827963114552e-06, 6.725660787647483e-06, 6.465656912157055e-06, 6.465150617575986e-06, 4.9620309614658285e-08, 4.991021120531611e-08, 6.453766186266983e-08, 6.751233600981436e-08, 8.486597378425417e-08, 8.767600665567666e-08, 8.649461438542299e-08, 8.61358146422107e-08, 1.1374002225509267e-07, 1.1164852984672548e-07, 1.2213988111214647e-07, 1.209182648469405e-07, 1.7780783704620236e-07, 1.7747087359041707e-07, 1.7346341566015863e-07, 1.7662732914627175e-07, 1.032127535747362e-07, 1.037444510769764e-07, 1.1251200351197901e-07, 1.1250291752984321e-07, 2.20543559749119e-07, 2.173702685228231e-07, 1.435689478131322e-07, 1.4369169244194705e-07, 2.452797183011487e-07, 2.507488488456964e-07, 1.6239895961608275e-07, 1.6079449629882457e-07, 2.0665053585785307e-07, 2.0541067761645783e-07, 2.4960676290821335e-09, 2.6058861700624076e-09, 3.092035704346521e-09, 3.1092147364404804e-09, 4.210018894813773e-09, 4.30586217229851e-09, 5.539202314857033e-09, 5.549356371063841e-09, 7.145031636217801e-09, 7.1250715383606404e-09, 5.426549677858498e-09, 5.380010751776077e-09, 1.5829521339383073e-10, 1.5912175542759502e-10]}