{"L": 7, "J": 0.0283282086429988, "B": 0.141641043214994, "K": 36, "init_state": "maximally-mixed state", "energy": -0.9625646357634118, "eigoccs": [0.892380447263735, 8.943643504535418e-06, 0.00039538175414207874, 0.0019222582934224264, 0.0042684529188689825, 0.02107429677535263, 0.03644892941226611, 0.03535948816545289, 5.640291090614554e-06, 1.6754362230338126e-06, 7.910343525151524e-06, 6.159313164347068e-06, 9.137697550080832e-06, 6.4280901088567506e-06, 9.507036038265582e-06, 7.927151911072867e-06, 1.2510168540367772e-05, 4.663711997094379e-06, 8.689977112056411e-06, 1.2336320451514081e-05, 2.572291688370898e-05, 4.867410530623669e-05, 4.137723039321967e-05, 6.918027540977857e-05, 8.965670102300036e-05, 0.00011960962884100836, 0.0001828495381340014, 0.0005142648903120254, 0.006896093926352223, 1.4133646497792034e-08, 9.175782442284252e-08, 7.949646481356697e-08, 3.264262981939311e-08, 1.4792232038026482e-07, 3.6494818071282223e-07, 3.9845669371166756e-08, 3.4362490074095297e-07, 8.59399350900042e-08, 7.104369240211135e-08, 4.7702148305740215e-08, 6.921384373782558e-08, 1.5666110022950405e-07, 1.3324728671541044e-07, 2.407362846331389e-07, 1.870657394331231e-07, 2.416267944845172e-07, 1.4146736652689498e-07, 1.3430826899238894e-07, 2.254873681057215e-07, 3.1813822698250966e-07, 3.241046711930893e-07, 2.3570065032480977e-07, 3.297914444741094e-07, 5.368989748356173e-07, 6.92205074629173e-07, 3.9735680689233313e-07, 8.286407234603601e-07, 1.4964783511892233e-06, 1.0863442015050455e-06, 1.3849288281154451e-06, 4.947088816964683e-06, 2.774010006188491e-06, 9.2699653361175e-06, 3.390115670736529e-05, 1.1256097932853138e-10, 1.9834897807127873e-10, 5.442354275833206e-10, 1.0353255697752034e-09, 7.821339643821716e-10, 1.3842866996304337e-09, 4.0875708974417393e-10, 5.463978453267349e-09, 6.892059943320913e-10, 1.985690927859699e-09, 7.56685835581823e-09, 2.173662414934053e-09, 3.315012596071808e-09, 3.284747418404009e-09, 1.438836351776533e-09, 2.5843140890445307e-09, 1.4808841413304541e-08, 3.476200327753412e-09, 1.8068494941390424e-09, 2.473338123349749e-09, 3.7917123416456895e-09, 1.4315020571737974e-08, 2.020226655254828e-09, 5.37606167343298e-09, 1.518179257559542e-08, 5.164383571511068e-09, 2.332349682985454e-08, 5.215738951910819e-09, 2.542324176249676e-08, 1.4007512068889923e-08, 3.75508773553638e-09, 1.47444572850686e-08, 2.2323523342269363e-08, 9.677373026931345e-08, 1.0707439894336456e-07, 3.007922951768993e-12, 6.8463725333233755e-12, 6.654186401777814e-12, 1.4146337214716955e-11, 1.3459632352073678e-11, 3.289143932264721e-11, 1.740103554220616e-11, 6.328592214674846e-11, 1.1440622298050001e-11, 4.669310330982935e-11, 3.041316278971678e-11, 2.3915994905090746e-11, 5.3533755499040026e-11, 1.8062784301028387e-11, 3.18231985191736e-11, 5.1256923691859706e-11, 7.336778502196173e-11, 1.0978979237917409e-10, 6.828753339695278e-11, 1.2248989017980134e-10, 5.157253762070211e-10, 7.109922869297069e-14, 2.5747272610508025e-13, 2.2404331524253612e-13, 9.62486529165755e-13, 1.7801577579836709e-12, 7.988385241980038e-13, 5.460383746308761e-13, 1.8484753131510493e-15]}