{"L": 7, "J": 0.0283282086429988, "B": 0.141641043214994, "K": 7, "init_state": "maximally-mixed state", "energy": -0.9755823643339734, "eigoccs": [0.9243946659118973, 0.0009748277190100276, 0.0008125261646233548, 0.0048684836328349995, 0.013790529877289428, 0.01317246030199435, 0.015407604010133488, 0.02394405654986312, 7.67501825793794e-06, 1.2350108634265187e-05, 1.581691717668593e-05, 2.3284319892648357e-05, 5.184889216337194e-05, 4.122956961655113e-05, 4.9789070873402505e-05, 0.00021442513540856736, 5.0045070412470504e-05, 4.841669080258806e-05, 8.662877630408059e-05, 0.00026339990872269983, 7.851355139555497e-05, 0.00015714799499594965, 0.00010741324640049659, 0.00012675816749346786, 0.00016726827679149883, 0.00016740607182127851, 0.00022589334665191563, 0.0002978111633443228, 0.00036632751521953647, 3.81903266111572e-07, 3.539595261956262e-07, 1.8353562162249641e-06, 8.614166737991426e-07, 3.0055159285535123e-06, 4.5664018751278674e-07, 1.5575954499841414e-06, 4.694992125079046e-07, 2.445736047882826e-06, 1.1032816412933695e-06, 8.93055631588587e-07, 6.695020266123932e-07, 1.4536204587875537e-06, 1.1278714768558384e-06, 2.0342693423423556e-06, 1.8716190153775034e-06, 1.2161632528855903e-06, 2.3667130291274364e-06, 2.4538044187664003e-06, 1.1452354303450567e-06, 2.2355322640435123e-06, 1.111549797419696e-06, 1.5855068725780956e-06, 4.844453054772063e-06, 1.506204255163958e-06, 3.5390803112909693e-06, 1.6730717712546404e-06, 2.626000854119031e-06, 9.007934681230836e-07, 7.984517015935428e-06, 2.850857887017638e-06, 3.9478861726567844e-06, 2.338366525342309e-06, 4.253437044552583e-06, 5.163534154237683e-06, 6.58752700937447e-09, 1.3451557991885972e-08, 3.1028102665194857e-08, 6.62256428892839e-09, 1.1820160305586704e-08, 1.3512260087777772e-08, 2.8206691827027273e-08, 9.169320543369932e-09, 2.5312478761141552e-08, 2.2368033518518173e-08, 1.1657941750961711e-08, 3.484655841675173e-08, 1.0162316054483346e-08, 3.656155385487438e-08, 2.8787391187100625e-08, 4.0407365966076135e-08, 1.9208732010743452e-08, 2.6525749157932997e-08, 2.7557853017423e-08, 2.256064852719101e-08, 5.266834734701364e-08, 4.131016391993604e-08, 2.5550164882720854e-08, 2.6652567691365588e-08, 4.948561706154287e-08, 3.542986800793071e-08, 6.598119385851675e-08, 3.682878314250285e-08, 6.756522583191304e-08, 4.653349478434134e-08, 2.6615533391957553e-08, 4.703325343626415e-08, 2.8097763633583614e-08, 9.161255918429031e-08, 5.279682553278155e-08, 4.781754600797428e-10, 6.218521839375192e-10, 6.123157953354248e-10, 6.18642716722236e-10, 3.739422623896981e-10, 1.5921962456346048e-10, 4.075787380053767e-10, 2.9315691452575756e-10, 7.140306210160377e-10, 3.5561765699625633e-10, 6.152162902913418e-10, 7.663007208498185e-10, 7.912686314057217e-10, 6.466080635050179e-10, 2.5778700706057514e-10, 8.087298852179997e-10, 1.5354589997353064e-09, 5.168148244865267e-10, 3.7572357140848303e-10, 8.102589600231056e-10, 1.1163418385896378e-09, 8.753555045492258e-12, 1.226530421100623e-11, 1.9815064295693103e-11, 8.7785015190378e-12, 6.383993848549149e-12, 1.0722754143835118e-11, 1.2127182012810846e-11, 2.6138663522634216e-13]}