{"L": 7, "J": 0.0283282086429988, "B": 0.141641043214994, "K": 28, "init_state": "maximally-mixed state", "energy": -0.9692595036305256, "eigoccs": [0.9103622329880187, 3.332394158130617e-05, 0.000526820210760025, 0.0019601016337386394, 0.004278435945433973, 0.01465229909698401, 0.02873270783409327, 0.03404115216366404, 1.289748343632927e-06, 2.550909130059081e-06, 9.564488869471114e-06, 7.198391537546479e-06, 1.705554763545904e-05, 1.0630903137562306e-05, 1.1200427931646703e-05, 2.7257727335798564e-05, 1.2668946740667025e-05, 4.954784349971461e-06, 1.1127138506930047e-05, 1.1674719840336322e-05, 2.9369686752636058e-05, 5.050058714187183e-05, 4.3137600275439494e-05, 6.465879364787755e-05, 9.029703481453654e-05, 0.0001199074207690814, 0.00017752517370601219, 0.0004119793216436674, 0.004253264501276192, 2.1959924528417324e-08, 1.8114071619816934e-07, 2.450491738101126e-08, 2.0383406188755093e-07, 6.883633736116995e-08, 7.634251115015036e-08, 7.443122405549898e-08, 9.662347821805798e-08, 1.3289682198558968e-07, 9.746710243785643e-08, 3.555593915047627e-08, 6.225506506891846e-08, 1.2208882044563193e-07, 7.601025016773382e-08, 2.617577211644358e-07, 1.6357924974164682e-07, 1.8655118728079047e-07, 3.751335979053588e-07, 3.039458290572129e-07, 2.2886593292276947e-07, 2.3766521337810146e-07, 5.422058584964396e-07, 3.846403202224154e-07, 4.004736564152782e-07, 7.771657456253429e-07, 1.1183441769252091e-06, 5.568346460975011e-07, 5.445567447740586e-07, 1.9978570695696474e-06, 9.57962856694851e-07, 1.4054899582698047e-06, 3.261187699406829e-06, 2.3250545918899497e-06, 6.497831041419078e-06, 2.0932593566028684e-05, 2.0207771316246857e-10, 4.948174665850517e-10, 1.3469592050986377e-09, 5.534076945581617e-10, 7.944218888907071e-10, 1.6909557642095964e-09, 5.003683708686993e-10, 2.7465862676523645e-09, 2.8118225314585136e-09, 1.1964576197452842e-09, 8.279848459300466e-09, 2.954207234629408e-09, 5.7731687053167206e-09, 4.303601429294858e-09, 1.3053076557591958e-09, 2.69806959283889e-09, 1.1276145907622423e-08, 3.4823784754844355e-09, 8.11834031439113e-09, 1.635913010463404e-09, 3.1502322057211844e-09, 6.577798315757977e-09, 1.8465466792593753e-09, 2.6871109714614352e-09, 6.563591039506123e-09, 3.4091142015139863e-09, 1.5044620739033637e-08, 8.49446224133914e-09, 4.0904809170866004e-08, 6.380458487738702e-09, 8.195018766568405e-09, 2.1045757174876365e-08, 4.0882815627538785e-08, 6.109732665530638e-08, 8.886432190860935e-08, 5.9397688903146585e-12, 9.592478544138935e-12, 1.3385777822282957e-11, 2.345233661990917e-11, 2.4995581599543887e-11, 2.8848976271754667e-11, 4.173282696309325e-11, 1.5643230950229313e-11, 1.1047418041759644e-11, 7.089554264184589e-11, 1.1216771653986691e-11, 2.262225049724718e-11, 4.078270582882483e-11, 2.7855078306616476e-11, 1.7313175691600782e-10, 5.969143007940602e-11, 5.340600005376311e-11, 9.856863983384231e-11, 5.7793059750645316e-11, 1.7905658479422578e-10, 4.0776626430678753e-10, 1.0973739314165229e-13, 1.2434916155055891e-13, 2.7952094173846997e-13, 3.307537189634638e-13, 6.211544355085269e-13, 1.26245666784021e-13, 7.042137289399e-13, 6.891904750639794e-16]}