{"L": 7, "J": 0.16419577752050152, "B": 0.032839155504100305, "K": 30, "init_state": "maximally-mixed state", "energy": -0.9697834041272545, "eigoccs": [0.45882772034827135, 0.4590533412548846, 0.009557794840541738, 0.009516785378632108, 0.0013958473458359818, 0.0013468454425845224, 0.0046203945118522645, 0.00461102744944631, 0.004407582989436765, 0.004417710551461742, 0.0037747356567256734, 0.003781180100989802, 0.014245997257062925, 0.014263524571544516, 7.909994539590201e-05, 7.866001071701408e-05, 0.00019716489026255768, 0.00019711432571943907, 8.67624816256781e-05, 8.618588536021856e-05, 0.00020088447584651762, 0.00020067486129093524, 9.891611888418489e-05, 9.871662462805353e-05, 0.00019859248279279808, 0.00019792320861084019, 0.0004979421737232573, 0.0004958200282218512, 0.00010529595689209918, 0.00010531489465430566, 0.0001673351956398282, 0.00016656404180054462, 0.0001700582734218849, 0.0001673910599920039, 0.00019556501556246378, 0.0001949481321217438, 0.0003068026643926943, 0.00030705284457044997, 0.00021466406495508993, 0.00021407522125920647, 0.0002570724044170681, 0.0002575449613264902, 0.00020037110491527753, 0.0002008225354122998, 2.6376565167327936e-06, 2.5726986048090363e-06, 2.9775087288072844e-06, 2.916338640118626e-06, 2.9024337394915307e-06, 2.9043246037338946e-06, 5.422892977543401e-06, 5.624771486515369e-06, 5.8875034081281015e-06, 5.811369051766979e-06, 2.3542267232891088e-06, 2.491048894290522e-06, 6.38515372128562e-06, 6.158607677701567e-06, 1.0150046668210999e-05, 1.010202516256828e-05, 2.51027830632564e-06, 2.3854338401815014e-06, 6.5882335832358905e-06, 6.411019610033763e-06, 4.429635456708937e-06, 4.432284204842626e-06, 9.946412558566227e-06, 9.95993736727058e-06, 2.7373399067662753e-06, 2.7787704685247335e-06, 4.414082164756615e-06, 4.4018413721093025e-06, 1.0359798274747754e-05, 1.035872267667884e-05, 5.191711001779345e-06, 5.196057206992081e-06, 4.976879899734486e-06, 4.944725834331839e-06, 7.500109547101943e-06, 7.519922681065717e-06, 8.409721196498536e-06, 8.385276407277936e-06, 8.274091868623493e-06, 8.270836354667708e-06, 1.0527255193498795e-07, 1.0683373707236736e-07, 1.1239651276698255e-07, 1.0828752617212067e-07, 1.8328050607198466e-07, 1.8208392552630262e-07, 1.2792269018840868e-07, 1.2601933677557877e-07, 2.17916118246812e-07, 2.166142250879549e-07, 2.0412788159529465e-07, 2.0476302747647232e-07, 2.0192086008717927e-07, 2.0298067995136984e-07, 3.1480209110442063e-07, 3.2231511009574997e-07, 1.3084659623466965e-07, 1.351413739442658e-07, 1.8504896558082347e-07, 1.8735114128671674e-07, 3.6164305607704535e-07, 3.502946037257919e-07, 1.900258718115274e-07, 1.8687815272428092e-07, 3.620873561202084e-07, 3.602458266321237e-07, 1.9321338575366116e-07, 1.9372160461792428e-07, 3.113860126003443e-07, 3.112807813065812e-07, 4.890222754773233e-09, 4.785376310806405e-09, 6.85626252062902e-09, 6.811507761691853e-09, 7.3811955416652904e-09, 7.369223221264519e-09, 8.32983064027754e-09, 8.299050718466491e-09, 1.327784465827136e-08, 1.3265523092801077e-08, 8.003336134167458e-09, 8.049329231201352e-09, 3.3559982269595133e-10, 3.321886356806513e-10]}