{"L": 7, "J": 0.16419577752050152, "B": 0.032839155504100305, "K": 35, "init_state": "maximally-mixed state", "energy": -0.9720266079369424, "eigoccs": [0.46170521391189095, 0.4615300216826815, 0.009674084957557826, 0.009646871759031806, 0.0031810859715839454, 0.003184824490169464, 0.0018732662893020018, 0.001894550757991897, 0.003398081204391118, 0.003337942245222347, 0.003689095646575373, 0.0037003548422012023, 0.01388139536849818, 0.013901528864928566, 5.150763387507605e-05, 5.183271027145289e-05, 0.00010135836759868252, 0.00010187267059590842, 0.00010223994360209024, 0.00010301652549902268, 0.00015706263959388753, 0.00015607477614254243, 0.00014713585528786788, 0.00014684197617641226, 0.00021181056344205017, 0.00021315155868210144, 0.0003904110839542586, 0.0003891087761887269, 0.00015757301845175612, 0.00015769623593288077, 0.00018335259925770462, 0.00018414017824427596, 0.00017942122384295646, 0.00017903714877859516, 0.0001753580629795778, 0.00017487712874531995, 0.00016103087069167256, 0.00016174517544092451, 0.0001979709620722687, 0.00019833403191593955, 0.00020600271359841438, 0.00020396427875910903, 0.00017693917668648433, 0.00017710299491694847, 2.1423421728446146e-06, 2.1399868719968805e-06, 4.704882988762636e-06, 3.2190136804498474e-06, 4.565696365213758e-06, 3.954294741990027e-06, 4.0967578994472395e-06, 4.201874478357673e-06, 3.1379609690431907e-06, 3.0807363769037382e-06, 2.4690757748431635e-06, 2.8223456665186496e-06, 4.79761935020017e-06, 4.916325266502151e-06, 4.9465431171442645e-06, 4.80061792008891e-06, 2.724926148492027e-06, 2.734421797308799e-06, 5.734861226335599e-06, 6.069634578644917e-06, 3.7333646506695092e-06, 3.7375507908704018e-06, 7.19825563886093e-06, 7.043445460674158e-06, 3.471380895543824e-06, 3.6696769432802905e-06, 5.818884170347571e-06, 5.790819989327285e-06, 9.822044964965943e-06, 9.875734796296911e-06, 3.703226702197796e-06, 3.7389399302723513e-06, 6.596635297346661e-06, 6.602447965165213e-06, 6.1245927491990464e-06, 6.131029188214572e-06, 6.86359396133847e-06, 6.846151678244043e-06, 7.257409722024912e-06, 7.266034628804094e-06, 7.154561411788023e-08, 7.391710535492025e-08, 9.056620985769603e-08, 8.827830701092191e-08, 9.456343354244376e-08, 9.39822002002288e-08, 1.2289930156311145e-07, 1.1997961786374732e-07, 1.802920389278767e-07, 1.4933426098247386e-07, 1.6277574698896884e-07, 1.6284643942425446e-07, 2.2123540178331482e-07, 2.1788104599574247e-07, 2.022762158919075e-07, 2.0200614071794787e-07, 1.479013213281695e-07, 1.4649350166942092e-07, 1.496526335627847e-07, 1.6006863540856293e-07, 2.489467232273726e-07, 2.495327624023441e-07, 1.740429080222548e-07, 1.7496237387254127e-07, 2.7259216203019523e-07, 2.744133756401603e-07, 1.9802642030513765e-07, 2.0083030097991948e-07, 2.1848019927921447e-07, 2.1881062408962863e-07, 3.953688744835355e-09, 3.821213423282337e-09, 3.794501062468567e-09, 3.802448469838251e-09, 5.132694603001338e-09, 5.024063385866163e-09, 7.028119961990944e-09, 6.981477192490968e-09, 8.587164369146423e-09, 8.358290629660387e-09, 6.956730568321176e-09, 6.962228044894042e-09, 2.2961139374710223e-10, 2.2402291083584655e-10]}