{"L": 7, "J": 0.16419577752050152, "B": 0.032839155504100305, "K": 46, "init_state": "maximally-mixed state", "energy": -0.971621025949111, "eigoccs": [0.4615195595468299, 0.46133222097173415, 0.007914183141172707, 0.00790422514873565, 0.0012092389355015298, 0.0012196743876497597, 0.0024858686338743593, 0.0024836126028917873, 0.0056148638632794335, 0.005621954908192446, 0.006241515486587722, 0.006247282020989455, 0.012792879439429888, 0.01280689945953491, 2.1097523108293663e-05, 2.1213525719180386e-05, 8.725903451572392e-05, 8.716936206083409e-05, 7.749765351712295e-05, 7.782757899945792e-05, 0.00012861073537057179, 0.00012813090696615646, 9.494879237080741e-05, 9.511707653870818e-05, 0.0001453823355142571, 0.00014519124311815657, 0.0003323348616794319, 0.00033178105743911874, 0.00010048337577429979, 0.00010067828522179482, 0.00013376651454002057, 0.0001332548819381077, 0.00011381266216433825, 0.00011426995496985852, 0.000134495689501901, 0.0001349775667342708, 0.00016337743295148063, 0.0001631060144420909, 0.00017284109049716995, 0.00017344695655759917, 0.000256573745153436, 0.0002568429643456276, 0.00026017818465965856, 0.00026065626639163743, 1.528509477249714e-06, 1.669873347675103e-06, 2.0980008663399855e-06, 2.0206235056689737e-06, 2.2040604406836423e-06, 2.1899397825815153e-06, 2.8863697670470427e-06, 2.9071067382281447e-06, 2.923442651547725e-06, 3.2188337601940706e-06, 1.7110756307583407e-06, 1.710882764917295e-06, 3.4763739101129166e-06, 3.468011786677545e-06, 4.7750610380420464e-06, 4.632544590721212e-06, 1.9941186182798153e-06, 2.0059696291167633e-06, 4.382434654154101e-06, 4.426466531050279e-06, 3.013424007469686e-06, 3.0207887951820545e-06, 7.129023496211825e-06, 7.112856855101201e-06, 2.3368700872537076e-06, 2.351198399291393e-06, 3.908595831259852e-06, 3.9095627151998805e-06, 7.848709811299563e-06, 7.799901368138328e-06, 3.667912141202076e-06, 3.6856218274814578e-06, 4.213222555114329e-06, 4.225296067353743e-06, 5.412498712598362e-06, 5.408706661379813e-06, 5.769031618721632e-06, 5.763118904212935e-06, 6.697227958766043e-06, 6.707812350620454e-06, 4.3724955180288724e-08, 4.2798638834546976e-08, 5.03330644818054e-08, 5.114612418632184e-08, 7.342305796312464e-08, 7.654396788564202e-08, 6.792376609982272e-08, 6.731589628433857e-08, 1.035968334277748e-07, 1.032908791859455e-07, 9.488027315611495e-08, 9.64342236901149e-08, 1.2015204240079097e-07, 1.2311574355015618e-07, 1.4510195620343015e-07, 1.430642106960976e-07, 9.03792504467175e-08, 8.995501423808332e-08, 1.0825704245628571e-07, 1.0877262515024938e-07, 1.7002564908718575e-07, 1.663438650734631e-07, 1.197002534287025e-07, 1.2026151545183025e-07, 2.1914550194568824e-07, 2.1879996932217514e-07, 1.3196960341928573e-07, 1.3233157504450127e-07, 1.8050444321035828e-07, 1.8054326385368293e-07, 2.28869513477734e-09, 2.260732652144059e-09, 3.097568927300614e-09, 3.082005718628482e-09, 3.4486795108340514e-09, 3.481447847682993e-09, 4.32095880471461e-09, 4.342962287080223e-09, 5.681067498291088e-09, 5.521959609037522e-09, 4.731951895864627e-09, 4.740954346880143e-09, 1.338782107690404e-10, 1.331886129724314e-10]}