{"L": 7, "J": 0.11673007904761215, "B": 0.11673007904761215, "K": 49, "init_state": "maximally-mixed state", "energy": -0.9905911507827794, "eigoccs": [0.9564646356644665, 1.8518937045926856e-05, 0.02481222727265609, 0.00011541376622673769, 0.008200140759618564, 6.208892188991469e-05, 0.00581734023969392, 3.444698466714344e-05, 0.0005702060387058676, 0.001358567079264569, 1.0042178209720902e-05, 4.092525480979464e-06, 0.00011781179179919601, 0.0005591251064016353, 0.0007502213444458691, 2.256798696335157e-06, 3.1234182184379087e-06, 4.676572939143305e-06, 0.00023720702200461077, 0.00028888177034348367, 1.8761203733265754e-05, 3.0153757078382586e-06, 1.4012490478908571e-06, 0.00015298932540946854, 0.00013782540518624253, 3.681248754867471e-07, 1.044548103555251e-06, 3.714678909420763e-06, 1.0788685042288773e-05, 4.228352674115898e-05, 8.55919881773436e-05, 3.312706707980762e-05, 5.728092769720093e-07, 5.347856692023485e-06, 2.4983466464950784e-06, 1.5371709179143637e-06, 7.130844138168825e-07, 1.0657893476598601e-05, 1.93887541952846e-05, 1.6455202192952256e-06, 6.792474794531798e-06, 3.701029962674332e-07, 9.216124228821565e-07, 5.147958412961703e-07, 4.91348178722128e-06, 5.083974556246526e-06, 4.882681873115818e-06, 1.3966738045414559e-07, 1.581902324244385e-07, 3.5024139956880654e-07, 4.7248147684379407e-07, 1.2727261210661148e-07, 3.656691851796455e-07, 1.822317404556858e-07, 1.9042568024673734e-06, 3.273437306083633e-06, 4.7505865135834844e-08, 1.333097735892215e-08, 6.155105768177302e-07, 5.146990413042916e-08, 5.645607838257919e-08, 2.2872514374695573e-07, 7.810104730695023e-07, 1.5733911654467443e-08, 1.1990230167792916e-06, 2.2410941305107593e-08, 4.8836203148335205e-08, 2.2472062385171184e-08, 2.709910677639189e-07, 2.3259919576759102e-08, 3.5489988869876364e-07, 5.776914821852128e-07, 1.8263933053749474e-09, 1.0308423622816147e-08, 1.0237927845261209e-07, 2.5688226465491907e-08, 4.319961884446803e-08, 4.509349955329802e-08, 6.915040622503084e-09, 2.0578056541017903e-07, 2.0925228050425376e-07, 6.225180049976352e-09, 1.9486219802688415e-09, 2.0762066050804188e-09, 4.60740320277436e-08, 1.3219668963899767e-08, 2.2040662367722246e-09, 6.723902728124641e-09, 2.1763214218406185e-08, 1.7195380455656434e-09, 7.215330093763725e-10, 1.323181998501732e-08, 2.4545932472413858e-08, 5.212233559496507e-09, 1.3614640530113746e-08, 3.981808538278559e-08, 2.748072098086847e-10, 1.5794549387377824e-10, 2.989165419517491e-10, 3.0248839352341767e-09, 1.0896478797034156e-09, 2.470247676135551e-08, 2.218802935256501e-08, 1.6778443684767987e-10, 1.0482419091422468e-10, 4.761553346952932e-09, 1.4643627197494613e-09, 2.7425534869504794e-10, 7.089306092132092e-11, 5.923539361120258e-11, 2.346999383117634e-09, 3.712302189496233e-09, 4.4635254073063445e-09, 6.590539855095338e-11, 1.0213623129272352e-11, 5.028491584880568e-11, 1.53233449905589e-09, 1.7365265246458095e-10, 6.37483250441147e-12, 6.375071288833847e-12, 2.5703459089691004e-10, 6.266223286058398e-12, 2.709861026798887e-10, 2.284499270206503e-12, 1.4716335759313583e-10, 3.253107247093191e-13, 5.988152799526984e-11, 3.756281078546656e-14]}