{"L": 7, "J": 0.11673007904761215, "B": 0.11673007904761215, "K": 41, "init_state": "maximally-mixed state", "energy": -0.9882400820758994, "eigoccs": [0.9455793491211022, 0.0006158245833334658, 0.03004992259049193, 8.896333996298271e-05, 0.010438006355234902, 4.1446410432336686e-05, 0.0070249311158674665, 5.763438041446111e-05, 0.000817486500143224, 0.0024672905416131376, 1.4066229571530972e-05, 2.174036394779584e-06, 0.00013274911052909883, 0.0006272995060661976, 0.000721327328779939, 1.9764051529962694e-06, 4.936133627298283e-06, 7.197195842284939e-06, 0.00029228759870418623, 0.00034875124047801197, 2.3378707239518616e-05, 3.987489326000456e-06, 3.2556636071687974e-06, 0.00013860398570218795, 0.00016270975135982297, 5.923255196762826e-07, 1.2425574729506791e-06, 5.422350899324842e-06, 1.77143033644694e-05, 5.394857052940708e-05, 0.00011472467078520976, 4.447715242298378e-05, 1.2221663495668604e-06, 6.997267326664593e-06, 3.2058398366436887e-06, 2.1071407990743297e-06, 1.0244402182138139e-06, 1.499766576201575e-05, 1.5454525532529913e-05, 2.2141569088705316e-06, 1.0053181538716958e-05, 5.103164255532967e-07, 1.4304055231254792e-06, 3.3043071324972963e-07, 6.597914704987614e-06, 6.806344934269836e-06, 6.535187508072938e-06, 1.848438868034716e-07, 2.0641910094218803e-07, 4.1774046876404234e-07, 6.31516744397878e-07, 1.8393611940862018e-07, 4.6763606811617523e-07, 2.5210510762268175e-07, 2.2078233179045592e-06, 4.759067722343627e-06, 6.398323796590959e-08, 1.0249795518840893e-08, 9.10876740834676e-07, 7.38535289457236e-08, 9.401684181226021e-08, 3.6494650478139315e-07, 1.0088020578802986e-06, 2.5489202309598512e-08, 1.6389689579126668e-06, 3.612467069681247e-08, 7.085570934788039e-08, 3.135282955036658e-08, 4.1528460223563373e-07, 3.454893911065763e-08, 5.28210955420877e-07, 8.585134489869181e-07, 3.197624237759622e-09, 1.6754960922535976e-08, 1.8635882697834954e-07, 4.3284914628949756e-08, 7.607596711358953e-08, 7.795987733642982e-08, 1.049597991076948e-08, 2.67658824257551e-07, 2.7893824586768607e-07, 9.687940760742928e-09, 2.6929735078937113e-09, 3.573149300136529e-09, 6.581326875611632e-08, 1.9143947302048305e-08, 3.130406054493108e-09, 1.0107199527668227e-08, 2.9652205155616253e-08, 2.322852416390214e-09, 8.731314958479135e-10, 2.091793313792813e-08, 3.8063212458550705e-08, 8.80191637412515e-09, 2.434387598008253e-08, 5.1447423047955885e-08, 4.332968323044135e-10, 3.237296501278068e-10, 4.723570867683174e-10, 4.143888664208925e-09, 1.6122549739502321e-09, 3.7509084452428126e-08, 3.1375904313242986e-08, 2.4567373815396175e-10, 2.222837731922481e-10, 6.9321504995427516e-09, 2.33884439144585e-09, 4.3008972584557693e-10, 1.166398743357783e-10, 9.133471564049941e-11, 3.866915096421215e-09, 6.2023922430656324e-09, 6.746616031605307e-09, 9.952109669932299e-11, 1.9844465262158137e-11, 8.678848924633365e-11, 2.4932936362233116e-09, 2.8597686047205373e-10, 1.098968269354053e-11, 1.0989534657583657e-11, 4.1132672472145216e-10, 8.236950832062262e-12, 4.4877821507560243e-10, 4.397204985415783e-12, 2.613655086670458e-10, 7.544738547775308e-13, 9.492760761553526e-11, 1.182818428060424e-13]}