{"L": 7, "J": 0.11673007904761215, "B": 0.11673007904761215, "K": 7, "init_state": "maximally-mixed state", "energy": -0.9490173057761537, "eigoccs": [0.7740744905777379, 0.0046805266573208635, 0.1335340950548941, 0.003752049119664292, 0.019927998718612495, 0.003921647600693521, 0.014604126154631787, 0.0022982010994051566, 0.007906187914442302, 0.015145757794894167, 0.0007386620503913408, 0.00037811556355733404, 0.003877868312463794, 0.0021605561771474288, 0.001489799248904661, 0.00022180905418267503, 0.00024369142229612736, 0.0003587221988278576, 0.0023484685539537408, 0.0015887722991335604, 0.0008032525864189969, 0.0002360913694363795, 0.00016209795152050764, 0.00046526689138695187, 0.0013191300799053566, 9.160718074433061e-05, 2.8774990753077245e-05, 0.00018109147658352425, 0.00044563084230643145, 0.00016979619190565998, 0.0005450763947505133, 0.0004970063307350768, 6.809466270750781e-05, 0.0001314195291217928, 6.363965888949118e-05, 6.440521559818068e-05, 4.8642803098629095e-05, 0.0002746532504943789, 9.595577710413964e-05, 3.840205427151495e-05, 0.0001398713228526781, 4.619866144785592e-05, 8.945328331796326e-05, 1.800047888124655e-05, 6.15373487032097e-05, 8.128937686277577e-05, 7.598626597890692e-05, 1.7386157044355086e-05, 1.7685021277314625e-05, 1.755255892972455e-05, 3.427739466360061e-05, 7.64872554827624e-06, 1.732444915417656e-05, 2.187178672663556e-05, 2.165526686259859e-05, 7.616589371918346e-05, 7.2479092493465894e-06, 2.1401122004556396e-06, 3.4550701795425185e-05, 4.860701199375889e-06, 9.481401853815316e-06, 2.9525872861128732e-05, 2.0872630403098693e-05, 5.5708523477111565e-06, 1.7984823870351623e-05, 3.37966073920932e-06, 6.118791164117616e-06, 2.932680588307146e-06, 2.3144054578351472e-05, 2.766147496119418e-06, 1.0294512326733981e-05, 2.650669631091117e-05, 1.0901040843914825e-06, 3.949602002089499e-06, 7.754957426332206e-06, 4.080880564193141e-06, 4.492974944990956e-06, 5.825088826686823e-06, 1.9685692979563713e-06, 3.7564962124337886e-06, 4.021810412906232e-06, 1.2606227307325161e-06, 9.467847171491092e-07, 7.224884238155696e-07, 4.959509368868133e-06, 1.4927261076377623e-06, 6.295911978931617e-07, 9.436587037812861e-07, 1.6942991160509683e-06, 1.0335452788938388e-06, 2.86834816199602e-07, 1.5092775825132578e-06, 2.840983060078665e-06, 7.856695761490565e-07, 1.2918727348699537e-06, 1.0066187482068188e-06, 2.9014258553786516e-07, 1.680746327718624e-07, 3.2495372087696005e-07, 4.601038930389831e-07, 2.3094367399377647e-07, 2.710396533163241e-06, 9.1538493473583e-07, 9.340774581701108e-08, 1.1184979406472118e-07, 5.58625666911282e-07, 4.0852218872273404e-07, 9.534926586900491e-08, 8.143368306543768e-08, 5.089945720244675e-08, 4.18346004563938e-07, 9.236898311151732e-07, 3.206919646921084e-07, 6.812325845027855e-08, 2.9138803740169514e-08, 3.346806810447937e-08, 1.394136068667541e-07, 8.725771456752853e-08, 1.209114718137961e-08, 1.2090026518864404e-08, 9.463638804928141e-08, 1.971202336395495e-08, 7.449891429506482e-08, 1.3321974301032694e-08, 1.8528694809354267e-08, 8.741704162124786e-10, 2.643663558817377e-08, 2.752491065900965e-10]}