{"L": 7, "J": 0.0283282086429988, "B": 0.141641043214994, "K": 31, "init_state": "maximally-mixed state", "energy": -0.965546178236308, "eigoccs": [0.8993782104137122, 6.64044778675481e-05, 0.0005006455019133465, 0.003393625385640392, 0.006163531701793453, 0.016616961133712388, 0.03205091569999936, 0.03547177224696728, 2.6162933656453933e-05, 3.8196224341918975e-06, 9.242793428558983e-06, 1.070257460439849e-05, 1.5557538510931784e-05, 9.943139874946122e-06, 1.091761538936755e-05, 1.3059136095154377e-05, 1.820484881922588e-05, 1.2521613849917805e-05, 9.23768550831238e-06, 1.720508885892687e-05, 2.1112270277553258e-05, 4.4884855123280195e-05, 5.0144707752749514e-05, 6.410962498149476e-05, 9.320009769134323e-05, 0.00012980395845245106, 0.00016395843465134895, 0.00036151287689717253, 0.005219710811670295, 1.0659877638127652e-07, 2.6100789067103014e-07, 2.6484990731897564e-08, 6.97713407986339e-08, 1.4145421307131932e-07, 4.1140584351522125e-07, 1.697499843307688e-07, 6.743395473161564e-07, 9.019253954110682e-08, 1.6215523342935765e-07, 8.311472237198451e-08, 1.7837207023930573e-07, 2.2215686353810444e-07, 1.8230483837593515e-07, 5.683262400920492e-07, 2.756379396617313e-07, 4.251234776365784e-07, 3.317732404563537e-07, 1.89216385188123e-07, 2.7664110608403076e-07, 5.441386853522514e-07, 5.945225814669287e-07, 4.905815504070673e-07, 1.8404852964522922e-07, 4.925254347062552e-07, 5.579476583507183e-07, 8.289119333254226e-07, 4.1837331140848847e-07, 1.3666476274990081e-06, 1.3680815597189406e-06, 1.0726617859365638e-06, 4.3686500137368645e-06, 2.523207643048584e-06, 7.870431902828429e-06, 2.4926447717250377e-05, 3.642704960777471e-10, 3.8249538181263724e-10, 1.0528428292691763e-09, 8.524019108531397e-10, 8.040619573132994e-10, 1.2439573442189554e-09, 5.10557129881289e-10, 2.0921488441775965e-09, 1.2635895667340868e-09, 3.067417194421379e-09, 1.925481625925975e-09, 2.136945341393291e-09, 1.5775017415904535e-09, 1.919567292129313e-09, 1.852548583733208e-09, 1.7225911405031844e-09, 3.3399592638627396e-08, 4.098747728321982e-09, 4.51604744723964e-09, 1.499339532922526e-09, 2.4286432133641618e-09, 3.012106608386498e-09, 3.1947983061077925e-09, 7.913635889005753e-09, 9.989467420257221e-09, 5.613515371721462e-09, 5.643793746464334e-08, 1.0434083343580065e-08, 5.453376032248178e-08, 3.31294424514358e-08, 6.5551927013861115e-09, 5.090090660657455e-08, 2.4446782866357432e-08, 4.364962520588887e-08, 8.829694531818385e-08, 3.692248518256721e-12, 5.467399368576235e-12, 1.1585147643005727e-11, 1.2304588613053496e-11, 1.1833977406673333e-11, 1.9502805802417818e-11, 3.411317212497287e-11, 2.944841709863498e-11, 1.4160808226841236e-11, 7.901188555199969e-11, 1.463320664410014e-11, 2.7362903987770205e-11, 3.8985675727843824e-11, 3.180959930258675e-11, 2.9682043436913436e-10, 6.518832863916595e-11, 8.028955091930144e-11, 1.322877189805319e-10, 1.0525195271832976e-10, 1.0076665257302018e-10, 2.649909788405533e-10, 1.2083426104843216e-13, 2.1406296367515152e-13, 8.776324592524073e-13, 1.153647363463519e-12, 2.239924087307587e-12, 1.2404163756660412e-12, 4.2830638639361903e-13, 9.409195442154386e-15]}