{"L": 8, "J": 0.10164717780328576, "B": 0.10164717780328576, "K": 3, "init_state": "maximally-mixed state", "energy": -0.7947993657342609, "eigoccs": [0.3822198125908166, 0.006866920457992521, 0.1283302097044352, 0.008480412663281794, 0.06459620825872794, 0.014638572157716578, 0.052883237793148956, 0.018214534329148005, 0.027149815577356677, 0.03330281222806359, 0.005939417092897085, 0.008877403127395203, 0.022141172240062186, 0.015502563038402715, 0.013092602852596051, 0.004285735493913905, 0.005645446786292639, 0.011357928502239715, 0.00988257801424617, 0.0016960038937577017, 0.013166515448974424, 0.0008690642075586705, 0.003445119247562863, 0.009622041463186588, 0.003838117380326397, 0.008902522345857714, 0.005385390071525663, 0.00196870668707793, 0.004159516918008788, 0.0029744378760562023, 0.006785169816069423, 0.0010735848838734712, 0.007074791572558869, 0.006537603361892281, 0.0006227972619984682, 0.003483030933043507, 0.001849768428619749, 0.0019460372531472066, 0.002720547229051555, 0.0022746317915818847, 0.004471157683818991, 0.0033506758665102472, 0.0010764405328715597, 0.0006524263929459391, 0.0025561069936784397, 0.0016171334886084542, 0.0014664586452358803, 0.002884024840622871, 0.0017037246420803852, 0.0030627952173894494, 0.0026975170659642644, 0.0009064632125129527, 0.0015757660302200842, 0.0009070224199437039, 0.0015947783755238553, 0.0005720860618335963, 0.0011071744791003356, 0.0012846585289772172, 0.0010493733454166594, 0.001058554376725172, 0.0018928029104607938, 0.0005135124664169639, 0.0005328903623837793, 0.0012316973177919517, 0.0022848594032194086, 0.00033260625688723104, 0.0010207723734242504, 0.00034404663962183204, 0.0006365268903725223, 0.0008289238744319329, 0.0007322069413864188, 0.0012152776589838803, 0.00037666055014193143, 0.0006530654707726852, 0.0016202385836551693, 0.00038702061589286846, 0.0005406319132629098, 0.00022596537258362675, 0.0007701341258498254, 0.00027171845614456597, 0.0004396608524307082, 0.0009124818347630418, 0.000523951995306059, 0.0005113010903136815, 0.00012277580656137207, 0.0006196396913571323, 0.0011080963638016588, 0.00024290524144858106, 0.0006201543977261017, 0.0011773590096119174, 0.00030266771163915766, 0.0001635332771159841, 0.00045658919094399984, 0.0006117712389625049, 0.00021017317362553994, 0.0003651189542639011, 0.00019489847342555979, 0.0003117439775697407, 0.0004077066514183416, 0.0007296982466872611, 0.000251605315188082, 0.0008560152070291763, 0.0001084276451056263, 0.00019353332116876136, 0.0004787317360110233, 0.00041624736762825354, 0.0001458143399450695, 0.0002810326449159701, 0.0004934825944772842, 0.00034526745551720665, 6.533498870457372e-05, 0.00023521751525692092, 0.0002897462370278545, 0.0004763551880375318, 0.00018049380566745687, 0.00029016259904038024, 0.00015338327915630597, 0.00018200651644351216, 0.00016014531988888677, 0.0001015082723352093, 0.00034560177235386355, 0.00029433809344812153, 9.996258697293088e-05, 0.0001810319062080587, 0.0001045653780943254, 0.00021872001166721555, 0.00019158926550226398, 5.799453544662025e-05, 0.0004645683404451867, 0.00013216518066216817, 0.00010843367896791253, 0.0002246595629568059, 0.0001251741353467909, 0.00023710967454645322, 8.019774083701723e-05, 8.085909262135597e-05, 0.00023381381258357864, 0.00017231177801513265, 0.0001384918850090799, 0.00014865932474331466, 8.995633092959486e-05, 0.00015557448917056382, 4.321257769675258e-05, 6.765462059432566e-05, 8.847311841696198e-05, 0.0003753859241384957, 7.40796679238727e-05, 5.6955895296082794e-05, 8.037282181986128e-05, 0.00017243656995120381, 5.035111931661153e-05, 5.613505162333823e-05, 0.00012424925626770914, 0.00021560613187357897, 2.949322902454693e-05, 8.259736779946808e-05, 3.0528894481212945e-05, 6.233881804905894e-05, 6.421105330853743e-05, 0.00013578927264895673, 5.8150339714384665e-05, 0.00013046621901963113, 3.846983913595763e-05, 5.191176375552788e-05, 0.00015736397612763124, 7.932571669831336e-05, 2.085822579130596e-05, 3.834381714761837e-05, 0.00010082980367887674, 2.2250950730866147e-05, 4.007020824591659e-05, 0.0002008821037499718, 4.882034378689427e-05, 4.714036927159394e-05, 2.907018020428899e-05, 5.373746592794669e-05, 0.00010759067675896337, 3.1507609811228784e-05, 9.06742419162123e-05, 4.092400235532429e-05, 6.578866241336614e-05, 1.5443480506703146e-05, 3.9841217657195714e-05, 6.021329372538042e-05, 1.913878797856758e-05, 3.3280650719632054e-05, 2.498930473992363e-05, 3.523265151676001e-05, 7.203841014925979e-05, 2.2309001479352122e-05, 8.584978773467978e-05, 1.345587555109118e-05, 1.647756291833215e-05, 4.4901866146211586e-05, 5.1374252998494496e-05, 1.2251651172165189e-05, 2.389882719145545e-05, 2.9712790183140565e-05, 1.8092371393479137e-05, 2.308873847427344e-05, 6.0291348670759375e-05, 1.598543265865134e-05, 2.872004137376371e-05, 1.4247713656001828e-05, 3.210903322330254e-05, 1.2992357376123596e-05, 9.0436913810015e-06, 1.7484786348621354e-05, 9.44433132691557e-06, 2.19696282893082e-05, 1.8376687226587772e-05, 1.0879168045121504e-05, 5.5819140415829655e-05, 3.0486949065194945e-05, 9.46381800352825e-06, 6.691177398057963e-06, 1.5184819482372164e-05, 1.2122794318469205e-05, 1.4640434943396412e-05, 1.4649732974832135e-05, 8.695600226514742e-06, 3.764380935062681e-05, 6.09338857656641e-06, 3.725252425376159e-06, 2.4082131829250692e-05, 4.81661810263347e-06, 1.2093645837029588e-05, 5.219040935540495e-06, 1.4463683554249455e-05, 5.1802705183457235e-06, 4.37838314374091e-06, 9.783541681104113e-06, 3.3441007854374024e-06, 1.139258095706942e-05, 2.8398053794420332e-05, 2.941788231798483e-06, 1.269244457621384e-05, 3.343893162961361e-06, 1.922169117859085e-06, 8.219376534297e-06, 5.40673213260086e-06, 2.27846473917446e-06, 2.7339105110901043e-06, 1.4021179282382658e-06, 5.194023594083081e-06, 6.7381287273543245e-06, 1.7653822822417277e-06, 1.3611714677704418e-06, 4.716816032952752e-06, 1.4453663356743762e-06, 4.3126647982960116e-06, 1.0835011504234026e-06, 2.352739660624621e-06, 3.6705186041207064e-07, 2.884353051090229e-06, 9.181924773768423e-08]}