{"L": 8, "J": 0.02478276127298553, "B": 0.12391380636492764, "K": 5, "init_state": "maximally-mixed state", "energy": -0.9785398871011848, "eigoccs": [0.9250808458642392, 0.002215641850998296, 0.0025442356124596244, 0.0030632231714711523, 0.004041103691068109, 0.010975999571135151, 0.015659901143397152, 0.01705132615057532, 0.014862921690068422, 8.069046386012737e-06, 3.058053349992591e-05, 3.960608692038834e-05, 0.00015988072500492824, 0.00018868699449501203, 0.0002563649112643344, 0.00013866762781059488, 0.0003460603104519769, 0.00014242484766144238, 0.0001420734199365876, 6.175596644723949e-05, 4.019152160512835e-05, 5.379907636875704e-05, 6.086823611921736e-05, 0.00017236458149087947, 6.507229129924509e-05, 7.8456625599098e-05, 0.0003589515796448339, 0.00011649322544210616, 0.00014080737913670647, 0.00012297275108405379, 0.00021009429854444638, 0.00011775634123402586, 0.000245373167731945, 0.00022515736571563803, 0.00026711827673561457, 0.00025660314216407727, 0.00028294652664636737, 2.82331720298775e-07, 8.097280524917278e-07, 1.6519037095479232e-06, 1.3468121176367843e-06, 2.4517135123110395e-06, 1.3328774591285013e-06, 7.19903937711033e-07, 2.161967553803371e-06, 9.518836042245245e-07, 1.8569020126460825e-06, 3.2484366621848026e-06, 6.687262717118594e-07, 1.4203363591321107e-06, 4.075768208266342e-06, 1.717096669977103e-06, 2.101214315293167e-06, 1.0000218834860769e-06, 1.8635915989231184e-06, 2.0919008442094843e-06, 5.526353205134256e-06, 3.1078986203424165e-06, 1.4451777188379091e-06, 3.133532293731151e-06, 3.3445131811516792e-06, 5.862109884920359e-06, 2.8595971196245817e-06, 5.930144363162764e-06, 2.775223386738536e-06, 4.331844682301543e-06, 2.335873568215514e-06, 2.57515370138024e-06, 7.639434656618863e-06, 3.395955479829556e-06, 3.1657141220792897e-06, 3.129255434849667e-06, 7.963316205278793e-06, 2.808648524248161e-06, 4.5197001634562416e-06, 2.985268260541155e-06, 1.9538325425997827e-06, 2.606281836889276e-06, 1.3561543819142808e-06, 1.3765576945791625e-06, 4.87431787490007e-06, 2.3641922599805916e-06, 1.660262391570879e-06, 3.6105820525425215e-06, 2.9075060010327524e-06, 3.5447668620337117e-06, 6.2248620023443125e-06, 2.76648389325075e-06, 5.067458025665463e-06, 3.5663768524012274e-06, 4.7192788901792035e-06, 5.272812550782233e-06, 5.895804502596186e-06, 2.8164329825101612e-08, 2.320229976799816e-08, 1.3054375523682629e-08, 2.3698980352826145e-07, 1.847331480209888e-08, 3.8027059051165e-08, 6.805635142890719e-08, 1.122069377707952e-08, 1.5762210119211078e-07, 5.178132025365032e-08, 3.7618389834684035e-08, 6.486638583927385e-08, 2.069854730702193e-08, 9.239291510128527e-08, 3.8404806334403304e-08, 4.98186330031557e-08, 1.0520601952942665e-07, 3.233373130883648e-08, 1.534703111267522e-07, 3.72654827834756e-08, 5.313928200605634e-08, 3.5482400114207485e-08, 1.1526903736275933e-07, 3.253958078748691e-08, 9.150468050502521e-08, 5.6644487339938813e-08, 3.177066587977273e-08, 8.832764863921425e-08, 1.2023850367845673e-07, 8.460950030162954e-08, 8.905755618226932e-08, 5.944720882728051e-08, 4.112492088599756e-08, 4.943604376740636e-08, 4.9009454071823356e-08, 3.196031462294054e-08, 1.1836138617455587e-07, 4.777129056449517e-08, 5.529222128719316e-08, 3.645988315278147e-08, 9.095544988372588e-08, 5.482525398928065e-08, 6.188995517331295e-08, 1.0308748473743613e-07, 1.616687997452561e-07, 4.513594890305508e-08, 6.60079888487628e-08, 5.606693650409816e-08, 1.067439002775859e-07, 6.641108824955623e-08, 6.393953911428528e-08, 8.026675827010323e-08, 1.2807146814331007e-07, 1.0389017852746578e-07, 6.2618462807308e-08, 1.6657299146560844e-07, 6.599752649694937e-08, 9.410178244885148e-08, 6.983217550354432e-08, 1.3854757010426134e-07, 7.160484483698825e-08, 8.254653853916405e-08, 5.461685020434756e-08, 7.957738190632833e-08, 7.498916511960553e-08, 7.160966092135027e-08, 9.518640449387259e-08, 6.579551014349835e-08, 7.813540337089332e-08, 1.161374895951705e-07, 1.2263787243155437e-09, 1.4621249220872272e-09, 1.760848345910934e-09, 9.63009336854541e-10, 7.609387772495285e-10, 6.997404896965407e-10, 3.9269883375028906e-09, 9.30335081398218e-10, 7.894678519860713e-10, 2.4113302409436836e-09, 8.89435896174764e-10, 6.894588102023429e-10, 4.59571007574708e-09, 3.555278498829354e-09, 1.4010014792276408e-09, 1.992863146664095e-09, 6.148931389845453e-10, 7.728358009503632e-10, 1.845612483513437e-09, 3.7538092521334176e-09, 1.2529391322389642e-09, 2.909617887879694e-09, 2.0298217648341617e-09, 1.4385836206883274e-09, 1.2324505285670667e-09, 4.5518156597499696e-09, 1.5694139386586005e-09, 1.3887074035631676e-09, 1.788357723784843e-09, 9.333220820017897e-10, 1.1402669017608108e-09, 1.5765353930886733e-09, 1.8927264599156213e-09, 1.9500333559689162e-09, 1.537766264849946e-09, 1.763781856905346e-09, 1.2034626973467234e-09, 1.0878462716485584e-09, 2.00595699384047e-09, 3.4685877478611107e-09, 1.4021887419202467e-09, 3.089416686039381e-09, 2.1836862508448872e-09, 1.2791398625337479e-09, 1.6517391069512132e-09, 1.2980304017345771e-09, 3.3140679541375137e-09, 1.8491226651535724e-09, 1.961116026859629e-09, 1.9230156459970485e-09, 3.2573736083024323e-09, 1.8252152883793033e-09, 1.458665694012441e-09, 3.304533877485238e-09, 1.4749401593678295e-09, 1.544877679976327e-09, 6.968065392707184e-11, 2.950958251750142e-11, 3.949394810565533e-11, 8.934238374206446e-11, 4.813795980082728e-11, 5.189755490263641e-11, 3.1197608447444607e-11, 3.498208830936083e-11, 6.549226162485754e-11, 2.6155102608776787e-11, 9.627712048170224e-11, 3.012495736090555e-11, 2.199122925622196e-11, 7.526659125224557e-11, 3.0464039806064193e-11, 7.319922770645501e-11, 8.550710601174785e-11, 2.4912802327658878e-11, 5.313375503204338e-11, 6.414621066630769e-11, 5.878894338342885e-11, 4.326315200444837e-11, 8.896937846352616e-11, 3.056152275757717e-11, 4.763773163925972e-11, 5.1845627409345755e-11, 1.0085081380338011e-10, 3.806519862410558e-11, 1.3730924203121186e-12, 1.3731361617971705e-12, 7.603224615933454e-13, 1.8760553249666746e-12, 1.195632465069988e-12, 2.0685810731204613e-12, 7.088190295863151e-13, 1.5608185664443261e-12, 3.6696595916654856e-14]}