{"L": 9, "J": 0.09001252049949558, "B": 0.09001252049949558, "K": 40, "init_state": "maximally-mixed state", "energy": -0.9907695054264076, "eigoccs": [0.9350480610696144, 0.0008027484053692842, 0.039030369225333955, 0.0004415170608936143, 0.005794973207338447, 7.359776066027936e-05, 0.007451872952032569, 4.004236990606564e-05, 0.0006811244698531356, 0.004265525988969007, 3.6292297119830404e-06, 3.0815856079097485e-05, 0.0023267737536815064, 0.0004301940346453614, 8.567727064686523e-05, 3.12613833581865e-05, 0.00016097975268876017, 0.0005062036569109909, 0.0007303006912165442, 0.0002519480098416173, 5.503932494865605e-06, 0.0001690204730307326, 9.668628642717839e-06, 6.318472028763978e-06, 2.6853369925679507e-06, 0.00023328488362738879, 9.763100503166905e-07, 0.00022487930781548972, 1.856243066256604e-05, 3.371221329299767e-05, 6.40217686117258e-06, 0.00019729233133917328, 0.00015937908467485946, 4.6871740689464934e-05, 2.3501533134870443e-06, 0.00011335071587669819, 4.5288653572043034e-05, 7.282695042881279e-06, 1.5435466140427595e-06, 2.1183556607497084e-07, 1.732558712078429e-05, 2.2342936218138254e-06, 1.3445158904469177e-06, 2.1441452209026383e-05, 0.0001049369563656658, 7.370783663148916e-05, 7.136377762599149e-07, 2.0207107745858932e-05, 6.848920132248736e-07, 5.599539830920881e-06, 1.3830699891750205e-05, 1.2937181898697377e-06, 1.9576505516350995e-05, 6.39900069838262e-05, 1.2919978356390283e-05, 3.781474759938141e-07, 3.6180379256054935e-05, 8.01467399787638e-07, 9.15740437317955e-07, 3.2016345340831584e-06, 9.221380277760972e-06, 2.3551406229632136e-06, 9.561331966909876e-07, 5.281373869203097e-06, 1.7215457721110407e-06, 9.54135335661849e-06, 8.7257651162031e-06, 1.1447530692698879e-07, 3.7502143695506263e-07, 1.4131767698988472e-05, 3.833448425630706e-06, 2.3053215981787815e-06, 9.6130696207187e-07, 2.2617494578063546e-06, 5.858506025123372e-07, 7.39973305401112e-06, 1.4322061162272555e-06, 1.0122382700018803e-07, 9.435358142977668e-07, 8.149273667554421e-08, 4.691858879237585e-06, 4.733422973831617e-08, 5.5929973061040654e-06, 4.986831360724472e-06, 3.6415750755583856e-06, 3.8220585345033917e-07, 3.8281881824448143e-07, 9.56193645623068e-08, 5.154269435723336e-06, 1.2197257406309997e-06, 4.199608344415459e-07, 6.475915917686803e-07, 5.084384758883148e-07, 3.750953314324962e-07, 1.366557517063897e-07, 8.052175171126463e-07, 6.160760057391582e-07, 2.5237873318062644e-07, 6.72111523531125e-08, 8.400677381042886e-07, 2.5670680180814793e-06, 1.4871172165027444e-06, 1.5889356810196517e-06, 7.375605316800742e-08, 2.2096034183919568e-06, 9.523819295993544e-08, 4.121193049723657e-07, 4.791404470207115e-08, 5.421872036118779e-07, 1.0468133683459419e-06, 6.253280262307735e-07, 2.5342502378560985e-08, 1.7348647871127494e-07, 5.42560517128726e-08, 6.704637210171239e-09, 2.8098634882203813e-07, 8.925794563319729e-08, 1.146207159948388e-06, 7.561126535465915e-07, 4.2340492194651816e-08, 6.157124265403675e-08, 1.6974956846062008e-06, 2.129131249417221e-08, 2.1381968485200042e-08, 5.382426935174294e-07, 7.97601325978001e-07, 2.3073165208133158e-08, 4.101138249934434e-08, 2.623033464068627e-07, 5.4790554140582866e-08, 3.3470575927120087e-07, 1.3592880348986062e-07, 1.1903465325813511e-07, 6.985369436408843e-08, 2.1369871835622898e-08, 1.6071388492759713e-07, 1.859085550809151e-08, 1.1389743486233424e-07, 3.5167742324123986e-07, 5.065605093569511e-07, 3.284760006997351e-07, 1.8482280195722285e-08, 2.0290732101269565e-08, 7.35058706196624e-09, 6.341699519152216e-09, 5.496901353617988e-07, 3.1826757075762277e-07, 1.1136320822615094e-07, 1.0080731681019143e-07, 1.7421342908112706e-08, 9.522392060186422e-09, 2.026926978495247e-08, 6.699024597692399e-08, 1.6891242433245164e-07, 2.7936156371510623e-07, 1.983067431075059e-08, 1.6596592585739455e-08, 5.9188601205381386e-08, 3.2525761109868825e-08, 2.618575085692471e-07, 1.522674110461094e-08, 6.459839809083119e-09, 3.187165530517807e-09, 4.0124213218613904e-08, 1.0025532632118747e-07, 1.702067683022074e-07, 6.956349208588024e-09, 1.1564523498785381e-08, 1.6535313471851257e-08, 4.065124165457421e-09, 2.1746956723374086e-08, 6.362432655802191e-08, 1.8136320771777732e-07, 5.6602441988976364e-08, 2.8705633887266613e-08, 8.669368422337654e-08, 2.6384230761001406e-08, 2.967946620245971e-09, 7.103359199006842e-09, 1.4750579840294746e-08, 3.486445442770627e-08, 8.297612643398675e-08, 2.8162489471015626e-09, 3.940289148240593e-09, 1.2830528571687397e-08, 1.2025103173102616e-07, 2.7634361312834732e-08, 1.6831470534066164e-07, 8.15985734107429e-08, 2.8574067576410066e-09, 4.7273338353674085e-08, 4.511105269917415e-09, 2.5946112616104448e-09, 6.022567200240992e-08, 3.5770696862100326e-09, 2.798509772177429e-08, 3.83656341121223e-08, 4.846255084923107e-09, 1.0235737039634331e-08, 4.113235282099035e-08, 3.957088823734641e-09, 1.3679341539950281e-09, 7.279543286864394e-09, 4.437451547384095e-09, 1.1782639738291411e-08, 3.871189321302296e-09, 1.6804132511962944e-08, 1.1902974945566597e-08, 4.525225318089542e-08, 8.869638255154825e-09, 3.3936904149213314e-09, 8.549982077584983e-09, 2.712271502053684e-09, 5.71087050730977e-10, 1.7866434471759032e-09, 3.089331119152623e-08, 5.78005909290424e-08, 1.0469237956969362e-08, 1.8845642537238994e-09, 1.6538110024816035e-09, 1.4744954642669072e-08, 1.9662172854077356e-09, 1.4367498314978025e-08, 2.626478351385344e-09, 1.3407474525559029e-08, 1.6954338040732494e-08, 2.3341428962984655e-08, 6.004257326701036e-09, 1.4484615271501012e-09, 2.091164007924878e-09, 1.8083735181144116e-09, 1.3087925818387271e-08, 3.064625627346968e-08, 4.780225703962159e-09, 2.5042948263012456e-08, 3.104026856838876e-10, 1.3626819696786248e-09, 1.8909691398896077e-08, 8.296676870875627e-10, 5.787906144753122e-10, 4.781300918645853e-10, 9.872166815246624e-09, 1.1808992860666667e-09, 5.63804429966678e-10, 7.585990718814744e-09, 2.066041530205883e-08, 7.156802329101504e-09, 1.0486294738974913e-09, 1.806242443568507e-09, 1.4449095634112728e-09, 8.211437351812e-10, 1.0355924730121608e-08, 2.5859659416582e-09, 3.417491039146267e-09, 2.152235588181259e-09, 3.8913157453506135e-09, 1.4084519296998378e-09, 2.5696682572348477e-09, 4.838877994883622e-10, 1.8022157502290874e-09, 5.11645598334384e-10, 1.8043385301908052e-09, 1.4048301440669003e-08, 2.0754330335374377e-09, 6.213712969449544e-09, 6.411639781222797e-10, 3.0326869141621084e-10, 3.4351338601104153e-10, 7.35743727314085e-09, 3.2054437861030212e-09, 3.548928799858026e-10, 3.0854398996862293e-09, 7.60051050562465e-09, 3.560475388227176e-09, 7.259435191629723e-10, 3.856285893641546e-09, 1.0999451341144296e-08, 5.4013958064069016e-11, 7.614600842917548e-10, 2.7486422245746127e-10, 4.803926354599182e-10, 2.2000447809712436e-09, 1.4930584102750946e-09, 3.6068220583357397e-09, 5.377714463796903e-10, 3.603137965705416e-10, 1.3763816573076883e-10, 2.0970101722895074e-10, 1.0135983101231062e-09, 1.6999489782330757e-10, 6.165745587690608e-09, 2.9708859527886234e-10, 2.172730558919658e-09, 2.47965458578595e-09, 2.432934972794277e-10, 1.546067949633333e-10, 9.912553657587038e-11, 1.8539862270770552e-09, 4.342530850091183e-09, 1.5722487287452005e-09, 4.382927191913908e-10, 2.76832350208086e-09, 4.1972596353566157e-10, 1.505721262593147e-10, 2.892394190480876e-10, 1.3116639298955543e-10, 1.0626161915904607e-09, 2.7063903144658594e-10, 1.3318266461981705e-09, 3.472834261559087e-10, 2.4384572129144407e-09, 5.615760515670631e-10, 9.118190518594747e-11, 3.2193210429612515e-10, 6.496199516104556e-10, 1.2502924929957972e-10, 1.4799136393380318e-10, 9.550387152531843e-10, 5.710834648002847e-11, 1.4001191129934085e-09, 6.988229244652658e-10, 9.648820771638718e-11, 1.6104135526295196e-09, 8.806861287447107e-11, 2.685297562210743e-11, 6.506474000805712e-11, 2.8936155636665856e-11, 2.138983914702362e-10, 8.903809747915001e-10, 2.055061896075907e-09, 9.035462167976992e-11, 1.3774445841379721e-10, 2.977066929545884e-10, 9.827810009268198e-10, 1.6755070509574885e-09, 1.318589541095924e-10, 