{"L": 9, "J": 0.12329955564675057, "B": 0.024659911129350114, "K": 10, "init_state": "maximally-mixed state", "energy": -0.9152799979669961, "eigoccs": [0.3608938686389942, 0.36195500530419145, 0.024547668651531206, 0.02459703319057418, 0.00818087765733758, 0.0083832294261358, 0.008771255854100365, 0.008768226292775252, 0.0066743849337365865, 0.006649782870969382, 0.008970119871174385, 0.009080233978219804, 0.011706207846605882, 0.011663557168595984, 0.013604373108526524, 0.01366684396659738, 0.030560715902904958, 0.030669615465994702, 0.0006508501394305908, 0.0006633049498800047, 0.0007210561937527633, 0.0007193086941004474, 0.00024924944048175697, 0.00025448572928768736, 0.0006168183293481836, 0.0006159670468167914, 0.0005756758034593816, 0.0005815231278724093, 0.0010359881951082985, 0.0010441365037236058, 0.00041375447170282845, 0.00041251883382269525, 0.0007016499259015754, 0.0007032403488822622, 0.0013163494678222862, 0.001314369959397636, 0.0007033929982935522, 0.0006986914861346015, 0.0015019995844563383, 0.001506503254000828, 0.0005707765532700434, 0.0005706617590584106, 0.0025031750590006896, 0.002509911607980665, 0.0006985445625638775, 0.0007048584581735707, 0.0006515783872561149, 0.0006532186951586258, 0.0005156253238331218, 0.0005195178852814122, 0.0007599928508703201, 0.000779093882868619, 0.0005331507092751976, 0.0005320267233035452, 0.0004344656865537727, 0.000432170307636481, 0.0007611272346068216, 0.000759510894736026, 0.0005848460748190738, 0.000587215239240252, 0.0006347266843438926, 0.0006358129541014549, 0.0007546665795780836, 0.000753250461336836, 0.0006459447923622607, 0.000648197584158157, 0.0008349100649489197, 0.0008386193348807949, 0.0006040085579337665, 0.0006047105545222337, 0.0009422666671088165, 0.0009367883951211721, 0.0012254439082784003, 0.001230142068674946, 2.331547195488937e-05, 2.367395845982379e-05, 4.9275868216274826e-05, 5.018586322777536e-05, 3.2441089545027626e-05, 3.220113529535496e-05, 6.136453340297713e-05, 6.135124727429207e-05, 1.9272961528334853e-05, 1.943701083918629e-05, 6.793821121578404e-05, 6.766493571750449e-05, 5.093369313222968e-05, 5.049405699089869e-05, 6.861042774728956e-05, 6.949059927371212e-05, 2.0253097938147952e-05, 2.0187159174447977e-05, 6.15850927225702e-05, 6.185366345042206e-05, 3.657730860595836e-05, 3.753749051477551e-05, 7.291546639055162e-05, 7.361915407806847e-05, 2.58526667523532e-05, 2.574200625480404e-05, 5.6788366738993136e-05, 5.651843474264835e-05, 3.2426235642857147e-05, 3.282347057109897e-05, 4.347919530994074e-05, 4.325491443190471e-05, 7.606827431419368e-05, 7.599301755752725e-05, 2.230496941748135e-05, 2.2422955658286165e-05, 3.106165726817964e-05, 3.1393081413908115e-05, 5.910655564040223e-05, 5.939327349913378e-05, 2.378384922749491e-05, 2.382602098739053e-05, 2.5630623459882825e-05, 2.5903177094837268e-05, 6.444245187679082e-05, 6.4527192841146e-05, 7.716652809865718e-05, 7.71286797420237e-05, 3.798354868556261e-05, 3.80754328117691e-05, 2.4848652667753274e-05, 2.4672763858314834e-05, 3.950126306405896e-05, 3.967719691203574e-05, 7.991670605572967e-05, 7.997772449290878e-05, 5.4888940145955315e-05, 5.576219551263662e-05, 0.00010842228038870216, 0.00010813940261348074, 2.7121101413427982e-05, 2.715079009149978e-05, 4.484308665503974e-05, 4.493998587840986e-05, 8.675468009427596e-05, 8.663210415473966e-05, 3.623274776785319e-05, 3.6414639312739955e-05, 3.821693991343333e-05, 3.810068261088766e-05, 6.548130392610319e-05, 6.583838578603451e-05, 0.00012227875800488924, 0.00012186388546469069, 4.642239753843727e-05, 4.645461005429916e-05, 3.560677507086146e-05, 3.581225180639166e-05, 3.0394650176025846e-05, 3.0242345995362548e-05, 6.214221014015281e-05, 6.186211530167847e-05, 0.0001692342209933678, 0.00016956724026697464, 4.808778355393424e-05, 4.8099870932244775e-05, 3.9862532739555966e-05, 4.0150074512347925e-05, 3.32594120217651e-05, 3.3520566504600186e-05, 7.058459859431524e-05, 7.103422720814754e-05, 5.487765629041125e-05, 5.5153065629978007e-05, 3.608797598262665e-05, 3.638531925934672e-05, 3.1431022661331244e-05, 3.148969295050658e-05, 4.9044878418693524e-05, 4.907417065717627e-05, 3.840734055571853e-05, 3.820679038820474e-05, 3.987402041261191e-05, 3.985050616816475e-05, 5.831135074724476e-05, 5.859484615369755e-05, 5.2974579749577946e-05, 5.300040405782001e-05, 6.094434737531525e-05, 6.115504890570476e-05, 5.20239218734373e-05, 5.214103152200698e-05, 1.732966892494041e-06, 1.7483842227555214e-06, 2.0459013258949655e-06, 2.0356991581089297e-06, 2.3862296538101455e-06, 2.4007143092762326e-06, 3.1827880001647275e-06, 3.2200346450777664e-06, 2.4494740963295946e-06, 2.476552058397708e-06, 3.6252653278819637e-06, 3.712195671819297e-06, 2.3210961735008236e-06, 2.31611763067137e-06, 2.6508535012741076e-06, 2.6755581084587525e-06, 4.5477157948266576e-06, 4.594792875610008e-06, 1.5832188363301369e-06, 1.5898786584738284e-06, 2.6134228872811874e-06, 2.596563164409302e-06, 4.438917732210471e-06, 4.440227505825617e-06, 5.517689773408384e-06, 5.650964587027959e-06, 1.8166617791995178e-06, 1.8297180836318778e-06, 2.9380278510003634e-06, 2.9549963283748823e-06, 5.197424094696628e-06, 5.199947235339708e-06, 3.9317920247196325e-06, 3.89450616256698e-06, 3.888094329780844e-06, 3.844712243982635e-06, 6.469502674428256e-06, 6.492714022641365e-06, 1.7370925730612065e-06, 1.752690038694788e-06, 5.772615559929956e-06, 5.7653303417807996e-06, 2.056010827811728e-06, 2.0358841356507335e-06, 4.18961047658991e-06, 4.1888696456783605e-06, 1.9511053492744222e-06, 1.9653808738519223e-06, 3.042180786420394e-06, 3.04304555058037e-06, 7.007748692128625e-06, 6.97694953442195e-06, 5.647769358765491e-06, 5.593485402062002e-06, 1.8026959100304656e-06, 1.8042599409298395e-06, 4.770073026682089e-06, 4.775986877054687e-06, 2.511787584457724e-06, 2.5374794028260793e-06, 3.5390172289883898e-06, 3.5759503169204173e-06, 7.813046694704216e-06, 7.87990788877415e-06, 1.9896301888360607e-06, 2.0055423176350017e-06, 6.711584692431609e-06, 6.687278386853228e-06, 4.038942305510511e-06, 4.0986334780837204e-06, 2.1122847673962776e-06, 2.1191763456926087e-06, 2.660885342633232e-06, 2.6697160980697898e-06, 4.0247597452023265e-06, 3.986840938457757e-06, 2.0676627484134204e-06, 2.0784443665820223e-06, 2.459049739649825e-06, 2.464393197093074e-06, 6.06964431791077e-06, 6.065302214863227e-06, 3.150871133776109e-06, 3.180905698353e-06, 4.910538874938972e-06, 4.8484439927669896e-06, 2.5851227399902125e-06, 2.60861581726941e-06, 1.9832395107002293e-06, 1.9750756859254374e-06, 2.228795639765537e-06, 2.235194925991104e-06, 4.990671294866382e-06, 4.993936437206496e-06, 2.8967142461709558e-06, 2.9339196898370224e-06, 6.784012474233216e-06, 6.792456608129769e-06, 2.18005491260043e-06, 2.1785464962844706e-06, 6.406900653608301e-06, 6.394040726959723e-06, 2.022709762992288e-06, 2.033971782265865e-06, 3.1134584119492024e-06, 3.10951005036843e-06, 3.7137756234373927e-06, 3.7361802377849714e-06, 2.2825570499607326e-06, 2.2738023938038324e-06, 3.623695708815506e-06, 3.6334767443002795e-06, 8.438500950528634e-06, 8.43316302933407e-06, 2.7231644100717457e-06, 2.740286794725447e-06, 2.644426195112619e-06, 2.654711930785685e-06, 4.268441173599704e-06, 4.287257777419731e-06, 8.195157872124514e-06, 8.179893961649531e-06, 3.0579181207277627e-06, 3.0612664316219802e-06, 2.3838261686566614e-06, 2.3777344853456358e-06, 4.305286530663979e-06, 4.298381996414264e-06, 3.0713720263619176e-06, 3.102246378872539e-06, 2.3019934334855027e-06, 2.291773390073647e-06, 3.3992529606635324e-06, 3.4254152998595114e-06, 2.688924489615317e-06, 2.712053004281054e-06, 2.7248015447715753e-06, 2.7208251041667934e-06, 3.336795271559573e-06, 3.3323176193900874e-06, 1.454846470921803e-07, 1.455286639472677e-07, 1.6795698719301168e-07, 1.6750055400256864e-07, 1.8657945051904245e-07, 1.8832730245422205e-07, 2.0249398512225408e-07, 2.0245255725306208e-07, 2.1024519319977981e-07, 2.123776758488598e-07, 2.0785829836035156e-07, 2.0962109225352785e-07, 