{"L": 2, "J": 0.9284766908852597, "B": 0.18569533817705194, "K": 27, "init_state": "maximally-mixed state", "energy": -0.9645402512176793, "eigoccs": [0.4861128941597752, 0.51589890755713, -2.733431756493987e-07, 0.000573007254827828]}