{"L": 2, "J": 0.44721359549995826, "B": 0.44721359549995826, "K": 27, "init_state": "maximally-mixed state", "energy": -0.8560532292610831, "eigoccs": [0.8995359413695627, 0.002104103565216054, 0.09728139638900755, 0.0009181327748004012]}