{"L": 2, "J": 0.09950371902099898, "B": 0.4975185951049949, "K": 8, "init_state": "maximally-mixed state", "energy": -0.7262411785968728, "eigoccs": [0.7510373796458156, 0.0005126893520355227, 0.248538002371788, 0.00011675999213105258]}