{"L": 2, "J": 0.44721359549995826, "B": 0.44721359549995826, "K": 32, "init_state": "maximally-mixed state", "energy": -0.8509372483659259, "eigoccs": [0.8953416732642885, 0.0034320056438446253, 0.09973471611738204, 0.0013365434911013626]}