{"L": 2, "J": 0.09950371902099898, "B": 0.4975185951049949, "K": 31, "init_state": "maximally-mixed state", "energy": -0.5552484719573991, "eigoccs": [0.5956088059539966, 0.00019229948520660932, 0.405510976910591, 2.9618204099587844e-05]}