{"L": 2, "J": 0.09950371902099898, "B": 0.4975185951049949, "K": 33, "init_state": "maximally-mixed state", "energy": -0.5490194010851985, "eigoccs": [0.5899580536055584, 4.6759843826289805e-05, 0.4112886488437652, 1.8555147645692724e-05]}