{"L": 2, "J": 0.09950371902099898, "B": 0.4975185951049949, "K": 5, "init_state": "maximally-mixed state", "energy": -0.8854680229411018, "eigoccs": [0.8957295365011608, 0.0008244067430496268, 0.10340213775634764, 5.464783550106916e-05]}