{"L": 2, "J": 0.09950371902099898, "B": 0.4975185951049949, "K": 13, "init_state": "maximally-mixed state", "energy": -0.6624980913200018, "eigoccs": [0.6930314667638373, 0.00022774934768677766, 0.3066994086839258, 3.8305565343858946e-05]}