{"L": 2, "J": 0.09950371902099898, "B": 0.4975185951049949, "K": 15, "init_state": "maximally-mixed state", "energy": -0.6216550479899554, "eigoccs": [0.6557736000757768, 0.0005434751510620191, 0.34319619648158545, 2.3331980769132762e-05]}