{"L": 2, "J": 0.44721359549995826, "B": 0.44721359549995826, "K": 28, "init_state": "maximally-mixed state", "energy": -0.8550450057614636, "eigoccs": [0.8989470691147139, 0.0020397305488586348, 0.09817889332771301, 0.0009073226985640628]}