{"L": 2, "J": 0.9284766908852597, "B": 0.18569533817705194, "K": 30, "init_state": "maximally-mixed state", "energy": -0.9549751003201303, "eigoccs": [0.47788066012456903, 0.5144495684653521, 5.168840289113778e-07, 0.0005595128457260463]}