{"L": 3, "J": 0.28620826421558115, "B": 0.28620826421558115, "K": 10, "init_state": "maximally-mixed state", "energy": -0.9623384756444782, "eigoccs": [0.9503129540711386, 0.0005287326111042695, 0.04447086155414581, 0.0008973598447556542, 0.002548953787593648, 8.597224950790382e-05, 0.0013632350865145954, 3.929615544246394e-06]}