{"L": 3, "J": 0.06622517641798507, "B": 0.3311258820899254, "K": 2, "init_state": "maximally-mixed state", "energy": -0.9583569305048638, "eigoccs": [0.9419994937987999, 0.010660871568536099, 0.02150333300232888, 0.023286534792632704, 0.0005697320658255861, 0.0008951686322688987, 0.0010608399043315626, 4.822572105509292e-05]}