{"L": 4, "J": 0.04962748692122743, "B": 0.24813743460613716, "K": 3, "init_state": "maximally-mixed state", "energy": -0.9760258405270148, "eigoccs": [0.9565930919533009, 0.006710721471226897, 0.009096259520838427, 0.009432233032602752, 0.01483460618068854, 0.0011413767183635658, 0.00011765584349632586, 0.00013212712266358185, 0.00125509138494222, 0.00044655054807663707, 0.00021610439781680454, 1.1428402715533097e-05, 2.0140269095813754e-05, 7.830031525141983e-06, 1.9661302183370283e-05, 5.046277183216821e-07]}