{"L": 4, "J": 0.326612219552346, "B": 0.0653224439104692, "K": 5, "init_state": "maximally-mixed state", "energy": -0.9559626775105904, "eigoccs": [0.47777448268177264, 0.46396720333952735, 0.00793121320275118, 0.009103921386308871, 0.007301919269658895, 0.006861638277769086, 0.010742139766260917, 0.009709768491918182, 0.0007580088852942315, 0.000807747699669642, 0.0017483652845839957, 0.0018474993368321514, 0.0007028824488772274, 0.0006746420725087432, 4.432810405915746e-05, 4.776446567745947e-05]}