{"L": 4, "J": 0.210138312730603, "B": 0.210138312730603, "K": 3, "init_state": "maximally-mixed state", "energy": -0.8553568798505724, "eigoccs": [0.7457712904019216, 0.018375750541021897, 0.12300698066678628, 0.021469123169026785, 0.0351907505379955, 0.015511239635811977, 0.011679577108108288, 0.0023213674962447367, 0.014895571748385773, 0.001178446014011653, 0.005598962984447927, 0.0009534705779684346, 0.0025061266379568896, 0.0003069228735919187, 0.0012540452274748368, 6.906795331641053e-05]}