{"L": 5, "J": 0.16592899658748114, "B": 0.16592899658748114, "K": 10, "init_state": "maximally-mixed state", "energy": -0.960051135563988, "eigoccs": [0.8880490339979021, 0.00787045125531899, 0.06579577484240405, 0.0019816207291256218, 0.016885432393221846, 0.0007779365495684821, 0.009370436292326222, 0.0018197464176791956, 0.0003033525867433838, 0.003411984802270839, 8.650079019571401e-05, 0.00011539669968683037, 0.001087739830836655, 0.00016520105278419668, 8.25140102171366e-05, 0.0006888629403967075, 1.2788356173203812e-05, 0.0001239142156900212, 3.101792054297274e-05, 7.065711542965148e-06, 6.415056058483237e-05, 0.0001389505368207544, 2.116951627620208e-06, 2.0051448827501974e-05, 3.1305531863912737e-06, 1.2966459474203218e-06, 1.0103086324218239e-05, 1.2628545367423613e-06, 6.787079345880783e-06, 2.7458659249790846e-07, 2.999768802644929e-06, 4.320850798937311e-08]}