{"L": 5, "J": 0.2456679628011011, "B": 0.04913359256022022, "K": 20, "init_state": "maximally-mixed state", "energy": -0.9744336239609064, "eigoccs": [0.475959526839998, 0.4771043350641595, 0.0025242190336893663, 0.002381520241875103, 0.006711332467683909, 0.006502051315202848, 0.005801540838409455, 0.005757615181084168, 0.007389526134800043, 0.007419932493389592, 0.00021134166231470184, 0.00020634406356452345, 0.00018183756904477426, 0.0001808125822853946, 0.0001817996384749454, 0.00017675256456120564, 0.00016208109957834048, 0.0001632860255228343, 0.0003615836724701351, 0.00035679444633274226, 0.00025730767448962563, 0.0002566108381081854, 6.395607198362457e-06, 6.154393337382608e-06, 6.5793432042995145e-06, 5.656488834816333e-06, 5.566391676427938e-06, 5.667540057892609e-06, 7.410094246800704e-06, 7.338839380766394e-06, 3.5138008763846253e-07, 3.181470036518523e-07]}