{"L": 5, "J": 0.03968214607433029, "B": 0.19841073037165147, "K": 40, "init_state": "maximally-mixed state", "energy": -0.9065552422420109, "eigoccs": [0.8238508452393027, 3.330264539654803e-05, 0.0007956144130222304, 0.004887511691233983, 0.07587537906826895, 0.06606968973368457, 7.507958237418011e-06, 1.3916446283741731e-05, 2.5987526845838847e-05, 2.3860787796895547e-05, 9.172833608251088e-06, 7.383991032834702e-06, 4.9977297564999096e-05, 0.00014283639717534917, 0.00020666647987586205, 0.01563809110786969, 8.625440489799756e-06, 5.260088037680899e-06, -1.120351172814512e-05, 3.2018795738957164e-07, -2.7199275791643678e-06, 1.2242748814547858e-05, -7.68413996460137e-06, -6.893385757385708e-07, 1.1418558228211967e-05, 2.5220805539733956e-05, 8.437974901509473e-06, -1.926159622704764e-06, 1.1886208346118745e-07, -3.1727090673976855e-06, -3.089805350386098e-05, -4.268831619021436e-06]}