{"L": 5, "J": 0.2456679628011011, "B": 0.04913359256022022, "K": 10, "init_state": "maximally-mixed state", "energy": -0.9747655669683944, "eigoccs": [0.47747887864368144, 0.47819084008934565, 0.003359843473522245, 0.003039192761794104, 0.001741994678782999, 0.0016158182229303044, 0.004655600943148772, 0.0047759496977426525, 0.010949744341752481, 0.010930928534886999, 0.0002518311786699974, 0.00024278519920776462, 0.0005941386494328078, 0.0005856700860765448, 0.0002460395658755296, 0.00023882945418182217, 0.00025227287077179993, 0.00024786628398716746, 0.0002764667655480544, 0.00027736420037172116, 0.00033707979863260433, 0.00033999460595062847, 6.892262039489674e-06, 7.5374531879681e-06, 6.0894820932022436e-06, 5.9725807123109125e-06, 1.658889421347897e-05, 1.5958275341952514e-05, 8.72569301682892e-06, 8.491659379466996e-06, 7.999348577902696e-07, 7.810545088390827e-07]}