{"L": 6, "J": 0.033057440093328, "B": 0.16528720046664, "K": 2, "init_state": "maximally-mixed state", "energy": -0.8956936005431894, "eigoccs": [0.7369262780883825, 0.029308854353633295, 0.02677881794147781, 0.026950012753171118, 0.04377628976408954, 0.04681611729525241, 0.05141194918826061, 0.0009650611824472825, 0.002335167179325029, 0.0011970323958472016, 0.0020994273540311677, 0.0015762511735852762, 0.0025198896900307808, 0.002252553541645266, 0.0027493182666007503, 0.002789740448969807, 0.0024073605749338105, 0.0026825747530519724, 0.0023745693817065748, 0.0029731105405558242, 0.002696315396153218, 0.003102328308324691, 7.682452151214309e-05, 6.833540999872227e-05, 0.00012564475480423567, 0.0001841156681965679, 0.00011936829852669924, 0.00010765890549727954, 0.00019831862300634227, 0.00015346338642998296, 0.00013494493204582676, 0.00016836978601034684, 0.00010964787352146476, 0.0001638056016460877, 0.00016692510371924002, 0.0001477265032008279, 0.00019010561436964948, 0.00023347224246723794, 0.0002050084774992613, 0.00017825681921034204, 0.00019348766849972758, 0.0001716757826187673, 6.4082255190776965e-06, 8.913251110059103e-06, 7.2480295588249616e-06, 8.575951139868724e-06, 8.391185392266176e-06, 1.5879768722455504e-05, 1.1802505715337038e-05, 1.1424733836058812e-05, 1.2871783312047015e-05, 8.079631255265889e-06, 1.2718602808379618e-05, 1.062821785692898e-05, 1.3470388372158069e-05, 1.1602243206160033e-05, 1.4028817996869027e-05, 7.713266653839679e-07, 5.338270957614496e-07, 7.828516713947681e-07, 8.864063887014915e-07, 9.891454623416464e-07, 8.231602796420233e-07, 5.201932749538156e-08]}