{"L": 6, "J": 0.13705708646304537, "B": 0.13705708646304537, "K": 2, "init_state": "maximally-mixed state", "energy": -0.6285159495374741, "eigoccs": [0.23844489283038456, 0.05343235531461852, 0.13451961718192973, 0.03485742378297728, 0.08373429567891529, 0.02842408037907355, 0.04938907177896641, 0.01792702241771575, 0.032398218067505355, 0.046231276874753764, 0.021221764639896855, 0.011081415529635968, 0.014977892459929212, 0.00708416918529751, 0.02640596040660465, 0.008965802897518048, 0.0178280134244968, 0.02100141287890641, 0.012029969552158369, 0.005420168130727878, 0.008057481143351001, 0.003932339114704283, 0.012971513848564854, 0.008578906333665922, 0.004848683627642457, 0.008243772978239514, 0.0031176773850253086, 0.012644629951205352, 0.005726329560116319, 0.0033670345963463617, 0.004061631217181413, 0.00727741976818987, 0.0021274580951061587, 0.003414143376055386, 0.004611536203847678, 0.0023901818168781674, 0.001389736012963817, 0.00509069306643601, 0.0014953077340208684, 0.0034143939028581346, 0.001637691364931145, 0.001152818866565009, 0.004864769996542905, 0.002151170240734805, 0.0028804205625494062, 0.0015743494572148832, 0.0007111230281433717, 0.000986944058036916, 0.0016075900588686837, 0.0005743508813023247, 0.0024475255642824783, 0.0010269393770031953, 0.001405087532104943, 0.0006383997323181605, 0.00040653475316470737, 0.0004185537832788582, 0.0009287083652976065, 0.0003057162144835281, 0.0007517951708274097, 0.0002538902312396639, 0.0006574552780539262, 0.00018838843870001495, 0.00031479347207380264, 7.774123572603842e-05]}