{"L": 6, "J": 0.033057440093328, "B": 0.16528720046664, "K": 10, "init_state": "maximally-mixed state", "energy": -0.9756779930046442, "eigoccs": [0.9348382070575233, 0.00043857273239365893, 0.001167547171395061, 0.004911065067394341, 0.008095234736795697, 0.017090751428033627, 0.03271676049566066, 9.528316824006919e-05, 1.0759525234174582e-05, 1.0929896441593738e-05, 7.693675139625946e-05, 0.00025888489976355806, 1.947042991472994e-05, 2.6365575565228235e-05, 6.13818850478296e-05, 6.31128615525805e-05, 3.105838644137695e-05, 6.067324122729806e-05, 9.796380608940755e-05, 0.00014249573034414906, 0.00018007234957980137, 0.00044128001297815637, 1.1922234122031621e-06, 8.966975489570937e-07, 2.034240264631505e-06, 6.012626617627258e-07, 1.4394776625501674e-06, 9.594171534752422e-07, 3.471504896897697e-07, 5.208291711176338e-07, 8.739533166826919e-07, 2.029868885457387e-06, 6.976146430342824e-07, 1.0020566645795425e-06, 1.2878593940483807e-06, 1.0019401088354326e-05, 3.235744326605435e-07, 1.0949280202551482e-06, 1.8831321691698554e-06, 1.7942010991305392e-06, 2.0575648846447108e-06, 3.6141816496118228e-06, -1.0601647727483178e-07, 3.279952092012013e-07, 8.477721650032385e-08, -7.081394683452672e-08, -8.95986825725812e-08, -3.150390631462923e-08, 1.0687377768300436e-07, -6.62771089790596e-08, -6.306073891033486e-08, 1.3645765079214317e-07, -7.908697870427653e-08, 1.5250392912158145e-07, 4.606898438376303e-08, 4.7254832425128796e-08, -1.2926542524469386e-07, 5.663827499500198e-08, -8.1521196731172e-08, 8.201054377915577e-08, -1.6889632148423453e-07, 8.413200942036167e-08, -1.0752508763697157e-07, -1.103333600532018e-07]}