{"L": 6, "J": 0.033057440093328, "B": 0.16528720046664, "K": 5, "init_state": "maximally-mixed state", "energy": -0.9785152940997652, "eigoccs": [0.9460294951434756, 0.0018770320644839475, 0.0017602020684325448, 0.003192096797035747, 0.011669916489907754, 0.012788967714299347, 0.01840257414292682, 1.4809991318764103e-05, 0.00042271891818229646, 0.0003506669417184867, 0.0001222907820299868, 3.1680584417919035e-05, 5.304231028536536e-05, 9.404192018168937e-05, 0.00015428476753578767, 0.0003390758579095021, 6.760205633135929e-05, 0.00025620586512293316, 0.00011288528145424057, 0.0002145097636769397, 0.0002199839263987735, 0.0003165273318841783, 1.830300381826403e-06, 1.4678990334924295e-06, 1.3274940726112923e-06, 5.110744638352966e-06, 7.387278561999624e-07, 6.007664799728141e-06, 6.127869710328267e-06, 6.9520238919148295e-06, 1.96833129122923e-06, 4.400800914630983e-06, 1.0216516067752712e-05, 1.9435471341443562e-06, 3.7051823483836014e-06, 2.31014564633409e-06, 1.91960599563234e-06, 6.66087110771346e-06, 3.57692095855185e-06, 6.3427857028831865e-06, 4.74113133349391e-06, 7.129069979216594e-06, 9.894756662648418e-08, -2.4997943444997403e-08, 1.3441166511678742e-07, 1.2749059890980718e-07, 1.3671063902342083e-07, 1.0532150319718779e-07, 2.311939888904584e-08, 1.6642690224756536e-07, 1.0943522093342229e-07, 1.3510061175033427e-07, 5.99036500737373e-08, 6.81073123991416e-08, 1.7802895768520364e-07, 6.382236261426251e-08, 2.705432770721679e-07, -1.1882371646647899e-08, -8.094925116013897e-08, -1.5333759019465177e-08, 1.0180238242078975e-08, 1.7630474135731656e-07, 1.0898615700441014e-07, 9.117037675503143e-08]}