{"L": 7, "J": 0.0283282086429988, "B": 0.141641043214994, "K": 49, "init_state": "maximally-mixed state", "energy": -0.9493667316535153, "eigoccs": [0.872442324711628, 2.1407078784611458e-05, 0.004372363930487922, 0.0018337895969875537, 0.0034353994037480467, 0.026170900038698538, 0.03724797558677781, 0.03501574771314362, 9.330380040885941e-06, 1.855990858147855e-05, 9.1603568769725e-05, 2.442515668867337e-05, 5.077617853619976e-05, 3.1656807039944296e-05, -8.25933954352715e-05, 2.322079210355241e-05, 2.3105577365530815e-05, 1.1062970025647702e-05, 2.6240777012942865e-05, 2.508216169186848e-05, -1.4516205864646285e-05, 6.696215974198779e-05, -4.817540534273455e-05, 7.092404675827901e-05, 8.920213029166928e-05, 0.00015135155945795287, 0.000197825465880443, 0.0010587930518008094, 0.007369833600452039, -6.459510432224957e-08, 9.732378927843523e-06, 2.1582699669092234e-07, 8.235245010430333e-07, -5.21362968485643e-05, 4.820894760395346e-06, -1.0896684978001119e-05, -4.651646715820231e-06, 8.598695397049923e-05, -1.2238362723484231e-05, -2.5793771460406264e-06, -1.3712975677253207e-05, 7.549278347323131e-05, -1.2440022266266635e-05, 1.8590509943631487e-05, 8.611923543924637e-05, 1.995268792308245e-06, -1.0396179277449928e-05, 1.351678560910329e-05, 3.6378467920124586e-06, -7.18915765535944e-06, 9.937379808356893e-06, 2.396051493525824e-05, 2.751413741863119e-05, -8.596558343030912e-06, 2.586049555180463e-05, -1.7174391101028864e-05, 5.4162098672336165e-05, 1.4025845705512495e-05, -2.297180073496014e-06, -3.131361488568099e-05, -6.05982176861773e-06, 3.1857327289359314e-05, -3.552072906282182e-06, 5.527675731018879e-05, -1.3712075693426006e-06, -1.66028232339305e-05, 1.0850602180730993e-05, -1.3305681857500323e-05, 1.1375815932966667e-05, -4.909789868182111e-06, -1.3530413636406777e-06, 5.340174863610402e-06, -1.8392615258652547e-05, 1.4856510714017949e-05, 1.0763720341585829e-05, -4.646524521810092e-06, -1.5403848435986122e-06, -1.0983070642022911e-05, 1.6700139549753527e-05, -7.21707054488747e-06, 4.00133860798315e-06, 5.540787242349854e-07, -5.1140791380529076e-05, 3.2845362698265824e-06, -3.174337955428848e-05, 1.1542952787390096e-05, 1.3252628162265511e-05, -1.0997981090513263e-05, -3.282590939189989e-05, -1.0366309431512868e-05, 4.3263985395769934e-06, -2.0358998594792872e-05, 2.7766450676064408e-05, 2.5520743014207784e-05, -3.814950769973621e-06, -2.5227622309939678e-05, -1.816362219563953e-05, -9.722632350385575e-06, -3.4290385394686805e-05, -8.08464268300218e-06, -2.7673576241155545e-05, -6.111525484149747e-06, -1.8642554416146078e-05, -1.8163957484253594e-05, -6.8139512576246275e-06, 4.00583097750221e-06, -3.3931021717590763e-06, -7.099915906369243e-06, -1.601862977877775e-06, -5.661313843640675e-06, 2.6305634127155816e-06, 7.73465342829619e-06, -8.758122276519544e-06, -5.224607441240861e-06, 2.181590012122866e-05, -1.2329013353333643e-05, -2.987518494856132e-05, 2.253414217180133e-06, -1.140650779465787e-06, -8.187670781007306e-06, -3.5482775125668117e-06, -2.0108188425558703e-05, 2.9320859892799954e-05, 5.167587994063766e-06, 6.614130926126878e-06, -5.522183625811083e-07, -4.608528075138326e-05, -4.053548118503903e-06]}