{"L": 7, "J": 0.11673007904761218, "B": 0.11673007904761218, "K": 32, "init_state": "maximally-mixed state", "energy": -0.9966188676154826, "eigoccs": [0.9461569999505433, 0.0008980718244685244, 0.03660640196170456, 0.0002670425176521073, 0.01108066638470848, 0.0001997956703178468, 0.007523438268659378, 0.00010007460687875998, 0.001178869271266663, 0.0026996458195582135, 0.00018719247757833726, 5.199100896858752e-05, 1.1971100168770745e-05, 0.0007277316535617083, 0.0011442364571285946, 5.840597041714919e-06, 1.669140425825909e-05, 9.165622630081747e-06, 0.00035370086217563333, 0.00037973301959731687, 3.9318241580401874e-05, 1.0414402116342993e-05, 3.5671784183579144e-06, 0.00018489530975990867, 0.00017095466622948663, 1.3865616538321973e-06, 8.741136601466589e-07, 6.37950267230153e-06, 1.7757445692751493e-05, 5.320761982923902e-05, 0.00011699721386889566, 5.891430831162769e-05, 9.745706368969426e-07, 1.1001761999468429e-05, 3.657060712499508e-06, 3.7500188479890575e-06, 1.0208983885163e-06, 1.780094500191423e-05, 1.762208120013247e-05, 2.935942686525032e-06, 1.6563700626767607e-06, 1.275045744304104e-05, 9.771090993482343e-07, 7.919922448757401e-07, 6.396638938365789e-06, 8.844198821160069e-06, 8.859844599188733e-06, -2.0368415687563696e-08, -7.796067119905293e-08, 8.59430586791547e-07, 2.138577625675055e-06, 6.380222164285179e-08, 1.5097795346058585e-06, 7.333871900151144e-07, 4.436511744042219e-06, 6.989725317543568e-06, -9.049095814237869e-08, 2.1462526975173523e-07, 5.697154317137183e-07, -5.287500820728445e-10, 1.137801846123449e-07, 9.467796831771294e-07, 1.6921403199758246e-06, 3.495453596873664e-07, 2.6981506296014156e-06, 7.292123963295822e-10, 9.612828336394465e-08, 3.588529985492457e-07, 9.541424171817598e-07, 8.904395769654793e-08, 1.475324961652353e-06, 3.817334645796335e-06, 1.2780327268280425e-07, 7.337982121055405e-08, -6.487292551112164e-08, 1.0460498594377137e-06, 4.227954549428237e-07, -1.9180059285480195e-07, 3.664660975296182e-07, 1.7076334036752673e-06, 1.6273799682694412e-06, -1.248765374417752e-07, 8.014525677516102e-08, 6.093752784024742e-07, 1.6483720633900185e-08, 1.9835815900993403e-07, 1.5061539962258252e-07, 3.5774197829276233e-07, 4.0093762287451614e-08, 2.557185973548047e-07, 2.9510768213025647e-07, -1.8629660651416127e-07, 7.352364298642367e-08, 9.79858174206849e-08, -1.1886194648225197e-07, -4.748137978362776e-07, 2.1824946559863388e-08, -1.6265225719063215e-07, 7.633761431582553e-08, -8.186585130607403e-08, 7.101493059310448e-08, 1.2634092450347726e-06, 9.511643523105922e-07, 3.960760295150521e-08, 5.9407002605182976e-08, 2.1743809109074722e-07, 5.200141249188498e-07, -9.083800083899657e-08, -7.153477279646763e-08, 1.3380748674111525e-07, 5.281123030236922e-07, 8.057625340983294e-07, 1.047017838188274e-06, -3.5689215755757076e-08, 1.6819596166795933e-07, 1.4323622485817762e-07, 4.2267803766098676e-07, 1.4562214208801743e-07, 4.315154571362637e-08, 4.197013890915887e-08, -2.485610845459229e-07, -9.885116684828196e-08, 1.8031007439966157e-07, 6.038100161305523e-08, 4.456147805160927e-07, 4.38807582549734e-08, -3.8956849375812125e-08, -3.076783568748659e-08]}