{"L": 7, "J": 0.0283282086429988, "B": 0.141641043214994, "K": 10, "init_state": "maximally-mixed state", "energy": -0.9693807480478491, "eigoccs": [0.9207136104373204, 0.00046648347577662975, 0.0004624736543501805, 0.004351927686166641, 0.00611827583007742, 0.01282373628179729, 0.01971973624480841, 0.02618137347244425, 1.4986439402598266e-06, 4.63226190906142e-06, 9.980300277381147e-06, 5.0643070335810496e-05, 3.722655012024753e-05, 5.33437131739308e-05, 5.463045004559755e-05, 6.527023582386605e-05, 0.0001801727164928806, 2.5051344081419357e-05, 4.9477198507941964e-05, 5.759296966222253e-05, 3.3266048645027435e-05, 5.735800036252006e-05, 0.0001084631538778381, 8.984582147626011e-05, 0.00011383201623585899, 0.00015539466963005236, 0.00019735346831013836, 0.0002138567735680003, 0.0006290284934138603, 2.62731792563503e-08, 8.306675807797063e-08, 6.382909204541673e-07, 3.529119549946695e-07, 7.544029665143611e-07, 3.3232507981965377e-07, 6.359807386391939e-07, 2.516998057548907e-07, 7.366295840094461e-07, 6.386220267808917e-07, 6.877688240414731e-07, 9.291894657099171e-07, 1.1249909599256534e-06, 6.070082675585365e-07, 1.7725339391313066e-06, 6.983947391696328e-07, 1.2401060983153661e-06, 1.4576944522560045e-06, 6.909624801500816e-07, 3.995043201598239e-07, 1.5379039420888375e-06, 1.2699432916588645e-06, 1.088421163755975e-06, 4.2781717798108666e-07, 1.8858370946352778e-06, 1.6518902031531778e-06, 8.941651245952684e-07, 1.1234374902576136e-06, 2.416096755157472e-06, 2.1181664815239205e-06, 1.9732344970971675e-06, 2.3646897536680227e-06, 2.674448367132256e-06, 3.3074761652831444e-06, 4.271010266045727e-06, -4.4068437559866006e-08, -1.5929030117333357e-07, 1.493533207447621e-07, 8.041749283044194e-08, 1.1333300575949335e-07, 4.0936008547782314e-09, 2.0219274361556138e-08, 6.3350783562003055e-09, 3.9506098499843785e-08, 7.288692929717476e-08, 8.280945474953015e-08, 7.667507974338654e-08, 5.086083548960489e-08, 1.20572545106476e-07, -5.892596427805693e-09, -1.6075397661027676e-07, 1.824171023841169e-08, 5.989568308085116e-08, -8.677809862640799e-08, 7.517566721630884e-08, 2.115620245431784e-08, 1.9268203467597943e-07, 3.657682313294266e-08, 2.726186758978896e-08, 4.688216087712318e-08, -6.105190867195065e-08, -7.128601620082301e-08, 7.821662974074538e-08, 9.061125596440784e-08, -1.2558418811715783e-07, 1.473046740291984e-07, 1.966702451185887e-07, -1.1100668143067001e-07, 4.0051539222148054e-07, -9.182997543682588e-07, -1.678606154395537e-08, 2.9573327828443163e-08, -1.1690120493494705e-09, 1.375713181147144e-07, -1.5679144203782892e-09, 3.508089479960893e-09, 1.3071210205588245e-07, -9.318568604911364e-08, 1.0902347565544136e-07, -5.188953081117178e-08, -4.4402552558489976e-08, -1.3813749989035721e-08, 9.786665947690066e-08, 7.975034372471483e-08, -9.419184699155527e-08, -7.442575498009103e-09, 5.1459330327500263e-08, 1.322104912263765e-07, 7.986052654154548e-09, -7.690714267365335e-08, 1.649139761993854e-07, 6.219587500298404e-08, 1.1881998062054836e-07, -7.85654223710376e-08, 7.296692563413917e-08, -3.723312007317155e-08, 5.689275463846841e-08, 1.2307744444879983e-07, 5.7733233113353016e-08]}