{"L": 7, "J": 0.1641957775205015, "B": 0.0328391555041003, "K": 17, "init_state": "maximally-mixed state", "energy": -0.9702901318395062, "eigoccs": [0.4597007295804316, 0.4589244197728909, 0.009833628035338403, 0.009747423240476939, 0.0012657653310104815, 0.0012549922704605007, 0.0014705282539708518, 0.0015751889221990172, 0.003620668949454709, 0.003547753917437524, 0.005372669645979999, 0.0053775241496127986, 0.016059549354248925, 0.01605193875098679, 6.568279024399826e-05, 6.521407580031271e-05, 0.0003483204213210058, 0.0003531470104491376, 0.00011421669139656782, 0.00011243972915803296, 0.0002054814414637067, 0.00020395924400537076, 0.0001715405010510396, 0.00017365473049324229, 0.00042720511492629044, 0.0004257344398646824, 0.0007584021024734406, 0.0007540699538892504, 0.00013148674403274359, 0.00012966710667020113, 0.00019577203632130684, 0.00019777102405885329, 9.51583570315276e-05, 9.402902073869656e-05, 0.00035799160878547434, 0.00036366341344487574, 0.00022646095221815713, 0.0002304453261825955, 0.00021014900248819153, 0.00020959742878810198, 0.00026297409091461906, 0.00026016974440101575, 0.0003049188162075227, 0.00030473305786247453, 3.485321729721417e-06, 3.497233313221913e-06, 5.7260157430528616e-06, 5.842934041877994e-06, 4.985406846973275e-06, 4.5520550280107174e-06, 6.410532465016136e-06, 6.460777259284568e-06, 4.58998476421754e-06, 4.5622316025096735e-06, 3.1655416046807097e-06, 2.391187039399094e-06, 1.2568167280235784e-05, 1.261705056817877e-05, 1.6523248272441767e-05, 1.67708277587148e-05, 3.1764789061212637e-06, 3.2297401433367297e-06, 9.0108137849315e-06, 8.897911045397966e-06, 3.7596458897222822e-06, 3.94703347985408e-06, 1.2477578062182774e-05, 1.2346821298752596e-05, 3.657259548984302e-06, 3.7773888983218808e-06, 6.827150278284201e-06, 6.911287011135423e-06, 2.5563413176434478e-05, 2.5298636130231736e-05, 6.4053931533826545e-06, 6.555061644009066e-06, 5.541040846045516e-06, 5.57358255829517e-06, 8.570247048368434e-06, 8.692783994637623e-06, 1.547309542985926e-05, 1.5569083274571015e-05, 9.95591392078288e-06, 9.942794044215207e-06, 2.554574339314634e-07, 2.3728498547689654e-07, 2.667266565290292e-07, 2.623535079407682e-07, 2.981273288569951e-07, 3.0208840300098304e-07, 2.642163803713245e-07, 2.620965823342969e-07, 4.1200163128151185e-07, 4.416398814338746e-07, 4.693183696270467e-07, 4.741563658726604e-07, 3.953193674527663e-07, 3.747427081485408e-07, 5.156353713243239e-07, 5.198270431040445e-07, 4.679862303549333e-07, 4.515280698438283e-07, 2.2270311595952977e-07, 2.1116107316950746e-07, 9.234204226714647e-07, 9.193016138735592e-07, 2.421629727452517e-07, 2.535366742202724e-07, 6.518673819370038e-07, 6.497813325602784e-07, 2.720077398556417e-07, 2.7443254958189044e-07, 4.4381341260549096e-07, 4.486452621035319e-07, 1.7993528589084347e-08, 1.76274300814381e-08, 1.623706739365523e-08, 1.5419934356033174e-08, 1.7597797184420736e-08, 1.7887312289091266e-08, 1.9818287390331183e-08, 1.9577386754305628e-08, 3.042942604040507e-08, 3.073415307907684e-08, 2.0017822325815694e-08, 1.9561212214773565e-08, 1.3114331163344762e-09, 1.2961330614696097e-09]}