{"L": 7, "J": 0.11673007904761218, "B": 0.11673007904761218, "K": 23, "init_state": "maximally-mixed state", "energy": -1.0106822028612004, "eigoccs": [0.9540837397784245, 0.0009412729608262459, 0.04370804344932979, 0.0006148544602281719, 0.009336275892167555, 0.00016274474664311364, 0.007894382754409304, 7.439709600084069e-05, 0.0016061488418477369, 0.0035816459623449195, 0.00023903348637307272, 6.26119373292441e-05, 9.830686539266842e-06, 0.0007762327276428138, 0.0007258017844972218, 6.947040180390102e-06, 3.414894059878274e-05, 1.7499305865218657e-05, 0.0005118384068020805, 0.00043632904145200844, 5.8285297324687164e-05, 1.5559280546601945e-05, 7.24496624624523e-06, 0.00021558562451756713, 0.00025580113568368445, 3.303638219193228e-06, 3.7937378187458544e-06, 1.064876500490958e-05, 3.251797903902246e-05, 6.91180490817907e-05, 0.00015396457021779099, 7.67696769107986e-05, 2.099694626129604e-06, 1.1694139218050742e-05, 3.6080981090480916e-06, 4.202132236685382e-06, 1.989107471913737e-06, 2.718039760309467e-05, 3.003984183584712e-05, 3.332170936861027e-06, 2.9730969733651435e-06, 1.993301465802253e-05, 1.528448406795134e-06, 1.1429051829782469e-06, 1.1980177377788476e-05, 9.639142247006644e-06, 9.65606072817363e-06, 4.104332714567236e-07, 3.910267049101653e-07, 8.781165003261124e-07, 2.0049423952811114e-06, 6.283964808456562e-07, 1.3615415955426853e-06, 1.3485271185095185e-06, 2.9805590260409487e-06, 8.187971089765242e-06, -3.295298093376111e-08, 1.987221626349156e-07, 2.3333565413571385e-06, 9.121926970923751e-08, 2.9346493940360496e-07, 1.0785019671388805e-06, 2.344953514566782e-06, 3.692336355616647e-07, 2.7888146145590025e-06, 1.877240246102068e-07, 1.364252039048158e-07, 2.596143172710157e-07, 1.093936965640824e-06, 1.4292857207328283e-07, 1.142505320828092e-06, 3.790514011952556e-06, 7.599134174804696e-09, 7.635712021608847e-08, 2.705301429676646e-07, 1.0451576613380894e-07, 2.9612501041175224e-07, 2.5038722379002053e-07, 3.2129817068820085e-07, 5.832845722604145e-07, 6.070432180107463e-07, 1.3481465094059238e-07, 2.998980025954307e-08, 1.4831579153504638e-08, 2.8800995932816265e-07, 2.1168572852291922e-08, 5.5490958593399655e-08, -2.211949086636028e-08, 1.3939310027478845e-07, 9.487648532150292e-08, -3.707324746219969e-08, 2.7498498647563804e-08, -1.0496242313996594e-08, -1.308794745217327e-07, -4.206652396514637e-09, -3.5217886581357354e-07, 3.5339166644526523e-08, -7.7497563733063e-08, 4.867122846175361e-08, 4.8533259391203975e-08, -7.471040196772936e-08, 4.121797650845639e-07, -1.1623267173554237e-07, 3.155267812029341e-08, 1.4084618334464615e-08, -1.2558624714279964e-07, -1.4873512392150908e-08, -9.228722582842885e-09, -4.65167090439037e-08, 8.203122856088057e-09, 1.3921988322381456e-07, 2.2690900208889284e-07, -1.607802386233693e-07, -1.7476370045836317e-08, 1.5138473255703302e-07, -7.032485127290634e-08, 1.5049494046265796e-07, -4.8769255011462854e-08, -6.3597527014694286e-09, -6.422873714595536e-09, -2.3062493663160912e-07, -1.685283152535553e-09, 8.132267650212035e-08, 3.4332219092418444e-10, 2.1058609240747712e-08, 6.830199140260979e-09, 2.285734910427063e-07, -1.0406107246724404e-08]}