{"L": 7, "J": 0.1641957775205015, "B": 0.0328391555041003, "K": 23, "init_state": "maximally-mixed state", "energy": -0.9712228236030358, "eigoccs": [0.46017622865392804, 0.46045005390904536, 0.011148604451881448, 0.011162537142001635, 0.0007202474786095789, 0.0007138055872190254, 0.002779720773233466, 0.0027957389937965918, 0.0038328971509407734, 0.0038103576604554164, 0.004785442001366807, 0.004795732818270244, 0.013545836548383823, 0.013582599835655882, 6.23990744602873e-05, 6.134198242364444e-05, 0.00015103872935497088, 0.00015095631212792843, 0.00011053867672549582, 0.00011207998164083944, 0.0002391440173499797, 0.0002394091610389526, 7.114483983840713e-05, 7.196290271490176e-05, 0.00022867565130745975, 0.00022998929083768005, 0.0006380735158783221, 0.0006404834476307326, 0.00018729099162489228, 0.00018672796106947905, 0.00023009690504193164, 0.0002293961457705123, 7.729612385180045e-05, 7.57049164543938e-05, 0.00018919566639879408, 0.00018933484429063536, 0.00024088947995225022, 0.00024180187249351001, 0.00018891228902128126, 0.0001892560979160728, 0.0002617797203622324, 0.0002617235084434713, 0.00020686910745151474, 0.000207265406464455, 3.0075465516449842e-06, 3.02084840592572e-06, 2.4620510206545247e-06, 2.4921585489400948e-06, 7.292372554604447e-06, 5.9049074226974664e-06, 5.887983167823284e-06, 6.0677188305807125e-06, 4.317486354004548e-06, 3.7551924888302747e-06, 1.9843459498454756e-06, 1.962506185402281e-06, 6.191719909010027e-06, 6.096461802190264e-06, 8.63917285166286e-06, 8.751988587302299e-06, 2.646135268465518e-06, 2.7223566811537867e-06, 6.8910151392007855e-06, 6.726735475157559e-06, 4.196328572695028e-06, 4.230168172207571e-06, 1.1757433989607712e-05, 1.182851791200461e-05, 2.8355664333807228e-06, 2.80107564722137e-06, 2.8608925539149607e-06, 2.795554612022859e-06, 1.18650303339108e-05, 1.1895117468821868e-05, 4.8219694569419895e-06, 4.840429909444547e-06, 6.8231130192828165e-06, 6.83928959874617e-06, 8.02382329136984e-06, 8.012349917848244e-06, 7.920726092824526e-06, 7.926086550235386e-06, 7.887238503197273e-06, 7.88785468246607e-06, 1.269142590788942e-07, 1.2307230514241075e-07, 1.4652721198590773e-07, 1.456458181254366e-07, 2.077541379238341e-07, 2.0318216325068084e-07, 1.693220882577304e-07, 1.6938592122111905e-07, 1.6742772080319198e-07, 1.6314983212353332e-07, 2.5883608849586686e-07, 2.58913210714976e-07, 3.784820492001043e-07, 3.602097329138842e-07, 3.986011704462686e-07, 4.0603346130338534e-07, 2.1057171224141734e-07, 2.092200173627673e-07, 1.5516758795286322e-07, 1.5085019543290475e-07, 4.1856690804239646e-07, 4.179343339007264e-07, 1.9660562632122361e-07, 2.003357322311766e-07, 4.131308635518304e-07, 4.081341709779112e-07, 1.882593138201394e-07, 1.8633337419499774e-07, 3.018106172596699e-07, 3.034903980051161e-07, 6.569693633631424e-09, 6.699609421542695e-09, 7.728386031522318e-09, 7.071595704494898e-09, 9.346873218947368e-09, 9.529153093398172e-09, 9.771659808449394e-09, 9.604177462970499e-09, 1.5398858951270693e-08, 1.522596279033034e-08, 8.05856547443768e-09, 8.247215085378744e-09, 4.4911574910726903e-10, 4.4619293682980565e-10]}