{"L": 7, "J": 0.1641957775205015, "B": 0.0328391555041003, "K": 26, "init_state": "maximally-mixed state", "energy": -0.958841069507552, "eigoccs": [0.4558469163987598, 0.45574766386950327, 0.010703862506801904, 0.010677700020822165, 0.0005403527060288899, 0.0006154842833992669, 0.003012198991660006, 0.002994237040371224, 0.003480015271855986, 0.0035215542017624397, 0.003505652401469572, 0.003432960024479699, 0.013156059590159516, 0.013154325224184752, 6.726684537263596e-05, 6.980323344293089e-05, 0.00010635144923768171, 0.00010520885405620298, 8.245528233524723e-05, 8.295142247675578e-05, 0.00014492900235638746, 0.00014604387295745952, 0.00014406196229043474, 0.00014370194217023705, 0.00026105329336278797, 0.0002592983310336812, 0.0004489206957158028, 0.0004480975977767904, 0.00014286962469819351, 0.00014332171844506854, 0.00025049249416051947, 0.00025055315654102476, 0.00011630459961338186, 0.00011880903460964057, 0.00015131950593232725, 0.00015018100926210054, 0.0002652957009567272, 0.0002643297511054334, 0.00020751691798858208, 0.00020823952000816986, 0.0002300840349136194, 0.000231019692640147, 0.0001827526975624199, 0.00018080325878208506, 2.0644807352448285e-06, 2.116228834048616e-06, 5.2200167280090824e-06, 4.432361184525762e-06, 4.732163579591706e-06, 4.242488901096293e-06, 5.921307257599485e-06, 5.729721194276491e-06, 5.15392933414036e-06, 5.900845582243328e-06, 2.176077608238342e-06, 2.2025020950865254e-06, 4.670404911477649e-06, 4.7424715586585184e-06, 7.293809050386847e-06, 7.1889384076722875e-06, 2.305050914104228e-06, 2.3184528354376768e-06, 6.859850090175862e-06, 6.835989218077603e-06, 3.1552708443124508e-06, 3.1647646473164116e-06, 7.426122024678464e-06, 7.4561086829876205e-06, 2.6140957866225716e-06, 2.602656449769075e-06, 4.82432890898893e-06, 4.825867894409119e-06, 1.2041007769141322e-05, 1.1987438390328207e-05, 3.998974626749069e-06, 3.902111799462234e-06, 5.418386421417868e-06, 5.438659370712647e-06, 8.156173073427739e-06, 8.201632949155187e-06, 6.447990436529943e-06, 6.403396551412569e-06, 7.298110663634113e-06, 7.318627248258767e-06, 1.0196641961943881e-07, 1.0178529889194092e-07, 1.1899373652057115e-07, 1.1835860185963777e-07, 1.4057583781160759e-07, 1.4183733168728313e-07, 1.6843765194863904e-07, 1.6118775568580172e-07, 2.498633803725993e-07, 2.24776405575542e-07, 2.3466894593797528e-07, 2.3252574135006108e-07, 2.609331946118743e-07, 2.621261297811701e-07, 3.08038572158981e-07, 3.0355990925890514e-07, 1.8574558866702163e-07, 1.8777275009056777e-07, 1.6794355013941264e-07, 1.6815486955145208e-07, 3.013558339093878e-07, 2.9920346846267185e-07, 1.6973002551910418e-07, 1.7097231205587704e-07, 3.4042826020786885e-07, 3.389697858416539e-07, 1.8098337856283147e-07, 1.8081116026859842e-07, 2.8976428357500545e-07, 2.9029234572894054e-07, 6.654670535537264e-09, 6.3986358946519255e-09, 6.869880594456971e-09, 6.804567319390995e-09, 7.3904589109900815e-09, 7.386582020859489e-09, 9.467831171359836e-09, 9.205166264504016e-09, 1.2307360090741764e-08, 1.218782940349743e-08, 7.904873125839201e-09, 8.004652221106019e-09, 3.796107391582078e-10, 3.7252229371155407e-10]}