{"L": 7, "J": 0.1641957775205015, "B": 0.0328391555041003, "K": 22, "init_state": "maximally-mixed state", "energy": -0.9819067244177944, "eigoccs": [0.4674164474366168, 0.4673844718617592, 0.01110599306967216, 0.011053993076311146, 0.0006606594963196586, 0.0007004618955141792, 0.002194066446772308, 0.0022064067487879676, 0.0031152405462870868, 0.0031021524357600916, 0.003999717030436254, 0.003999539034180805, 0.01297322742632206, 0.012985552022451587, 7.259861807553788e-05, 7.123483295922312e-05, 0.00018820812614501944, 0.0001889099165791938, 0.00011349974329770781, 0.00011358766496152647, 0.0002774683258916016, 0.00027774725376367024, 6.817855488070432e-05, 6.83774949652739e-05, 0.00021995822068137603, 0.00022016990103554044, 0.0007154125109076082, 0.0007144667918532333, 0.00019258990386264798, 0.00019171218857897684, 0.00023520676571815448, 0.00023470804351370756, 6.629514570912295e-05, 6.623053125448669e-05, 0.00018839998248497907, 0.00018940064714600784, 0.0002317101309621128, 0.00023237316611629804, 0.00018110117666630065, 0.00018153580019836675, 0.000256408831202977, 0.0002571389985732093, 0.00020387641730480207, 0.00020357150701269045, 3.6091573458867815e-06, 3.3301451627318735e-06, 2.2286541931807633e-06, 2.398267911508544e-06, 6.289906492397771e-06, 5.691590830477581e-06, 6.869237675742276e-06, 6.833469612168304e-06, 3.795075974406744e-06, 3.971207253061277e-06, 1.8489928200952143e-06, 1.694728217946504e-06, 5.953960760363139e-06, 6.247211679003501e-06, 1.0127124019897325e-05, 1.061286748821159e-05, 2.0302220539366638e-06, 2.0041564484430594e-06, 6.918744824647019e-06, 7.03093365018539e-06, 3.7598453367777356e-06, 3.7877895591692993e-06, 1.2094340188603605e-05, 1.215429166829908e-05, 2.3814614981895692e-06, 2.322232267539096e-06, 2.5180208639317446e-06, 2.520127660832203e-06, 1.1470317825026476e-05, 1.1471883258212854e-05, 4.421545798023915e-06, 4.491115913565111e-06, 6.27891054508296e-06, 6.214462786928843e-06, 7.431226870005925e-06, 7.4568884585702175e-06, 7.417862726504709e-06, 7.456657408757544e-06, 7.366058616580922e-06, 7.489995605823169e-06, 1.3170779786131915e-07, 1.32113135508899e-07, 1.704013210171663e-07, 1.6798324374944476e-07, 2.839642867940178e-07, 2.8016893224250187e-07, 1.9658849006662488e-07, 1.9706946794343345e-07, 1.8944291957005718e-07, 1.9214642752933836e-07, 3.092811829005853e-07, 3.085292253945002e-07, 4.1786071196082335e-07, 3.999891346565094e-07, 4.826078486064474e-07, 4.83809006087756e-07, 2.0122631631556206e-07, 2.0764896240747116e-07, 1.4793741294388176e-07, 1.4755961693749846e-07, 4.6733594013338746e-07, 4.727241519756054e-07, 1.8911040135768346e-07, 1.872284686135879e-07, 4.7045285304268374e-07, 4.885763215037615e-07, 1.7176152191676722e-07, 1.6990958294838582e-07, 3.217808602869791e-07, 3.226389561427985e-07, 7.466537608848101e-09, 8.020217157423083e-09, 8.126688084388784e-09, 8.611432588804973e-09, 9.73818791799394e-09, 9.708530371570512e-09, 1.024363333224705e-08, 1.0236501347747706e-08, 1.7140465450699765e-08, 1.7363631493181043e-08, 7.887814696551836e-09, 8.27977052862303e-09, 5.206050671511583e-10, 5.44440930553716e-10]}