{"L": 7, "J": 0.11673007904761215, "B": 0.11673007904761215, "K": 41, "init_state": "maximally-mixed state", "energy": -0.9956228988175448, "eigoccs": [0.9545837361726388, 0.0005343274674202016, 0.02897196678336471, 4.344994328945585e-05, 0.00983286340660856, 4.267612111339155e-05, 0.006953599523604864, 5.827232672016621e-05, 0.0007962834994853148, 0.0024295701976698456, 8.956611564412969e-05, 5.343016630911069e-05, 1.741809615670199e-06, 0.0006048317137381772, 0.0007264994395458619, 4.856972812850161e-06, 9.946084836509551e-06, 2.8249613917745793e-06, 0.00027702691408100163, 0.00035378446580325865, 2.054854824760051e-05, 3.3486218157569506e-06, 5.019299573586465e-06, 0.0001303232091837032, 0.00014815241627435253, 9.576232250377598e-08, -7.378720814192972e-07, 5.271585852848782e-06, 8.419923343040964e-06, 4.376343886044913e-05, 4.261922957240714e-05, 0.0001210266443256165, 1.6074218811455293e-06, 6.904168547847967e-06, 2.9387324647313303e-06, 4.335384686878175e-06, 1.5379372358695301e-06, 1.3018734834759944e-05, 2.1702236605718982e-05, 3.19041072245405e-06, -2.6539768760441123e-08, 8.154272948707649e-06, -2.366180054066394e-06, 7.866270557999522e-07, 7.502616168292093e-06, 2.4991911393019536e-06, 7.135687997885349e-06, -2.6828331757331457e-06, -5.005081421890242e-07, 1.0173489948894274e-06, 2.4252265555910884e-06, -1.3046277363879102e-06, 7.359519795041716e-07, 1.3471423556620755e-06, 7.697718262688548e-06, 1.1078970822761548e-05, 3.572478300612225e-07, -5.466540469100402e-08, -1.0313427379037978e-06, 1.2761172589511245e-06, 2.1356821408593723e-06, 2.4343797595192955e-06, 3.046329991670618e-06, -3.1354170232840004e-07, 1.4110095085824384e-06, 6.777065797834376e-07, -2.185794272684136e-08, 2.62485781287846e-07, 2.2601417430930064e-06, 2.2411590004007877e-07, 1.8808311031417183e-06, 8.269011446648552e-06, -2.1745027348596466e-07, -7.433600848324099e-08, -5.121033450536015e-07, -1.2172457580195795e-06, -3.9726426795426347e-07, -3.6835208978847046e-07, 1.3264408310439357e-06, 2.731963767644536e-06, 2.798736734886163e-06, 4.195004607946731e-07, 4.230622296751447e-07, 3.083827836058194e-07, -5.193112598764957e-07, 8.774709711405896e-07, 5.301047636981513e-07, 3.113808574308689e-07, 4.984503459188221e-07, -6.03931663502173e-07, 6.238149815132506e-07, 1.2008583352928154e-06, 7.562510165056387e-07, 6.142329248784794e-07, -1.8932981005623533e-07, -1.6612334050285512e-06, 3.9257166094112985e-07, 4.358605381628999e-09, -1.008491815464172e-07, -2.1371014221303875e-07, 3.366879289234324e-07, 2.1617627579771043e-06, 1.779299674373637e-06, -5.607557940544397e-08, 3.497132728628086e-07, 1.3762938908144672e-07, 1.262212981414805e-06, -3.2106999542857907e-07, -1.9161597368627975e-07, 2.6004287453984535e-08, 1.0654136423825652e-07, 1.3267617644060017e-07, 2.2098314746845572e-06, 1.2483965458381882e-08, 2.244236857698679e-07, 2.689107665028518e-07, 4.032015431989537e-07, 7.788347154012839e-07, 8.155251968859097e-08, 8.707456879332296e-08, -5.682936858269004e-07, -1.822313340301947e-07, 1.6486942515122872e-06, 9.197575077342735e-08, -1.6082855759965014e-07, 2.939695341696002e-08, 2.5498115276676564e-07, -8.556237503298505e-09]}