{"L": 7, "J": 0.0283282086429988, "B": 0.141641043214994, "K": 35, "init_state": "maximally-mixed state", "energy": -0.9659590893864902, "eigoccs": [0.8963940572327659, 3.0667755523244176e-05, 0.0004434987045127024, 0.0017526299706134688, 0.0043321274459151085, 0.021747301257644406, 0.0349439266535945, 0.035311243588487196, 8.573989767774192e-06, 1.2854361604529654e-05, 1.852500860112598e-05, 4.3274334170705365e-06, 4.706154014528973e-06, 1.4627535385532644e-05, 3.2426708326858286e-05, 9.39280863991758e-06, 9.463818771085832e-06, -7.429013422985554e-07, 1.186134499428346e-05, 7.683964821821528e-06, 3.21459064507565e-05, 6.0944951594075664e-05, 6.52999809267007e-05, 7.850538762724457e-05, 0.0001157501516820452, 0.000130156920146057, 0.00020049208910121117, 0.0004328407653395583, 0.006651817532011234, 2.435848675993586e-06, 5.978492727883361e-06, 5.842944180325933e-07, 2.1266678423696404e-06, 8.882611310665927e-06, -2.17030378364707e-06, 4.031177535290813e-06, 6.38035728430021e-06, 2.1415811797070813e-05, 4.014548606020481e-06, 4.713317726689644e-06, 5.6730800948561825e-06, 3.345953973580021e-05, 4.732835716016077e-06, 9.912554483051981e-06, 1.1208605878305414e-05, 1.1488120512946e-05, -1.3872049748899598e-06, 4.619447664689041e-06, 6.873145006012465e-06, 1.955241432483184e-06, -2.8587818348636988e-06, -3.0475318427635024e-05, 3.905872958266042e-06, -7.745810141347803e-06, 2.9752933046545307e-06, -4.2140265279652355e-06, 3.533762300487893e-06, -1.5634526398079436e-05, -7.445644295639871e-06, 7.319022259289149e-06, -1.44535638699385e-08, 1.4945536851719486e-06, 7.44306777493778e-06, 3.4523845844914585e-05, 6.8686139913041155e-06, 2.5779125386097196e-06, 7.705624492892892e-06, -4.328815454697579e-06, -4.045167391976014e-06, 5.544167437955687e-06, 7.194336981064734e-07, -7.813907100270807e-06, -3.602383674132342e-05, -1.028556937302299e-05, 6.519498344994919e-06, -4.464209028426834e-06, -6.234519463985968e-06, -3.80700656588353e-06, -7.140759254980154e-06, -1.5044827820399757e-05, -9.107669665705893e-06, -6.202375516295596e-06, -5.888048175827848e-06, 2.4886443253437297e-07, 6.305911909397019e-07, -2.610530090794258e-06, 4.44274315802483e-06, -6.4697129630703315e-06, 1.179367409924741e-06, 5.803571648052237e-06, -5.946065932894224e-06, 9.701373279843739e-06, 2.2465069910256296e-06, -3.866431045530057e-06, 3.1799774668172456e-06, 1.6355171778765598e-05, 2.5005673194250597e-06, 6.245827239948575e-06, 1.3343064684030436e-05, -1.274466810802474e-05, -9.983678654064616e-06, -1.403828982977275e-05, 3.2230324318270556e-06, 4.805707785735846e-06, -4.895811060761527e-06, 2.7437433461137413e-06, 4.676316140564957e-06, -1.861530730547634e-06, -1.6944505406192077e-06, 1.1228768950366452e-06, 8.260520563767033e-06, 1.060392493921768e-05, 4.601725291421562e-07, -1.0696330565716083e-06, -7.14805349977084e-06, 4.568632404704772e-06, -3.22599891453758e-06, -2.251637847950399e-07, 7.84006686621369e-06, -1.260150848860159e-05, 3.3929587930949455e-06, 5.558524626284838e-06, -1.1146073079437433e-05, -3.0118234757053432e-06, 2.6084067320128136e-06, -1.0511371026844347e-06, -1.2436372097193118e-05, -7.754535258262424e-07]}