{"L": 7, "J": 0.1641957775205015, "B": 0.0328391555041003, "K": 49, "init_state": "maximally-mixed state", "energy": -1.0020361121751789, "eigoccs": [0.47915737103648753, 0.47903615006726574, 0.008930546322651759, 0.008915521103209086, 0.0020673834446154767, 0.002059451975075537, 0.0011854468857928823, 0.001193043083977607, 0.004061447054981754, 0.004071698180289962, 0.003955210196075176, 0.0039563063396483664, 0.012198343500868658, 0.01221173556224301, 3.464179449905455e-05, 3.458335092735646e-05, 6.252890936468824e-05, 6.264807093520633e-05, 5.669331051549533e-05, 5.6653936286605715e-05, 0.00011265929772518795, 0.00011251670720907971, 8.404820399869747e-05, 8.427051103471306e-05, 0.0001381431555791665, 0.00013811968839373492, 0.00025133524526005965, 0.00025068395421002184, 0.00011731393862626595, 0.00011796264925856257, 0.00011450707073296452, 0.00011454312112113755, 0.00011194265790997795, 0.0001118239726468118, 0.00011520442360695368, 0.00011507687058076867, 0.0001291733368021697, 0.00012921738115829703, 0.00013531781127725675, 0.00013523669801233001, 0.000191701368753911, 0.00019202216490632316, 0.000162507992149409, 0.00016259698185083565, 1.1656825004895126e-06, 1.1741380487276585e-06, 1.8219202282752065e-06, 1.8371809804073246e-06, 2.536535123161075e-06, 2.73079999285626e-06, 2.3927842622455685e-06, 2.3584988398485687e-06, 2.5342199542589375e-06, 2.404939542175169e-06, 1.2437568137555697e-06, 1.2475685851085532e-06, 2.7202343754195613e-06, 2.667997602813856e-06, 3.516222506409942e-06, 3.2739066382379716e-06, 1.3594870143974865e-06, 1.4532916131067961e-06, 3.6442872420153805e-06, 3.5492592588567656e-06, 2.291442811060799e-06, 2.328164387415349e-06, 4.818018561847274e-06, 4.842046259370163e-06, 2.063995347743884e-06, 2.0626331833114017e-06, 3.0778004843077e-06, 3.0850468858423267e-06, 5.722406687016707e-06, 5.718312498768071e-06, 2.3054351655014303e-06, 2.303063131283038e-06, 4.156463261090388e-06, 4.169818802557933e-06, 3.7253782427189184e-06, 3.7364544649051827e-06, 4.106339581319618e-06, 4.101396824745947e-06, 4.454670235393947e-06, 4.452614536735428e-06, 2.9714487672287053e-08, 3.077295575026166e-08, 3.734065472721768e-08, 3.807493148065834e-08, 5.0919421039191195e-08, 5.0895263859961365e-08, 5.7106289679371456e-08, 5.7533035919584056e-08, 7.006886228254213e-08, 7.070000100204354e-08, 7.047149814183522e-08, 6.913771703519831e-08, 1.0317483473816039e-07, 1.040058854354519e-07, 1.0340044017533988e-07, 1.0253210874345008e-07, 6.905236725954798e-08, 7.115869268006182e-08, 7.477649954820771e-08, 7.5809528196199e-08, 1.1118004674011841e-07, 1.1228767502351368e-07, 8.435667896602267e-08, 8.893269123037157e-08, 1.3378297404234165e-07, 1.3229834175087917e-07, 1.0438598751294894e-07, 1.0456293967888384e-07, 1.2071981644199604e-07, 1.2054768930672422e-07, 1.6115403970333746e-09, 1.6268352358252542e-09, 1.7418631585790448e-09, 1.7888121467485445e-09, 2.170448775281547e-09, 2.2202834916895443e-09, 2.941487620748855e-09, 2.9641011285958274e-09, 3.5807728209063757e-09, 3.5480128017074022e-09, 2.9404798943311436e-09, 3.0585504137648893e-09, 8.239482312359325e-11, 8.184202639143871e-11]}