{"L": 7, "J": 0.11673007904761218, "B": 0.11673007904761218, "K": 8, "init_state": "maximally-mixed state", "energy": -0.9670280243275919, "eigoccs": [0.8408274714438548, 0.01870369534224161, 0.0783740228227188, 0.0035876528906379846, 0.01407739451213047, 0.003044716707892581, 0.011154549468593258, 0.00142305974765976, 0.005270921464557084, 0.010428142756652891, 0.00248566833556387, 0.0008761988063191839, 0.00033135561253833654, 0.0016593013144042515, 0.0021716868183721746, 0.00016415505911280444, 0.0003098085165599437, 0.00020298826967590287, 0.0013638837952548307, 0.001226351746918714, 0.00045912126742802867, 0.00013320247240749812, 0.00010903168814807506, 0.00033546359590480156, 0.0008253040229161742, 5.537793314035983e-05, 2.5406664321455878e-05, 0.00011828752461932242, 0.0002874233033664972, 0.000198332652266007, 0.00040603334777919046, 0.0002613686155131992, 4.344108451848884e-05, 0.00011345555585362226, 4.2402767864679865e-05, 4.8967826843232826e-05, 2.8648753321871118e-05, 0.00014387727122747152, 6.323544901737455e-05, 2.7460225667296117e-05, 4.263996638396609e-05, 7.168256995473534e-05, 2.1348685454578703e-05, 1.4795808329160286e-05, 3.492756892887871e-05, 4.992204765525174e-05, 4.9980190838080336e-05, 8.770269377356686e-06, 8.607181729555762e-06, 9.199066622043585e-06, 1.6038743315532597e-05, 7.155767679321335e-06, 1.328132568189804e-05, 1.3675081876787709e-05, 1.2961251239163744e-05, 4.569554111324582e-05, 1.1724764535719194e-06, 3.8795326363470405e-06, 1.5943860337970434e-05, 2.616845345042215e-06, 5.286691223791635e-06, 1.7004720251345045e-05, 1.0312302247809424e-05, 2.5074356004629606e-06, 1.0832316590151695e-05, 1.7887321385547621e-06, 1.2658018568281307e-06, 3.3465103001402133e-06, 1.1051710401545264e-05, 1.6869984590298968e-06, 5.764945214874098e-06, 1.431185648185135e-05, 5.51977748421517e-07, 1.8395152211689424e-06, 2.149141970934101e-06, 3.529135846912131e-06, 4.166261797289891e-06, 1.9036398177352775e-06, 1.20532652193759e-06, 2.291665097026525e-06, 2.1507132261709193e-06, 5.493202519389844e-07, 3.5611692290033106e-07, 5.360986534791885e-07, 2.1056105723656777e-06, 7.003088282063127e-07, 4.372431571613047e-07, 5.62504445226619e-07, 7.73986140542694e-07, 4.1268984543122965e-07, 1.8154614412289646e-07, 4.954900983769003e-07, 3.803763967491805e-07, 1.6196908447805537e-06, 6.023303952173601e-07, 5.386247405471587e-07, 8.681653138092399e-08, 8.117881565771726e-08, 2.0046027003019742e-07, 2.1292481141295584e-07, 8.803507887313498e-08, 1.4532654151680138e-06, 5.06795879198629e-07, 4.379492163069321e-08, 8.221413497993687e-08, 2.356349769051233e-07, 1.794815235551306e-07, 8.404485810144609e-08, 2.4874636898361853e-08, 3.3552838573486056e-08, 2.0411192551811196e-07, 2.455403301359182e-07, 7.53229408494756e-08, 2.8496558285270597e-08, 3.5048296452576525e-08, 3.5257944946587475e-08, -1.4962777465579665e-10, 3.066483755490855e-08, 2.942808241199204e-09, 3.0032887864476804e-09, 6.935762194951867e-08, 1.8695173639988815e-08, 2.8049909010009723e-08, -4.537349492056838e-09, 2.8404718050433504e-08, 7.115860788201145e-09, -4.2574154743153565e-08, -2.68431163564998e-09]}