{"L": 7, "J": 0.1641957775205015, "B": 0.0328391555041003, "K": 21, "init_state": "maximally-mixed state", "energy": -0.9824292386107163, "eigoccs": [0.46589678655815203, 0.4661882108562364, 0.00999453690913538, 0.009925712595376689, 0.0004933290450035822, 0.000567798279504242, 0.0023527224016178377, 0.0023830342383073834, 0.003491772368748665, 0.003520066738416007, 0.003935334406266323, 0.003939320344474544, 0.016471962114021847, 0.01649499182538141, 0.00012224942706222733, 0.0001217027871341702, 0.00010536265803603682, 0.0001062161596891053, 0.00017171742627547146, 0.00017273562337157653, 0.00027329230750807007, 0.0002745188266285361, 9.929270766488994e-05, 9.980634551626345e-05, 0.00028739769570798623, 0.000285801463736793, 0.0007042280057182383, 0.0007018035008871245, 0.0001778687788672535, 0.00018051395861247362, 0.0002315602504687316, 0.00023148442215911407, 5.71054102076354e-05, 6.029155898828885e-05, 0.0002284915741911147, 0.0002271313945804171, 0.00023547614861892232, 0.0002366487723926795, 0.0001914695886390288, 0.0001915161352136211, 0.00029541565121725405, 0.00029667460674370424, 0.00024506518652834066, 0.0002454839825734418, 3.7328949593857764e-06, 3.8146766101036207e-06, 3.11792096110719e-06, 3.1930746232888415e-06, 4.848178132742919e-06, 6.738446700085452e-06, 5.0313720440960515e-06, 5.052034000977786e-06, 5.514342168168095e-06, 5.462280634285864e-06, 2.020717488408554e-06, 2.367710925723976e-06, 7.241301485549888e-06, 6.947764904196826e-06, 7.92668053266386e-06, 7.765702648769475e-06, 2.2691843742473773e-06, 2.322696889730819e-06, 7.117833406130338e-06, 7.513876811323826e-06, 4.874577696579348e-06, 4.9196718069935376e-06, 1.2242775820645322e-05, 1.2340552652035497e-05, 2.8822835457259354e-06, 2.6021120207350976e-06, 4.0549472699479325e-06, 4.043456462099489e-06, 1.6480569934244193e-05, 1.6464760725162463e-05, 5.0766868129594665e-06, 5.009324047666268e-06, 7.062950388207545e-06, 7.129696939230247e-06, 8.760804819931786e-06, 8.729108792068545e-06, 1.0215595620640384e-05, 1.0248301366326294e-05, 8.548409953753988e-06, 8.586364919037937e-06, 2.0905750483880756e-07, 2.1212664839651264e-07, 1.7525300649204095e-07, 1.826204719177856e-07, 2.6848951284482846e-07, 2.8029232719902765e-07, 2.473888158641325e-07, 2.434198216126193e-07, 2.723879407755008e-07, 2.760877407312314e-07, 2.884353005406572e-07, 2.8927345139015187e-07, 4.1791680769350816e-07, 4.776006161503022e-07, 5.442728246360414e-07, 5.409607616918007e-07, 2.3306426414133598e-07, 2.2915473007723746e-07, 1.8109053741413784e-07, 1.899336692369208e-07, 5.245677134116787e-07, 5.196347664789719e-07, 2.226807131937579e-07, 2.2318300080976622e-07, 5.592356570917283e-07, 5.622167416469197e-07, 2.0568378781194892e-07, 1.9786790963778044e-07, 3.7093182829556025e-07, 3.6813141821922913e-07, 7.860155004256928e-09, 7.569982439400716e-09, 8.93414058606786e-09, 8.86161247945886e-09, 1.1551848196200413e-08, 1.209869217760114e-08, 1.4029405157345604e-08, 1.4217538151224525e-08, 1.8395483759656974e-08, 1.8489675668950816e-08, 9.059680216940616e-09, 9.078797226419913e-09, 6.811871370605253e-10, 6.719731504834567e-10]}