{"L": 7, "J": 0.1641957775205015, "B": 0.0328391555041003, "K": 4, "init_state": "maximally-mixed state", "energy": -0.8113921502817893, "eigoccs": [0.28929746279214297, 0.28754590310310596, 0.022250425378549172, 0.02216701311626721, 0.016548001262675416, 0.01631840176123786, 0.020400385814635328, 0.02057464487437355, 0.02303920183061035, 0.022958114558171434, 0.027630200704057133, 0.027388764743126882, 0.04849251579422949, 0.04829237138777272, 0.0015445675946547041, 0.0015174268249755368, 0.0020089187606125236, 0.0020122262273196178, 0.0014787209288797923, 0.001443046498423797, 0.002160548545393059, 0.0021688051616175355, 0.0018699374552496387, 0.0018279564468773623, 0.0026057026451744205, 0.0025872314857091597, 0.004665386642201659, 0.004646293389418049, 0.0024045554366555477, 0.0023551481650412485, 0.0021703139294911187, 0.002193476547720223, 0.004320017668829149, 0.004258282907889851, 0.002829992267478194, 0.0028043673567810646, 0.004797851755219062, 0.0048237027238724715, 0.0024660231389557435, 0.0024662219435936834, 0.004712457738263377, 0.004729070382042611, 0.005034029517292725, 0.004991997379065799, 0.00015261621988871791, 0.0001483794375897357, 0.00019070045046161403, 0.00018706543456730292, 0.00023045356372950303, 0.00022428923256571231, 0.00021625135451928165, 0.00021711965775013682, 0.0004277772558498316, 0.00042114918440043443, 0.00018033952499274408, 0.0001765384067484792, 0.0002777192681442367, 0.0002761783459485239, 0.00045134185604656335, 0.0004507341646892933, 0.00022721183687279502, 0.0002226290537721149, 0.0002949954608093914, 0.0002950731041670984, 0.00043982602232081234, 0.00043165792595569775, 0.0005008620400348339, 0.000505141379967108, 0.0002547984443552465, 0.00025100632868417635, 0.0005344450277307796, 0.0005250038800959104, 0.0006154823776557421, 0.0006093918558645083, 0.0002367797672458312, 0.00023740449585658014, 0.0005742733372616081, 0.0005651009147612136, 0.000477406160329806, 0.00048177045291014923, 0.0005991297203916167, 0.0005941509130553287, 0.0004927146871277623, 0.0004951190027877181, 1.900129670830173e-05, 1.86787257501595e-05, 2.3884143920244602e-05, 2.3178623039209414e-05, 4.466215563213088e-05, 4.3548442461317236e-05, 2.823451704718049e-05, 2.7497460690917107e-05, 5.8656288943531186e-05, 5.7754885502899294e-05, 2.7803542953626847e-05, 2.7573355810763504e-05, 6.786764929948006e-05, 6.649517987011288e-05, 5.4872999156760786e-05, 5.479005247056265e-05, 2.3068549708127206e-05, 2.2697207449323344e-05, 5.3177072092850186e-05, 5.2468286930038336e-05, 6.831284894084547e-05, 6.817315827911219e-05, 5.911883381388675e-05, 5.8173772382559644e-05, 6.767032653225156e-05, 6.781517997989759e-05, 6.26447397710823e-05, 6.208504111354415e-05, 4.624238668703492e-05, 4.61089610972306e-05, 2.6645185803656283e-06, 2.6095340800659167e-06, 5.950660110757034e-06, 5.83117662072269e-06, 6.832395087208695e-06, 6.692742933743757e-06, 8.225277598699422e-06, 8.06482510492417e-06, 6.465712458947409e-06, 6.456552400216286e-06, 5.624113667891528e-06, 5.566451734028682e-06, 7.430897967867204e-07, 7.312219780284047e-07]}