{"L": 7, "J": 0.0283282086429988, "B": 0.141641043214994, "K": 13, "init_state": "maximally-mixed state", "energy": -0.9604918989831434, "eigoccs": [0.9115555366362699, 6.0631735821700225e-05, 0.001079620777957067, 0.0028608724835848206, 0.0055731740154231, 0.010381289778330704, 0.022651719152799912, 0.027639156969842996, 1.0026639729457723e-06, 3.689362181964171e-05, 1.5308178763290246e-05, 6.017649156178375e-06, 1.1262569467289498e-05, 2.4214692899479088e-05, 2.8236486885063485e-05, 5.910697765497549e-05, 1.8759604242719263e-05, 3.116845637125506e-05, 7.733247665932713e-05, 2.017236889939412e-05, 3.5890820375689666e-05, 6.992835545728375e-05, 6.190887032173305e-05, 8.925774778897557e-05, 9.029489762094795e-05, 0.00013878826404732934, 0.00022066186660651027, 0.0002836445581907066, 0.0019679510781167022, 2.2580030054196342e-07, 2.9381614801625347e-07, 4.776578988353905e-07, 1.2393981148317174e-06, 6.52006756827677e-07, 9.324642996259752e-09, 2.82552298120421e-08, 7.70202428927684e-07, 9.389406389016902e-08, 2.3271082427957555e-07, 6.363108813285708e-07, 1.3725299142541638e-06, -5.4627042541386856e-08, 7.14507931364007e-08, 6.131738166934585e-07, 4.6530545048102433e-07, 4.5976462466775157e-07, 6.417394615716458e-07, 2.4463882358564776e-07, 5.718387273410435e-07, 5.642111276972956e-07, 4.544652134568136e-07, 1.3530608309166853e-06, 1.0670574569339294e-06, 6.616060034581444e-07, 1.5760018866625383e-06, 4.602437159876554e-07, 1.1528766056539346e-06, 1.279405322221262e-06, 1.5364906325440208e-06, 7.640424357319219e-07, 3.9920530769147404e-06, 2.3624967964356562e-06, 5.1919230806365225e-06, 1.3031393335516113e-05, 1.1831763215108706e-07, -1.0597179886513068e-07, -3.2626189237415075e-07, -1.1274360004135911e-08, -1.920501527510738e-07, -1.3149732612408294e-07, -6.678820942135306e-09, -6.613143365030757e-08, -2.9695088249691473e-08, 1.2537991893353282e-07, -9.315866873962018e-08, -6.769717012967202e-08, 5.4707759521892655e-08, -1.3982773076682427e-07, 9.265197406802252e-08, 7.717794961148651e-09, -1.7411235936268775e-07, -1.323060132567399e-07, 2.401346539827187e-07, -1.3092690222477928e-07, 9.683800575413646e-08, 1.9367151682974176e-08, 1.0517169837832822e-07, -4.782907971015243e-08, 3.4124166616299864e-08, 1.53963841329517e-07, -1.3194190067153022e-07, -1.5972223020338896e-07, -9.40522644663425e-08, -1.688849429374168e-07, -7.34183694678223e-08, 4.6836441791302923e-07, 3.231669259896324e-07, 2.4721401103458027e-07, -9.850501946898337e-08, 5.408676878061082e-08, -7.372243747105816e-08, 4.1724125415016565e-08, 2.278954693781693e-07, 7.395082017264955e-09, -5.002400931748499e-08, 8.292599558059954e-09, 3.9899066720315885e-08, 5.9374042590149864e-08, -5.8041088772054066e-08, -6.53299418305253e-08, -1.020894332381342e-07, 5.166955423113112e-08, 1.7808266934747828e-07, -7.381140467659783e-09, -6.263575009578296e-08, -9.414234679288635e-08, 1.0905269853911993e-07, 7.264620406101816e-08, -1.2140674965883148e-07, -2.246900609071772e-07, 6.109816899969951e-08, -1.0755634401990868e-07, 6.612057673753901e-08, 2.3516478963736535e-08, -3.5778399883032386e-09, -1.5570664091325514e-07, 3.553910382187628e-08, 5.768500719109839e-08]}