{"L": 7, "J": 0.11673007904761218, "B": 0.11673007904761218, "K": 43, "init_state": "maximally-mixed state", "energy": -0.9801125061375902, "eigoccs": [0.9421122822311656, 0.0009018164114557613, 0.026299119389546204, 7.387815986535578e-05, 0.0090958118894937, 4.3638725257703114e-05, 0.006696559709313403, 5.68760381100953e-05, 0.0008447970249141763, 0.0019647633540567774, 9.550802147467148e-05, 2.4035794153240845e-05, 4.391382588994896e-06, 0.0005540819510377678, 0.0006211061253227721, 2.7647687411630024e-06, 7.175261597289445e-06, 4.4492875773982165e-06, 0.00024398500072225727, 0.0003350706337068275, 1.9185004427060647e-05, 4.0784272479111746e-06, 3.587065639841591e-06, 0.00013085057831516137, 0.00014857577548070297, -8.032090466495677e-07, 9.237702114575873e-07, 6.0198765244177335e-06, 1.0825867372752528e-05, 4.33770228647077e-05, 0.00011124661929398975, 4.0754889536939554e-05, 6.168147129102209e-07, 4.5748703671266905e-06, 1.5522976315569154e-06, 1.4742842867278783e-06, -3.068649751708071e-07, 1.373825448215027e-05, 1.8634858274864958e-05, 1.020707938451762e-06, -2.2182365248783958e-06, 1.89157393425865e-05, 6.127786897683322e-07, 1.2283420368526608e-06, 6.529326605114925e-06, 8.055048846495672e-06, 8.065848109864925e-06, -1.8142473568565561e-06, -2.2308604048764174e-06, 9.521875238216782e-07, 1.4399639657486435e-06, -1.8073125685704083e-08, 1.4184346192854587e-06, 2.082864635121038e-06, -2.2072027593574996e-07, 6.591446603508389e-06, -5.041385662642884e-07, -3.7766194333639904e-07, 1.8025826372985202e-06, 3.592685449909462e-07, 1.1660677479827943e-06, 3.6726359403263007e-07, 9.018188931486955e-07, 1.346898696831314e-06, 4.045749013702833e-06, -3.032049179385506e-07, 3.1277284846129866e-07, 5.21092592298119e-07, 2.037177624108664e-06, 6.012980293237975e-07, -1.5317629060613218e-06, -1.9104541452864095e-06, 3.4202932621371487e-07, -6.21554352287541e-08, 4.6014480853976027e-07, 1.3248874718352433e-06, 1.9848322084977115e-06, 1.1606586813271516e-07, 3.777333333241341e-07, -1.4627039078273859e-06, -1.9421004947857754e-06, 2.3650305711603793e-07, 4.1468873985431263e-08, 3.028571450002894e-08, 3.724908559485864e-06, -2.824715217982544e-07, -3.921226589585001e-07, 1.3802426489735824e-07, 2.8928453165000643e-08, 7.699600802077132e-07, 1.3731170042138743e-07, 3.6717656943678406e-07, -3.3143084288948364e-08, 1.5046345452518729e-06, 1.455163208899395e-07, 1.1269601772191696e-06, 1.2850097313861837e-07, 5.458944218380156e-08, 6.43655627377379e-07, 7.408861176425171e-07, -4.44988822812281e-07, 3.188221954689551e-07, 8.209335772863353e-07, 1.0223008335366973e-07, 3.9707248631896435e-07, 1.7242644718153562e-06, 1.898060424684743e-07, 2.3866384353305572e-08, -2.074267969481013e-08, -8.754366239784841e-08, 6.298706640248501e-07, 8.62926973359225e-07, 3.259244487987824e-08, 2.7690524758132996e-07, 5.792266309151424e-07, 3.300105566997813e-07, -1.5765388032924708e-06, 3.233529736650056e-07, -3.502164949782584e-08, -5.275068289169026e-08, 1.0083703510298948e-06, -2.9849909373249274e-09, 1.310679188573338e-06, 3.1169724215038156e-07, 2.3394475730579175e-07, -6.136486391313926e-08, -4.2768419295513504e-07, -4.102357809301174e-08]}