{"L": 7, "J": 0.1641957775205015, "B": 0.0328391555041003, "K": 35, "init_state": "maximally-mixed state", "energy": -0.9560697308745145, "eigoccs": [0.45385235543389935, 0.4536531647253481, 0.009315497942079028, 0.009288291737638394, 0.0037681573006975583, 0.0037467669037263727, 0.0016853647716302171, 0.001690194906884681, 0.0034799213430436295, 0.0034333978285585607, 0.0035873565776909444, 0.0035901437041591733, 0.01379435436485284, 0.01381358430918011, 4.5406299468291845e-05, 4.553832600974454e-05, 8.865292172715931e-05, 8.862122098362421e-05, 0.0001206848954567731, 0.00012094921334339609, 0.0001528816481930493, 0.0001516154928168332, 0.0001315505436043546, 0.00013065389819611687, 0.00018788887802875215, 0.00018778532596193026, 0.0003595256488721593, 0.0003587386692705827, 0.00014911493787704528, 0.00014793457238101553, 0.00015293195083024226, 0.00015305818079811934, 0.00018784827716376273, 0.00018693009883239737, 0.00015725202692590576, 0.0001573358765879271, 0.0001431470311233322, 0.00014289096173562973, 0.00017082791641948456, 0.00017060760533459715, 0.0001923792142205165, 0.00019119976091248205, 0.00016114358957768955, 0.00016124461856918513, 2.6223589629343744e-06, 2.566147884721499e-06, 3.937911206697318e-06, 3.5918758978450293e-06, 4.852571939172916e-06, 3.5734064809327173e-06, 3.5648826185617135e-06, 3.4525814701120317e-06, 2.938080799598417e-06, 2.8435336704783114e-06, 2.525704731440087e-06, 2.525140546990488e-06, 4.255987254175841e-06, 4.23735763846515e-06, 4.269505297868352e-06, 4.202478471179622e-06, 2.828106790665289e-06, 2.6988477699952157e-06, 4.857763862479599e-06, 4.801088938689618e-06, 4.226307227022551e-06, 4.1272449442974615e-06, 6.654040872281741e-06, 6.5894631175996385e-06, 3.348723142674881e-06, 3.3569617859305203e-06, 5.075816954392635e-06, 5.028253331040832e-06, 8.669270724152817e-06, 8.593046473192225e-06, 3.1960879771677156e-06, 3.190530558825188e-06, 6.244786276146053e-06, 6.187221730392303e-06, 4.939959623445547e-06, 4.942975007101956e-06, 6.090590160591966e-06, 6.101894616013473e-06, 6.201516537472436e-06, 6.183993011402559e-06, 6.749597661214465e-08, 6.901645874300419e-08, 9.183544053902319e-08, 8.230283885771295e-08, 9.977286674077121e-08, 9.848760191517318e-08, 1.166343297389598e-07, 1.106504815884538e-07, 1.6355310929250404e-07, 1.4428976014602584e-07, 1.3174064183698945e-07, 1.3104563169973628e-07, 2.1209675865396141e-07, 1.8309225211235696e-07, 1.6193063196001892e-07, 1.5902467970138842e-07, 1.2494308659367513e-07, 1.2544983876868398e-07, 1.3475658751943976e-07, 1.3704290907263673e-07, 2.162149064734659e-07, 2.0979874656364615e-07, 1.5747215563191268e-07, 1.5598897934929964e-07, 2.2035262321668362e-07, 2.182742192919366e-07, 1.6803168775037202e-07, 1.6875150057646748e-07, 1.707145758729024e-07, 1.707923313217831e-07, 3.3895508926046108e-09, 3.3033050561630294e-09, 3.358106575289489e-09, 3.3853852291089313e-09, 4.745936631366892e-09, 4.447643416326534e-09, 6.141947144041691e-09, 6.033284279181363e-09, 6.6971346355019775e-09, 6.511933069077897e-09, 5.664643129657152e-09, 5.57104475044403e-09, 1.9607535434696432e-10, 1.8640809070275724e-10]}