{"L": 7, "J": 0.0283282086429988, "B": 0.141641043214994, "K": 29, "init_state": "maximally-mixed state", "energy": -1.0317864263500809, "eigoccs": [0.9678994084590171, 9.154758033131283e-05, 0.001595921851590328, 0.002275105913117922, 0.003966406338429189, 0.015771685079502575, 0.03134499755413771, 0.036279383034401834, -6.53326982489059e-07, 1.7109494517881224e-06, 8.752247088530258e-06, 1.0102924888586036e-05, 7.4766608885991135e-06, 7.79601124429049e-06, 2.8007473378271763e-05, 6.58004552968263e-06, 1.8138509601028346e-05, 8.758991227994826e-06, 1.231400664920619e-05, 1.3390674204264353e-05, 2.4230666196145253e-05, 4.1221403450526416e-05, 4.305970971560078e-05, 6.857803905626315e-05, 8.932505652191301e-05, 0.00011938953605945437, 0.00016900434562880785, 0.00036796138418170396, 0.004656839131232085, -7.337385188885411e-07, -1.1372621409679969e-06, 6.971376455666758e-07, -7.758108457573918e-07, 6.56255396352917e-06, -1.2478831246350093e-06, -1.330426584533416e-06, 8.442463816397228e-07, 1.978790666217162e-06, 1.5772882843675592e-07, 1.5671280106598433e-06, 1.5943257762536523e-06, 1.5541355960662477e-06, 1.4702736452190657e-06, 2.0750005533596233e-06, 3.5677987557509606e-06, 1.567534681639037e-06, -1.8983264453719298e-06, -1.355696087261498e-06, -2.458791321669349e-07, -4.909300604612245e-07, 5.292108503462973e-07, -2.0964086069682256e-06, 8.178060720191051e-07, 7.286431481258798e-07, -5.365840415105604e-07, 1.2678536801083341e-06, 3.1356584379031466e-06, 3.1188667274056153e-06, 3.5916632822772714e-06, 9.208977955128629e-07, 5.082399111235399e-06, 7.581603006028709e-06, 9.171222499077462e-06, 2.6247756068656638e-05, -2.564623780076962e-07, 1.2784436878877973e-06, -1.9546591378508196e-06, 1.6687301428526556e-06, -4.574843661531241e-07, 1.1111578185927829e-07, -1.9034845122844158e-07, 8.61955646059338e-07, 9.104935586599686e-07, -4.811517092935826e-07, -2.663782229319914e-06, -8.273266567190145e-07, -8.87958891708823e-07, -1.7077842028796683e-07, 6.238712503779268e-07, -5.305973921084227e-08, 7.011188773892361e-07, -9.465147741137239e-07, 3.971843264953143e-06, -6.894351714994383e-07, 7.313276938027027e-07, 1.6398732521606255e-07, -2.3401079373968193e-07, 1.5237199928887049e-06, 9.486005407714357e-07, 5.130030161123724e-07, 3.3235754049404554e-07, 2.166238879099878e-06, 6.356754403746524e-07, -2.3933810410331037e-06, 8.068689632474037e-07, -1.2782639425752685e-06, -5.674574860005042e-07, 3.2902299548255152e-06, 4.321469700021134e-06, 1.1946674859670015e-06, -1.1569824714438475e-06, -1.8781546797697968e-06, -6.495856642986889e-07, -8.313573202287901e-07, 1.6274375726486583e-06, 1.200858089217387e-06, 3.053829128279365e-07, -4.858538574063774e-10, -2.9922159514811665e-07, 8.676127841994778e-07, 6.147616689143994e-07, 2.060247688938263e-06, 2.692498348631531e-07, 4.663720824404487e-07, 3.952315474300605e-07, 2.8954258642879073e-07, -1.9573045214950434e-06, 9.299891436145227e-08, 1.360909376906255e-06, 3.4985240304095317e-06, -2.1404913981913887e-07, 1.9841341247633273e-06, -7.966867006470872e-07, -1.699398743946553e-06, -3.6640756761847013e-07, 2.0757871077113e-07, 1.6286036019951295e-06, -2.7481724707658606e-07]}