{"L": 7, "J": 0.0283282086429988, "B": 0.141641043214994, "K": 31, "init_state": "maximally-mixed state", "energy": -0.953274797183399, "eigoccs": [0.8887027874346143, 6.912556754265156e-05, 0.0004854487886393287, 0.002203995365571476, 0.0062812741329980794, 0.016531881308300207, 0.03179792296505783, 0.03465494006419234, 2.328396808773041e-05, 2.868495572633291e-07, 8.827413120304793e-06, 7.508389361564507e-07, 1.986629782016663e-05, 9.23828221824438e-06, 1.2508247035146784e-05, 1.2249698591696604e-05, 1.226641662534728e-05, 1.365729202332742e-05, 1.5560666947713108e-05, 1.3182138617483723e-05, 1.795866406757829e-05, 4.1263060580680915e-05, 4.344401700529382e-05, 6.622259082063778e-05, 0.00011239946983645051, 0.00011338488591356162, 0.00015364144880170222, 0.00036281087025100497, 0.005138072378145772, 5.563700230050302e-07, 7.558344679933049e-06, 2.8007817051101502e-06, 4.805196756663731e-06, 1.6997771238616764e-06, 2.150635951772998e-06, 1.7288974290441389e-06, 1.2019077845995657e-06, 1.2322758246646167e-07, 3.108807044670343e-06, 9.241577931595256e-07, 3.3622763660699846e-07, -1.7708845729843834e-06, -5.95253737368567e-07, -9.066774320214575e-07, -3.97248892666189e-06, -5.635258213356704e-07, 2.3268512450171276e-06, -9.199304728230061e-07, -1.3989582275025233e-06, 2.715207699425556e-06, -2.135428021254345e-06, 3.600006235395888e-06, 3.3185599966067146e-07, 4.309094177382924e-07, -1.7477883897328742e-06, -1.4007911477822281e-06, -2.2529299418967302e-06, 3.240014515322133e-06, -1.9048123248178495e-06, 7.031652769822349e-07, 3.1843837291223693e-06, 4.77187228562194e-06, 5.22146598943027e-06, 2.923392521267435e-05, 7.830092617909762e-07, -1.8131859962123572e-06, -1.635918054949984e-06, 2.094075276279085e-06, -3.891128934335601e-06, 1.6162965979142039e-06, -2.910546118070088e-07, 2.421829822806933e-06, 4.663126539789931e-06, 3.0970408610609487e-06, -1.6516190935633647e-06, -9.832549939430684e-07, 2.393760731502503e-07, 1.7371722478911903e-06, 4.3438560460383396e-07, -2.453936618157083e-06, 2.191233583476349e-06, -4.206667654215123e-07, -3.0383754710352307e-06, -2.5341107118949416e-06, 8.111659933113088e-08, -2.5291480002802948e-06, 2.082559733236826e-06, 1.8305933776838405e-06, -7.459031891456632e-06, -1.4205329723178256e-06, 2.66414110793223e-06, -2.637943009183969e-06, 3.1308042346585435e-07, 1.839481784203822e-06, 1.900217999100593e-06, 1.0309452221697235e-06, -3.5128576084622308e-06, 2.550509262886991e-07, -7.78687412214556e-06, 1.2746974980351545e-06, 1.1162717300610422e-06, 1.1558277448142035e-06, -5.759056698951281e-06, -2.1772696496686133e-06, -3.890559644577144e-08, -4.673944315449123e-06, 7.536505115269401e-07, -5.161735536643755e-07, 5.266383861882699e-07, -2.0457400527017876e-08, -1.2797329598543396e-07, -2.1840896231042716e-06, 6.43434388971849e-07, 6.744053391729264e-08, 3.337610907506189e-06, 1.0983718888320405e-06, -8.743771871775904e-07, -1.7518755102398497e-06, -2.523990690056851e-06, -8.339471091941506e-06, -2.982198336987511e-07, 1.130553783851845e-06, 3.2985311387290446e-06, 3.949254557117365e-07, -1.600538603650123e-07, -4.835610646220774e-07, -5.5210537588147844e-06, -1.7862647742965946e-07]}