{"L": 7, "J": 0.11673007904761218, "B": 0.11673007904761218, "K": 42, "init_state": "maximally-mixed state", "energy": -1.0142803747463272, "eigoccs": [0.9755344604336588, 0.0012098408054462832, 0.02805112989635964, 0.00010241419343553674, 0.007076455379030582, 3.131672627405187e-05, 0.007005306700770366, 5.7224761140910356e-05, 0.0008783363825586919, 0.0021990416203305444, 0.0001145784973842738, 3.270215860661106e-05, 4.885317023256806e-06, 0.0006318753561627727, 0.000659829590065842, 4.851971296843141e-06, 8.237127782759989e-06, 5.41334983114039e-06, 0.00028157161666102985, 0.0003004160563572072, 2.5548497047467746e-05, 6.719084231126329e-06, 2.5937668461302854e-06, 0.00016685137807899436, 0.00013768531556320447, 6.84239688963815e-08, 1.3993076410970577e-06, 6.129924453834527e-06, 1.0623841392136827e-05, 4.660058302248597e-05, 0.00011529502683609713, 5.1601798132142106e-05, 2.2075206871785576e-07, 7.637360590101733e-06, 1.757825116656033e-06, 2.4269246552560625e-06, 7.468194429150742e-07, 1.568302699686444e-05, 2.4061439608717578e-05, 2.535938575529391e-06, -8.163944009989474e-07, 1.5436932454756325e-05, 1.0482908704256335e-06, 1.1382202801357498e-06, 1.6656740386954268e-06, 5.567669510772817e-06, 5.564538588264619e-06, -1.4815846714042345e-06, -1.5954489735710536e-06, 1.0541419440304325e-06, 2.3015742503226104e-06, 6.359170146945992e-08, 1.7970569728463222e-06, 5.82931828183606e-07, -7.548434161958673e-10, 9.32887647981284e-06, 2.1367225403347078e-07, -4.622315374748626e-08, 1.1841132684580027e-06, 5.139330422578589e-07, 1.4683382043628283e-06, 1.2061424384148924e-06, 1.2513671085070916e-06, -5.366014810285518e-07, 2.3382583734765575e-06, 1.5632990489226852e-07, -1.2673665326947063e-07, -6.901346197311382e-08, 6.367606475135224e-07, 8.20205188177614e-09, 1.3250040259227155e-06, 4.657049101442392e-06, -6.251015318379767e-08, -2.4282589288068497e-07, 5.637878107907074e-07, 1.995405088114958e-07, 7.347117892761126e-07, 5.645205397638909e-07, -8.745857339795518e-08, -6.187400540067811e-07, -6.163898309117518e-07, 1.0588888026431165e-07, 5.194255911999571e-08, -6.602965521374606e-07, -1.7294064503696136e-07, -4.4365932447291313e-07, 3.575275500552554e-07, -2.652696544567552e-07, 8.269953536766086e-07, -6.38784812032005e-07, -1.0444802547832955e-08, 4.559921433064558e-08, 5.399322247205827e-07, 4.419850660784045e-07, -2.421585556215962e-07, 1.4229183746027744e-06, 6.787178166775578e-08, 1.409280483021858e-08, 1.8784949639782115e-07, 2.1079964696163213e-07, -1.1626445418904762e-07, 3.9956826690787705e-07, 8.466760660444484e-07, -1.0913122265393283e-07, 2.174439653118508e-08, 4.83586033300815e-07, 3.764205715766899e-07, 1.6361912213325985e-07, -7.868827190508647e-08, -1.2250554672183938e-07, 6.286900211023823e-07, 4.916132758823314e-07, -5.976050843637412e-08, 4.494723449292206e-08, 8.881191098961173e-08, 1.580706756785223e-07, 4.6780955554633353e-07, 5.8675944096709336e-08, 2.6102543844781033e-08, 1.9292956913874265e-08, -5.566229390087481e-07, 3.2242287493323265e-08, 4.5006807817116616e-07, 1.1753688862942295e-07, -3.898850838451638e-07, -3.908493890784627e-08, 1.5688886875446074e-07, -8.632789016534785e-09]}