{"L": 7, "J": 0.1641957775205015, "B": 0.0328391555041003, "K": 3, "init_state": "maximally-mixed state", "energy": -0.7477157468611292, "eigoccs": [0.2143244224321017, 0.2127162539422109, 0.04267747763844612, 0.04199644912965818, 0.046050570621456656, 0.045043134435481726, 0.038620781136285955, 0.038417115576068764, 0.022584055413054818, 0.022107604651283336, 0.024045221685666345, 0.023582325234539563, 0.028264632016120766, 0.028166847813181232, 0.00872504080183727, 0.008495473363669136, 0.007494783231330066, 0.007368755743746919, 0.004291242720129094, 0.004108729104851157, 0.004542991789799222, 0.0045209990499563086, 0.0039993337492853324, 0.0037161627786668344, 0.005844344676692333, 0.005530636080187094, 0.006325287637964191, 0.006245307076503711, 0.004957281796769037, 0.004828598248259333, 0.0032030582997858463, 0.0030825400152629705, 0.004748995424605663, 0.004727234913251329, 0.004135032494174386, 0.003996292729597695, 0.005132487873039909, 0.005164308545206966, 0.002359289164246831, 0.0022248363095104242, 0.0035583975778111544, 0.003502826176414779, 0.0029974433411093446, 0.0029874574950351377, 0.0009234479204643475, 0.0008705922344868612, 0.0007706984042024178, 0.0007496375999881669, 0.001162441858131719, 0.001094062992741849, 0.0005969546069681281, 0.0005887720689671166, 0.001053966905062622, 0.0010394650469745805, 0.00039852055427215766, 0.00040123534824256966, 0.0009224442944351222, 0.0008651478694734448, 0.0009716390756125341, 0.0009764081063646627, 0.0005757826917124882, 0.0005761772180108853, 0.0005144183570599415, 0.00048075080935621524, 0.000580160724640259, 0.0005558810240348219, 0.0007573053455742509, 0.000747782551573975, 0.0004362511128479775, 0.0004237262536997351, 0.0005538016843105633, 0.000536525491792614, 0.0007189711656095431, 0.0006744457205196362, 0.00030406843788277984, 0.00028321639355268207, 0.0004431318649996387, 0.00047612726242665074, 0.0004296755044968444, 0.0004166597969778466, 0.0004515471122787291, 0.00044171709858859443, 0.0003528580808424259, 0.0003409110754096545, 7.51179439598195e-05, 7.493578225536559e-05, 0.00012885400256762206, 0.00012764779460266697, 0.00012364445189748141, 0.00012097404468003113, 0.00010597960909661086, 0.000103539758118398, 0.00012035410850736227, 0.00011838016351950993, 6.233377398192556e-05, 6.0593327676972566e-05, 0.00012835956988231208, 0.00012660295185750944, 9.851310018973446e-05, 9.57785533279016e-05, 3.273212321997082e-05, 3.1096861662574234e-05, 5.0792039591364595e-05, 4.941469824157056e-05, 0.00010987713621566893, 0.00010190041702905502, 7.05991470953833e-05, 6.829417036639367e-05, 8.38476512519311e-05, 7.720590832733533e-05, 4.799068389900407e-05, 4.810558664932369e-05, 2.062755156086252e-05, 1.9981691580581326e-05, 7.472709819096715e-06, 7.057015464846939e-06, 1.0236136422010248e-05, 1.0214031570776322e-05, 1.7465672380723076e-05, 1.665168459550049e-05, 1.2264833912283102e-05, 1.1683183285506814e-05, 6.1716471950609395e-06, 5.544751745402203e-06, 2.818109440661051e-06, 2.529582412926719e-06, 7.732988588500096e-07, 7.091087111132168e-07]}