{"L": 7, "J": 0.0283282086429988, "B": 0.141641043214994, "K": 45, "init_state": "maximally-mixed state", "energy": -0.8921392425910775, "eigoccs": [0.8263152189848876, 4.632746054084683e-06, 0.00037176678852399896, 0.0012684237232836947, 0.0034089820826041584, 0.02232416644829928, 0.03413855552632586, 0.031636062902815634, -4.171191172364615e-06, -1.8608208030965476e-05, 3.14585720887993e-05, -4.001007293076891e-06, 1.3079890931901528e-05, 6.072736852428898e-06, -4.3999847081774486e-07, -4.040870345380695e-06, 8.498700235716019e-07, 3.013701249380839e-06, 1.3365381658976346e-05, 1.7462475981032322e-05, 4.4993244971319015e-05, 5.152302150206284e-05, 6.41124498170237e-05, 5.6395230860039545e-05, 9.536701986878138e-05, 7.259211939792171e-05, 0.00016334372297955484, 0.000660199334828526, 0.0068011752262303205, 7.794041306328716e-06, -5.4547730237790526e-06, 3.822931872375654e-06, 1.0718537007687582e-06, 7.479349252510497e-06, -2.736635235709225e-06, 6.850652272203395e-06, 7.594318274998832e-06, -2.2308766561293558e-05, 9.99113608667462e-06, 2.0876398160512757e-06, 5.58934304136777e-06, -1.8810216260679796e-05, 3.701888959478669e-06, 7.165876447345919e-06, -1.4027595180632247e-05, 1.228261984972278e-05, 2.0153063815086755e-05, -3.2546090291853905e-05, 1.376606931990596e-06, 2.0466809884436035e-05, 9.948986520945823e-06, -2.3995253642354742e-05, 6.02783363797416e-06, -7.005356904543854e-06, 4.4250821350547695e-06, -8.870155913130102e-06, -1.6795391167504093e-05, -5.025079326889579e-05, 9.802149563457217e-06, 1.0092667574072591e-05, -3.851118457892753e-06, -1.4131744965416307e-05, 2.550132447997604e-05, 3.4924988823049944e-05, 6.981366276720529e-06, 7.2074171867893645e-06, 7.070562984598e-06, -1.4378004770183841e-05, -3.7491304093344177e-07, 1.665478098131698e-05, -8.133336259264663e-06, 1.252545690218282e-05, 6.542449537383558e-06, -1.673442880047272e-06, 1.4270796898437193e-05, 3.3107300109586115e-06, 7.0982102984180615e-06, 6.202436452557751e-06, 2.5065449848002415e-07, 1.8351158784850579e-06, -2.2519733749207643e-05, 1.1215277481824587e-05, 3.210252702039869e-05, 1.575322626872062e-05, 5.662443613709917e-06, 2.1878746064345112e-06, 9.770763913093238e-06, 1.4468062894704903e-06, -4.701239319148118e-06, 2.031912115566924e-05, 2.1366847711955127e-06, 3.979972574113761e-06, -2.4280858733713934e-06, -3.451043947570494e-05, -7.016261232988866e-06, -1.3559003142636843e-05, 2.16924376729856e-05, 8.972224338053923e-06, 4.595445502497331e-05, -1.9532989658898432e-06, 3.781350169748456e-06, -1.6299374144234286e-06, 3.00056432097077e-05, 1.5531285554483777e-05, 5.299198064221614e-06, 1.5310277863382454e-05, 1.2169295952076893e-05, -7.540086777651358e-06, -1.1914963440873048e-06, -7.430332017949862e-06, -3.991828764450021e-05, -4.9999682972337925e-05, -3.2671946732810403e-06, 1.392221673861179e-06, 2.1533664884966027e-06, 1.7171158203537634e-05, 6.534382576708695e-05, 6.346470741877104e-06, 2.844174816405716e-05, -2.582823615113417e-05, -1.651594701580005e-05, -2.6149532271906157e-05, 5.07111335473996e-06, 2.596218104698489e-05, 1.3065748321023775e-05, -9.000771533589234e-06, 1.8594160173520604e-05, 2.8362601436632507e-06]}