{"L": 7, "J": 0.1641957775205015, "B": 0.0328391555041003, "K": 36, "init_state": "maximally-mixed state", "energy": -0.9835741512987515, "eigoccs": [0.4661752494454013, 0.46640741672411046, 0.011246219258374004, 0.011216089361414008, 0.0031523484359987945, 0.003136149414994688, 0.0015339778071446707, 0.0015525627483380443, 0.0028267261480361995, 0.002811385372082235, 0.003378451507486185, 0.0033820230666306377, 0.015262562734020735, 0.015294972747343637, 4.209875668643965e-05, 4.226979488527213e-05, 0.00010734770196775156, 0.00010594462277191297, 7.705901899183917e-05, 7.64798947910837e-05, 0.00016574646951210116, 0.00016502700165024008, 0.00010653152739444154, 0.0001069666374304567, 0.00019230252187217762, 0.0001918204163054286, 0.0004047617358271432, 0.000404011029676379, 0.0001277085079572399, 0.00012748252404048806, 0.00013956265936436427, 0.00014182528459133053, 0.0001707587595604957, 0.0001705783974341713, 0.00014634693655693595, 0.00014717509257034157, 0.00015051113630784428, 0.00015136735777755367, 0.0001599708460586781, 0.00016023437064842865, 0.00018675857946296104, 0.00018661398978748488, 0.00016802630838074406, 0.00016804853508646167, 1.9387262871127697e-06, 1.910215463348902e-06, 3.4655844320409157e-06, 3.3788244095991374e-06, 3.4937336501528716e-06, 3.6626829368445406e-06, 3.860378782477105e-06, 4.027972668341992e-06, 3.6072212600830893e-06, 3.3848101441321546e-06, 1.8700481874499162e-06, 1.8043653017312688e-06, 4.56720424857341e-06, 4.6335505621453526e-06, 5.6333616194949755e-06, 5.4931929392271184e-06, 2.171281165241153e-06, 2.165246797017517e-06, 5.010795900869375e-06, 5.168086065568802e-06, 3.5042137919276455e-06, 3.322569572751405e-06, 6.982504586019767e-06, 7.0286350251571e-06, 2.7932331651179685e-06, 2.6623306136470153e-06, 4.4031830369713184e-06, 4.469048884292453e-06, 9.801568209276962e-06, 9.777786695933774e-06, 2.739346139613538e-06, 2.789764613183908e-06, 5.601610496666551e-06, 5.571616711130405e-06, 4.831793729176142e-06, 4.888970041682701e-06, 6.0603176730145294e-06, 6.088625152393206e-06, 5.926860191944793e-06, 5.950337632549794e-06, 5.806657463130585e-08, 6.480044298972649e-08, 7.325861246980688e-08, 7.13185940173495e-08, 8.70929204570611e-08, 8.498623590831199e-08, 1.0305351691433935e-07, 9.922403677813835e-08, 1.3795861361547174e-07, 1.450534348566562e-07, 1.276015979491231e-07, 1.2854853909636584e-07, 1.7011448930332235e-07, 1.704298222863879e-07, 1.7521259033712522e-07, 1.7798982598441562e-07, 1.0200833629164927e-07, 9.238985683026428e-08, 1.0547958357571275e-07, 1.0774224520785461e-07, 2.1706409144861306e-07, 2.1773538275363498e-07, 1.3515428221877584e-07, 1.3122507849695373e-07, 2.3478744093384734e-07, 2.361087439232531e-07, 1.4583420191730637e-07, 1.4400775286506366e-07, 1.618019047239305e-07, 1.6340239786848316e-07, 2.8834039411355014e-09, 2.929234125528661e-09, 3.151079424448344e-09, 3.349110392916149e-09, 4.471833290806338e-09, 4.2879833374208284e-09, 5.743052623102525e-09, 5.779878795116467e-09, 6.922627818758649e-09, 6.944693910457992e-09, 4.647659994996784e-09, 4.532409759261385e-09, 1.6500007576474137e-10, 1.7290645779775252e-10]}