{"L": 7, "J": 0.0283282086429988, "B": 0.141641043214994, "K": 6, "init_state": "maximally-mixed state", "energy": -0.9808540100695344, "eigoccs": [0.9403765521830718, 0.0006175832832880698, 0.001997207059765485, 0.004396027804069444, 0.00571934568781173, 0.011297807110185448, 0.013427630365457412, 0.01999808140690637, 1.5009938295915584e-05, 7.283304600397657e-05, 2.3452872330358395e-05, 0.00011843895645741761, 0.00021919329857175514, 3.857594087089056e-05, 0.00014563322601413687, 5.409915036336138e-05, 2.4640716412059706e-05, 1.7853301944835342e-05, 6.862276717426252e-05, 0.00029870118872378916, 0.00012752947781354332, 0.00016442222577562867, 9.11329406349628e-05, 0.00010139389575170981, 0.0001351789656193073, 0.00013273952303594793, 0.00015597927769355483, 0.0002481887425056904, 0.00026441111492902917, 2.002084773311145e-07, 7.585818388080313e-07, 1.0759704418693427e-06, 3.323344041911082e-07, 1.383338169001129e-06, 1.0651495681154497e-06, 2.161979778936184e-06, 9.600397609853817e-07, 1.3676718192681562e-06, 3.787776706345336e-06, 1.6447293528854864e-06, 1.6283517019806346e-06, 1.669734671400669e-06, 2.8973785738708503e-06, 3.0502086601205587e-06, 1.8687581109005604e-06, 1.737714743186925e-06, 4.126457497477621e-06, 3.08667311613801e-06, 8.586294825332205e-07, 5.955499789470165e-06, 2.365329269661116e-06, 2.852022642852551e-06, 1.6134181762539985e-06, 3.605802968341296e-06, 2.2127513980944377e-06, 1.044735425591995e-06, 4.649462277689874e-06, 2.825593511486665e-06, 5.538249080791957e-06, 2.0504835481493227e-06, 3.299491056608451e-06, 2.703798310644711e-06, 2.851367720507161e-06, 3.234194776457319e-06, 7.98072368486645e-08, 5.66359838300546e-09, -8.990358626098278e-08, 3.9022526884964505e-08, -2.3513305272144104e-08, 5.8045517478064824e-08, 1.0564232741811704e-07, 8.202690708489454e-08, 3.688755871027989e-08, 5.533190884488272e-08, 8.042283189791111e-08, -5.4729333191801284e-08, -7.482139829741542e-08, 2.1892572650350784e-08, -2.197014328198227e-08, 1.0079036732669592e-08, 5.0334501486080256e-08, 9.441282600128634e-08, -6.321928457422553e-09, 2.3217557975234134e-08, -2.5996155236893833e-08, -2.751089058307187e-08, -6.002522331961433e-08, -6.940100454749816e-08, -6.130261957427595e-08, 5.3658048747297285e-08, 8.598435193851203e-08, 8.519772873151375e-08, 1.6983074076343574e-07, 2.0073603465268152e-07, -1.8951015870497166e-08, -4.481148110953828e-08, 6.221228993339564e-08, -2.3159840883788548e-08, -5.52405656994167e-08, -2.6557408511146517e-08, -4.533286293754714e-08, -1.3911191152109184e-07, -1.299160008194829e-07, 5.953388287591814e-08, -8.547097944226051e-08, 8.039205915087642e-08, 3.971085526080521e-08, 1.9510055788775846e-08, 1.0305286474454249e-07, -3.974949383580613e-08, -3.0554383715391557e-08, 6.584889103525538e-08, 3.7091849993722994e-08, 9.412151124061137e-08, -2.7616938903709615e-09, -3.942659124902662e-09, 1.0651378386613629e-08, -1.1420524807333607e-08, -5.3276132137359094e-08, -8.999213023508961e-09, 3.974126333717719e-08, 2.772034549667244e-08, 5.3033369145865556e-08, 4.397381292818765e-08, -5.463101440252967e-08, -1.1065128020566224e-08, -3.231428335775231e-08, -7.251925810616328e-08]}