{"L": 7, "J": 0.0283282086429988, "B": 0.141641043214994, "K": 4, "init_state": "maximally-mixed state", "energy": -0.9750754202497258, "eigoccs": [0.9177857348132911, 0.0021210808750411, 0.002189112304587005, 0.0034742299536990352, 0.009272014288028712, 0.018233533515397464, 0.030476880468027913, 0.01412204597243049, 8.122987296226226e-05, 4.16503512959069e-05, 0.00021258456179422828, 0.00017388882631239893, 0.0008024960068072236, 0.00034429618555357534, 0.00010129794608397307, 0.0001524764337683528, 6.095044444987704e-05, 5.156436448862327e-05, 7.13195697032112e-05, 0.000612558008980179, 0.00017098626827264494, 0.0001654891868244306, 0.00023057403454503582, 0.00013253541569230415, 0.0003123807098615728, 0.0003140857663456137, 0.0005832656596787967, 0.0004329551443489403, 0.0004122568620187066, 1.4775792755319055e-06, 3.6304440705349835e-06, 2.8388920801088066e-06, 3.33293026228901e-06, 5.5857833964401305e-06, 2.1350429547767475e-06, 3.4826348997535925e-06, 1.7404132866728987e-06, 7.856163034109329e-06, 1.3205347771642144e-06, 9.200520682662134e-06, 5.085067926723534e-06, 3.1914040519177136e-06, 1.6418806025140103e-05, 1.122276593219604e-05, 4.012661400934399e-06, 5.759558866696722e-06, 2.865068381652252e-05, 4.37668709355953e-06, 1.2264949966800627e-05, 1.3314025332342535e-05, 8.782087859311311e-06, 6.045066225040052e-06, 5.262442763085028e-06, 4.05721450483115e-06, 3.830391751750054e-06, 2.106361382731242e-06, 1.796661343204226e-05, 4.132744054343432e-06, 1.1691488940990175e-05, 8.321029588430512e-06, 3.6950688684829584e-06, 8.572269578944754e-06, 8.695182352627065e-06, 1.0676354484951447e-05, 1.7155567594925798e-07, 1.5626287561866947e-07, 7.052225247465698e-08, 2.5818254713664063e-07, 5.800097208102582e-08, 1.1774287674652805e-07, 1.9798881244457678e-07, 1.3233082694724322e-07, 6.533910470150643e-07, 5.502212956188441e-08, 1.8869291784389874e-07, 1.8107311040623263e-07, 7.918550624225133e-08, 2.1222880138394607e-07, 1.3284093068663021e-07, 1.9116530872650837e-07, 7.812553159290571e-08, 2.483720891167403e-07, 1.592726287642362e-07, 2.7373498228912217e-07, 1.3825300561131578e-07, 1.5125170095933647e-07, 2.150525398171325e-07, 5.673541932128914e-07, 1.652095426846408e-07, 3.7056403505293827e-07, 2.3653727287579472e-07, 2.8714633550028997e-07, 3.6542958682617983e-07, 1.956204417840512e-07, 2.9439698126972827e-07, 2.8446503609497044e-07, 8.201580772503635e-08, 2.4060594483543726e-07, 3.996511651804837e-07, 5.884032130059062e-08, -4.463822806252858e-09, -7.656568306107118e-09, -3.69755802906241e-08, -4.068797737040755e-08, -4.429769600873132e-08, 3.460502510543118e-08, -3.990085053597575e-09, 2.4080513668119316e-08, -2.2990662238589142e-08, 3.825832643141739e-08, 5.2923455084175474e-08, -2.5816204796351025e-08, -4.8483030411684015e-09, 3.320355051687789e-08, -2.9328455862831924e-08, 4.210487015126998e-08, -6.8852280024373936e-09, -4.154605737612106e-08, 5.8226469739179384e-08, 1.7951324504170313e-08, -2.289679525456639e-08, -1.2728022723144608e-08, 4.603188634605078e-10, 1.5570070933931313e-09, 2.6019748359102136e-08, 8.991331234559539e-09, 2.295416811524622e-08, 3.974311454562247e-10]}