{"L": 7, "J": 0.1641957775205015, "B": 0.0328391555041003, "K": 40, "init_state": "maximally-mixed state", "energy": -0.9816663559380039, "eigoccs": [0.4693286261917867, 0.4693348710120168, 0.00979712162014683, 0.009766696165422771, 0.0006248357456125867, 0.0006450620032306688, 0.003059239819886623, 0.0030493717900182808, 0.0021353203826001317, 0.0021375230339045334, 0.0037627297101532576, 0.003755220168667808, 0.012189469922429405, 0.012215334457888416, 3.814443960018646e-05, 3.8529209536684604e-05, 8.912423170993253e-05, 8.89863129083717e-05, 6.766970095192337e-05, 6.805034467648371e-05, 0.00010882642539660845, 0.00010856664421048666, 7.365798950725481e-05, 7.431875024364946e-05, 0.00016254746046809288, 0.0001623705020893865, 0.00036556429631842474, 0.00036517689487351013, 0.00010287502372983604, 0.00010375419315199574, 0.0001343893386132776, 0.0001338661064086761, 9.812697414609823e-05, 9.864394852824848e-05, 0.00015454557969549743, 0.00015448436983836055, 0.0001990939247820933, 0.0001993498465550516, 0.00013047678369164717, 0.00013088152290136208, 0.0001571203682945336, 0.00015676470069576675, 0.00016031653782025903, 0.00016023376688794277, 1.8505031858216015e-06, 1.7434276476979769e-06, 1.9585980603426294e-06, 2.0470520020505666e-06, 2.6693853316485304e-06, 2.8258184482938596e-06, 3.0936187060178447e-06, 3.078889720999372e-06, 3.265348331187224e-06, 3.465158516763947e-06, 1.1628085377090348e-06, 1.2513828700616597e-06, 4.005137093310347e-06, 3.913948805966772e-06, 5.33105793879145e-06, 5.337087449338811e-06, 1.5094125407801776e-06, 1.5014433751502192e-06, 3.6865234131109824e-06, 3.7129488071148943e-06, 2.575280602606064e-06, 2.7048433377247844e-06, 5.348301353046768e-06, 5.351668385984209e-06, 1.3767302613326373e-06, 1.4378261615312541e-06, 2.483261377237983e-06, 2.4971416412444757e-06, 7.383745575333819e-06, 7.376026456772328e-06, 2.687599423086165e-06, 2.69437779075483e-06, 3.6351964668545652e-06, 3.6557205188142033e-06, 4.53104939639314e-06, 4.594712529113939e-06, 5.589837173424348e-06, 5.53674120262716e-06, 4.478359232061563e-06, 4.4957395742839295e-06, 3.8586058668053374e-08, 3.906641160239207e-08, 5.6871556722979425e-08, 5.68970385099962e-08, 8.106119128408987e-08, 8.21485675154888e-08, 5.8265372675274225e-08, 5.959687607852509e-08, 9.446318613152025e-08, 9.62800965333281e-08, 9.407501685928679e-08, 9.253423260460478e-08, 1.4252582029361584e-07, 1.4608370983917248e-07, 1.533965247282338e-07, 1.5236837537587359e-07, 7.023588005102624e-08, 7.32956166786819e-08, 9.52001154686966e-08, 9.702685283003979e-08, 1.8471929348572687e-07, 1.8330028042711564e-07, 1.038145306783624e-07, 1.0492198002999144e-07, 1.6664199402058798e-07, 1.677223592258634e-07, 9.52770939781261e-08, 9.74925087919564e-08, 1.5078397844387142e-07, 1.5082468538307782e-07, 2.0895979362676877e-09, 1.9985800623476736e-09, 2.9208205381970856e-09, 3.019378270656514e-09, 3.6784567524776933e-09, 3.698912312449656e-09, 3.878465783125598e-09, 3.949846525239421e-09, 5.314236462163024e-09, 5.17145227557303e-09, 3.4286025452418147e-09, 3.5620808583872988e-09, 1.285808342973968e-10, 1.2651443234057154e-10]}