{"L": 7, "J": 0.1641957775205015, "B": 0.0328391555041003, "K": 19, "init_state": "maximally-mixed state", "energy": -0.9699231816073309, "eigoccs": [0.45357536059084475, 0.4534523370704538, 0.013412722226304933, 0.013308154917534388, 0.0007499357084831532, 0.0007690249902788879, 0.002141076967412744, 0.002122432722814949, 0.007815706291332894, 0.00784934471928822, 0.008444582422544412, 0.00845390837980997, 0.013097914244409817, 0.013094873751556518, 8.785645783518665e-05, 8.78464943658552e-05, 0.0002052725468911482, 0.00020527539825907902, 0.0001734758931900553, 0.00017245631814985263, 0.00039728537700986857, 0.000395130419594729, 0.00012408647863422788, 0.00012443530108903163, 0.0004197228819985778, 0.0004183487628504132, 0.0007737746668554384, 0.0007718129113949319, 0.00016642409977694179, 0.00016687917315406513, 0.0002467294668595502, 0.0002477056250235312, 7.495953126771874e-05, 7.552172347586881e-05, 0.00027958522023572153, 0.00027982946528863796, 0.00022466571543030035, 0.00022383757951202312, 0.00025481290719912386, 0.0002542012094152742, 0.0003864729115006005, 0.0003869744503885679, 0.00033000486671256755, 0.00033019938736378876, 5.8317869555853125e-06, 5.441388995747923e-06, 4.658684344009739e-06, 5.133978081617193e-06, 6.569386404786807e-06, 6.024415654929299e-06, 8.914701679345476e-06, 8.842022531456897e-06, 4.281240687367996e-06, 4.2392394615419815e-06, 3.845071359756159e-06, 4.128174839627194e-06, 1.1540598777282116e-05, 1.1562478821798626e-05, 1.154913128415447e-05, 1.150697364381145e-05, 4.748654449544156e-06, 4.654360243297153e-06, 1.6299399013564507e-05, 1.6472029734572593e-05, 6.014987589939381e-06, 5.786929684646043e-06, 2.2649026673464855e-05, 2.2676220833221045e-05, 5.089933070182895e-06, 5.317522436712999e-06, 4.91973829748111e-06, 4.977998770305799e-06, 2.3538632528936493e-05, 2.342941849952803e-05, 1.0517354720618075e-05, 1.0515263319947232e-05, 5.779688163039516e-06, 5.839340059645722e-06, 1.0590572565893063e-05, 1.0604527394702785e-05, 1.2531398623303195e-05, 1.2367420585896926e-05, 1.2042463616445392e-05, 1.196971426620663e-05, 2.2256334048141e-07, 2.528842758693141e-07, 2.7094564615273064e-07, 2.7097507686867246e-07, 5.002507502375571e-07, 4.882410019705598e-07, 2.688758787202853e-07, 2.756424469758438e-07, 3.6671830124148223e-07, 3.7132689491361735e-07, 5.256564046848729e-07, 5.086318925536685e-07, 4.364730001729786e-07, 4.2332581932614103e-07, 6.860842868678957e-07, 6.752356058625567e-07, 2.6289401213806916e-07, 2.595045772483339e-07, 2.757229898962368e-07, 2.9109275099935564e-07, 7.241402162227175e-07, 7.163110432965583e-07, 2.9352209846941077e-07, 2.8680421050482473e-07, 8.915959191664208e-07, 8.967493534376969e-07, 2.7802550008098587e-07, 2.85168501755024e-07, 5.689936502522103e-07, 5.658799521160055e-07, 1.688268312908196e-08, 1.6338162200652724e-08, 1.9322794838220675e-08, 2.0441693346594533e-08, 2.030494011480874e-08, 2.018302782684313e-08, 1.825717409922672e-08, 1.8669587350122943e-08, 3.4624078574507135e-08, 3.405948850665433e-08, 1.3823406249802448e-08, 1.3432425758126864e-08, 1.0430449838753375e-09, 1.0463004529514263e-09]}