{"L": 7, "J": 0.0283282086429988, "B": 0.141641043214994, "K": 16, "init_state": "maximally-mixed state", "energy": -0.9989827602070176, "eigoccs": [0.9478456551959811, 0.00019042727382470159, 0.00037337225499887685, 0.001897657482006898, 0.0051177067895002894, 0.010325164225810968, 0.026476846854739906, 0.028749784817088467, 1.2850080126185401e-05, 2.4123841266035955e-05, 1.0910766203340963e-05, 9.973834777565687e-06, 2.990468018108246e-05, 1.4452143754253787e-05, 1.3885387951698337e-05, 1.3355846080781997e-05, 2.102320752825551e-05, 1.338123794260539e-05, 1.5560082196148898e-05, 1.5226913572725116e-05, 1.7708684992551793e-05, 5.74373215029819e-05, 4.928771486773149e-05, 6.940843249705844e-05, 0.00010098982890533026, 0.00012960735083898268, 0.00020288852725764824, 0.0002555863426795375, 0.003405928884539617, 2.532157753019312e-07, 3.082354969884764e-07, -1.6971853461747952e-07, 1.752184814153583e-07, 3.5437039040131886e-07, 6.400701619785996e-07, 2.441924830420487e-07, 7.603787467662477e-07, 4.996813065765158e-07, 1.3913589894129925e-07, 4.2501213852758066e-07, 6.345775084004421e-07, 1.4094524020178286e-07, 4.1605133428995123e-07, 4.909890007971409e-07, 7.764535163528763e-07, 4.800856752384905e-07, 8.327770046886269e-07, 5.051092765050877e-07, 8.21383372843667e-07, 1.0615171386620456e-06, 8.25689154746101e-07, 9.039777190809269e-07, 9.269524153499121e-07, 9.139168814652365e-07, 7.733350038768416e-07, 9.243608458829733e-07, 1.1503736792146502e-06, 1.1072615590828182e-06, 1.3952687454707161e-06, 8.543643995086079e-07, 3.6669366964241786e-06, 3.4975268382247307e-06, 8.556571969562754e-06, 1.9310857339827342e-05, -2.249807750885073e-07, -1.639380393550546e-07, 8.253906879916873e-09, 7.793462274295282e-08, -1.2218298771612277e-07, -2.3557676388214305e-07, 2.47806448762144e-07, 3.619858125377472e-08, 5.037652476835299e-07, 1.0773444752789503e-07, -3.141865911440526e-07, -8.52111126615264e-08, -6.742509176680963e-08, -5.697518600430538e-08, 4.726368248709092e-08, -1.0044755530388599e-07, 2.1438603073703476e-07, -1.4336546882927264e-07, -9.288515599047273e-08, 1.8782860308958644e-07, -1.4733190545341124e-07, 9.298177178078231e-08, 8.014377577391302e-08, 4.9537847850337055e-08, 2.2218232693922832e-07, -1.471007149648334e-07, 1.2931076929952884e-07, 4.993432485420665e-07, -1.5336374913805572e-07, 2.896823566503857e-07, 5.438885755267004e-08, 1.2143839329988646e-07, -8.839295258199247e-08, -3.9080399312400106e-08, 1.3579444998310286e-06, -4.8386988842654705e-08, -1.0989927686609785e-08, -7.877719790110032e-08, -1.138144707700968e-07, -1.2267140275204217e-08, -3.743866974333622e-08, -6.950302830138267e-08, -4.563887669774899e-08, 8.033633902854768e-08, 6.964780148698191e-08, 1.4617976793266322e-07, 1.561758492030733e-07, -3.824685337538466e-08, -7.309203763858426e-08, -8.683404068501293e-08, -6.460524433899747e-08, 1.4094862214302223e-07, -4.4583360224206146e-08, -1.3728548019204151e-08, 7.29379050234212e-08, 5.805587619570342e-07, -9.783969910642628e-08, -2.864460028721365e-07, 2.0255149894403257e-07, 1.2040846995659953e-07, 5.8950156976474264e-08, -1.7585727372732082e-07, 4.2483287191575565e-08, -2.363119602341735e-08]}