{"protocol": "Iterative LogSweep (all k<K)", "L": 2, "J": 0.9284766908852597, "B": 0.18569533817705194, "K": 10, "init_state": "maximally-mixed state", "energy": -0.9704924368167956, "eigoccs": [0.42443793917818295, 0.5886614546179773, 9.066425263882204e-07, 0.0005031000003375885]}