{"protocol": "Iterative LogSweep (all k<K)", "L": 2, "J": 0.44721359549995826, "B": 0.44721359549995826, "K": 22, "init_state": "maximally-mixed state", "energy": -0.9838475137224079, "eigoccs": [0.9855157004081188, 0.0010739266872406305, 0.003533400595188127, 0.0005682765163003032]}