{"protocol": "Iterative LogSweep (all k<K)", "L": 2, "J": 0.09950371902099898, "B": 0.4975185951049949, "K": 9, "init_state": "maximally-mixed state", "energy": -0.991992992090625, "eigoccs": [0.9923480798986817, 5.1736831665034915e-05, 0.0034033805131912336, 2.1586796912766116e-05]}