{"protocol": "Iterative LogSweep (all k<K)", "L": 2, "J": 0.09950371902099898, "B": 0.4975185951049949, "K": 22, "init_state": "maximally-mixed state", "energy": -0.9780037748938705, "eigoccs": [0.9783718602942107, 2.211332321166768e-05, 0.0034718513488769345, 2.4823637139506508e-05]}