{"protocol": "Iterative LogSweep (all k<K)", "L": 2, "J": 0.44721359549995826, "B": 0.44721359549995826, "K": 43, "init_state": "maximally-mixed state", "energy": -1.019873481040736, "eigoccs": [1.0212226450701003, 0.0009115934371948301, 0.002340704202651988, 0.0007100462655775103]}