{"protocol": "Iterative LogSweep (all k<K)", "L": 2, "J": 0.44721359549995826, "B": 0.44721359549995826, "K": 25, "init_state": "maximally-mixed state", "energy": -0.9927750771137869, "eigoccs": [0.9946141769382788, 0.0005031526088714634, 0.003364056348800654, 0.0005596647765799267]}