{"protocol": "Iterative LogSweep (all k<K)", "L": 2, "J": 0.9284766908852597, "B": 0.18569533817705194, "K": 11, "init_state": "maximally-mixed state", "energy": -0.9573490353207534, "eigoccs": [0.4543832905480027, 0.5422813631594181, 1.4435499906530991e-07, 0.0005297267920018592]}