{"protocol": "Iterative LogSweep (all k<K)", "L": 2, "J": 0.44721359549995826, "B": 0.44721359549995826, "K": 15, "init_state": "maximally-mixed state", "energy": -0.9913391579738539, "eigoccs": [0.9934844661474725, 0.0019856095314025853, 0.004788026213645933, 0.0008920293330645541]}