{"protocol": "Iterative LogSweep (all k<K)", "L": 2, "J": 0.9284766908852597, "B": 0.18569533817705194, "K": 7, "init_state": "maximally-mixed state", "energy": -0.9602897119665641, "eigoccs": [0.4801785593119805, 0.517692442983389, 1.7508864402776878e-07, 0.0005540511372145607]}