{"protocol": "Iterative LogSweep (all k<K)", "L": 2, "J": 0.44721359549995826, "B": 0.44721359549995826, "K": 29, "init_state": "maximally-mixed state", "energy": -0.9824626674928421, "eigoccs": [0.9839581007488972, 0.0008241534233093097, 0.002899013459682472, 0.0005675276390305212]}