{"protocol": "Iterative LogSweep (all k<K)", "L": 2, "J": 0.44721359549995826, "B": 0.44721359549995826, "K": 35, "init_state": "maximally-mixed state", "energy": -1.0095921123405232, "eigoccs": [1.011256245272939, 0.000796854496002201, 0.002551183104515078, 0.0008795733277153356]}