{"protocol": "Iterative LogSweep (all k<K)", "L": 2, "J": 0.44721359549995826, "B": 0.44721359549995826, "K": 7, "init_state": "maximally-mixed state", "energy": -0.9772320524374376, "eigoccs": [0.9806245082395735, 0.00713056325912474, 0.010518595576286326, 0.0018772816879088858]}