{"protocol": "Iterative LogSweep (all k<K)", "L": 2, "J": 0.09950371902099898, "B": 0.4975185951049949, "K": 7, "init_state": "maximally-mixed state", "energy": -0.9861806992520923, "eigoccs": [0.9874107032736588, 0.00024202466011047854, 0.01221713423728943, 3.843608295414354e-05]}