{"protocol": "Iterative LogSweep (all k<K)", "L": 7, "J": 0.1641957775205015, "B": 0.0328391555041003, "K": 8, "init_state": "maximally-mixed state", "energy": -0.9534295228714151, "eigoccs": [0.4406398069108761, 0.4396684256598774, 0.013545049886776687, 0.01350400828091632, 0.00427540740058345, 0.004099391197149666, 0.004377045016690289, 0.004384189435278582, 0.008409511681240297, 0.008425531370178346, 0.00852666845912044, 0.00842224281615377, 0.010291011793441808, 0.010451077701634606, 0.00033385435205255537, 0.000332135470831478, 0.0004376469538995818, 0.0004368158736010201, 0.0003401293572663834, 0.00034270430426265824, 0.0012371870854851722, 0.0012456734886223731, 0.0008501352008191041, 0.0008495889446196662, 0.0015287417445630708, 0.0015303428198460449, 0.002059091349101515, 0.0020647139073789317, 0.0005763837606413653, 0.0005816228014519729, 0.0003419770777004984, 0.00033963619952093215, 0.0004676237577801569, 0.0004667301952063869, 0.00030223598328871644, 0.0003064214129046041, 0.00040343885258662076, 0.000399568691875186, 0.000729171176203089, 0.0007233386324087363, 0.0008087926944364033, 0.0008060651129033442, 0.0006055222370739302, 0.0006045493971246661, 1.3593110050868463e-05, 1.3817201218092993e-05, 2.844898411990237e-05, 2.845813078406295e-05, 3.275389806515971e-05, 3.332898436474872e-05, 3.0061323101436318e-05, 2.8801350251046432e-05, 2.5793836645378e-05, 2.6037335678276288e-05, 1.8960365926166783e-05, 1.8020944569390546e-05, 3.7000480228145185e-05, 2.75768571720124e-05, 3.98140399544457e-05, 3.866109281365077e-05, 1.649136772137474e-05, 1.5535414460388948e-05, 5.7545068628745006e-05, 5.7311757543369296e-05, 1.7020633985648125e-05, 1.7113315848834436e-05, 6.813969474579764e-05, 6.929433289511907e-05, 3.360186086042413e-05, 3.40010532780331e-05, 3.3192292842248447e-05, 3.286933423929406e-05, 7.498976850086217e-05, 7.640887657062796e-05, 1.557260561311122e-05, 1.5911177397879248e-05, 2.794157068924572e-05, 2.8150042579581245e-05, 2.0565956430155476e-05, 2.060477729465924e-05, 1.810863731255761e-05, 1.8141000453237614e-05, 3.384221781981089e-05, 3.383123971991297e-05, 1.975019924897813e-06, 1.9559717768057736e-06, 2.390088706366743e-06, 2.462480714468993e-06, 2.3764636358319303e-06, 2.3883822779449117e-06, 5.3122109676964654e-06, 5.294985619302838e-06, 4.3690987797566276e-06, 4.400060516721309e-06, 3.429816354546731e-06, 3.3863641499514994e-06, 5.317530927904271e-06, 5.380549782561595e-06, 4.040730162706206e-06, 4.00604900751389e-06, 1.8413187555657005e-06, 1.7650514574234271e-06, 2.1338814746768e-06, 2.072521232803292e-06, 3.5983006805738206e-06, 3.4093119931515163e-06, 1.7647320050405163e-06, 1.7434197025870851e-06, 6.7799823138910795e-06, 6.800164800169584e-06, 3.2499408311796383e-06, 3.2695961798366524e-06, 1.5830431867273799e-06, 1.6128352886079822e-06, 1.9531276551876738e-07, 1.9003542799993498e-07, 1.7469441288328718e-07, 1.72320176081443e-07, 1.7623284503767484e-07, 1.763014698518333e-07, 3.6845398683279766e-07, 3.696086056049793e-07, 2.3333897500750883e-07, 2.2791140353860447e-07, 1.3255776044485878e-07, 1.2728609548529577e-07, 2.4523811349742694e-08, 2.4402705338720613e-08]}