{"protocol": "Iterative LogSweep (all k<K)", "L": 7, "J": 0.1641957775205015, "B": 0.0328391555041003, "K": 14, "init_state": "maximally-mixed state", "energy": -0.9914727463012343, "eigoccs": [0.47583243331055936, 0.4769823667324663, 0.005146380440822747, 0.004993740026550436, 0.0010272838090340706, 0.0007392944458718758, 0.002787466387542386, 0.002828476318031166, 0.004439523965574671, 0.004367363570296433, 0.005729051351258259, 0.005752426280651098, 0.008278632720357434, 0.00831833597227664, 0.00013459892544193634, 0.00013172152990183124, 0.00031108499028763487, 0.00031328547507368694, 0.00011303287313984536, 0.000109376441383126, 0.00034094081595807343, 0.00033968028622019704, 0.00027968154234870793, 0.0002794823037701672, 0.0005931152129836264, 0.0005941884342135573, 0.0006897442855589324, 0.0006886664680682836, 0.00011993772673844132, 0.00011694736919937756, 0.000289600902008308, 0.0002968086342627998, 0.0001769079388196659, 0.0001697776422701164, 0.0004276287232123073, 0.00042170105518378356, 0.00038380100129749436, 0.0003842446880094159, 0.00025353123455094527, 0.00025119389352509395, 0.0003954676653582401, 0.00039509449709951495, 0.00034773731168188444, 0.0003485744668919259, 2.1260987766158222e-06, 2.1254398708411537e-06, 4.9631301609174156e-06, 4.30022751242353e-06, 5.143206469507922e-06, 3.4953622611148774e-06, 7.208335703489621e-06, 7.220688456012814e-06, 5.031731871688729e-06, 4.788735572294376e-06, 3.6168606965589365e-06, 4.824514072886374e-06, 1.114846442895617e-05, 1.0610857149083134e-05, 1.0671117128927532e-05, 1.1490826656871313e-05, 3.2617485309634696e-06, 2.937524538469582e-06, 1.0526974081504761e-05, 1.1119478625369122e-05, 3.9343329680480275e-06, 3.939125548745851e-06, 1.566747860535116e-05, 1.5830597018303863e-05, 4.650149913814221e-06, 4.526364119287771e-06, 6.647100666576264e-06, 6.5147030205992e-06, 1.8917636864554856e-05, 1.886098880955866e-05, 1.0198233840951554e-05, 1.0663735066933767e-05, 4.638534484487302e-06, 4.481963657907157e-06, 9.624962143927445e-06, 9.701918092039232e-06, 1.1800645102120513e-05, 1.178227039723046e-05, 1.0341482813610165e-05, 1.0305327673853304e-05, 2.939921416797621e-07, 2.967397155501264e-07, 3.410614014838434e-07, 3.3175058010914827e-07, 3.789877467292868e-07, 3.725083324041663e-07, 7.175660572283537e-07, 6.822658089240273e-07, 5.743985794841995e-07, 5.738638121774787e-07, 9.428941194833044e-07, 9.514327448077951e-07, 4.852635554091011e-07, 4.575341444094636e-07, 8.607548805948132e-07, 8.631463510016262e-07, 4.4593892252650455e-07, 4.6673283569205526e-07, 4.988761246199329e-07, 4.970200163719112e-07, 1.2010541542028142e-06, 1.2052180783541754e-06, 4.636892141567328e-07, 4.572479752620578e-07, 1.0902257801599017e-06, 1.0877162549565527e-06, 4.1990222178144984e-07, 4.154002289445417e-07, 7.374248424687733e-07, 7.44846545326812e-07, 1.7397062563683082e-08, 1.6033613605263237e-08, 1.649740091388046e-08, 1.728593064092486e-08, 1.895158437526846e-08, 1.68662663720969e-08, 2.41202018123914e-08, 2.3403037998199347e-08, 4.324881307716892e-08, 4.406929650822542e-08, 1.841528944531924e-08, 1.824137694907796e-08, 1.9799822597719614e-09, 1.8955123730634376e-09]}