{"protocol": "Iterative LogSweep (all k<K)", "L": 7, "J": 0.11673007904761218, "B": 0.11673007904761218, "K": 5, "init_state": "maximally-mixed state", "energy": -0.9243302918642988, "eigoccs": [0.7301061643317994, 0.038317678895474216, 0.076751092726275, 0.008202127763005315, 0.038806693897953076, 0.007943509636289717, 0.020231658726961213, 0.005063615319208442, 0.01154513140895999, 0.01166175741380986, 0.0011582866636670876, 0.00431265118523993, 0.006122692130979898, 0.003091968081218262, 0.0025728045402227066, 0.0008608735805945563, 0.0005675320384741248, 0.0006917876361474109, 0.002462768018929188, 0.004164192366231095, 0.0013542451002933834, 0.00047269699992339163, 0.0006989044890719772, 0.0008065255594541618, 0.002476649699798864, 0.0002393463766613187, 9.3638079649989e-05, 0.0009214727830102918, 0.0007087827289784206, 0.0005825001455681954, 0.0011496828285012103, 0.0008463593247857899, 0.00021374556935513657, 0.00036664473373391977, 0.0003443899184120326, 0.00011176569911843976, 0.00018389924210693512, 0.00045241445187578424, 0.00018729817362505923, 0.0001375540770736167, 0.00014900954337997087, 0.0003232931507064473, 0.00021363892235157353, 4.557122218069852e-05, 0.0001411774605650559, 0.00018595235052944602, 0.00016206149383331866, 5.7157982574096476e-05, 6.055738902775157e-05, 2.9262694242784465e-05, 8.538207466853289e-05, 2.961230520839404e-05, 7.01501650006465e-05, 6.330761274010506e-05, 5.574855673106137e-05, 0.00026000781919087603, 2.7826947008777848e-05, 1.1908452196879048e-05, 7.100527099918288e-05, 1.644248231798229e-05, 0.00012367047106416357, 4.16283091853009e-05, 4.807287830153192e-05, 1.9132034504762318e-05, 5.341124598306556e-05, 2.1731588134160004e-05, 1.7692152379090438e-05, 1.534596298249126e-05, 7.118017401518175e-05, 1.2718907095121544e-05, 2.9879809162649028e-05, 7.389406505474627e-05, 4.416421394855344e-06, 1.8979658717386144e-05, 1.196543435007673e-05, 2.5306125323794265e-05, 1.53328540555348e-05, 3.537978381025728e-05, 1.1824335251872562e-05, 1.3072269618609561e-05, 1.4201182139944378e-05, 6.338183674914059e-06, 5.973430709476694e-06, 4.10716953955605e-06, 1.6441439714301016e-05, 6.6246518210971605e-06, 4.155355507471502e-06, 2.985438651353137e-06, 7.667324775201014e-06, 5.075564396962816e-06, 2.1541427100111914e-06, 4.0906500270833884e-06, 1.1034987880075975e-05, 4.3906745392833616e-06, 4.7513899923428705e-06, 4.665069471737469e-06, 1.0506588611468856e-06, 9.566200274994725e-07, 2.9566355714575644e-06, 2.1296956406568876e-06, 1.5908673126880297e-06, 1.4173889252965271e-05, 4.732563415813476e-06, 6.029762573013819e-07, 1.2947898907022164e-06, 2.045219992688269e-06, 2.3870055479383203e-06, 8.440206936208562e-07, 4.7228313388298423e-07, 4.956512935640973e-07, 2.591591572841065e-06, 3.7136989610549932e-06, 1.6641676379585227e-06, 5.264796276477177e-07, 3.542732094011585e-07, 6.027017268125856e-07, 7.510430700691804e-07, 2.0865144152245245e-07, 1.2917264057973035e-07, 1.2917542270889247e-07, 4.99877978111297e-07, 1.4885411243569241e-07, 3.9361843406030587e-07, 9.537829453710264e-08, 2.184828137907101e-07, 1.58767343367788e-08, 1.0594577406553114e-07, 5.677971624612879e-09]}