{"protocol": "Iterative LogSweep (all k<K)", "L": 7, "J": 0.028328208642998804, "B": 0.14164104321499402, "K": 4, "init_state": "maximally-mixed state", "energy": -0.990728244439001, "eigoccs": [0.9509963439146389, 0.0019403326784873608, 0.0018661622801984519, 0.0025883366345494253, 0.008606862203963995, 0.015454174466742646, 0.014638029195027664, 0.00954487776080894, 8.24859788716416e-05, 3.92461743077317e-05, 0.00021603322248784127, 0.00016864770032353285, 0.0008167248171882466, 0.00033425932649894306, 8.428499161506576e-05, 0.00013555188540148607, 4.079394390634961e-05, 3.651178512122901e-05, 4.666730993714697e-05, 0.0006058562089275197, 0.00015016353142089083, 0.00013420212313612178, 0.00019274890270577584, 9.20044548209675e-05, 0.00022212166663691135, 0.00019342415660713512, 0.0003538361196834851, 0.00023838180170893743, 0.00022774685901370562, 1.0853075939053125e-06, 3.431554302356991e-06, 2.4952257938244444e-06, 2.3082564872153816e-06, 4.608578219287408e-06, 1.4874612590773895e-06, 2.5219073927970183e-06, 1.5082013041536495e-06, 6.191040842109086e-06, 1.3142214210003555e-06, 6.2973914085701965e-06, 2.7932002055462554e-06, 2.2676294130076555e-06, 1.1800756052330102e-05, 6.428447636333921e-06, 2.8672734636439158e-06, 3.890933813391138e-06, 1.3427983503786999e-05, 3.531740033826169e-06, 6.63107076624095e-06, 9.977597487111524e-06, 5.0098476026204054e-06, 3.7010583947749e-06, 4.0707203387905025e-06, 2.951295175244254e-06, 2.8518087327443517e-06, 1.3549159299313479e-06, 9.651664310303011e-06, 2.087976360367504e-06, 6.71897947638357e-06, 5.489476319747982e-06, 2.202174200409673e-06, 5.148763679400495e-06, 5.392206923926907e-06, 5.282954769165867e-06, 2.1987970641464325e-07, 1.322742625030715e-07, -7.388374643828069e-09, 2.5021047298543943e-07, 3.419456050013689e-08, 9.427091465381345e-08, 2.329940595927048e-07, 1.453333240466003e-07, 6.323769192921949e-07, 5.3538089293276375e-08, 1.033393207769646e-07, 8.374957973591827e-08, 7.998523632846526e-08, 1.6238540549443954e-07, 6.481899680854187e-08, 1.322167044010373e-07, -5.826812246562204e-08, 1.3987300917408817e-07, 8.652830332656202e-08, 1.8632609514952971e-07, 3.391655907064277e-08, 6.89902345731153e-08, 1.7921484260216686e-07, 2.8443681495569024e-07, 9.322942180293497e-08, 2.1331412750674938e-07, 1.0672958720927414e-07, 1.7262583422279837e-07, 1.9488602754852991e-07, 9.136763263130458e-08, 1.5859315080249263e-07, 1.5249121464621128e-07, 6.137279065458614e-08, 9.461854009465108e-08, 9.439709510039177e-08, 1.4241922138478125e-09, 2.8523213656322912e-08, -3.0875934771533794e-09, 9.915157929059684e-09, -6.005949636492755e-09, -6.220829420815844e-08, -2.2258806197799804e-08, -8.485074180707918e-08, 1.6042483095288138e-09, -1.8779496315903404e-08, 3.451940234898097e-08, 4.894475105083099e-09, -3.764148271161297e-09, -2.084717488244529e-08, -2.955410258358411e-08, 4.646284480429927e-08, -5.992045189876402e-08, -9.841912418164726e-09, -2.2518509082940246e-08, 3.026789929700892e-08, 3.197306790280505e-08, -1.081340422512246e-08, -1.2998111583893001e-08, -2.2032923860198805e-08, -2.3658990313880374e-08, -3.181240503679176e-08, -4.875109585267356e-08, -5.847991582003271e-09, -3.103377065074911e-08]}