{"protocol": "Iterative LogSweep (all k<K)", "L": 7, "J": 0.028328208642998804, "B": 0.14164104321499402, "K": 8, "init_state": "maximally-mixed state", "energy": -0.9872119030946311, "eigoccs": [0.9680308225756763, 0.00023118843444475178, 0.001508859967956001, 0.0020392852328071113, 0.003799503533654356, 0.005882033614211373, 0.006582809895312003, 0.0069478414582128676, 7.959521483193798e-05, 5.373525375927984e-05, 0.00013359231824656753, 9.131585750833455e-05, 5.333257748860683e-05, 5.904699943118176e-06, 6.715880081457551e-05, 7.613846950788982e-05, 4.123274721253516e-05, 3.0446314695823436e-05, 2.773218409456824e-05, 1.6347850545206753e-05, 6.990572658774347e-05, 3.992502268213344e-05, 9.765301950378171e-05, 4.551438172223775e-05, 5.242255023504478e-05, 4.204444963561896e-05, 6.136824851026132e-05, 8.226064737507678e-05, 7.124186628077798e-05, 2.344514658950308e-07, 3.7467685597557103e-07, 3.9636792887573063e-07, 3.7207230825705304e-07, 4.0580057590018814e-07, 8.937505172292895e-08, 1.2465151441619221e-07, 7.287046155002201e-07, 1.1703834395331757e-06, 4.5254250328584146e-07, 3.96604433625794e-07, 8.737906384484875e-07, 5.551447099738218e-07, 3.8796421192376526e-07, 5.279774566736711e-07, 6.858737561408092e-07, 6.400926159798037e-07, 3.27301677315886e-07, 8.889057706089787e-07, 6.270868603001239e-07, 5.328610685448385e-07, 1.5237737101742732e-07, 1.2006264868564612e-06, 1.03124902963141e-06, 8.07540963993609e-07, 7.068364499993207e-07, 7.874844849036646e-07, 4.0298920677814176e-07, 6.668813037542809e-07, 2.0076979517200408e-07, 7.61545260289327e-07, 5.823154781275728e-07, 1.0183466372848167e-06, 5.727738622120857e-07, 9.241315874018584e-07, -3.571870164161305e-08, -4.826883224835336e-08, -3.2813957044368725e-08, 3.1927197843999926e-08, -1.0650096021931234e-07, -5.001649904673385e-08, -8.960929141759486e-08, -3.752692891460065e-09, -7.495892733405515e-08, -5.481985775195843e-08, -1.4427593609195807e-07, -1.4834873219395104e-07, -2.3049798373204046e-08, 9.080763716151909e-09, -1.4391270774569855e-07, 4.329477419200223e-08, 7.575751958340266e-08, -1.500011421747142e-07, -2.780343801595781e-08, 7.193132066908417e-08, 1.207988155309418e-07, -6.916345254803142e-08, 6.777670262729437e-08, -6.584536479422935e-08, 9.89944167544664e-08, 7.555168831048331e-08, 3.5522569272142056e-08, 1.0908639318479135e-07, 3.430210676166688e-09, -8.372892245005866e-08, -1.1325744801980059e-07, -1.1465837370429241e-07, 8.76406871738864e-08, -2.429838755549526e-07, 8.461429151044606e-08, -6.642080185156338e-08, -1.1664364586104734e-07, -7.146182735912752e-08, -1.0966465854380857e-07, 5.9514623566326966e-08, 2.078016677127373e-07, 1.2609814642051773e-08, 8.67713576691867e-09, -9.586710714252838e-08, 1.1421503579553407e-07, -1.0300049537582156e-07, 5.54100994413189e-08, -8.305877855566796e-08, 9.432633716124553e-08, -1.9577875136722617e-09, -2.349382395869616e-08, 6.484065072119874e-08, -1.1453220304892783e-07, 5.2537346926286565e-08, -8.975673801461136e-09, -4.3129032744019515e-07, 2.0614931765435793e-08, -1.0150519894356306e-07, 3.30743765092035e-08, -1.48982839468416e-08, 6.349102164432513e-08, -1.387190017416329e-07, -7.573960541674446e-10, -2.6729090732732455e-08]}