{"protocol": "Iterative LogSweep (all k<K)", "L": 7, "J": 0.11673007904761218, "B": 0.11673007904761218, "K": 16, "init_state": "maximally-mixed state", "energy": -0.9119856109018754, "eigoccs": [0.8554963372344457, 0.005944437107007469, 0.03765480480968475, 0.0008896657536069561, 0.005374262074978919, 0.0002553039258647319, 0.010669970854828905, 0.00030130638541574597, 0.0026119658470493854, 0.0026897062038451626, 3.3589471336066524e-05, 0.00021829654163013913, 0.000308385816047207, 0.0009472047638849627, 0.0017308685557581548, 2.278841603212192e-05, 5.6491799915338515e-05, 6.976206131100357e-05, 0.000546827235204522, 0.0004915332418974749, 9.121273637890042e-05, 3.281242247760055e-05, 1.861230768417431e-05, 0.0002487989949329409, 0.0002530554878135263, 6.2600440476368904e-06, 6.457832043651992e-06, 3.910544234694436e-05, 2.8665728218912083e-05, 7.662844074523974e-05, 0.0001633360283157203, 8.408439537729212e-05, 5.7452280005391115e-06, 1.5764649093885717e-05, 1.3314588132233593e-05, 3.2408749299059324e-06, 3.6257895515442203e-06, 2.8340873419282557e-05, 4.055207113676413e-05, 5.38152760386621e-06, 2.8520804618381835e-06, 1.8819162136464665e-05, 4.712839629555371e-06, 2.5011909039481945e-06, 1.2456495282389436e-05, 1.4735381629845105e-05, 1.3106414457405925e-05, 9.62229458337204e-07, 1.2331554424680192e-06, 7.178585770786905e-07, 3.3109213335132458e-06, 1.0643002063554369e-06, 3.1741353892045866e-06, 2.3634841510090617e-06, 4.376517064685586e-06, 9.390818162170462e-06, 4.005638818641935e-07, 1.0161839477838243e-07, 3.0096709613324106e-06, 4.1930837744309024e-07, 1.739123168557093e-06, 3.942646863374406e-07, 2.7406719123973106e-06, 2.9111297496024717e-07, 3.6479724223487834e-06, 1.630356721725775e-07, 3.847065289608767e-07, 3.19046462039595e-07, 9.95828038471469e-07, 1.4972299375864866e-07, 1.3075373306892841e-06, 2.6502605399290816e-06, 7.33651961627368e-08, 1.3226964554114409e-07, 1.6966065076505284e-07, 2.228114943516212e-07, 1.1191784283907716e-07, 7.902932441650341e-07, 1.5380153935050968e-07, 4.5946960817325263e-07, 4.6459273438295574e-07, 7.654185676276358e-08, -6.832415258176546e-08, -4.25023558926541e-09, 2.0497574188793578e-07, 1.2163476023604714e-07, -2.266382907488691e-08, -6.692515793668266e-08, 8.339341902739845e-08, -8.121837237036657e-09, -1.2733818356440782e-08, 4.1908501450919185e-08, 3.173561851931205e-07, 6.072746659528856e-08, 1.0342147310072466e-07, 1.9738227324493135e-07, 1.5062582739191154e-08, -1.8815198842453447e-08, 7.054127803203362e-08, 2.9707920233327234e-08, 1.653910664452177e-08, 1.524278357264248e-07, -1.4828973357376725e-07, -1.3367307755901204e-09, 6.352533481946057e-08, -6.113315672414143e-08, -9.660568569986723e-08, -6.293157936600247e-08, 4.472466259785126e-08, -2.1176550014105845e-08, 1.08812324384314e-07, 2.211962944316569e-07, -3.225120818609612e-07, 1.1515110485827787e-08, -7.277695495247093e-09, -7.196397470158154e-08, 2.0290384605391065e-08, -6.688104894775639e-08, -1.2054920893658397e-08, -1.2055841156245326e-08, -4.394200474220743e-08, -1.4657720248046025e-08, -2.657812116427614e-08, -1.5975646748402475e-09, -3.735035983353771e-09, 4.817345460376802e-09, -3.245235576360245e-08, 1.1276576675719769e-08]}