{"protocol": "Iterative LogSweep (all k<K)", "L": 7, "J": 0.11673007904761218, "B": 0.11673007904761218, "K": 13, "init_state": "maximally-mixed state", "energy": -0.9128606077015364, "eigoccs": [0.8315314697381391, 0.004613010703828917, 0.061322310927402104, 0.0017134229180048792, 0.007237193066813155, 0.0008200525474264445, 0.011328417652796297, 0.00038827130665587293, 0.003995901798033141, 0.004091803548555834, 7.870811089489793e-05, 0.00038798186864436143, 0.0005696255376353571, 0.001383584717542521, 0.0019834997710451267, 4.949198733297821e-05, 8.081403909658112e-05, 0.00010185867562833943, 0.0008147157181068109, 0.0006354509197725965, 0.00015238075619253727, 5.8911013196898224e-05, 2.9518013258467306e-05, 0.00035598090170489943, 0.00037717421195924527, 1.4098893918949147e-05, 1.8451053296708013e-05, 5.306249260173318e-05, 4.024185864970365e-05, 0.0001161003533997152, 0.00023919785547522733, 0.0001460468614479692, 8.67298272349548e-06, 2.4856328822612694e-05, 2.1789682000085493e-05, 5.3997423830843554e-06, 6.919591384982417e-06, 5.816603717402601e-05, 4.271802912134948e-05, 8.036056580103198e-06, 6.223157926757158e-06, 3.809928786059234e-05, 9.979972090757616e-06, 3.6456868340797524e-06, 2.297675568136248e-05, 2.7008304281233127e-05, 2.3757839400361884e-05, 2.0366356228973217e-06, 2.3776832469771585e-06, 2.0595530133857916e-06, 6.616264197494408e-06, 2.830285541573332e-06, 6.070285430274217e-06, 4.588229883370974e-06, 8.231722027764373e-06, 1.595385994945198e-05, 8.211132722619894e-07, 3.456204008217367e-07, 5.193437038794609e-06, 1.0532621957534702e-06, 3.4341875093208307e-06, 9.562149466930915e-07, 5.029161978004886e-06, 7.550495152530059e-07, 5.9754809430190775e-06, 3.370738938579046e-07, 6.55662946355754e-07, 5.679883989744503e-07, 2.437172396112333e-06, 4.123707508669867e-07, 2.426303597469003e-06, 5.7672470290711176e-06, 1.1385239638311807e-07, 3.066137542105301e-07, 3.578560116972652e-07, 6.646926756290908e-07, 3.9237400991737104e-07, 1.5404853768281803e-06, 3.4930055533456244e-07, 1.2393669823282844e-06, 1.0715193416732546e-06, 1.2174026749478502e-07, 3.697870501479591e-08, 6.028965040200648e-08, 3.4500557008990817e-07, 1.4657149497012122e-07, 5.108269178048145e-08, 1.570230815646335e-07, 2.892266063282017e-07, 8.218855544697454e-08, -9.97339829995417e-09, 1.5184454646519768e-07, 4.939254399287568e-07, 1.8435218177314955e-07, 1.4799632201909009e-07, 1.393094209795594e-07, 7.508796068312766e-09, 2.6427334805378798e-08, 4.645349255234923e-08, -1.566706881272865e-08, 1.7708548679314632e-10, 2.6407845628763357e-07, 7.372823001510843e-08, 1.4424508734763085e-08, 3.245967478304556e-08, 3.250352171927758e-08, 1.7248100951250186e-08, -1.5488665059371537e-08, 1.548908707110068e-08, -2.5338921938801593e-08, 1.1354941098801569e-07, 1.9771543334623192e-07, 7.61294231820624e-08, 3.1265084665066903e-09, 1.1258235129337274e-07, -3.7185793984608584e-08, 5.623529092908677e-09, -3.302903233832473e-08, -9.532775903559545e-09, -9.533870521197891e-09, -2.3277904373745176e-08, -1.854912570827926e-08, -5.597610854027531e-09, 4.352708922665796e-09, 2.466164556270729e-08, -1.5005071599175458e-09, 1.0843468231963849e-07, 5.2983054512520134e-09]}