{"protocol": "Iterative LogSweep (all k<K)", "L": 7, "J": 0.1641957775205015, "B": 0.0328391555041003, "K": 4, "init_state": "maximally-mixed state", "energy": -0.8622249731208571, "eigoccs": [0.3467821498016169, 0.34504381496728287, 0.016176623531265755, 0.016137252325486066, 0.014101704699705129, 0.013830018840184814, 0.01709977260390661, 0.017311011416382235, 0.017068690038987346, 0.0170630088478346, 0.02022942389986323, 0.02002624877818811, 0.02860941982090355, 0.028513259172733868, 0.0011608658941035044, 0.0011399902180979867, 0.0014320507998868246, 0.0014345565008729788, 0.0011462615276425277, 0.0011113621048883544, 0.0015434701447643864, 0.0015519187525604413, 0.0016200252126704533, 0.0015718816462374006, 0.0020951145375989197, 0.002078490297932563, 0.0037250239311217986, 0.0037155115736024046, 0.002122048599527758, 0.0020802970736277585, 0.001675334899318699, 0.001688697042269597, 0.003618451245743444, 0.0035882533985485444, 0.0024990332024980733, 0.00247697625949171, 0.003754990364401115, 0.003777822967978923, 0.0018500932400071376, 0.001856790215936644, 0.003099937628731295, 0.0031140595839886332, 0.003209264439577389, 0.003190287951543046, 9.822015896964657e-05, 9.564424863129113e-05, 0.00012951716830478932, 0.00012723277211445534, 0.00015477235645876156, 0.00015071418090344542, 0.00013394405534777795, 0.00013426767423957387, 0.0002877408676064683, 0.000282867611726724, 0.00012711873728031434, 0.00012387490385681394, 0.00018763740689920155, 0.0001865315986568676, 0.00030602945686290166, 0.0003063786846642769, 0.00016553604736319283, 0.00016166719753298218, 0.00018721380030518875, 0.0001882185323234425, 0.00029284808204174835, 0.00028905373542690335, 0.0003087082351294425, 0.0003122074219888275, 0.00017637428378778253, 0.00017344004480653003, 0.00033624907496844725, 0.0003320661725645373, 0.00037822819584614696, 0.0003742769617603894, 0.00015707964093381743, 0.0001580139969373547, 0.0003457211807600568, 0.0003412845101490002, 0.0002958089033354311, 0.00029874319970430677, 0.00036297863766760955, 0.0003588033376798899, 0.00028290649652180217, 0.0002842362568940099, 1.2377532406619995e-05, 1.2223479841088827e-05, 1.6063214155936574e-05, 1.5628997224029776e-05, 3.0123346760995226e-05, 2.9546331177979125e-05, 1.95009080046627e-05, 1.9036921569610343e-05, 4.016328554056857e-05, 3.955592226068763e-05, 1.8753852726766112e-05, 1.8584840068870475e-05, 4.712636483395101e-05, 4.6395889285915366e-05, 3.595646279131115e-05, 3.597519055278458e-05, 1.674030448144238e-05, 1.645767211270619e-05, 3.6003381999532294e-05, 3.5604200991126974e-05, 4.752528704906704e-05, 4.740293462913803e-05, 4.008083315105682e-05, 3.9601705759123996e-05, 4.210900929340289e-05, 4.232033059827773e-05, 3.9323682824659915e-05, 3.9038316996615516e-05, 2.7442525922835e-05, 2.738967847120824e-05, 1.6763751214045457e-06, 1.644155783217122e-06, 3.711874163787464e-06, 3.646318770077878e-06, 4.305672198423575e-06, 4.2158082393134635e-06, 5.00002561774298e-06, 4.9222200436123845e-06, 3.838966729374689e-06, 3.8462829210150426e-06, 3.3753857212079865e-06, 3.3456920831168594e-06, 4.816738283346318e-07, 4.74352357036209e-07]}