{"L": 10, "J": 0.10964486480896526, "B": 0.021928972961793053, "K": 3, "init_state": "random computational-basis state", "energy_avg": -0.7548613370277496, "energy_std": 0.14063498124418586, "gsf_avg": 0.3087865420124399, "gsf_std": 0.3476169699721083, "energy_samples": [-0.700040047189823, -0.7504196013253993, -0.6231068706734374, -0.9437427142434065, -0.7648832388406941, -0.5637037199974057, -0.7772306970733833, -0.9750892308171126, -0.9333361672509712, -0.691103530387038, -0.7994724513256767, -0.7725714002149119, -0.7797895460926058, -0.5995029760192364, -0.7493402966578423, -0.9758532445255168, -0.9065768760666617, -0.8398458620494836, -0.9887083861603757, -0.6176349165477681, -0.6483703989231286, -0.8155711731927664, -0.5675321586781454, -0.6497386518585315, -0.8901838528391695, -0.7628165790509751, -0.989160036854593, -0.40009902900325445, -0.6893655840851327, -0.9248122554348924, -0.6024398901449308, -0.553646011972535, -0.7519773530864147, -0.7652097764353916, -0.6252041214957476, -0.591786259840241, -0.709285816579885, -0.588259162969779, -0.7575974122384932, -0.5705217754845742, -0.7417112596355886, -0.7226599316825837, -0.6272842373804207, -0.7288789580818789, -0.9847719558340825, -0.9660485742882815, -0.9368367787690386, -0.6789559627634237, -0.6146074187783952, -0.981597688359463, -0.9539787605297597, -0.5637037199974057, -0.9660267045556968, -0.694597358052206, -0.6119494547371669, -0.69119080336197, -0.8110051047963225, -0.7767363330300872, -0.989160036854593, -0.8536946968446234, -0.7529862448505027, -0.7153236095150455, -0.5093746967500794, -0.708514959779372, -0.584457431768006, -0.7167073981749452, -0.731682959321407, -0.5030641931074359, -0.8739428893951262, -0.6798331140921532, -0.9695080865400012, -0.9830343862129973, -0.9439238865699385, -0.6886361607096365, -0.7423755528884992, -0.757875995039573, -0.9820988800379987, -0.8594071275229977, -0.7657737013415639, -0.9700194926428951, -0.7121573902642875, -0.7812277480941956, -0.7612563082201484, -0.7412760398952625, -0.7769641237561963, -0.7950171058159933, -0.8252601396740435, -0.7614439103169228, -0.5612183491284969, -0.7205408902117914, -0.6392975491523354, -0.5454843745878034, -0.747564800648614, -0.7478389312517, -0.7651289077906971, -0.5944889880018327, -0.9588869166146754, -0.9611725450280132, -0.6352964200770717, -0.5151466860244016], "gsf_samples": [0.00020887960133502374, 0.051683867051213, 0.005881540820359108, 0.8321991291759496, 0.16255644566746444, 0.0113107854175222, 0.005431566746417928, 0.9108936561374577, 0.815680899319311, 0.13782158594548377, 0.020268803149423968, 0.11063830414680795, 0.009025653649352, 0.06258172597530415, 0.3461917208513819, 0.9331502721688736, 0.7725313361698802, 0.4450490921110686, 0.961391320216604, 0.007266388749020365, 0.1901471036559841, 0.5596663268511612, 0.0038486970401988238, 0.24330232391251724, 0.4915722030654651, 0.46823556115006737, 0.9629257306762709, 0.003009429762890428, 0.2652867310308684, 0.6861690496232173, 0.06334285362430325, 0.11743730223630713, 0.011986550219090305, 0.010945633900695795, 0.002188759950869449, 0.006788312098557504, 0.13247049999520438, 0.14756779306919177, 0.46473377496986124, 0.007297125205730503, 0.0036784391281566766, 0.00922059324972926, 0.18560171303449335, 0.056049523226619186, 0.9539390557855687, 0.8705579661261047, 0.8541847951119452, 0.010796576001789277, 0.04057940418028566, 0.9451670327334704, 0.877716082697328, 0.0113107854175222, 0.8901686175206915, 0.005585113460170559, 0.03173249337785536, 0.06372106297249375, 0.34348998899659744, 0.00011383433019216183, 0.9629257306762709, 0.6151564233120299, 0.0710461987744182, 0.32380311706535575, 0.022461703077067303, 0.3626365577837596, 0.18663626819009055, 0.020641373363806715, 0.18394778139878523, 0.07308388350429033, 0.669512074638102, 0.004555390098082932, 0.8850996349507012, 0.9433946436404888, 0.8648558598503906, 0.0002304712047041239, 0.3603162430397558, 0.0032378948629456883, 0.9412830282303302, 0.5651138527499692, 0.010143055459938705, 0.9177939593360273, 0.024195042609379828, 0.2351960587500522, 0.2277634236553303, 0.019156783199667706, 0.42855459648125577, 0.5149613392728274, 0.3049557689499128, 0.006357883430175905, 0.03200918502225271, 0.09059101775015642, 0.02531600622860241, 0.0034645598609156043, 0.3080156723455935, 0.05793237687818593, 0.01014728658424205, 0.07542391053053718, 0.8934838816206236, 0.884501934253091, 0.11475233955603709, 0.03970217659814057]}