{"L": 12, "J": 0.016514967374464822, "B": 0.08257483687232411, "K": 3, "init_state": "random computational-basis state", "energy_avg": -0.9509051174941914, "energy_std": 0.060142879966541614, "gsf_avg": 0.7721395917766491, "gsf_std": 0.2924158649751513, "energy_samples": [-0.9471786235965355, -0.9907004549546965, -0.9832333990164175, -0.9808265770110445, -0.9735678855399486, -0.8185936126945568, -0.980534230972135, -0.9889714376233557, -0.9880753404232029, -0.9906530355665079, -0.9106654625173549, -0.9930272522979307, -0.9885439661711048, -0.9765354243426362, -0.9890110808454499, -0.8226182129692189, -0.9894774875431382, -0.9847263952236449, -0.852225956785159, -0.9797905301889626, -0.9724568025109824, -0.9845859702916927, -0.9650084209179892, -0.9908345496598802, -0.9073040058012483, -0.9842791665155977, -0.9850843951960128, -0.9861531659096632, -0.9869483374832027, -0.9891197427120784, -0.989377881708736, -0.9605740232517403, -0.9885570368730838, -0.9841178029510703, -0.9861865186510503, -0.9911323026274705, -0.9774002650137791, -0.8104521330135042, -0.975210580262698, -0.8764119039074831, -0.9485728004713936, -0.8730764119612858, -0.9914828581841175, -0.9888153805474503, -0.980421469787212, -0.772045425970578, -0.9880671225613934, -0.9690562289424441, -0.9906637005997485, -0.9909573561276288, -0.8206799223782589, -0.8704129442679727, -0.9745026465776577, -0.7588620972604588, -0.9671636149662687, -0.9771903672741447, -0.9671002332840102, -0.9800437583048736, -0.9878034718882192, -0.9873077623995266, -0.9751643378278514, -0.9378375058211155, -0.9722386050732112, -0.9523147692459405, -0.9860680844416122, -0.8544921010641895, -0.8207045475982628, -0.9188930640952752, -0.9635011049934628, -0.9915897920682114, -0.9815471358004069, -0.993070931163412, -0.9881291075978849, -0.9886299661109785, -0.8248332557239555, -0.7765486726466146, -0.9066039057327276, -0.9894065638053207, -0.9790025204273058, -0.8480141448142969, -0.8062572864380024, -0.9633516067277865, -0.9746864958242023, -0.9781721373972374, -0.9886391126431386, -0.9806610723075614, -0.9811779491224122, -0.9672742027795251, -0.8897141442480402, -0.986920208957373, -0.9875673841893604, -0.9803807012156778, -0.9800519360530627, -0.9916675432601068, -0.9796036982803278, -0.9772894251012327, -0.9911645030831117, -0.9011288610346736, -0.9464366062088636, -0.9853998131987902], "gsf_samples": [0.7346317465879634, 0.9680808979475563, 0.9287556814365052, 0.9165662433420241, 0.8801618383357497, 0.07227974006627559, 0.9337618037346903, 0.958546502062913, 0.9549824791849909, 0.9686841447661617, 0.6465152236447668, 0.980612254086354, 0.9565661429391679, 0.8889631360708908, 0.9612880472486844, 0.057047048369414544, 0.9645029271863803, 0.9364304278395708, 0.22530698468977747, 0.9237023418514518, 0.8759971772146339, 0.9378202815799481, 0.8367151160631638, 0.9687865129471577, 0.5586843922525557, 0.9331926363912244, 0.9388979101362273, 0.9420067198222336, 0.9500715227358667, 0.9598073485441618, 0.9641935564424734, 0.8021349206316143, 0.9590394597830064, 0.9320824067958157, 0.9438899413057834, 0.9704933141648915, 0.8997564498397566, 0.0009853982475065246, 0.8875342266868499, 0.4699882695352679, 0.7926828297333061, 0.3722898957236722, 0.9718377897469664, 0.9596439657663814, 0.9109766523546171, 0.10852702789661021, 0.9545654615314045, 0.903825102142926, 0.9675914144883568, 0.9718371632423524, 0.061930783297754824, 0.41349064419100084, 0.8817719963779641, 0.07143303015323509, 0.8488206769334093, 0.8930114841277648, 0.8753505283208566, 0.9142948483508851, 0.954848280683188, 0.9514705500478632, 0.8856681477174992, 0.6897460872383335, 0.8740305542434217, 0.7729817959895163, 0.9432147082967391, 0.2487868119778849, 0.05097279045502188, 0.5853250633367106, 0.8329702209457089, 0.9736969257769449, 0.9208963565047702, 0.9810360342715411, 0.9580645971643744, 0.9576394705265076, 0.03649737367971336, 0.056549428844663796, 0.517981480499061, 0.9604967680292613, 0.9069692795374784, 0.2959013161125277, 0.0444762092860035, 0.8281508082138854, 0.8847355786821177, 0.913958229200748, 0.9575011923151288, 0.9162891594508035, 0.9188649514959413, 0.8470955576451238, 0.4356666549088669, 0.9485047598282552, 0.9512045803321499, 0.9281765958543554, 0.9116475295447545, 0.9730804189630313, 0.9100047293415102, 0.8962762811133312, 0.9707529127424931, 0.4925008644518309, 0.7273830998720104, 0.9386005556529528]}