{"L": 14, "J": 0.0759852142889399, "B": 0.015197042857787979, "K": 3, "init_state": "random computational-basis state", "energy_avg": -0.7217055224228612, "energy_std": 0.11254412423686928, "gsf_avg": 0.1273651435897917, "gsf_std": 0.2219883198947814, "energy_samples": [-0.5685927682486213, -0.7588533943284033, -0.6611931438859996, -0.6907023663044407, -0.9429022276902999, -0.7424484629708374, -0.6951086461987164, -0.7165304377993289, -0.8394294895082048, -0.7748473999217808, -0.6927804577384007, -0.8230345690496574, -0.80957241613247, -0.678394925135687, -0.8547347477586592, -0.5695131266477801, -0.6999667721205358, -0.45762638108551246, -0.6466538051549022, -0.7359998691419434, -0.9887989265908935, -0.6331258949076157, -0.8178143710338914, -0.8368587074097407, -0.6512174667118065, -0.5624860216396894, -0.6394006445321438, -0.7353010850810869, -0.6702650648728001, -0.8113775665707403, -0.9356005551759613, -0.8623656037458837, -0.6799076466585151, -0.7561555602904566, -0.6101788325696573, -0.7213112790799941, -0.6841171251203213, -0.7960066141221764, -0.7803901012455632, -0.8494495870811285, -0.7476418787246899, -0.6560786440471523, -0.6191349594704207, -0.9759918512925638, -0.7618259345881438, -0.8751461858739926, -0.7816010129112019, -0.7764258605627943, -0.6460069274970647, -0.6293945533548112, -0.7055544116970546, -0.7438183226320608, -0.5336729732519192, -0.8287333714858179, -0.621429672325254, -0.8403013095580939, -0.7331525498281488, -0.7023783756381441, -0.7304431536311146, -0.702379811134564, -0.8446179977814566, -0.7777716529369155, -0.5692997975065924, -0.681591836262031, -0.7253795029079136, -0.5535189417754423, -0.6830005645080606, -0.6909907045974004, -0.8269422653040501, -0.6907493367847796, -0.6042454364837366, -0.6095543205519243, -0.5626472575175995, -0.7111780589615171, -0.9451589019005432, -0.7402837616283428, -0.6047681537997012, -0.6931089061522704, -0.8795403638139762, -0.5998102960171262, -0.4426747630654391, -0.6882835360319918, -0.7569709776245177, -0.7056125982345401, -0.6522708233500228, -0.5707983750660733, -0.7188659448852495, -0.8176340478974857, -0.7800250055439646, -0.8199003994403998, -0.7994400052631403, -0.5745285969414586, -0.7940491871843554, -0.6631903424080412, -0.9882935922444355, -0.6737452857321851, -0.49711347625889496, -0.5796961809843202, -0.8208381307610711, -0.8403370954099274], "gsf_samples": [0.04132055316264409, 0.039142170685135314, 0.048511377025936456, 0.0024956152454167963, 0.6655075492953615, 0.0731861630800431, 0.0019367835570489823, 0.1816194588274456, 0.03451098953179212, 0.25698124131216, 0.0023938477352423975, 0.10562902767892317, 0.007865537391557419, 0.07262781423035103, 0.03923101806431588, 0.0003290011536584883, 0.006493645314313459, 0.005578536731855236, 0.07373047393377051, 0.24820826396511597, 0.9423157086394364, 0.06468876690694741, 0.012968761507569163, 0.01931977266115204, 0.025082007039723894, 0.0036896868778912347, 0.03949870838662323, 0.019827431935274354, 0.0017022843940584934, 0.37597783912092314, 0.693326285678185, 0.2542607368894131, 0.13209262032563426, 0.08804670001195478, 0.0012213484928878333, 0.02742945784439869, 0.05693432583071157, 0.01322830021173282, 0.09120492623623433, 0.5469628805518361, 0.002054182226441775, 0.026245837551840498, 0.053699478490498165, 0.9009286183801791, 0.001210473967126757, 0.6029964264027665, 0.3893527188179492, 0.3240509731036358, 0.018503900354841656, 0.010168170263825493, 0.05573838644259903, 0.015316552548415702, 0.003355863419790389, 9.142201549624871e-05, 0.0355466010068851, 0.03437491899666039, 0.0029122318748064967, 0.08665098827060533, 0.006435331443143491, 0.033682340450694834, 0.5137583825524468, 0.008160508244866116, 0.003957339003812387, 0.1323622360265389, 0.12863993721478667, 2.116170701328274e-05, 0.011825323675271757, 0.0025982114957750855, 0.06163619910443988, 0.04283451195633796, 0.0016680876942461328, 0.0005650279957433517, 2.9953492988514207e-05, 0.03185902746463487, 0.8342204837848601, 0.0017497739155526446, 0.04444804518454634, 0.012663774420857261, 0.4214632011723243, 0.0004650452297187003, 0.004229903557007941, 0.03608653385621107, 0.08400027314528558, 0.13572304287452797, 0.02415579360073632, 0.01917559114493433, 0.016911141877891264, 0.015559972948165187, 0.025407745988223228, 0.05243175430851784, 0.28811908549788967, 0.010634434415715648, 0.36299682527407073, 0.002023586100299276, 0.9377674265274678, 0.02746854877007175, 1.1840893602675546e-05, 0.0003670605590658471, 0.4827183564613863, 0.03540617634846085]}