{"L": 2, "J": 0.09950371902099898, "B": 0.4975185951049949, "K": 10, "init_state": "random computational-basis state", "energy_avg": -0.8871375970702219, "energy_std": 0.09551301473937297, "gsf_avg": 0.8973738920950178, "gsf_std": 0.08688975852143219, "energy_samples": [-0.8133720575402034, -0.7939336778738362, -0.9995143577178814, -0.8242257753504426, -0.9993398283301462, -0.798845648742404, -0.9995143577178814, -0.8002163953641411, -0.9995143577178814, -0.9995367026702455, -0.8002163953641411, -0.8218851009231066, -0.8005064519597622, -0.9995367026702455, -0.9995143577178814, -0.8003155132988368, -0.9930048094531927, -0.7964735941827423, -0.8005122672885057, -0.9995143577178814, -0.7988787090859782, -0.9949536245775685, -0.9995367026702455, -0.8137881695581664, -0.9989634889401172, -0.9995367026702455, -0.8103153038822624, -0.9997906028511525, -0.8054892643501759, -0.8082905062988113, -0.7935055874908425, -0.9995143577178814, -0.9995143577178814, -0.8005064519597622, -0.8242715034099052, -0.8009652729580985, -0.8002163953641411, -0.8199161578773067, -0.8002346899013433, -0.9995143577178814, -0.7897593708664813, -0.8314656735153281, -0.9995143577178814, -0.9979144497843908, -0.8137960165772106, -0.8002163953641411, -0.9995367026702455, -0.9963218716836877, -0.8198916457934704, -0.8083078574795121, -0.8083078574795121, -0.9995367026702455, -0.8143141371745128, -0.9995143577178814, -0.8054892643501759, -0.7897764803846534, -0.8002163953641411, -0.998888108907236, -0.9995143577178814, -0.8242715034099052, -0.9995367026702455, -0.9995143577178814, -0.8242715034099052, -0.8242257753504426, -0.9995143577178814, -0.7916497262302161, -0.9995143577178814, -0.9995367026702455, -0.790788179380487, -0.9995367026702455, -0.8146862799469395, -0.8002875219191028, -0.8002163953641411, -0.7964735941827423, -0.9994456930001074, -0.7964735941827423, -0.8083078574795121, -0.7939336778738362, -0.8314557745492923, -0.8199161578773067, -0.8002163953641411, -0.9996409902063313, -0.7897764803846534, -0.9995143577178814, -0.793533071889691, -0.9995143577178814, -0.790788179380487, -0.7988787090859782, -0.9995367026702455, -0.8118621247704298, -0.8138276474004821, -0.9930048094531927, -0.9995367026702455, -0.8146862799469395, -0.8054892643501759, -0.9995143577178814, -0.9995143577178814, -0.8146862799469395, -0.9995367026702455, -0.9976686008197037], "gsf_samples": [0.8302692691141658, 0.8125854112421654, 0.9996039910377558, 0.8401369970427651, 0.9994482509571161, 0.8170522180971543, 0.9996039910377558, 0.8182990452290609, 0.9996039910377558, 0.9996263663639344, 0.8182990452290609, 0.8380116444339462, 0.8185658093608126, 0.9996263663639344, 0.9996039910377558, 0.8183913721715461, 0.9936830515069313, 0.8148935988867109, 0.818571462343786, 0.9996039910377558, 0.817084657913042, 0.9954564389271229, 0.9996263663639344, 0.8306490477280731, 0.999103681518921, 0.9996263663639344, 0.8274883176851281, 0.9998558581429208, 0.8230987764999725, 0.8256456571325244, 0.8121922943358978, 0.9996039910377558, 0.9996039910377558, 0.8185658093608126, 0.8401831066378662, 0.8189828528181916, 0.8182990452290609, 0.8362227841812245, 0.8183170684206743, 0.9996039910377558, 0.808787066060674, 0.8467287061090871, 0.9996039910377558, 0.9981504234463564, 0.8306551664158206, 0.8182990452290609, 0.9996263663639344, 0.9967013491819336, 0.8361981189622784, 0.8256624003152748, 0.8256624003152748, 0.9996263663639344, 0.8311277782804265, 0.9996039910377558, 0.8230987764999725, 0.8088035750611638, 0.8182990452290609, 0.9990345227824066, 0.9996039910377558, 0.8401831066378662, 0.9996263663639344, 0.9996039910377558, 0.8401831066378662, 0.8401369970427651, 0.9996039910377558, 0.810506810124707, 0.9996039910377558, 0.9996263663639344, 0.8097247085148577, 0.9996263663639344, 0.8314634930751567, 0.8183642322954996, 0.8182990452290609, 0.8148935988867109, 0.9995433262781526, 0.8148935988867109, 0.8256624003152748, 0.8125854112421654, 0.8467189575383902, 0.8362227841812245, 0.8182990452290609, 0.9997187907228529, 0.8088035750611638, 0.9996039910377558, 0.8122195697870246, 0.9996039910377558, 0.8097247085148577, 0.817084657913042, 0.9996263663639344, 0.8288921178348649, 0.8306817248239862, 0.9936830515069313, 0.9996263663639344, 0.8314634930751567, 0.8230987764999725, 0.9996039910377558, 0.9996039910377558, 0.8314634930751567, 0.9996263663639344, 0.9979254474890438]}