{"L": 2, "J": 0.44721359549995826, "B": 0.44721359549995826, "K": 2, "init_state": "random computational-basis state", "energy_avg": -0.9223370003973034, "energy_std": 0.25220073159133216, "gsf_avg": 0.9399201477794769, "gsf_std": 0.20130919184304735, "energy_samples": [0.36520973858658573, -0.9926054741945693, -0.9954008985157006, -0.9966243710025684, -0.9966610988395009, -0.9927989862928288, -0.989527641902759, -0.8191166422824546, -0.9966610988395009, -0.8459375660342916, -0.9966610988395009, -0.9942939558839785, -0.9713552433504972, -0.9966242619436945, -0.9969321000930934, -0.9969361868990785, -0.990877341645401, -0.9908868129401036, -0.9927014133572056, -0.9959723977552125, -0.8505797163470904, -0.7717455033501345, -0.9966610988395009, -0.9927014133572056, -0.9924672668207632, -0.9969661774288758, -0.9899819124114624, -0.9932946206462294, -0.9926548025492032, -0.9924925737283897, -0.9958083593101104, -0.8008774311628294, -0.9900186185813434, -0.001562372768332293, -0.9687252469276993, -0.9948938104210936, -0.9966610988395009, -0.9966242619436945, -0.9793348428098098, -0.9963556509799528, -0.9966243710025684, -0.9963556509799528, -0.9966610988395009, -0.9969740089192883, -0.9930598959305862, -0.996397636680124, -0.9963556509799528, -0.9772408983030518, -0.9926548025492032, 0.3676566491810484, -0.9927466487286875, -0.9969561287465567, -0.9927014133572056, -0.9967845161327931, -0.9883315998271639, -0.9927466487286875, -0.9909214926807594, -0.9960036716472307, -0.9926054741945693, -0.9927466487286875, -0.9927014133572056, -0.9080019768220688, -0.9925739554526414, -0.9969321000930934, -0.9942838407508648, -0.9231279317911909, -0.9961100844953493, -0.9164195177036587, -0.9961100844953493, -0.9926054741945693, 0.03358193524882352, -0.9969661774288758, -0.993126997898477, -0.9931523932082865, -0.9908868129401036, -0.9756454489729428, -0.9966242619436945, -0.9498415051623907, -0.9928771823286084, -0.8007657381827438, -0.9915789293390513, -0.9737435902982652, -0.9932946206462294, -0.9730625140101145, -0.039569528202243784, -0.9966242619436945, -0.993126997898477, -0.9969321000930934, -0.9926054741945693, -0.996253698533472, -0.9926548025492032, -0.9942838407508648, -0.9966610988395009, -0.9959723977552125, -0.9924672668207632, -0.9927014133572056, -0.9937299056183343, -0.9930755413296619, -0.9940953234749954, -0.995112533078006], "gsf_samples": [0.04528274606569757, 0.996203326604681, 0.9972057024913918, 0.998242890553776, 0.9982691491298753, 0.9963205236216265, 0.993127605675433, 0.8743542102180599, 0.9982691491298753, 0.8930428976925477, 0.9982691491298753, 0.9966680115855739, 0.9790692810402891, 0.9982421174506461, 0.9984582717876364, 0.9984565223951286, 0.9949837463017533, 0.9942714257765481, 0.9954865964895336, 0.9979199153521645, 0.8845408548116666, 0.8078283013763781, 0.9982691491298753, 0.9954865964895336, 0.9960979422826342, 0.9984815341738335, 0.9943603891338344, 0.9959362973044155, 0.9954500019685218, 0.9954511214855531, 0.997676379696449, 0.8526812862242018, 0.9935434380379098, 0.03902782755485778, 0.9776742716086577, 0.9969317076208744, 0.9982691491298753, 0.9982421174506461, 0.9848293123123705, 0.9980551889930847, 0.998242890553776, 0.9980551889930847, 0.9982691491298753, 0.9984849158066412, 0.9965199436587074, 0.9980875124376511, 0.9980551889930847, 0.9840176214913069, 0.9954500019685218, 0.00011813201486618742, 0.9962926561562601, 0.9984272520261327, 0.9954865964895336, 0.9983155980195964, 0.9932234431560865, 0.9962926561562601, 0.9949612896104401, 0.9978142190728957, 0.996203326604681, 0.9962926561562601, 0.9954865964895336, 0.9297563724441362, 0.995435827728526, 0.9984582717876364, 0.9966222427893385, 0.9441483110243057, 0.99801123325657, 0.9399943862085257, 0.99801123325657, 0.996203326604681, 0.0020707570434057, 0.9984815341738335, 0.9965614407162698, 0.9965743117033753, 0.9942714257765481, 0.9824793785921341, 0.9982421174506461, 0.9661233503013065, 0.9963819351698069, 0.8616355795613787, 0.9952756787658449, 0.9813830387017114, 0.9959362973044155, 0.97995645410813, 0.3304051201739695, 0.9982421174506461, 0.9965614407162698, 0.9984582717876364, 0.996203326604681, 0.9981243617120069, 0.9954500019685218, 0.9966222427893385, 0.9982691491298753, 0.9979199153521645, 0.9960979422826342, 0.9954865964895336, 0.9964832821007741, 0.99653230378881, 0.9965180101625052, 0.9975532507067412]}