{"L": 2, "J": 0.44721359549995826, "B": 0.44721359549995826, "K": 20, "init_state": "random computational-basis state", "energy_avg": -0.9251264049012934, "energy_std": 0.07484647844553245, "gsf_avg": 0.9484516811203921, "gsf_std": 0.05162076190372048, "energy_samples": [-0.8442526337475497, -0.9973858253851966, -0.8386692678425891, -0.9972201187595954, -0.8281849077642625, -0.8592394956770675, -0.9971746990317867, -0.8551059234178302, -0.9972201187595954, -0.9972201187595954, -0.9972201187595954, -0.7713407463607321, -0.8472776734908892, -0.934773311672957, -0.8396871545034814, -0.9983132892588558, -0.8360284502553667, -0.9290271457049603, -0.9972201187595954, -0.9940622573750117, -0.8423383579675711, -0.9971746990317867, -0.934773311672957, -0.8597261962109838, -0.8930438849559934, -1.0002989115095549, -0.9988247351102368, -0.9972201187595954, -0.88469183689813, -0.8660842988710966, -0.9990228697681836, -0.8281849077642625, -0.865704146003214, -0.8362855193736356, -0.8396871545034814, -0.8442526337475497, -0.9972201187595954, -0.9972201187595954, -0.8255052835197475, -0.8333445399998856, -0.9921787991203805, -0.846441949758413, -0.8616556342312718, -0.9971746990317867, -0.9971746990317867, -0.8439309263659628, -0.8660842988710966, -0.9972201187595954, -0.9989477444440261, -0.9906849788025742, -0.9991404470647722, -0.9971746990317867, -0.9971746990317867, -0.9972201187595954, -0.9077601185408942, -0.9985429718270405, -0.868026762058341, -0.8551059234178302, -0.9972201187595954, -0.8638120836335612, -0.9972201187595954, -0.8616556342312718, -0.8526776353949822, -0.979100279127229, -0.8404028578572125, -0.9964905343740754, -0.8624484935063594, -0.9290271457049603, -0.9966040427378455, -0.9990978275382583, -0.9991632628829333, -0.9972201187595954, -0.8360284502553667, -0.8360284502553667, -0.9971746990317867, -0.9971746990317867, -0.9998035628222413, -0.9972201187595954, -0.8110059130082605, -0.9971746990317867, -0.8404028578572125, -0.9971746990317867, -0.9729622384354036, -0.7853946656193045, -0.7853946656193045, -0.9945123202999371, -0.9972201187595954, -0.9012706892328806, -0.9989220097421655, -0.8446319508278831, -0.8137594846548508, -0.975499745032619, -0.9033544830236855, -0.9790607861594927, -0.989802339276977, -0.9030227996248542, -0.9990206473273551, -0.845368068502894, -0.9972201187595954, -0.8360284502553667], "gsf_samples": [0.8927387328104649, 0.9985864792132365, 0.8888425228241448, 0.998077390860193, 0.8816332495602275, 0.9031198204419144, 0.9980277229063768, 0.9002663197232977, 0.998077390860193, 0.998077390860193, 0.998077390860193, 0.8422087508662603, 0.8948532929068167, 0.9553043046545707, 0.8895989137939886, 0.9992121402682296, 0.8870521520373836, 0.9513567424262451, 0.998077390860193, 0.9961878814599909, 0.8914150114163096, 0.9980277229063768, 0.9553043046545707, 0.903485762229575, 0.9264781578371389, 1.0003917095970107, 0.9994100781699405, 0.998077390860193, 0.9206185597223319, 0.907774618056134, 0.999499343827944, 0.8816332495602275, 0.9075862705012215, 0.8872432334725436, 0.8895989137939886, 0.8927387328104649, 0.998077390860193, 0.998077390860193, 0.8797963849521683, 0.8852143189704569, 0.9950106429835822, 0.8942413311467758, 0.9047755220233457, 0.9980277229063768, 0.9980277229063768, 0.8925199037750187, 0.907774618056134, 0.998077390860193, 0.9995986093813615, 0.9939429668609385, 0.99979736492568, 0.9980277229063768, 0.9980277229063768, 0.998077390860193, 0.936648316678768, 0.9992026408232841, 0.9091796532664127, 0.9002663197232977, 0.998077390860193, 0.9062196393762382, 0.998077390860193, 0.9047755220233457, 0.8985984690616903, 0.9859445841501907, 0.8888632611506191, 0.9967511356292434, 0.9053491197308484, 0.9513567424262451, 0.9980544473396746, 0.9997625614770814, 0.9998372406108315, 0.998077390860193, 0.8870521520373836, 0.8870521520373836, 0.9980277229063768, 0.9980277229063768, 0.9999891461109925, 0.998077390860193, 0.8697623751591023, 0.9980277229063768, 0.8888632611506191, 0.9980277229063768, 0.9787643837631104, 0.8520359081448204, 0.8520359081448204, 0.9966189168688178, 0.998077390860193, 0.9320883468823425, 0.9995102021838261, 0.8930370501205313, 0.8716457590638795, 0.9835331069570692, 0.9335442677393695, 0.9858879782159328, 0.9933390836679802, 0.9332182090495299, 0.9995072063743236, 0.8934944983237476, 0.998077390860193, 0.8870521520373836]}