{"L": 3, "J": 0.06622517641798507, "B": 0.3311258820899253, "K": 3, "init_state": "random computational-basis state", "energy_avg": -0.9707300451338458, "energy_std": 0.10438642631914537, "gsf_avg": 0.9599976197014652, "gsf_std": 0.15004329486994225, "energy_samples": [-0.9895617630294784, -0.986513081508585, -0.9868540158254127, -0.996796296344232, -0.9936514371556104, -0.9962803054286383, -0.9970932610451451, -0.9970482681874765, -0.9966074223324819, -0.996981773644838, -0.9949987250497105, -0.9959361232415325, -0.9928104982318292, -0.9968916741240685, -0.8714387067318489, -0.9967220068312985, -0.9951093363238931, -0.36571341243543287, -0.9950210307700049, -0.9955632048079656, -0.9964081972582013, -0.9970496441070709, -0.986513081508585, -0.9950809238823584, -0.364981507891908, -0.995587140437862, -0.9938144800718878, -0.9969743906233095, -0.995468879589935, -0.9970313597137284, -0.9913912221933721, -0.8628596307549576, -0.995468879589935, -0.9888426643587378, -0.46622239369730734, -0.9928104982318292, -0.9968089298120459, -0.9965665643047597, -0.9966755303597652, -0.9971157533727015, -0.9633852183064937, -0.8016695906814436, -0.9966125330535907, -0.9970706515532621, -0.9878664775838882, -0.9971834139408973, -0.9908736205286054, -0.9878664775838882, -0.9938144800718878, -0.9967902491471938, -0.9966038516648331, -0.9980106097730854, -0.9928104982318292, -0.9969079015387321, -0.9928104982318292, -0.9941388568998087, -0.9970615731440194, -0.9948922186267622, -0.9878614676550572, -0.99166270355283, -0.9969295153195266, -0.9954930915645885, -0.9961385147464782, -0.9912915357431517, -0.9968916741240685, -0.9949757558468514, -0.987560723890514, -0.9969079015387321, -0.9908736205286054, -0.9908736205286054, -0.9914873540014343, -0.9345307038624959, -0.9966038516648331, -0.994058704285705, -0.9965665643047597, -0.9948950847237248, -0.9911945578704426, -0.9970388373032927, -0.9971056550619466, -0.9912915357431517, -0.9964081972582013, -0.9779554358878294, -0.9909240068677703, -0.9878614676550572, -0.9912915357431517, -0.993010358800188, -0.9916702868875346, -0.9912915357431517, -0.9965828443861399, -0.9966125330535907, -0.9895617630294784, -0.9966125330535907, -0.9962943206080704, -0.996637886853714, -0.9885241525193507, -0.9938144800718878, -0.996031413789728, -0.9969305171794232, -0.991472097608542, -0.9936514371556104], "gsf_samples": [0.9878131994895447, 0.9830775262477326, 0.9901140213220884, 0.9973372443451528, 0.9929926210105244, 0.9966249598796428, 0.9977631436821304, 0.9976887915564144, 0.9973848242385613, 0.997606611721767, 0.9948670576214105, 0.9961498860775505, 0.9918210896800292, 0.9970771170981662, 0.8075633097861158, 0.9972339992924873, 0.9950055007362569, 0.12258019046153457, 0.9948833841666939, 0.9956283686805013, 0.9968033893829129, 0.9977011637702009, 0.9830775262477326, 0.9949538224260737, 0.13734109512925194, 0.9956618285892859, 0.9932143232474622, 0.997585194619035, 0.9954931150112403, 0.9976675247085299, 0.9898473537271316, 0.7944528253739003, 0.9954931150112403, 0.9864004571445786, 0.14455534755958088, 0.9918210896800292, 0.9973556443190004, 0.9970306587702361, 0.9974765031722909, 0.9972879613921947, 0.9536017829756945, 0.7357709892183228, 0.9970830372764825, 0.9977257662146889, 0.9849445029370656, 0.997542965594149, 0.9891293690934709, 0.9849445029370656, 0.9932143232474622, 0.9973265561306501, 0.9970722464898698, 0.9984935643948945, 0.9918210896800292, 0.9974952552749148, 0.9918210896800292, 0.9940288308322132, 0.997351017863449, 0.9938442620538172, 0.9849369202626177, 0.9901743092340171, 0.997034136629846, 0.9955306838870682, 0.9964182810358604, 0.9897003743680948, 0.9970771170981662, 0.9939775661344393, 0.9845359582279204, 0.9974952552749148, 0.9891293690934709, 0.9891293690934709, 0.9899328596723976, 0.9098729541936067, 0.9970722464898698, 0.9935178642797977, 0.9970306587702361, 0.994703426237127, 0.9895669768737028, 0.9973103603551697, 0.9977740186686562, 0.9897003743680948, 0.9968033893829129, 0.9709112995651513, 0.9891988490377768, 0.9849369202626177, 0.9897003743680948, 0.9920642207503847, 0.9902293946325718, 0.9897003743680948, 0.9970416649404663, 0.9970830372764825, 0.9878131994895447, 0.9970830372764825, 0.9966420109162593, 0.9973980332184984, 0.9859372552256958, 0.9932143232474622, 0.9962761874065413, 0.9975197925998583, 0.9899509666520687, 0.9929926210105244]}