{"L": 5, "J": 0.03968214607433029, "B": 0.19841073037165147, "K": 40, "init_state": "random computational-basis state", "energy_avg": -0.976841361219034, "energy_std": 0.037509860476548314, "gsf_avg": 0.9651072506661008, "gsf_std": 0.07919991018761989, "energy_samples": [-0.9887802029646829, -0.988090219895841, -0.9878607033698039, -0.9876006880411148, -0.9886286770272594, -0.9881163679772935, -0.9711549293046695, -0.9856345301707233, -0.9877419431810083, -0.9885536361506163, -0.9871249346149586, -0.9707357894178201, -0.9880381566333325, -0.9886081200279477, -0.9885756783197905, -0.982464330446874, -0.9869145072207856, -0.9880083489360092, -0.9875786868472811, -0.9460807293265465, -0.9868916049529628, -0.9632466944515969, -0.987424954865143, -0.9862607868551232, -0.9872681133756546, -0.9879214955070741, -0.9740800489467332, -0.9888674475420416, -0.9871024179379682, -0.988543395469619, -0.987551557115745, -0.8905733376833735, -0.987899916542407, -0.9858897147702221, -0.9880142892809485, -0.9879391901059247, -0.9868017763798456, -0.9886768391923874, -0.9875983839338367, -0.988191615052789, -0.9855895319694867, -0.9883206978506152, -0.9875824311141568, -0.9867295571138398, -0.9876532580296725, -0.9878221249178265, -0.98871924374509, -0.9378440092466978, -0.9741988458731746, -0.9881478625379184, -0.9879625334241293, -0.9835796858234653, -0.9885452523562721, -0.9880574731358737, -0.9877333348663198, -0.9882136576273517, -0.9884186706832584, -0.9877087243791618, -0.7018121597501195, -0.9860482489209432, -0.9831788363563169, -0.9885640264786649, -0.9873362665025462, -0.9875553244840806, -0.9831670498582852, -0.9874539132981319, -0.9885724961761427, -0.9872594215370178, -0.9881464293263877, -0.8678391178385315, -0.9885063149090212, -0.9827819824541041, -0.9879954999860899, -0.9750967493639368, -0.9877603228022511, -0.988137328419552, -0.947707424660978, -0.9158959415289589, -0.9868362030608981, -0.9869963719173581, -0.987800618923706, -0.9887359217390591, -0.9877120557060202, -0.9878654526425835, -0.9875090176367652, -0.9044093155977925, -0.8233147524669087, -0.9884489814215335, -0.9882509012213841, -0.9741988458731746, -0.9866098894019066, -0.9885584301031061, -0.9880662832364548, -0.9873551048167823, -0.9879889023970918, -0.9874431768022076, -0.9867469001744831, -0.9885876856522917, -0.9857472111041684, -0.9882775908255911], "gsf_samples": [0.9887491857163662, 0.988035985437012, 0.9877867967600986, 0.987567811742293, 0.9885051873690355, 0.9879237773119548, 0.9526068762258519, 0.9832938189093042, 0.9875270508109979, 0.9885406394723563, 0.9863345514140309, 0.948100924960639, 0.9879778439013641, 0.9885968433127384, 0.9884184771456923, 0.9774969463413594, 0.9862527677480873, 0.9876260537149318, 0.9873748218059681, 0.8935286531571094, 0.986174870776914, 0.9447721690045582, 0.9873712312499987, 0.9848674232376128, 0.9869867452738078, 0.9876853013939596, 0.9570165967598476, 0.9888486198504759, 0.9853237988823695, 0.9885223737441188, 0.987546102653822, 0.7812405483000839, 0.9870740566938094, 0.9827813334413076, 0.987956652275511, 0.9875267559323734, 0.9860350908952842, 0.9885965572522275, 0.9874627992407866, 0.9872706008322915, 0.9832084901553155, 0.9882271163709859, 0.986230708450788, 0.9853202003476951, 0.9873494348351154, 0.9875802769221553, 0.9887107296622, 0.908943274118065, 0.9637072174181224, 0.9876767035866203, 0.9878034384625815, 0.9787510425854552, 0.9885379503777856, 0.9870506988124907, 0.9870203894107481, 0.9880030284976546, 0.9883332683390361, 0.9875421742188384, 0.37974403755128405, 0.9846350269708469, 0.9768526958344506, 0.9885470460090974, 0.9862425061333732, 0.9873021883281364, 0.980249245184197, 0.986912304294717, 0.9885082248095197, 0.9872006905560384, 0.9880638670410317, 0.7129147243616811, 0.9884848313271368, 0.9773422236548885, 0.9879751590649787, 0.9581077526737547, 0.987714206193061, 0.9881141507019775, 0.9287533431259438, 0.8791110321272563, 0.9853552839917749, 0.9864396108761855, 0.9875554689377898, 0.9887109663763406, 0.9876796761155237, 0.9872239356465756, 0.9865605698610975, 0.8196843534600021, 0.635907707249661, 0.9881421882307033, 0.9882019137044683, 0.9637072174181224, 0.9837446418015393, 0.9882148340000313, 0.9878911919592422, 0.9873060746299649, 0.9879598360537809, 0.9872787049578491, 0.9859617834845199, 0.9885694032271001, 0.9843107609532158, 0.9882429042111969]}