{"L": 5, "J": 0.1659289965874811, "B": 0.1659289965874811, "K": 10, "init_state": "random computational-basis state", "energy_avg": -0.9430854087184583, "energy_std": 0.10444317146208731, "gsf_avg": 0.8333849241789916, "gsf_std": 0.31210718375080065, "energy_samples": [-0.9953926938192692, -0.7344523781273621, -0.9983427879132922, -0.9950486645423761, -0.995430305527263, -0.7621592660574341, -0.9157875396925967, -0.9974238084405672, -0.9946541149225824, -0.6060326834601014, -0.9983735989883465, -0.9963464467291505, -0.9942935197433705, -0.9974487467531541, -0.7301638914753216, -0.9716982913305485, -0.9965240221957103, -0.9982505156775523, -0.9980690119330442, -0.6621434076026057, -0.9983209757473017, -0.7197858556094379, -0.9925153763658486, -0.9945881314766627, -0.9968702019083706, -0.9983020165573422, -0.8274617952174976, -0.8379392439707816, -0.9889568537050077, -0.9104414352855842, -0.9978956124217333, -0.9935846445508969, -0.9935579405799109, -0.9981610442691383, -0.6879949200733856, -0.9731364994805627, -0.99262462660088, -0.9966879823566465, -0.9941100723539121, -0.7945296080753819, -0.9983662184483357, -0.9944092211312173, -0.9982381537958556, -0.7590088959292864, -0.9920986693195273, -0.9966405879173519, -0.9325445583527193, -0.920266615005705, -0.9962522682508421, -0.9982548098090049, -0.9981970861327454, -0.9931622976431322, -0.9982029428468381, -0.9981910390922613, -0.9925032637568266, -0.9896169957471279, -0.994373105183882, -0.9877057570355885, -0.6611101516633008, -0.9941205507984092, -0.9294858315928272, -0.9977617897060772, -0.9922668458468604, -0.9969605130345041, -0.9980923427271677, -0.9983638863789748, -0.9904041456242927, -0.9847631718224038, -0.9877070759070348, -0.9959356909275784, -0.9827378202300234, -0.7185432846055, -0.9903008773644435, -0.997295546675792, -0.9953265505740274, -0.9743842262790938, -0.9621634362841759, -0.9939938263855236, -0.7414638063934416, -0.9936903634670096, -0.9812674074033058, -0.9785494016316534, -0.9983023962031528, -0.996736660105606, -0.9977165756118741, -0.9645716918926007, -0.9678358063771793, -0.8605293184724758, -0.9859281845573135, -0.9700548601421923, -0.9982064367921304, -0.988475727628883, -0.9958832971188224, -0.8152017353489561, -0.9956517501028976, -0.9950640408932269, -0.5055751606200459, -0.9932692198145248, -0.8858726224050413, -0.9934438274993003], "gsf_samples": [0.991173256592612, 0.5831898352614535, 0.9977991403399098, 0.9921267228170023, 0.9903410049355713, 0.18244636192529998, 0.7302918857542363, 0.995935771910236, 0.9852471553778994, 0.036604298634597486, 0.9978867593808781, 0.9946763896260966, 0.9920539194838383, 0.9968718571153907, 0.1468656633485509, 0.9336575599861415, 0.994355238705829, 0.9975403914544774, 0.9968732944000828, 0.1319297889018432, 0.9977954625124611, 0.01571910730104345, 0.9861317353483827, 0.9907769724534544, 0.9961529462672499, 0.9978779234900994, 0.4746651239438669, 0.00011699620728308673, 0.9836069724770014, 0.7458016546115547, 0.9962684412990349, 0.987747570471553, 0.9895724443029528, 0.997104116771212, 0.07753544520954529, 0.9613285539380919, 0.9845377215526936, 0.9955777356307187, 0.9897033957017679, 0.020279561676678822, 0.997860507191986, 0.9897451732863185, 0.9976144706231428, 0.006908485613113803, 0.988613922599386, 0.9923350465619121, 0.7972890001754356, 0.7824954578739086, 0.9934388309551051, 0.9974876040472047, 0.9975781215390463, 0.9900218576828426, 0.9973452654697921, 0.9975418864768936, 0.9871560589444405, 0.9855529743193764, 0.9897689706383584, 0.9825425843088941, 0.17903145682147373, 0.9922212774722804, 0.7715003356625341, 0.9967338640915266, 0.9894413472308685, 0.995877891588944, 0.9972113082980995, 0.9979096659437469, 0.9696233260379821, 0.9729480610852648, 0.9750953996751064, 0.9891371809417931, 0.9607966397047152, 0.0037956971601321964, 0.9695810622966745, 0.9959021382263689, 0.9875178573783696, 0.9412809124224645, 0.9168646741986695, 0.9905682084594228, 0.117152785705218, 0.9828598487030922, 0.954769798153136, 0.9354735020991871, 0.9976680660463533, 0.9931935316637963, 0.9957089253759384, 0.8889463729705109, 0.9221905809552561, 0.5449865203588865, 0.9824938371110119, 0.9346371731241333, 0.9973696335560012, 0.9850858266675997, 0.9938490233727411, 0.4932578523788739, 0.9885213652709579, 0.9930103765276799, 0.0635352903344058, 0.986592030217717, 0.6769120271968742, 0.9897773499876005]}