{"L": 6, "J": 0.033057440093328, "B": 0.16528720046664, "K": 2, "init_state": "random computational-basis state", "energy_avg": -0.8879156521915524, "energy_std": 0.0919962866885469, "gsf_avg": 0.7120632346935126, "gsf_std": 0.24066727479995007, "energy_samples": [-0.972178378017328, -0.9780300553324253, -0.9373240759756425, -0.8161771527409761, -0.888937061974467, -0.9322612362747106, -0.9607362576683861, -0.985174973612104, -0.8451300006102197, -0.9828738611936462, -0.9263418396726935, -0.9444949559911929, -0.9535013045430598, -0.9075739634658305, -0.9436708098383564, -0.6220120195912462, -0.7223560042937792, -0.9835889896927532, -0.6959032182226825, -0.9243977061428281, -0.9542813020782395, -0.9362226117792827, -0.9800484029650637, -0.9069590746162604, -0.817439818900716, -0.9736774133988425, -0.7157027414418016, -0.9695241887466441, -0.8960120632293066, -0.9011720862819067, -0.8370978839366758, -0.97432823713975, -0.9059119367690195, -0.9783829442266568, -0.7755436217086517, -0.9701438945600646, -0.8932107869656163, -0.8067035425130065, -0.9786913701694407, -0.8750041198058425, -0.9372842953864495, -0.9478187108262163, -0.9106058630560925, -0.7463504866524433, -0.9473798452160792, -0.9663554724372251, -0.9038462601363034, -0.9396129530890138, -0.8775068286994185, -0.9181442911291258, -0.9499412992516643, -0.6983373707922834, -0.9552880593718573, -0.9598978247687816, -0.9667334393516643, -0.8893622764369101, -0.9622777306934768, -0.9858186734074017, -0.933785107497245, -0.9588445984262262, -0.7667020835315055, -0.9374275425827253, -0.933611796414479, -0.9525632455770786, -0.7378357705346154, -0.6758970039901584, -0.8518897619941527, -0.851769418961013, -0.8795363101669702, -0.9119695900058177, -0.9639077088262393, -0.8360648658137798, -0.9217270706203652, -0.8886804577480947, -0.9501502161600259, -0.8264633223417718, -0.9269278482581279, -0.8530549362889037, -0.8858061307786635, -0.7904728511100871, -0.9878922401360317, -0.9278021864879767, -0.9309013910180554, -0.7402605684514072, -0.9749295538615849, -0.93288111170941, -0.9725925702578336, -0.7591740209962827, -0.7401511445546817, -0.9023955709738088, -0.6600954171294549, -0.9087268017952914, -0.9123809149348218, -0.9716168252910463, -0.9457281504071628, -0.7429558005901273, -0.7208831540224621, -0.928246993290589, -0.8471687279214797, -0.6184108509081514], "gsf_samples": [0.9336563422439471, 0.9478763563443877, 0.8352507299645423, 0.5398913648820872, 0.6967534041332436, 0.836889440292843, 0.8951451862912684, 0.9694059762394185, 0.5476934413356697, 0.9602208790916082, 0.8001985004897302, 0.8502151229596223, 0.8746793666187187, 0.7314393824316777, 0.8473766663155483, 0.056814905855357145, 0.28274049005315777, 0.9626334460014334, 0.09666257391966768, 0.800586548425936, 0.9123172053648699, 0.8503504243293778, 0.9532655211000098, 0.7795087580368361, 0.5143457033541035, 0.9381168067803584, 0.27020155622402364, 0.9252946273683498, 0.7024298903447557, 0.7328121534625216, 0.6295318961671026, 0.9364616672317975, 0.7307378859937004, 0.9465800725219756, 0.4087431747056992, 0.9331588763191621, 0.7341359476312214, 0.6210202856661617, 0.947432347391602, 0.6024629506280355, 0.8244155969789704, 0.8920913686928372, 0.7799828546502936, 0.3551580170016902, 0.8811246624545915, 0.9215597222111939, 0.7779123027167657, 0.842629749800396, 0.6945674254148936, 0.7840568483291898, 0.8728803369310981, 0.3102480812649666, 0.9016223766441767, 0.9098846213214913, 0.9149492096694707, 0.6934222391656966, 0.9091896540918774, 0.9722500839242947, 0.8347805126045652, 0.8881083369384165, 0.3991050382570659, 0.8410664940054363, 0.8242131180044463, 0.8792962556908672, 0.17762964597782857, 0.18360530502945482, 0.5766893854964541, 0.6561242154204973, 0.7504497408434188, 0.7618881846890107, 0.9107268038438433, 0.6170846381023929, 0.8167699320064026, 0.6952373045077391, 0.8764416766283867, 0.5290838638466075, 0.8058743702959887, 0.6153690733856387, 0.7473107436173909, 0.44646889964569353, 0.9756459896007654, 0.8183217463788837, 0.8024036435264669, 0.33313545480475826, 0.9381242646194684, 0.8121871562726912, 0.926518060588332, 0.34888456560534414, 0.4071017435421202, 0.7626786119496706, 0.08040910463255786, 0.7519676202565394, 0.7455350305458827, 0.9261343399386703, 0.8708242318714149, 0.41295253890569733, 0.2784034244371059, 0.8198746801378188, 0.5721194044417294, 0.016795292682369626]}