{"L": 7, "J": 0.0283282086429988, "B": 0.141641043214994, "K": 5, "init_state": "random computational-basis state", "energy_avg": -0.9760174209577586, "energy_std": 0.05783647266268604, "gsf_avg": 0.9253910031124224, "gsf_std": 0.1894152832382098, "energy_samples": [-0.9659751562518021, -0.9979340116951408, -0.9922903788352287, -0.9977169512155241, -0.9961417074278358, -0.9962332906208287, -0.9774488317127388, -0.9972175784595283, -0.9874489333176382, -0.9930810225945335, -0.9970241213804902, -0.9814465940918221, -0.9936114346903613, -0.974194399172769, -0.9830140509626967, -0.9929657468669764, -0.6955362771909189, -0.9976582850054125, -0.9895170985580386, -0.9960097734619208, -0.6959220635869009, -0.996634997771804, -0.9970929489805066, -0.9965743580593573, -0.9792619946081393, -0.9982138330494018, -0.9681959977585441, -0.9959567533170637, -0.987888796109398, -0.9940547909726192, -0.9771273939869647, -0.9915126740497777, -0.9867859078481948, -0.9797104790915832, -0.9897394384523164, -0.9972461099254651, -0.9945794750968455, -0.987950217480476, -0.7277923672109797, -0.9942679334741102, -0.9965908587926912, -0.98221893166551, -0.952057663255336, -0.9867790106874066, -0.9572454424428284, -0.9824834855880639, -0.993911366203519, -0.9864877630851168, -0.9329850322403143, -0.9967053164930015, -0.9959544381242773, -0.9975029762185433, -0.9929643366964002, -0.9910718542325172, -0.9973455387888854, -0.9457051763283472, -0.9942592751171491, -0.9917541299482231, -0.993404709986146, -0.997592783856792, -0.6976550725012823, -0.9897339553433422, -0.997130397003781, -0.9962011012776328, -0.993429120415927, -0.987592259349232, -0.9947255556540077, -0.9865757575173124, -0.994571877181273, -0.9754325611852631, -0.9964808846097685, -0.9841242020726262, -0.9954661727266537, -0.996894478476017, -0.9964051526240576, -0.9970439611435103, -0.986372343708605, -0.9887949265698911, -0.9966080267262587, -0.9981695897487266, -0.9496347755148851, -0.995513937351941, -0.9977372819767774, -0.9966893334969574, -0.9652310829433575, -0.9888489889521227, -0.9976481456745323, -0.9966653417381847, -0.9971946283805495, -0.9931722719426296, -0.9787907232101775, -0.9959795430046072, -0.9553948899364535, -0.8860079998433864, -0.9970879776030388, -0.9832515975009621, -0.9909670256707647, -0.9971677985091024, -0.9886531057791703, -0.9967039868173764], "gsf_samples": [0.8962509594407634, 0.9953524829261626, 0.9783986466533712, 0.9948915177473621, 0.9903061899563973, 0.9903206741041372, 0.9329504027201267, 0.9932500948446702, 0.9714655904826742, 0.9806542340117995, 0.9924723223835811, 0.9453936371689703, 0.981840154300462, 0.9186250459558444, 0.9505263781182319, 0.9800593219484305, 0.0159941632773721, 0.99447779980819, 0.9698133497963328, 0.989483703224259, 0.06935842764140394, 0.9911709666523217, 0.9932472522247695, 0.9915697201458296, 0.9384066673750836, 0.9963773488494737, 0.905973908655014, 0.9901479486440177, 0.9644506446106059, 0.9835404991656395, 0.929155452848576, 0.9748897539385771, 0.962540135755299, 0.936513425267727, 0.9718004510621262, 0.9934375920666377, 0.9851664276032116, 0.9652466702132592, 0.009282018492461575, 0.9841167773763861, 0.991312636792334, 0.9464695770437761, 0.8549772768991853, 0.9607914048743627, 0.8699267102034417, 0.9458434641848511, 0.9830887299569349, 0.9591850475199165, 0.7857536313853066, 0.9912156523840684, 0.9893195333347976, 0.9946966793435045, 0.9793173741576184, 0.973830683779794, 0.9938061207317391, 0.8271190776388592, 0.9836231076888058, 0.9764635022785704, 0.9813005112396668, 0.994333284769777, 0.0314198249002334, 0.9690229739448195, 0.9925456992573628, 0.9898752424403122, 0.9817024539985357, 0.9646696769335985, 0.9854577151866286, 0.9598240274894578, 0.9844511155032976, 0.9255441420588567, 0.9910526858906719, 0.9503849915209752, 0.988298882212754, 0.9919819124947717, 0.9905388108819401, 0.9936313007739035, 0.9599835689510462, 0.9672595798310859, 0.9909679522453271, 0.9959576473827675, 0.8463879733093772, 0.9877224373823327, 0.9950513284720395, 0.99166570046187, 0.8985080350503197, 0.9676171634410111, 0.9945480573144532, 0.9933064430128414, 0.9929080620884569, 0.9862778546802005, 0.9372187802628055, 0.9888770654360738, 0.8640338788574303, 0.6435695623643243, 0.9926178310158718, 0.951249468735601, 0.9713585889404059, 0.9930692502829316, 0.965771856826017, 0.9914780057446598]}