{"L": 8, "J": 0.02478276127298553, "B": 0.12391380636492764, "K": 20, "init_state": "random computational-basis state", "energy_avg": -0.9969221616579977, "energy_std": 0.01244636034361268, "gsf_avg": 0.984074176034699, "gsf_std": 0.044099727729028294, "energy_samples": [-0.9970633960411726, -0.9659503675423015, -1.0019028082603656, -1.0018597676175724, -1.000237973595859, -1.000939182866243, -1.0015148675257701, -0.9993327554361026, -1.0008625581139856, -1.0004113192672286, -0.9940627129404547, -1.0008894725542672, -0.9986501818727003, -0.9895073613335633, -0.9988168996383897, -1.001222464011201, -1.0014014424530113, -1.0023701652765906, -1.0018655967812309, -0.9952014235988851, -1.001879798162229, -1.0020175677299406, -1.0021815952876483, -1.0019558624784, -0.9377647374583284, -1.0006799559270005, -1.000636531463431, -0.9994369574329677, -0.9999645112564355, -0.9916214559807385, -1.00001170418208, -1.0021287331659643, -1.0010559704882005, -1.002038740554894, -0.9969898694691866, -1.0004237602079644, -1.0022556796501145, -0.9949057494351599, -1.0006446955668369, -0.9890194286834898, -0.997409939628335, -1.0005018622721573, -1.001156237035518, -1.0000747589654138, -0.9994876426439606, -0.9933240415194157, -1.0022724032974846, -1.0009999560317837, -0.9798871992435414, -1.0017895899872904, -0.9986891788589571, -1.0023565714503802, -0.9995954129346722, -1.0016877522898067, -0.9916886480406819, -1.002025567472932, -0.9968260550745525, -0.9988275841669951, -1.001397390070268, -1.0002972825383032, -1.000859733323122, -0.9964114505886805, -1.0022979266578875, -1.0014325305815404, -1.0020354806084828, -1.0023278752117022, -0.9918126070690177, -0.9068588584382378, -1.0007816812684338, -0.9986531173645146, -1.0022035017479594, -1.0014884614350843, -1.0013663479709578, -0.9987933791076039, -0.9990986384720838, -1.0016972144997152, -0.9690997688731989, -1.0011176854701973, -1.0014310076969364, -1.0018624807842753, -1.002034504952034, -1.0011734117917788, -0.9981472048973874, -0.9981296932243839, -0.9951720756084008, -0.9957770986189544, -1.0013345784494316, -0.9994634966188046, -0.9885742597817703, -0.9996450133428565, -0.9996817812704442, -1.0012109874484587, -1.0005909540014428, -0.9830903285143191, -1.0014622350222708, -1.002081356238911, -1.0019464420626494, -0.9881003402775497, -0.9999689938783808, -1.0010305677995406], "gsf_samples": [0.9845437796561732, 0.900478806905346, 1.0012482248838626, 1.000764897357969, 0.9960158015470001, 1.0000068325304434, 1.0005426970207718, 0.9940727691411956, 0.9964349922681397, 0.9958812791098467, 0.9750202290616067, 0.9990557289308617, 0.9904751513377932, 0.963916911950518, 0.992446722907502, 1.0010011130849308, 1.0001451837354656, 1.0022038238115287, 1.001640790125082, 0.9800833665952449, 1.0015421047285284, 1.0017867472369297, 1.0019862022550108, 1.0017795495652664, 0.783082835430445, 0.9977695480424267, 0.997068806762908, 0.994034706388582, 0.9965456139905857, 0.9634397218052134, 0.9939376516819138, 1.0019768857954832, 0.9977809191779021, 1.0015880625013998, 0.984746003026993, 0.9958843864319066, 1.001960756666215, 0.976892970952556, 0.9965592368123652, 0.955817476035984, 0.986506494025415, 0.9971811640214139, 1.0010161433407843, 0.9948196180883166, 0.9948374928458346, 0.9679970508258386, 1.0020228507979843, 0.998812317036827, 0.9172247531489727, 1.0014964443187224, 0.9910096931234723, 1.0021772777435252, 0.9932537583035981, 1.0010488113740124, 0.9625999065294101, 1.001461911529513, 0.9844679063837888, 0.9921538663586366, 1.0010119452117738, 0.9957752628499125, 0.9983034577465855, 0.9792028261359632, 1.0021683542654203, 0.9997100846843172, 1.0017089522123448, 1.0021866456135713, 0.9672184518030812, 0.6564491088579903, 0.9964834517058911, 0.9889825340512606, 1.001480417576151, 1.0009467637334817, 1.0005203591860252, 0.9905179785219548, 0.9904321516269337, 1.0009709358908345, 0.876965333723871, 0.9996893833617588, 1.0002198593700373, 1.0011235881415954, 1.0016392551836528, 0.9998258426801231, 0.9886302293294065, 0.989823766220441, 0.975640917155347, 0.9827349110321779, 0.9992197640233044, 0.9928604283136897, 0.9533605965134124, 0.9936836453167672, 0.9937365412008079, 0.9993176033135996, 0.9964815364109569, 0.9327734559016057, 0.9996068559666088, 1.0018303440391971, 1.0018452456549942, 0.9462672028305615, 0.995694143548129, 0.9981307255184125]}