{"L": 9, "J": 0.09001252049949558, "B": 0.09001252049949558, "K": 10, "init_state": "random computational-basis state", "energy_avg": -0.9733158447924742, "energy_std": 0.059512259125132465, "gsf_avg": 0.7856112078014256, "gsf_std": 0.36489437048630896, "energy_samples": [-1.0055382790463205, -1.00583662557353, -1.0024582760016851, -0.8421771376079057, -0.8278424354023175, -0.884707161399416, -1.0062481914550043, -1.0042318441549074, -1.0022779449342498, -1.005585797836516, -1.0015249913325648, -1.0063640517253127, -0.9762446451656881, -1.0041825058801654, -1.0059686401171117, -0.8005524471534339, -0.9639550360164801, -0.9180182120576478, -1.005167263810934, -1.0032344298173133, -1.0060681544388042, -0.8589363912880293, -0.9700212275657067, -0.9918363615985907, -1.003446496051663, -0.9447596070523774, -1.0054440230238817, -0.9756165747225775, -0.9080404724463824, -1.0052810851133107, -1.0051664735301138, -0.9156043584739134, -0.772031283289564, -0.9378003290659804, -1.0048228150489835, -1.0032536574394175, -1.005770768810335, -0.9920449978003155, -1.0044617602090729, -0.9966806903130276, -0.9136136308226744, -1.0057989728067578, -1.004549887423562, -1.0057397324055677, -1.0061544215596665, -1.006118223130828, -1.0039433340652635, -0.9837649099484028, -1.0060840923187828, -0.8409174043558136, -1.0032265051518892, -1.0053482793411168, -1.0041899818226503, -0.9924847494936966, -1.0040845863477381, -1.0062233381848693, -0.8566149774007658, -1.0063409034115338, -1.003097365217971, -1.005328134356446, -1.0024889692382855, -1.000995269487999, -1.005098270183572, -1.0044545265639475, -1.004489147254985, -0.9888049592949864, -1.0029098158738563, -0.9806527186985804, -1.002826590450233, -0.8580227039095369, -0.9974381325097881, -1.006293565122871, -1.0058400523385629, -1.0031199627877467, -1.0056649483861784, -0.9921607071908034, -0.9046896762401249, -1.005484840963715, -0.9864361224798692, -0.9987215399833846, -0.8313355705472565, -0.9998657501692034, -0.9989992215924053, -1.0055943576275652, -1.00372515421984, -1.00329057962341, -1.0062707779034765, -0.7328091553351752, -0.9854600861478258, -0.8941847969819401, -1.0047126185379172, -0.8709628747309057, -1.0050846082316105, -1.0054556789243243, -1.0007152919021567, -1.00243202825523, -1.0042918814938075, -0.9843791549185665, -0.995785982566233, -0.996809517243], "gsf_samples": [0.9979177633992793, 1.0001098360672354, 0.9863184752992045, 0.25388315105196263, 0.3222760422998107, 0.036712656284924025, 1.0049840861323949, 0.9994297170030102, 0.9702699103117939, 1.0013156253119668, 0.9878838630989586, 1.0048188102548572, 0.8831129022431788, 0.9988100352641913, 1.0035177199547902, 0.0024250643188363083, 0.5529367265754586, 0.07479721539623488, 1.0003759851785357, 0.9792872797707342, 1.0040822410934347, 0.002881756213277759, 0.6861886017057127, 0.8997359748754898, 0.9872179921977692, 0.0029702889553991844, 0.999497187055319, 0.7249153987312273, 6.438743509612045e-05, 1.0028509674464559, 1.0015350689819968, 0.2213002078610949, 0.009617739512125958, 0.5352081807347047, 1.0014512870832377, 0.9739960428780852, 1.000576961871255, 0.8725885937541955, 0.9981436286572805, 0.9622743294027772, 0.023943367675797203, 1.002934991890916, 0.9973935030068416, 1.000068181438563, 1.0040240121725954, 1.0038366373035814, 0.9908854113888257, 0.8377964247933901, 1.0045849370584623, 0.013996817062508249, 0.9947488712285865, 0.9986211425564706, 0.9987590701321246, 0.8986424611351645, 0.9972454917551918, 1.004770744076222, 0.0005321884301933825, 1.0049203330698997, 0.9937319935089027, 1.0008002873983253, 0.9870790170354966, 0.9901124311643873, 1.0009084606407916, 0.9945291950159458, 0.9976614305422747, 0.8744331230971484, 0.9903241647276301, 0.7942302813784506, 0.9811843601750291, 0.00016604373760505177, 0.9454123736820531, 1.0043877150065974, 1.001992093835208, 0.9973532020381892, 1.002886933047364, 0.9358554709350384, 0.003469346199358302, 1.0005928001936266, 0.7992827034517257, 0.9850871776508925, 0.011660478267041445, 0.9817794923301592, 0.9776173439330191, 1.0031308571934465, 0.9855850494938247, 0.9901532909762116, 1.004633414083038, 0.05911441219072655, 0.8697711712524356, 0.04244212827119116, 0.9999464033937023, 0.000366321239035834, 1.0018676338945562, 1.0026370949461658, 0.9674873769979033, 0.9792845043627287, 0.9878554939850422, 0.7987947731235798, 0.9131644582978259, 0.9763641896102687]}