{"L": 9, "J": 0.12329955564675057, "B": 0.024659911129350114, "K": 40, "init_state": "random computational-basis state", "energy_avg": -0.9842810785153785, "energy_std": 0.057548513895475925, "gsf_avg": 0.9295278014069939, "gsf_std": 0.24120414333894516, "energy_samples": [-1.0018223814751022, -1.002102050303169, -1.0018171294442515, -1.0019120872727183, -1.002143968281333, -1.002102050303169, -1.002102050303169, -1.0001773273061654, -1.002376266886945, -1.0016588079764466, -1.0022319553295922, -1.001323031725831, -1.0020437313209638, -0.8029462160552949, -1.0025900190941803, -1.0018208546777838, -1.0019571691304787, -1.0020268826871062, -1.0017009157952343, -1.0019410922854435, -1.001402499943449, -1.0022829548399566, -1.0019410922854435, -1.0001965634802712, -1.0019515725298056, -1.0011041842477328, -1.0019410922854435, -0.9947318743465327, -1.0021466111951496, -1.0019410922854435, -1.0021549828273397, -1.0016012314374672, -0.7536423522128196, -0.9990206309875824, -1.0012382018243149, -0.9998536597531147, -1.0011712580074226, -0.9912145071472842, -0.9915356720297054, -1.0019410922854435, -1.0019410922854435, -1.001695699986316, -1.0012732784254899, -0.80900326593625, -1.001850502756266, -0.7529791392786843, -0.7364837118798919, -1.0011194766931477, -0.9984555849270551, -0.9999249410243801, -1.002102050303169, -0.9938953871255676, -1.0019410922854435, -1.0007027403372728, -1.0005083167203626, -1.0023589756005222, -1.0013424784978053, -1.0012059912629767, -0.9805691162532625, -1.0014349736611818, -0.983701532479722, -0.988238705086397, -0.9895132996958271, -1.0014000738752928, -1.0017548981664188, -1.0022132570945885, -1.0022553947910673, -1.0005299492966884, -1.0019410922854435, -1.0016834446030183, -0.9612648394446548, -1.0015316440668969, -1.0006151304243875, -1.0019410922854435, -1.0020034629944372, -1.0018197730961882, -1.0019410922854435, -1.0018744732877005, -1.0021466111951496, -0.995040604992167, -0.998011828486476, -1.0021308622500966, -0.9984030812065108, -1.0019410922854435, -0.795885233554944, -0.7881564470489925, -1.002045195241478, -1.0020268826871062, -1.0019589415950063, -1.0019410922854435, -1.0011154573937586, -1.0019884585956982, -0.9974065255476094, -1.0006283918870738, -0.9993366987879095, -1.0012336631313783, -1.001714827149825, -1.0019717715032486, -1.002102050303169, -1.002102050303169], "gsf_samples": [1.0007758941982203, 1.0010438346593205, 1.0009393055921223, 1.0014257313751331, 1.001526258310411, 1.0010438346593205, 1.0010438346593205, 0.9972903100902021, 1.001727333980101, 1.0006865992915084, 1.0015659863066644, 1.0008388427200674, 1.0011125657812978, 0.0682367083682617, 1.0022828120400193, 1.0010912052261904, 1.001550451306668, 1.0016008527432463, 1.0013863252642956, 1.0008788774377448, 0.9985467725162445, 1.001900851120875, 1.0008788774377448, 0.997918539691538, 1.0016479035973196, 0.9989766324009111, 1.0008788774377448, 0.9809097691319948, 1.0014915895435608, 1.0008788774377448, 1.0014978842525661, 1.0010427705995462, 0.0010676133430668274, 0.9947412312634684, 1.0001286280045592, 0.9937154173832765, 0.9986102532684143, 0.9776236735006325, 0.9576641741526013, 1.0008788774377448, 1.0008788774377448, 1.0004697341694708, 0.9979379408402597, 0.22317691786641622, 1.0009415821898793, 0.0033903715983762866, 0.05891474513597916, 0.9979006773465544, 0.9894503212881653, 0.9925939887209063, 1.0010438346593205, 0.9791594470905212, 1.0008788774377448, 0.9930874484688108, 0.9961067826003009, 1.0015592910733122, 1.0001096301052663, 0.9992696827544475, 0.9599706304575342, 1.0003018071659366, 0.9328480556362139, 0.9606664423507778, 0.9720176358998079, 1.0009380064564197, 1.0006512494417517, 1.0015864351195538, 1.0018505932052508, 0.9974946796027273, 1.0008788774377448, 1.0002767376599477, 0.9135470073825824, 1.0002101549583342, 0.9978447607115843, 1.0008788774377448, 1.0013423257434075, 1.0012364927266089, 1.0008788774377448, 1.000770932839694, 1.0014915895435608, 0.979902920622481, 0.9846375481564629, 1.0015730719176588, 0.9870779720747289, 1.0008788774377448, 0.01875354423821838, 0.008615967252983138, 1.001552866168056, 1.0016008527432463, 1.0014010184079851, 1.0008788774377448, 0.999157850110679, 1.0010003869756863, 0.9841058590003049, 0.9974621913925202, 0.9953519423148294, 1.000815566416232, 1.000842682334242, 1.0014833788488486, 1.0010438346593205, 1.0010438346593205]}