{"L": 10, "J": 0.10964486480896526, "B": 0.021928972961793053, "K": 5, "init_state": "random computational-basis state", "energy_avg": -0.8306530911763516, "energy_std": 0.11501644673739767, "gsf_avg": 0.44369336269855014, "gsf_std": 0.30573822613829693, "energy_samples": [-0.7673727602454969, -0.8520138904368428, -0.6893440973128528, -0.9433695237138575, -0.7150277524773296, -0.9602172426729632, -0.8654598678837953, -0.9648941061068469, -0.7620528484056193, -0.9129409869962062, -0.9647084655315958, -0.9644080984653336, -0.9333364001167666, -0.6273943786683576, -0.6733226415904698, -0.9615806247744744, -0.730311364266565, -0.6633822027102392, -0.9495819727359509, -0.8861122181980936, -0.928223094812779, -0.6009961827883369, -0.902250621315337, -0.8565879712099818, -0.9714944576360701, -0.9372726803529858, -0.49201160203153144, -0.9595826316963978, -0.84760704211957, -0.9387757314080061, -0.9750871679570674, -0.8723930237604245, -0.8151589732922357, -0.685574146389796, -0.7487198574055776, -0.9135707560952948, -0.7681111817440239, -0.906498563140403, -0.9447160778824917, -0.9697099642537147, -0.7675343632025742, -0.7836639272837712, -0.7710797975727168, -0.6331790106366488, -0.6958772734138481, -0.8816729257286546, -0.8043266932884887, -0.9417025074297822, -0.7043599702770014, -0.9574630954194507, -0.7516653625809596, -0.6894442867598165, -0.8707660212035715, -0.8979492864434777, -0.9398343849269486, -0.7368566565605735, -0.8163814919696866, -0.9861930051506183, -0.8718086171473465, -0.9410882602546673, -0.940522845035065, -0.7890875516136728, -0.9532577743854816, -0.7716462957631446, -0.9083268524431387, -0.8104644497549136, -0.8134384339599934, -0.894386105250464, -0.6927717495918668, -0.679326576558211, -0.6925927165254053, -0.8666939689083162, -0.975839394949202, -0.9196745363442611, -0.706128812699523, -0.8630227388698065, -0.877120264902471, -0.8314499413850562, -0.8912902556003625, -0.7364796658130655, -0.9690474942458992, -0.5505563109113814, -0.8431649046285297, -0.7378313783500463, -0.9564398260249114, -0.8016963130326751, -0.6939543061695069, -0.6505511561055407, -0.9343865746667688, -0.81517333087041, -0.7332476949471378, -0.8643091963701302, -0.584121748803104, -0.6456639691694179, -0.8931572460698683, -0.8665317088440017, -0.8740326681626771, -0.9409349632213428, -0.8875004494129336, -0.9454668394231627], "gsf_samples": [0.12396293558214055, 0.4691602863395191, 0.2874193559346865, 0.7435192814466935, 0.022140964010699878, 0.8483066739559557, 0.3641562427558779, 0.8771038254455924, 0.1166516755900523, 0.671258631346151, 0.8629812226255402, 0.8403185545360166, 0.6761457311910464, 0.003249650077188304, 0.13069692030373026, 0.8514078173321495, 0.27898904930261326, 0.014588112451915802, 0.786802266216694, 0.5535400437372762, 0.7635291044915129, 0.048107174471684166, 0.6581180703464234, 0.3089581096210517, 0.8900628859156661, 0.7906736052795917, 0.024894786987070164, 0.8381531790923982, 0.40741153543640574, 0.7247838655902761, 0.8995707472471295, 0.5034981559287784, 0.36651189017487723, 0.04038806575989559, 0.20713198492783969, 0.6211634565818163, 0.015266102951889201, 0.6367798250146077, 0.7860270731722023, 0.8931024380667425, 0.14819340798566816, 0.3067601206841298, 0.23264602187516442, 0.034903910988898904, 0.011945401825309794, 0.44609553255572865, 0.22681239685473198, 0.7435201855508922, 0.16942040962231783, 0.8462636198200202, 0.009265534485472716, 0.04191067693548413, 0.4233529094358355, 0.6200538257877533, 0.7606384091057039, 0.0021141093189052723, 0.2435926051180688, 0.949340364633456, 0.5112195645676479, 0.803037980461168, 0.72176606612462, 0.1791693623588761, 0.8366312301566395, 0.05907041747758133, 0.7267071822891444, 0.3642032411573837, 0.20908883988627328, 0.7295927805058511, 0.11947672443828575, 0.07339426164953249, 0.1300691440619514, 0.47530434820647205, 0.9091203874633167, 0.7093799471200142, 0.15439718373193861, 0.3766849477715791, 0.6331569902400588, 0.4128126578481322, 0.5320904681943757, 0.15685903348226288, 0.8779783158108594, 0.0969890973093569, 0.4325174499336589, 0.1279421437732886, 0.8315547688497723, 0.3315148805361579, 0.03633560398587865, 0.08918492201166296, 0.6968524464201606, 0.3285016767403903, 0.04642767115456819, 0.5877061688687935, 0.046846743921651265, 0.10803041637157407, 0.551084675472065, 0.5008021914547659, 0.4799165800959782, 0.7756241176511258, 0.6182845970258015, 0.8186483034514569], "norm_samples": [0.9999999403953552, 0.9999999403953552, 1.0, 1.0, 1.0, 1.0, 0.9999999403953552, 1.0, 0.9999999403953552, 0.9999999403953552, 1.0, 1.0, 0.9999999403953552, 1.0, 1.0, 0.9999999403953552, 1.0, 1.0, 1.0, 1.0, 1.0, 0.9999999403953552, 1.0, 1.0, 1.0, 0.9999999403953552, 1.0, 0.9999999403953552, 1.0, 0.9999999403953552, 0.9999999403953552, 1.0, 1.0, 0.9999999403953552, 1.0, 1.0, 1.0, 0.9999999403953552, 1.0, 0.9999999403953552, 0.9999999403953552, 1.0, 1.0, 1.0, 1.0, 1.0, 1.0, 0.9999999403953552, 1.0, 1.0, 0.9999999403953552, 1.0, 1.0, 1.0, 0.9999999403953552, 1.0, 0.9999999403953552, 0.9999999403953552, 0.9999999403953552, 0.9999999403953552, 1.0, 0.9999999403953552, 0.9999999403953552, 1.0, 1.0, 1.0, 1.0, 0.9999999403953552, 1.0, 1.0, 1.0, 0.9999999403953552, 1.0, 1.0, 1.0, 1.0, 1.0, 1.0, 1.0, 1.0, 1.0, 0.9999999403953552, 1.0, 1.0, 0.9999999403953552, 1.0, 1.0, 1.0, 1.0, 1.0, 1.0, 1.0, 1.0, 1.0, 0.9999999403953552, 1.0, 1.0, 0.9999999403953552, 1.0, 1.0]}