{"L": 10, "J": 0.08076572367525105, "B": 0.08076572367525105, "K": 40, "init_state": "random computational-basis state", "energy_avg": -0.9902418050931544, "energy_std": 0.029121493505157185, "gsf_avg": 0.9167361046750567, "gsf_std": 0.23663394785719374, "energy_samples": [-0.994105966438947, -0.9961451764474349, -0.9998344464382427, -0.9990186630828168, -0.9998437884835385, -0.9989986921021768, -0.9999292120478214, -0.9994229564275259, -0.9969605624133865, -0.9999754801144219, -0.9998654303606437, -0.999914095878135, -0.9632733437447012, -0.9861834245113749, -0.9992006885848721, -0.9990928213874807, -0.9716853424327802, -0.9948988540415378, -0.9999822874694735, -0.9998686254085559, -0.9989801132935057, -0.999889857656254, -0.9951624234622736, -0.9997140505075676, -0.9790740994236549, -0.9874872388259563, -0.9995953906283195, -0.9999868391762083, -0.999733593131237, -0.9987290597572953, -0.9925766489555397, -0.9994070031212579, -0.9994508017555156, -0.9833132303250531, -0.8805256109686898, -0.9995082275214648, -0.9997628182733476, -0.9934019328244981, -0.999976403656768, -0.9999881419230103, -0.9991856764317653, -0.9998702437259559, -0.9995011292237843, -0.9997104124691742, -0.9997277742753715, -0.9991686224925658, -0.9997300970494275, -0.9964875169073002, -0.9983237927459704, -0.9998888882583201, -0.9999715149447146, -0.9997214115973336, -0.9990338965563176, -0.9996860531601707, -0.9999857803476497, -0.9998228808189811, -0.9999107294493854, -0.9998937569957503, -0.9997714626447143, -0.9996640473107624, -0.9862152843795654, -0.924062304122601, -0.9978270395999875, -0.9964402209245328, -0.9999761000607325, -0.9996102000867407, -0.8615250541477781, -0.9997495902780048, -0.9997196428615311, -0.9992619455057148, -0.9998826766569184, -0.9930689184644577, -0.9998501110588408, -0.9986794361302457, -0.9989694108214441, -0.9997998804017993, -0.8625160356934984, -0.9992396483266137, -0.9064765607211954, -0.9911959523019607, -0.9999273782844966, -0.99997453240132, -0.9990576992019216, -0.999898018314648, -0.9994692338073334, -0.9999211834859922, -0.9991936547467772, -0.9993844465050092, -0.9999435523926118, -0.9998802634747065, -0.9825305821424755, -0.997947994525488, -0.9999749359639867, -0.9949708672655214, -0.999004314619705, -0.8472289688925101, -0.9999346472530684, -0.9984703294732725, -0.999934464761923, -0.9999483988497939], "gsf_samples": [0.9432673334685208, 0.9498605791849438, 0.9980019823872311, 0.9943794167191169, 0.9984772674083485, 0.9866104105566273, 0.9994060752293166, 0.9956042410633829, 0.9841577929362451, 0.9998431813325468, 0.9993674511168836, 0.9996985167706848, 0.6507924692419752, 0.8872242961182996, 0.9972826220155814, 0.9911456462249536, 0.7492257626684453, 0.9488995980754538, 0.9998743412054314, 0.999303989839642, 0.9911814994765223, 0.9991963253634585, 0.9607276988796588, 0.9989909929414343, 0.7981537871564843, 0.8376543198176197, 0.996878122663113, 0.9999206459955908, 0.9992188908348065, 0.9905315834001764, 0.9022999352945554, 0.9979384950661908, 0.9977847267397666, 0.8232595322321911, 0.00013998956217806303, 0.9982755582966945, 0.9980114816295054, 0.9329676406992415, 0.9998484204379147, 0.9999379731356928, 0.9970616659489719, 0.9991082441388187, 0.9981913373738664, 0.9974161830683662, 0.9986826944302051, 0.9891471506482098, 0.9978738199017716, 0.9840477435634704, 0.9855414858911068, 0.9991019816045469, 0.9998415973089755, 0.9970988536509569, 0.9959676566075101, 0.9981719295021358, 0.9998998516412714, 0.9988657246869014, 0.9993429991465202, 0.9995618847995853, 0.9986338545347039, 0.997963547380481, 0.8173864355825579, 0.00027102643241834956, 0.9873782602725852, 0.9846859888842945, 0.9998272828682438, 0.9982691338079601, 0.00024069747349488512, 0.9980152800556512, 0.9989294500352822, 0.9971481492223438, 0.998839922035073, 0.9118562625526654, 0.9988168329570412, 0.9858124534651188, 0.99250051420475, 0.9984182140502704, 3.9819246097068225e-06, 0.9972270912050638, 0.004207577123037688, 0.9509409838059615, 0.999494921391047, 0.9997700768296434, 0.9945657959778488, 0.9988376751114556, 0.9983753078377178, 0.9995719932576418, 0.9964270196925019, 0.9969415485263307, 0.999772879901239, 0.9995083133291804, 0.9104870357703119, 0.9763352064410645, 0.9997778577928949, 0.937582751496736, 0.9969137931088519, 0.0385613280094784, 0.9992808253613734, 0.9848781968922721, 0.9993964856682436, 0.9994951181366208], "norm_samples": [1.0, 1.0, 1.0, 1.0, 1.0, 1.0, 1.0, 1.0, 1.0, 1.0, 1.0, 1.0, 0.9999999403953552, 1.0, 1.0, 1.0, 1.0, 1.0, 1.0, 1.0, 1.0, 1.0, 0.9999999403953552, 1.0, 1.0, 1.0, 1.0, 1.0, 1.0, 1.0, 1.0, 1.0, 1.0, 1.0, 1.0, 1.0, 1.0, 1.0, 1.0, 1.0, 1.0, 1.0, 1.0, 1.0, 1.0, 1.0, 1.0, 0.9999999403953552, 1.0, 0.9999999403953552, 0.9999999403953552, 1.0, 1.0, 1.0, 1.0, 1.0, 1.0, 0.9999999403953552, 1.0, 1.0, 1.0, 1.0, 1.0, 1.0, 1.0, 1.0, 1.0, 1.0, 0.9999999403953552, 1.0, 1.0, 0.9999999403953552, 1.0, 1.0, 1.0, 1.0, 1.0, 1.0, 1.0, 1.0, 1.0, 1.0, 1.0, 0.9999999403953552, 1.0, 1.0, 1.0, 1.0, 1.0, 1.0, 1.0, 1.0, 0.9999999403953552, 1.0, 0.9999999403953552, 1.0, 1.0, 1.0, 1.0, 1.0]}