{"L": 11, "J": 0.07324052344033094, "B": 0.07324052344033094, "K": 40, "init_state": "random computational-basis state", "energy_avg": -0.9938743239291961, "energy_std": 0.01952980226013161, "gsf_avg": 0.938766113837127, "gsf_std": 0.18884864275314708, "energy_samples": [-0.9994647448754346, -0.9998654957547439, -0.969328083226872, -0.9997329368972968, -0.9398722127519832, -0.9988102823237615, -0.9936304216971251, -0.999921621978264, -0.9990202059208384, -0.9982105609467118, -0.9953459858749951, -0.9999816070618995, -0.9993001149522713, -0.9998681876015261, -0.9996392044001597, -0.9994002313501138, -0.9998022603754504, -0.9994985969502128, -0.9998618146816506, -0.9984370713862849, -0.999980390118556, -0.9996914850321237, -0.9983561767754685, -0.9987642102789891, -0.99902760310039, -0.9992886072614875, -0.9999748882662711, -0.9984615336710214, -0.9922957847420637, -0.9843176838601605, -0.9824067531177123, -0.9997964873869088, -0.9981011837270254, -0.999572653468864, -0.9992641714385697, -0.9999791123853359, -0.9999718658714872, -0.9997103195424591, -0.9992617316160571, -0.9998814725149299, -0.9992101850968553, -0.9995079385974637, -0.9985725248247945, -0.9999007544847042, -0.9998825712418586, -0.9878976747798079, -0.9999180725708023, -0.9991754048930258, -0.9999334385418114, -0.9997383478189156, -0.998381457903422, -0.9925127155938929, -0.9998157898906941, -0.9993336425616033, -0.9995617281928001, -0.9946112660112132, -0.9997951157409811, -0.9999208478342099, -0.988037683920462, -0.999886988055432, -0.9991395628976951, -0.9999501765821237, -0.9995420569136155, -0.9999602408829522, -0.9999837207809903, -0.9977903541442213, -0.9999646317728803, -0.9402730109484048, -0.99993903690319, -0.8429501693006223, -0.999389392185321, -0.9998757015343198, -0.9999330701890476, -0.9948753602034821, -0.9999103551235088, -0.9997134481933355, -0.9978213438684711, -0.9982228233602315, -0.9990561478003321, -0.9999719347811665, -0.9769687482763314, -0.9405981406262216, -0.9993920671485417, -0.9939039188485282, -0.9999764865380919, -0.9995986481520878, -0.9394235912583063, -0.9994030536516677, -0.9995241827228458, -0.9998318047036369, -0.9904452949974685, -0.999457269465043, -0.9999801799326237, -0.999981700033746, -0.9997205141794693, -0.999967683774954, -0.9888697480530784, -0.9994919268687441, -0.9999694216792205, -0.9999755699048657], "gsf_samples": [0.9980243016773721, 0.9982538667386642, 0.7430274599363207, 0.9981850661432564, 0.11776500226997012, 0.986945718791092, 0.9271663197315086, 0.9994929864077491, 0.9956624462099786, 0.9715776823724115, 0.9315006235225453, 0.9998339001952428, 0.9937308450724006, 0.9991079255896133, 0.9978492338210907, 0.9910992244291472, 0.9987242083772294, 0.9969253928584167, 0.9992155996168214, 0.9914006934715224, 0.9998249342704111, 0.9973410274536784, 0.9863871820406335, 0.9940119081742477, 0.996638033154142, 0.997066845764546, 0.9997484079413226, 0.9863559509705077, 0.913802558894982, 0.85479806065162, 0.8711485512952382, 0.9975177337131651, 0.9925393605076861, 0.9959411794186311, 0.9944754261297131, 0.999802776988309, 0.999720785192856, 0.9975766093134036, 0.9968420647585285, 0.9992470302557571, 0.9873535793889189, 0.9936168147130693, 0.9938889844105481, 0.9992129669451983, 0.9992539406413005, 0.9015168106011565, 0.9994384930702802, 0.9956398559381665, 0.9992471843359743, 0.998295503061943, 0.9949800460652333, 0.878202534313905, 0.9986476271240147, 0.9966491962305007, 0.9969785970716354, 0.9231799074733757, 0.9970613751827978, 0.9995230015694693, 0.8173782618050086, 0.9992134338173748, 0.9867459550419971, 0.9995816802389194, 0.9984790476449326, 0.9996865181106973, 0.9998644006960804, 0.9903958855227847, 0.9995793245431357, 0.008884366995024004, 0.9996127974698442, 0.11011608038214363, 0.9971522336553026, 0.9990810907408485, 0.9996097436612971, 0.9426693184380746, 0.9991471197256739, 0.9989834202518201, 0.9884225991800443, 0.9913927901441733, 0.9958068315842838, 0.9997956073774047, 0.9098800352305665, 0.6056527298417139, 0.9933297849490563, 0.9436426823610353, 0.9997711110979831, 0.9983211156123556, 0.002701817694834445, 0.994966571133159, 0.9983130554881514, 0.9985186672432285, 0.9388854442752455, 0.9976052234639523, 0.9998106553770342, 0.9998498730239064, 0.9984025427273935, 0.9996416355496935, 0.8190624276013904, 0.9982689268058548, 0.9996573931374116, 0.9997698418126517], "norm_samples": [1.0, 1.0, 0.9999999403953552, 1.0, 1.0, 1.0, 1.0, 0.9999999403953552, 0.9999999403953552, 1.0, 1.0, 0.9999999403953552, 1.0, 0.9999999403953552, 1.0, 0.9999999403953552, 0.9999999403953552, 1.0, 1.0, 1.0, 1.0, 1.0, 0.9999999403953552, 1.0, 0.9999999403953552, 1.0, 1.0, 1.0, 1.0, 1.0, 1.0, 1.0, 0.9999999403953552, 1.0, 1.0, 1.0, 1.0, 1.0, 1.0, 1.0, 1.0, 1.0, 1.0, 1.0, 1.0, 1.0, 1.0, 1.0, 1.0, 1.0, 1.0, 1.0, 1.0, 1.0, 1.0, 1.0, 1.0, 1.0, 1.0, 1.0, 1.0, 1.0, 1.0, 1.0, 1.0, 0.9999999403953552, 1.0, 1.0, 1.0, 1.0, 1.0, 1.0, 1.0, 0.9999999403953552, 1.0, 1.0, 1.0, 1.0, 1.0, 1.0, 1.0, 1.0, 1.0, 1.0, 1.0, 1.0, 1.0, 1.0, 0.9999999403953552, 1.0, 1.0, 1.0, 1.0, 0.9999999403953552, 0.9999999403953552, 1.0, 0.9999999403953552, 1.0, 0.9999999403953552, 1.0]}