{"L": 11, "J": 0.07324052344033094, "B": 0.07324052344033094, "K": 20, "init_state": "random computational-basis state", "energy_avg": -0.9818345150410783, "energy_std": 0.03491700388954073, "gsf_avg": 0.8211615931454209, "gsf_std": 0.3178312444943717, "energy_samples": [-0.9995218849179862, -0.998386246417977, -0.9982181368453716, -0.8198720616944983, -0.9981942983583307, -0.9993836927902677, -0.9989313895087519, -0.993219445859291, -0.9907277438540303, -0.9998844865056868, -0.9996121336017177, -0.9996893270078303, -0.9995885429176996, -0.9984097919756525, -0.9989169850620248, -0.9038548602423375, -0.9995325951209652, -0.9995542891325213, -0.9991273586262132, -0.9357574976818339, -0.9993560329764912, -0.9994710194388137, -0.9998892623948583, -0.9979424659450622, -0.9988847221581139, -0.9993305271371272, -0.9347188941827478, -0.9822201976969774, -0.8273223835966359, -0.9930277680394505, -0.9964413804939923, -0.9994989959655463, -0.8518201658839042, -0.9492756217514238, -0.998852659734458, -0.9820815638181184, -0.9906450498161599, -0.9992274582625874, -0.9840345349294944, -0.9976888220225183, -0.9844878798934742, -0.9994281213416125, -0.9996287973725682, -0.9206503702730475, -0.9485094083288281, -0.998660899616109, -0.9996596818503398, -0.9992151881594298, -0.999937627159823, -0.939814743893634, -0.9995187236789486, -0.9996524276351599, -0.9980711458884622, -0.9924059223628525, -0.9561903025049303, -0.9981660701241712, -0.9857470739225531, -0.9395584644523274, -0.9993266496486184, -0.9994370958419044, -0.9989833414946063, -0.9439538271851702, -0.999581327521465, -0.9093201844220886, -0.9925899647788448, -0.9627234675431379, -0.9712960907508064, -0.9986625310521948, -0.9984993392256105, -0.999613190149916, -0.9958304900623018, -0.9567410541251886, -0.9979245855692422, -0.9998939148461106, -0.9984659790576511, -0.9991028984154835, -0.999672289341325, -0.9988670673155604, -0.9169610864092005, -0.988281748109359, -0.9989552088247244, -0.999845870144721, -0.9976768347096076, -0.9985976493063549, -0.9535871288620887, -0.9592380767420318, -0.9969693982855954, -0.999210029213252, -0.9970956255904355, -0.9952617253408265, -0.9985145985700137, -0.9991032451307833, -0.9992420823069751, -0.9992309739830568, -0.9996859437335425, -0.9512769818420992, -0.9999003219814966, -0.9814778657325073, -0.9615376609321917, -0.9999010171860235], "gsf_samples": [0.9947838991994337, 0.9907108975155365, 0.9916457748697293, 0.02201680929052073, 0.9770170060113753, 0.995546485066891, 0.9874231812670462, 0.9644901730409684, 0.9145724530418325, 0.9993564303443854, 0.997723545397086, 0.9984131426600558, 0.9959248754846493, 0.9885713702949113, 0.9946661175808504, 0.0023085331181149213, 0.9982502690696374, 0.9984952807530156, 0.989123330303721, 0.03435591567148549, 0.9972317789704914, 0.9975209310718437, 0.9992811622619879, 0.9843259691755498, 0.9938112337774486, 0.997222351963162, 0.0001522124274309177, 0.7428752955079656, 1.0584557019952148e-05, 0.8960385081098915, 0.955493860700138, 0.9939101456045966, 0.0016947081338160679, 0.1585320231312534, 0.996136908039137, 0.7960067015017748, 0.856867371633348, 0.9967859493810635, 0.8127345987086813, 0.9728127293030541, 0.9158683130085544, 0.9975468901343482, 0.9965320203216663, 0.010464654877728359, 0.1714700623347285, 0.9954596272559134, 0.9984179941740089, 0.9912434609506139, 0.9996711596166816, 0.4302324659450217, 0.9925119635401187, 0.9959964815611292, 0.9885994869462477, 0.9310278030166135, 0.3116020710063842, 0.9912962066329581, 0.9173017513314919, 1.7320450121390438e-05, 0.9974244304629041, 0.9964834063960039, 0.9960761556449382, 0.07199588302882118, 0.994027210211152, 0.016840921698518533, 0.9333111340517496, 0.5629038782954129, 0.5487432704076338, 0.9926866052366673, 0.9792768998680372, 0.9984865729307786, 0.9825992930258579, 0.5764373683983635, 0.99269581957933, 0.9989538333275868, 0.9831745478608327, 0.9968110348043334, 0.9986584188376249, 0.9957137872834501, 0.6895325338389428, 0.8921084068853745, 0.9886702270735498, 0.9991403954407162, 0.9847195373813163, 0.9814102941135622, 0.7535054969331044, 0.703639816293234, 0.9791826512200711, 0.9964896668117824, 0.979334241258082, 0.9317009603513112, 0.9930145451167127, 0.996425144318083, 0.9971587293990402, 0.9923968273549619, 0.9981936751796566, 0.519021965193668, 0.9989965740030426, 0.851152800296177, 0.65775033097, 0.9992137767144668], "norm_samples": [1.0, 1.0, 1.0, 1.0, 1.0, 1.0, 1.0, 1.0, 0.9999999403953552, 1.0, 1.0, 1.0, 1.0, 1.0, 1.0, 1.0, 1.0, 1.0, 1.0, 1.0, 0.9999999403953552, 1.0, 1.0, 1.0, 1.0, 1.0, 1.0, 1.0, 0.9999999403953552, 1.0, 1.0, 1.0, 1.0, 1.0, 1.0, 1.0, 1.0, 1.0, 1.0, 1.0, 1.0, 1.0, 1.0, 1.0, 1.0, 1.0, 1.0, 1.0, 1.0, 1.0, 1.0, 1.0, 1.0, 0.9999999403953552, 1.0, 0.9999999403953552, 1.0, 1.0, 1.0, 1.0, 1.0, 1.0, 1.0, 1.0, 1.0, 1.0, 1.0, 1.0, 1.0, 0.9999999403953552, 1.0, 1.0, 1.0, 1.0, 1.0, 1.0, 1.0, 1.0, 0.9999999403953552, 1.0, 1.0, 1.0, 1.0, 1.0, 1.0, 0.9999999403953552, 1.0, 0.9999999403953552, 1.0, 1.0, 1.0, 0.9999999403953552, 1.0, 1.0, 1.0, 1.0, 0.9999999403953552, 1.0, 1.0, 1.0]}