{"L": 11, "J": 0.09871298654195385, "B": 0.01974259730839077, "K": 20, "init_state": "random computational-basis state", "energy_avg": -0.9542191357720559, "energy_std": 0.05857926805171543, "gsf_avg": 0.792093265265429, "gsf_std": 0.2274547171011407, "energy_samples": [-0.9937983207013018, -0.9457778763182106, -0.9798396197736836, -0.9511315678918314, -0.9899522354768909, -0.9778676490372006, -0.9890751735270826, -0.8841705010801211, -0.9603723416959332, -0.8292522802995682, -0.9798574408041778, -0.9457778763182106, -0.9738826188568739, -0.9457778763182106, -0.7943364640889995, -0.9757128912286716, -0.9919012903862925, -0.9759620359342421, -0.9952959639584201, -0.9538115584079647, -0.9974658253926914, -0.9974658253926914, -0.9890751735270826, -0.9620688854320952, -0.8781394365425996, -0.9693812946635788, -0.9477426687996261, -0.9944110598233965, -0.9932552417619501, -0.9897993060580398, -0.9751913718683042, -0.988092082088344, -0.9928437342751127, -0.9864430320121198, -0.9768609349879053, -0.8949541811267928, -0.9928437342751127, -0.9457778763182106, -0.9455556668804884, -0.9786057072146525, -0.7196868041531672, -0.979192421952416, -0.9984605606759915, -0.9894579550122541, -0.9922587916996702, -0.9927069117041244, -0.9863454794665942, -0.9457778763182106, -0.9969884715629743, -0.9729973967401498, -0.9928437342751127, -0.983074579553321, -0.932413130370834, -0.99335613635722, -0.9927069117041244, -0.9900813493745592, -0.8853564204435853, -0.9731139780943957, -0.9759620359342421, -0.98538684027937, -0.9457778763182106, -0.9457778763182106, -0.8443834720891787, -0.9457778763182106, -0.9948511282114709, -0.9922587916996702, -0.9637080059623717, -0.9896631326774782, -0.9977083839100088, -0.9278401820488583, -0.959332340010679, -0.8445117339092091, -0.9457778763182106, -0.9457778763182106, -0.9676310369716644, -0.8873025483312593, -0.9038137644667128, -0.9970062366584229, -0.9457778763182106, -0.9928437342751127, -0.8843765967435788, -0.9457778763182106, -0.9948511282114709, -0.6717813435173997, -0.7449377508722304, -0.9854296737988668, -0.9944986226226527, -0.9927069117041244, -0.9457778763182106, -0.9962019590055625, -0.9637080059623717, -0.9459082497392381, -0.9666031889870033, -0.9457778763182106, -0.9870025639306896, -0.9439632639629021, -0.9642719950967926, -0.9671349764938164, -0.9405546121331828, -0.9954329501207263], "gsf_samples": [0.9706052321511256, 0.6888652155818866, 0.9119060805225601, 0.7889908409824732, 0.9560366707922022, 0.9031113845465079, 0.9539080721493403, 0.5105243985361136, 0.8080106571558241, 0.2431267643173076, 0.9107282094840878, 0.6888652155818866, 0.8970064090308634, 0.6888652155818866, 0.06847175142795764, 0.8916912926516288, 0.957006405298755, 0.8728750328227681, 0.9798087839152596, 0.7785284931599694, 0.987691608370437, 0.987691608370437, 0.9539080721493403, 0.8277144884254513, 0.3483465005048846, 0.8419002422028691, 0.7643413056902415, 0.9732546479058402, 0.9760490373856543, 0.9570849271717499, 0.8903134514588541, 0.9456559092566496, 0.9625965465918356, 0.937369599888245, 0.8773357520250233, 0.5040154183643168, 0.9625965465918356, 0.6888652155818866, 0.7529861588065239, 0.8945155361684753, 0.006625510447951784, 0.8923797720697366, 0.9923325333064814, 0.9561339690779473, 0.9690199316450259, 0.9660349862888111, 0.9280499933751948, 0.6888652155818866, 0.9857933330885904, 0.854034398104065, 0.9625965465918356, 0.9208412400404429, 0.6124692545323316, 0.9663211912756597, 0.9660349862888111, 0.9550178184774016, 0.42036461755947174, 0.875921318766435, 0.8728750328227681, 0.9376305185754362, 0.6888652155818866, 0.6888652155818866, 0.12600174503850148, 0.6888652155818866, 0.9793003929056532, 0.9690199316450259, 0.8152653068921715, 0.954670163030573, 0.9919851287639418, 0.7250654862881221, 0.8234610320274676, 0.35648124839978423, 0.6888652155818866, 0.6888652155818866, 0.8196621869128689, 0.5832372740598919, 0.5929650616840192, 0.9864360092373821, 0.6888652155818866, 0.9625965465918356, 0.533856656268737, 0.6888652155818866, 0.9793003929056532, 0.03806742399476046, 0.20501071667581386, 0.9360822892050232, 0.9758593666331369, 0.9660349862888111, 0.6888652155818866, 0.98415223836654, 0.8152653068921715, 0.7574142409270831, 0.850979123179739, 0.6888652155818866, 0.9504166194539341, 0.7255865589118722, 0.8089523126863547, 0.86063777857379, 0.7261497533453252, 0.9771194420026832], "norm_samples": [1.0, 1.0, 1.0, 1.0000001192092896, 0.9999999403953552, 0.9999999403953552, 1.0, 1.0, 1.0, 1.0, 1.0, 1.0, 1.0, 1.0, 1.0, 0.9999999403953552, 1.0, 1.0, 1.0, 1.0, 0.9999998807907104, 0.9999998807907104, 1.0, 1.0, 1.0, 0.9999999403953552, 1.0, 0.9999999403953552, 0.9999999403953552, 1.0, 0.9999998807907104, 0.9999999403953552, 1.0, 0.9999999403953552, 1.0, 1.0, 1.0, 1.0, 0.9999999403953552, 1.0, 0.9999999403953552, 0.9999999403953552, 1.0, 0.9999999403953552, 0.9999999403953552, 1.0, 0.9999999403953552, 1.0, 1.0, 1.0, 1.0, 1.0, 1.0, 1.0, 1.0, 0.9999998807907104, 0.9999999403953552, 0.9999999403953552, 1.0, 0.9999999403953552, 1.0, 1.0, 1.0, 1.0, 0.9999999403953552, 0.9999999403953552, 0.9999999403953552, 1.0, 0.9999999403953552, 0.9999999403953552, 0.9999999403953552, 1.0, 1.0, 1.0, 1.0, 1.0, 1.0, 0.9999999403953552, 1.0, 1.0, 0.9999999403953552, 1.0, 0.9999999403953552, 0.9999999403953552, 1.0, 1.0, 0.9999999403953552, 1.0, 1.0, 0.9999999403953552, 0.9999999403953552, 1.0, 0.9999999403953552, 1.0, 1.0, 1.0, 1.0, 0.9999998807907104, 1.0, 1.0]}