{"L": 11, "J": 0.018017690914504236, "B": 0.09008845457252118, "K": 20, "init_state": "random computational-basis state", "energy_avg": -0.9925271661645411, "energy_std": 0.015100081803973426, "gsf_avg": 0.960648659919092, "gsf_std": 0.07931857863941685, "energy_samples": [-0.9907684514133784, -0.99249430137589, -0.9985549135654633, -0.9985624854985349, -0.9983125539805193, -0.9794412105351306, -0.996774195844826, -0.9881401546056126, -0.9996596494175105, -0.9954617112530939, -0.9974340902122998, -0.9979112449385819, -0.9979263436024691, -0.9868882212943728, -0.9997745942324288, -0.9865314141448287, -0.9982834149027007, -0.9971094452004565, -0.9987473399329744, -0.9995547158293528, -0.999456927079042, -0.9864338902565069, -0.9997106065528114, -0.9809747958175228, -0.9993487231687919, -0.9990161644157793, -0.9937807361238786, -0.9921048497195644, -0.9988355116535871, -0.9996448756780816, -0.9998614009937297, -0.9939146187493902, -0.9996145146074599, -0.9995282387683708, -0.9938699767567076, -0.9997477855194012, -0.999012256087503, -0.9951229989403365, -0.99980181050144, -0.9987293277037315, -0.9997024141008318, -0.99586664528981, -0.9950825350928227, -0.9987571438482383, -0.9995604600221561, -0.9993145923394617, -0.9852469038506096, -0.9823604550176166, -0.9976427286836268, -0.9997074830532675, -0.934589680863491, -0.9998735876023123, -0.999556614285922, -0.9973544234386484, -0.9970248860742058, -0.9970947078576509, -0.9998413036864517, -0.9818491105918853, -0.9986697749754021, -0.9988749041383804, -0.9917903732451723, -0.9968333978767921, -0.9997531885617155, -0.9945349949892097, -0.9336368906271237, -0.9989784187924988, -0.9908142790419562, -0.9984442865427758, -0.9994997546381144, -0.9997209538526585, -0.9995649457703213, -0.9993715236704408, -0.998423239092304, -0.9930803973435138, -0.9953376279782289, -0.9998137463889377, -0.9831682206262911, -0.9905093450526159, -0.9997077951296108, -0.9907508687251501, -0.9983142966686223, -0.9847534791795922, -0.9891018509244176, -0.9852469038506096, -0.9899071222263638, -0.993385162394764, -0.9997386948002809, -0.9823843739914242, -0.9978733528886259, -0.9922396649081846, -0.9288620060125103, -0.997361853853098, -0.9008859636963645, -0.9966513881408716, -0.9993270490970978, -0.990935110020731, -0.9911338765177355, -0.9972748252518924, -0.9992393396902737, -0.9995552387083741], "gsf_samples": [0.9520337029716119, 0.9588070271410679, 0.9943618076261396, 0.9926844915834995, 0.9914665936607188, 0.8749820609788851, 0.981806598299216, 0.9375512726191642, 0.9987041646853271, 0.9766207360585918, 0.9875504856133568, 0.9880634684502899, 0.9896061406872186, 0.9235829456047947, 0.9991191437874076, 0.9175019163541145, 0.9915654834893907, 0.9862537485052697, 0.9936380635291623, 0.9979473431995045, 0.9978371735169463, 0.9280550634395021, 0.9987976513904362, 0.9021911793385134, 0.9970583257269792, 0.9955801918390437, 0.9693419450564019, 0.9606199295180883, 0.9942907987096531, 0.9983433773163934, 0.9995849128296643, 0.9658543417413139, 0.9983459395006045, 0.9979488228821493, 0.9686856607880547, 0.9989849562713028, 0.9950623239564677, 0.9752383681656757, 0.9992596110865913, 0.9936235323986348, 0.9987158188381152, 0.9780222950030777, 0.9752922599058764, 0.9944219271567954, 0.9978884731120168, 0.9967260594971682, 0.9199860640125733, 0.90796320697268, 0.9869603141490945, 0.9988044787361561, 0.6814105850713235, 0.9995453706875822, 0.9979506764024005, 0.9870230380313463, 0.9826968506834062, 0.9860001351151715, 0.999456881126531, 0.9100255334149314, 0.9934549011990954, 0.9945739957780304, 0.9530189783426938, 0.9820025407338663, 0.999101537200322, 0.9741493380858885, 0.6606702809504225, 0.9955915876997968, 0.9487668980907022, 0.9940608230430877, 0.997697473966721, 0.998834338359251, 0.9977757792822911, 0.9968721701801885, 0.9917975274326941, 0.9639520438398301, 0.9766502640644384, 0.9992021659998435, 0.9109604957696965, 0.9440720772451212, 0.9988464076668752, 0.9543151087195537, 0.9907856267635484, 0.9254459500308784, 0.9412447690561153, 0.9199860640125733, 0.9420212166502886, 0.9615421307443728, 0.9988153351375174, 0.9056062424865073, 0.9878460258150404, 0.9610053412865797, 0.6077970184969118, 0.9873762578581264, 0.47720350290995667, 0.9824102302682876, 0.9971590182915805, 0.9524059629514102, 0.9521821113575374, 0.9853278768493366, 0.9967939264195093, 0.9981033826393162], "norm_samples": [0.9999999403953552, 1.0, 1.0, 1.0, 1.0, 1.0, 1.0, 1.0, 1.0, 1.0, 1.0, 1.0, 1.0, 1.0, 1.0, 1.0, 1.0, 1.0, 1.0, 1.0, 1.0, 1.0, 1.0, 1.0, 1.0, 1.0, 1.0, 1.0, 1.0, 1.0, 1.0, 1.0, 1.0, 1.0, 1.0, 0.9999999403953552, 0.9999999403953552, 1.0, 1.0, 1.0, 1.0, 1.0, 1.0, 1.0, 1.0, 1.0, 1.0, 1.0, 0.9999999403953552, 1.0, 1.0, 1.0, 0.9999999403953552, 1.0, 1.0, 1.0, 1.0, 1.0, 1.0, 1.0, 1.0, 1.0, 1.0, 1.0, 1.0, 1.0, 1.0, 1.0, 1.0, 1.0, 1.0, 1.0, 1.0, 1.0, 1.0, 1.0, 1.0, 1.0, 1.0, 1.0, 1.0, 1.0, 1.0, 1.0, 1.0, 1.0, 1.0, 0.9999999403953552, 1.0, 1.0, 1.0, 1.0, 1.0, 1.0, 1.0, 1.0, 1.0, 1.0, 1.0, 1.0]}