{"L": 11, "J": 0.09871298654195385, "B": 0.01974259730839077, "K": 3, "init_state": "random computational-basis state", "energy_avg": -0.7181890768148329, "energy_std": 0.12354791440539005, "gsf_avg": 0.2135887143360164, "gsf_std": 0.2093642894263551, "energy_samples": [-0.499631813386089, -0.6283434451122912, -0.6450098457111979, -0.7514654539214478, -0.9112928458880095, -0.6450098457111979, -0.8286810214111825, -0.48066668793288436, -0.8447728537307813, -0.6611001374483464, -0.7075989117432185, -0.5147233866782035, -0.8503864511289201, -0.7554630496638965, -0.8580422895336235, -0.7701664952886029, -0.8494439619355066, -0.678143262752573, -0.7776841424918071, -0.8503864511289201, -0.6558157197685359, -0.4893462004626329, -0.7380289745719301, -0.47433507780347783, -0.6292959090964788, -0.8886854260930527, -0.9007707612765632, -0.6371158365689442, -0.5820437392328918, -0.520631026229072, -0.958256568495162, -0.6372077836165535, -0.8658147168825869, -0.8503864511289201, -0.6145561665273386, -0.8503864511289201, -0.7734504848721955, -0.7095141621435266, -0.7759859148291686, -0.7863904579860345, -0.7488265611332003, -0.6198861126869148, -0.699165393347243, -0.8289550591257594, -0.7214063870313276, -0.7992874113655073, -0.5019194427964563, -0.756758331061118, -0.90554745595793, -0.5375436502121128, -0.7856906695084073, -0.6991370191396669, -0.9788529055474956, -0.7532448390138846, -0.6053928959725585, -0.7164699799788388, -0.7838931370476836, -0.8102774968848945, -0.5670025606352549, -0.563640918642757, -0.5768478405630775, -0.6523284205028583, -0.8503864511289201, -0.7711187534713771, -0.7415190696384694, -0.8021892578431088, -0.6589017664676741, -0.8349365926753303, -0.6818127830712535, -0.8503864511289201, -0.5571943308957573, -0.8503864511289201, -0.6382644306192878, -0.7748952156946354, -0.8230595819201976, -0.5886622292118412, -0.8421050438768604, -0.7153834621325096, -0.4824460992679417, -0.442647818562319, -0.6826947954959741, -0.8250271066644147, -0.8249275523322901, -0.6681200602345231, -0.6765845365387986, -0.8771716248753839, -0.5206852716643358, -0.7836737275769757, -0.8065284595740365, -0.5461046820601652, -0.699165393347243, -0.7475279530642476, -0.7608489031963075, -0.63190420310138, -0.6623013337033193, -0.8535153979872507, -0.7488265611332003, -0.72851337720846, -0.8503864511289201, -0.5599998323931056], "gsf_samples": [0.03161784225674296, 0.01843283490716298, 0.029674447298170023, 0.0019921463763188673, 0.6362851997307076, 0.029674447298170023, 0.5090284607564414, 0.002215844162697093, 0.4714231261310258, 0.1332407916338147, 0.23444150481530124, 0.012535181868607106, 0.4108259594936353, 0.1628426051801637, 0.43740181963873054, 0.1480246220977514, 0.39839221069730535, 0.04257881205603607, 0.2202324242893019, 0.4108259594936353, 0.011008351489450629, 0.0008995533656588868, 0.009498106515826511, 0.0005174053396715956, 0.04354293097662766, 0.5910392636892221, 0.6364227781967845, 0.0908068088210959, 0.043899105238950284, 0.00473862196125766, 0.8286318518071928, 8.08569826749885e-05, 0.47541230526126205, 0.4108259594936353, 0.09433959034207519, 0.4108259594936353, 0.3542559674202985, 0.18644681496236234, 0.34150203889230074, 0.28732306972871624, 0.015155939554128466, 0.10670653406734823, 0.1327877868913387, 0.25527977672092683, 0.1626971370231258, 0.2383949442508999, 0.018189210065067126, 0.22892303684149057, 0.7220311330215892, 0.0006600686769694966, 0.1784028620187073, 0.10162277583122525, 0.9167641355685892, 0.3153916462080537, 0.014770493553039759, 0.18510174178626138, 0.2441249501165334, 0.3969567287261218, 0.015834648949116733, 0.02503374589935256, 0.09849743643991184, 0.035104283021850036, 0.4108259594936353, 0.22361872531929705, 0.009032446951020082, 0.28811247456410327, 0.09190999511427991, 0.46440378254903325, 0.14256766160842738, 0.4108259594936353, 0.003279383970939539, 0.4108259594936353, 0.07240443453370281, 0.24924658012151202, 0.27604214982511266, 0.001868885023116864, 0.4293868250755048, 0.2652980921175385, 0.0029680021203811174, 0.0012854760232532134, 0.2691794720813465, 0.41369288030276796, 0.39014852026381275, 0.01659386871579653, 0.016853245789811632, 0.5113201193738045, 0.035195661567711645, 0.22965052814148573, 0.42359360574903104, 0.002646428714685457, 0.1327877868913387, 0.20267953959681484, 0.13373179666590201, 0.04875495108741778, 0.04183951328604178, 0.6128722535539723, 0.015155939554128466, 0.12443539895417394, 0.4108259594936353, 0.0008765750277669369], "norm_samples": [1.0, 1.0, 0.9999999403953552, 1.0, 1.0, 0.9999999403953552, 1.0, 1.0, 0.9999999403953552, 1.0, 1.0, 1.0, 0.9999999403953552, 1.0, 1.0, 1.0, 1.0, 1.0, 1.0, 0.9999999403953552, 1.0, 1.0, 0.9999999403953552, 0.9999999403953552, 1.0, 1.0, 0.9999999403953552, 1.0, 1.0, 1.0, 0.9999998807907104, 1.0, 1.0, 0.9999999403953552, 0.9999999403953552, 0.9999999403953552, 0.9999999403953552, 1.0, 1.0, 1.0, 1.0, 1.0, 1.0, 1.0, 0.9999999403953552, 1.0, 1.0, 1.0, 0.9999999403953552, 0.9999999403953552, 1.0, 1.0, 1.0, 1.0, 1.0, 1.0, 1.0, 1.0, 1.0, 1.0, 0.9999999403953552, 0.9999999403953552, 0.9999999403953552, 1.0, 1.0, 1.0, 1.0, 0.9999999403953552, 0.9999999403953552, 0.9999999403953552, 1.0, 0.9999999403953552, 1.0, 1.0, 1.0, 1.0, 1.0, 1.0, 1.0, 0.9999999403953552, 1.0, 1.0, 1.0, 1.0, 1.0, 1.0, 1.0, 0.9999999403953552, 1.0, 1.0, 1.0, 1.0, 1.0, 1.0, 1.0, 1.0, 1.0, 1.0, 0.9999999403953552, 1.0]}