{"L": 12, "J": 0.08976334678684839, "B": 0.017952669357369676, "K": 10, "init_state": "random computational-basis state", "energy_avg": -0.9082276108647186, "energy_std": 0.0766608933335021, "gsf_avg": 0.6059648938836388, "gsf_std": 0.26913638060269185, "energy_samples": [-0.8894052727679127, -0.9942658060971113, -0.9799403959046644, -0.9499597752040808, -0.9823063870435891, -0.9395306486628249, -0.9809755851969066, -0.9227384219750033, -0.9885140175205293, -0.860749221601199, -0.8818595641466693, -0.9776848458218471, -0.9776848458218471, -0.9516998718597003, -0.9488966990368232, -0.6581483206335293, -0.9726937044713637, -0.9491892426705405, -0.9790098400393694, -0.9880864944419435, -0.9498035912590219, -0.9499597752040808, -0.9393381518835032, -0.8311585899446069, -0.8516707798484829, -0.7771421528172252, -0.9166652403465914, -0.9746587414860949, -0.8526554954198203, -0.97822579299411, -0.8878129019372297, -0.9544960677215798, -0.9298206639183118, -0.9404834996256132, -0.930416894740046, -0.9077616963680188, -0.8451836469016512, -0.8095520750674389, -0.8076604563025253, -0.9013017273045055, -0.9806049418231291, -0.9220207128890044, -0.9662254620518426, -0.8392651080874535, -0.9127651585583889, -0.9534207853649068, -0.8186355674680823, -0.8730970089094159, -0.9601349768958922, -0.7009001634199987, -0.9931949004353559, -0.9306377077197544, -0.9829759087273952, -0.9810396058384571, -0.9000613511436681, -0.9131897113472036, -0.8917488358353957, -0.821887540625716, -0.8264118975496991, -0.9299466868146853, -0.9499597752040808, -0.8813502012294108, -0.9250370291326829, -0.9558729185784941, -0.8511505059733948, -0.8573601612278663, -0.9268894955299668, -0.9499597752040808, -0.9290753899507305, -0.8900643649800116, -0.9341107957336017, -0.8257798353818655, -0.8528249471671646, -0.7729991710961795, -0.8845108434732264, -0.8719862216983638, -0.9495199473221145, -0.930001506661519, -0.9654324960006558, -0.8334305394954007, -0.9499597752040808, -0.9623573143792418, -0.9495012263953598, -0.992120709009552, -0.9573030716580804, -0.9565259630122567, -0.9499597752040808, -0.5753433332474838, -0.7600065344280076, -0.985019453336066, -0.9277860445643846, -0.9388232430603973, -0.9499597752040808, -0.8934195388067818, -0.8321738753227121, -0.97974133401868, -0.7052819466198565, -0.9877984370952057, -0.9723470130429459, -0.8527458683084189], "gsf_samples": [0.483194119013004, 0.9728702905112887, 0.9052883686539724, 0.7214213703114314, 0.909314247779629, 0.7097263012770314, 0.9035617511250242, 0.6478874087305648, 0.9487096688241903, 0.379645085274841, 0.5600031387686736, 0.8900269615052876, 0.8900269615052876, 0.7332078763129097, 0.720562357735956, 0.024127484911738287, 0.8966179838710375, 0.7726258887794958, 0.893456824354898, 0.9445715312457055, 0.7603991825044063, 0.7214213703114314, 0.6523722029349757, 0.16120686012764543, 0.3599721545551625, 0.11014985084518135, 0.6466473306286562, 0.8882358993928117, 0.23916187377225012, 0.8979888066637196, 0.61721943709019, 0.8119270027616952, 0.678138101650104, 0.7187917646918618, 0.6346778331732388, 0.5098556158914587, 0.33071627041591606, 0.31328414953885236, 0.010465542729810349, 0.6398711154817027, 0.9156674319463574, 0.5630300295244833, 0.8242949936886592, 0.26284623934423507, 0.6510791121253747, 0.8175929806445462, 0.09668663864534022, 0.3919449872760918, 0.8167657579793862, 0.005198981459575494, 0.9703894608109604, 0.6639555777499808, 0.9256550143757463, 0.9123123727034258, 0.5204857404993436, 0.5874040153914526, 0.47254936743892717, 0.015155295701379353, 0.12544314978379556, 0.6624117728172005, 0.7214213703114314, 0.5416037957606261, 0.6432792007031001, 0.7918603991540025, 0.2761681320298021, 0.44137610488436196, 0.63586315193748, 0.7214213703114314, 0.6498337945942921, 0.5546817870342123, 0.6976992615671596, 0.4344063670873155, 0.2522120974825615, 0.16272687179221454, 0.4387735459035279, 0.44052872122647746, 0.7761043870370707, 0.6382549145669971, 0.8383903703956705, 0.33468172730569884, 0.7214213703114314, 0.8028935293797372, 0.7585467397577386, 0.9647216291548546, 0.7849219237597949, 0.7998257368194805, 0.7214213703114314, 0.016623089514221725, 0.1120730670091583, 0.924008428484028, 0.6529786494487153, 0.7086874226951188, 0.7214213703114314, 0.5025052087583857, 0.26548911269298353, 0.9094890574380312, 0.19033199469045314, 0.9438838230010396, 0.8698015003141899, 0.4239400878669217], "norm_samples": [0.9999999403953552, 1.0, 0.9999999403953552, 1.0, 1.0, 1.0, 1.0000001192092896, 1.0, 1.0, 1.0, 1.0, 1.0, 1.0, 1.0, 1.0, 1.0, 0.9999999403953552, 1.0, 0.9999999403953552, 1.0, 1.0, 1.0, 1.0, 1.0, 1.0, 1.0, 1.0, 1.0, 0.9999999403953552, 0.9999999403953552, 1.0, 0.9999999403953552, 1.0, 1.0, 0.9999998807907104, 1.0, 0.9999999403953552, 1.0, 1.0, 1.0, 1.0, 1.0, 1.0, 1.0, 0.9999999403953552, 1.0, 1.0, 0.9999999403953552, 0.9999998807907104, 0.9999999403953552, 0.9999999403953552, 1.0, 1.0, 0.9999999403953552, 0.9999999403953552, 1.0, 0.9999999403953552, 0.9999999403953552, 0.9999999403953552, 0.9999998807907104, 1.0, 1.0, 1.0, 1.0, 0.9999999403953552, 0.9999999403953552, 0.9999999403953552, 1.0, 0.9999999403953552, 1.0, 1.0, 1.0, 1.0, 1.0, 0.9999999403953552, 0.9999999403953552, 0.9999999403953552, 1.0, 0.9999999403953552, 1.0, 1.0, 0.9999999403953552, 0.9999999403953552, 0.9999999403953552, 1.0000001192092896, 1.0, 1.0, 1.0, 1.0, 1.0, 1.0, 0.9999999403953552, 1.0, 1.0, 1.0, 1.0, 0.9999999403953552, 0.9999999403953552, 0.9999999403953552, 1.0]}