{"L": 2, "J": 0.44721359549995826, "B": 0.44721359549995826, "K": 2, "init_state": "random computational-basis state", "energy_avg": -0.9169118405912698, "energy_std": 0.23729109810810003, "gsf_avg": 0.9427772264990538, "gsf_std": 0.16882030153432995, "energy_samples": [-0.9792849746836958, -0.9935435799716555, -0.9581341251187936, -0.9705720651083505, -0.99157373827676, -0.9813527292532117, -0.9800959301892339, -0.9917993227956515, -0.9799634822241633, -0.9792745705872719, -0.9813527292532117, 0.3585993315251874, -0.9813527292532117, -0.9800959301892339, -0.9811329848157501, -0.9650491751462482, -0.8728501680636307, -0.9792849746836958, -0.9643668688601483, -0.9792849746836958, -0.9781884488835916, -0.9811329848157501, -0.9934075728699941, -0.9813527292532117, -0.8621003928646651, -0.9792745705872719, -0.9572899187885624, -0.9767239328174934, -0.9800959301892339, -0.9053721849210532, -0.9634424258555737, -0.9811329848157501, -0.9499494997779381, -0.9783371993119674, -0.9393569924468241, -0.9875336952336154, -0.9792745705872719, -0.9637224035403347, -0.9917993227956515, -0.9799634822241633, -0.9792745705872719, -0.7740924332681224, -0.9672782269054876, -0.99157373827676, -0.9785163503800824, -0.9652109469161022, -0.9875336952336154, -0.9811329848157501, -0.9811329848157501, -0.9777662521674557, -0.9790644329876512, -0.9747593283602554, -0.9053721849210532, -0.9729562757712079, -0.9792745705872719, -0.9792745705872719, -0.9939811902801168, -0.9822672864612348, -0.9799634822241633, -0.98260203711687, -0.9792849746836958, -0.9282136925158139, 0.10889565624783695, -0.9813527292532117, -0.9803384598478891, -0.9612554227623141, -0.9861614808504122, -0.9162959152518961, -0.9821127690651855, -0.9800959301892339, -0.6616531928573159, -0.9532249040968652, -0.9813527292532117, -0.9935435799716555, -0.9771149119772726, -0.9532249040968652, -0.9781884488835916, -0.9928246806179868, -0.9823366085911724, -0.9783371993119674, -0.9855357439779481, -0.9917993227956515, -0.9813527292532117, -0.9792745705872719, -0.9884754160224472, -0.49517243775594877, -0.9792745705872719, 0.33880196509402266, -0.9612556312915811, -0.9813527292532117, -0.9925037861860385, -0.9919130464590503, -0.041792656290987606, -0.9785163503800824, -0.9783371993119674, -0.9804739823934673, -0.9800788653839554, -0.9928246806179868, -0.9785163503800824, -0.9792745705872719], "gsf_samples": [0.9893886469237102, 0.996653383381491, 0.9713551219793987, 0.9826807544714679, 0.9952996049463279, 0.9889483853805024, 0.9899379684371139, 0.9954386762121494, 0.989871386032938, 0.9893745836606467, 0.9889483853805024, 0.025119979834561015, 0.9889483853805024, 0.9899379684371139, 0.988768540239522, 0.9781799735687126, 0.905956601017286, 0.9893886469237102, 0.9781460235494845, 0.9893886469237102, 0.9865294107499134, 0.988768540239522, 0.9965761650678094, 0.9889483853805024, 0.9064422461427311, 0.9893745836606467, 0.9726212420023314, 0.984320417346924, 0.9899379684371139, 0.9281684125327903, 0.9774891372300454, 0.988768540239522, 0.9645363313016959, 0.9887408626370767, 0.9560186844948327, 0.9936262069281397, 0.9893745836606467, 0.9760691951017858, 0.9954386762121494, 0.989871386032938, 0.9893745836606467, 0.8434423179628485, 0.9782631199859766, 0.9952996049463279, 0.9888379000733399, 0.9772142046210167, 0.9936262069281397, 0.988768540239522, 0.988768540239522, 0.9859981718017193, 0.9869446337507023, 0.9821329764063873, 0.9281684125327903, 0.9801989338396698, 0.9893745836606467, 0.9893745836606467, 0.9969670262534165, 0.9865817763796402, 0.989871386032938, 0.9897281247194079, 0.9893886469237102, 0.9469808090152458, 0.18387739982213083, 0.9889483853805024, 0.99011067709988, 0.9736640520526009, 0.9924866590055774, 0.9386852776037685, 0.9888006021048612, 0.9899379684371139, 0.7227432651551897, 0.9684961095250185, 0.9889483853805024, 0.996653383381491, 0.9857263829847532, 0.9684961095250185, 0.9865294107499134, 0.9961529275580763, 0.9906747284742983, 0.9887408626370767, 0.9921039691508021, 0.9954386762121494, 0.9889483853805024, 0.9893745836606467, 0.9923808088548974, 0.5175792494891044, 0.9893745836606467, 0.03806806224126351, 0.9736901510858105, 0.9889483853805024, 0.9959421503453053, 0.9955471180727277, 0.5020940986099399, 0.9888379000733399, 0.9887408626370767, 0.9902165929047645, 0.9877413522618479, 0.9961529275580763, 0.9888379000733399, 0.9893745836606467], "norm_samples": [0.9999999403953552, 1.0, 1.0, 1.0, 1.0, 0.9999999403953552, 0.9999999403953552, 0.9999999403953552, 1.0, 1.0, 0.9999999403953552, 1.0, 0.9999999403953552, 0.9999999403953552, 1.0, 1.0, 1.0, 0.9999999403953552, 1.0, 0.9999999403953552, 0.9999999403953552, 1.0, 1.0, 0.9999999403953552, 0.9999999403953552, 1.0, 1.0, 1.0, 0.9999999403953552, 1.0, 1.0, 1.0, 1.0, 1.0, 1.0, 0.9999999403953552, 1.0, 1.0, 0.9999999403953552, 1.0, 1.0, 0.9999999403953552, 1.0, 1.0, 1.0, 1.0, 0.9999999403953552, 1.0, 1.0, 1.0, 1.0, 1.0, 1.0, 0.9999999403953552, 1.0, 1.0, 1.0, 1.0, 1.0, 0.9999999403953552, 0.9999999403953552, 1.0, 1.0, 0.9999999403953552, 1.0, 0.9999999403953552, 1.0, 1.0, 1.0, 0.9999999403953552, 0.9999999403953552, 1.0, 0.9999999403953552, 1.0, 1.0, 1.0, 0.9999999403953552, 1.0, 1.0, 1.0, 1.0, 0.9999999403953552, 0.9999999403953552, 1.0, 0.9999999403953552, 1.0, 1.0, 1.0, 1.0, 0.9999999403953552, 1.0, 0.9999999403953552, 0.9999999403953552, 1.0, 1.0, 1.0, 0.9999999403953552, 1.0, 1.0, 1.0]}