{"L": 2, "J": 0.44721359549995826, "B": 0.44721359549995826, "K": 40, "init_state": "random computational-basis state", "energy_avg": -0.9651037718608638, "energy_std": 0.06968179138977844, "gsf_avg": 0.9758878427821033, "gsf_std": 0.04815119298104685, "energy_samples": [-0.9999069282582976, -0.997383552021213, -0.998991171629461, -0.9999069282582976, -0.9999069282582976, -0.9999069282582976, -0.8821305681625136, -0.9999069282582976, -0.8831990669586343, -0.9999069282582976, -0.9999069282582976, -0.9999885920388208, -0.8734202378927884, -0.9999069282582976, -0.9999523187709232, -0.9999069282582976, -0.9999069282582976, -0.9333236534634574, -0.903944947646905, -0.9289391771495468, -0.7111888131861255, -0.9999069282582976, -0.9333236534634574, -0.9096532522441481, -0.9999069282582976, -0.8821305681625136, -0.9999069282582976, -0.9994463011782816, -0.9999069282582976, -0.9996906470898843, -0.9999069282582976, -0.9306993553494254, -0.9155752156510438, -0.9391123031879929, -0.9936461457498598, -0.9485163740526228, -0.9999069282582976, -0.9155752156510438, -0.8965380794821836, -0.9999689267014508, -0.8086156735891826, -0.9075527708508045, -0.9999069282582976, -0.9999069282582976, -0.9400979910771341, -0.9999069282582976, -0.99840823734772, -0.9999590627638044, -0.9999069282582976, -0.9999069282582976, -0.9999069282582976, -0.9733680941136873, -0.9058279494211912, -0.9999069282582976, -0.9999069282582976, -0.9999069282582976, -0.9999069282582976, -0.9999069282582976, -0.9898091830495779, -0.9999069282582976, -0.9999069282582976, -0.9770338488586984, -0.9999069282582976, -0.8821305681625136, -0.8986055661863258, -0.8821305681625136, -0.9999069282582976, -0.9999069282582976, -0.9999069282582976, -0.9971142467885796, -0.9956536796242176, -0.9963444319631459, -0.9999069282582976, -0.9946545012008183, -0.9999778699874359, -0.9115390266928998, -0.9999069282582976, -0.9970090460272413, -0.9999892143945638, -0.9999069282582976, -0.9999069282582976, -0.9999069282582976, -0.9999069282582976, -0.9595059456525892, -0.9997524436229198, -0.9999590627638044, -0.9999069282582976, -0.9108423028922161, -0.9994831744659982, -0.9999069282582976, -0.9999069282582976, -0.9999069282582976, -0.9047539486638372, -0.9230162181730001, -0.49094205627778403, -0.9992582507946505, -0.9962867778235206, -0.9999069282582976, -0.8986055661863258, -0.9999069282582976], "gsf_samples": [0.9999371286334011, 0.9981939920713567, 0.999304959384402, 0.9999371286334011, 0.9999371286334011, 0.9999371286334011, 0.918552232368971, 0.9999371286334011, 0.9192897558071232, 0.9999371286334011, 0.9999371286334011, 0.9999942764108816, 0.9125333262076762, 0.9999371286334011, 0.9999691434588472, 0.9999371286334011, 0.9999371286334011, 0.9539275125616478, 0.9336267008882685, 0.95089714231011, 0.8004284022091975, 0.9999371286334011, 0.9539275125616478, 0.9375708069906246, 0.9999371286334011, 0.918552232368971, 0.9999371286334011, 0.9996193751157807, 0.9999371286334011, 0.9997881462604326, 0.9999371286334011, 0.9521141068383386, 0.9416620186677458, 0.9579267027194333, 0.9956111014942268, 0.9644255602258491, 0.9999371286334011, 0.9416620186677458, 0.9285080043926182, 0.99998058884204, 0.86775351991391, 0.9361191142194314, 0.9999371286334011, 0.9999371286334011, 0.9586085182104812, 0.9999371286334011, 0.9989020713641774, 0.9999736770167958, 0.9999371286334011, 0.9999371286334011, 0.9999371286334011, 0.9815986929631652, 0.934926653722614, 0.9999371286334011, 0.9999371286334011, 0.9999371286334011, 0.9999371286334011, 0.9999371286334011, 0.9929599096012443, 0.9999371286334011, 0.9999371286334011, 0.984131986633103, 0.9999371286334011, 0.918552232368971, 0.9299384542616028, 0.918552232368971, 0.9999371286334011, 0.9999371286334011, 0.9999371286334011, 0.9980078274638432, 0.9969985914002263, 0.9974759901088972, 0.9999371286334011, 0.9963081368511925, 0.9999866667251692, 0.9388739504601546, 0.9999371286334011, 0.9979351611968215, 0.9999943395706204, 0.9999371286334011, 0.9999371286334011, 0.9999371286334011, 0.9999371286334011, 0.9720202726457265, 0.9998309446744543, 0.9999736770167958, 0.9999371286334011, 0.9383925569329299, 0.9996448373865179, 0.9999371286334011, 0.9999371286334011, 0.9999371286334011, 0.9341851217131019, 0.9468049720265901, 0.6482337606235002, 0.9994894320819879, 0.9974361150987302, 0.9999371286334011, 0.9299384542616028, 0.9999371286334011], "norm_samples": [1.0, 1.0, 1.0, 1.0, 1.0, 1.0, 1.0, 1.0, 1.0, 1.0, 1.0, 1.0, 0.9999999403953552, 1.0, 1.0, 1.0, 1.0, 1.0, 1.0, 0.9999999403953552, 0.9999999403953552, 1.0, 1.0, 1.0, 1.0, 1.0, 1.0, 1.0, 1.0, 0.9999999403953552, 1.0, 0.9999999403953552, 1.0, 1.0, 1.0, 1.0, 1.0, 1.0, 1.0, 1.0, 1.0, 1.0, 1.0, 1.0, 0.9999999403953552, 1.0, 0.9999999403953552, 0.9999999403953552, 1.0, 1.0, 1.0, 1.0, 1.0, 1.0, 1.0, 1.0, 1.0, 1.0, 0.9999999403953552, 1.0, 1.0, 1.0, 1.0, 1.0, 1.0, 1.0, 1.0, 1.0, 1.0, 1.0, 1.0, 1.0, 1.0, 0.9999999403953552, 1.0, 1.0, 1.0, 0.9999999403953552, 1.0, 1.0, 1.0, 1.0, 1.0, 1.0, 1.0, 0.9999999403953552, 1.0, 1.0, 1.0, 1.0, 1.0, 1.0, 0.9999999403953552, 1.0, 1.0, 1.0, 1.0, 1.0, 1.0, 1.0]}