{"L": 2, "J": 0.09950371902099898, "B": 0.4975185951049949, "K": 2, "init_state": "random computational-basis state", "energy_avg": -0.984856429815599, "energy_std": 0.10668626817696338, "gsf_avg": 0.9877583731532497, "gsf_std": 0.09925578227386861, "energy_samples": [-0.9956560045366574, -0.9956855267026844, -0.9956855267026844, -0.9956855267026844, -0.9956560045366574, -0.9956560045366574, -0.9956560045366574, -0.9956855267026844, -0.9956560045366574, -0.9956865158469135, -0.9956560045366574, -0.9956560045366574, -0.9956855267026844, -0.9956560045366574, -0.9956560045366574, -0.9949095327557546, -0.9956560045366574, -0.9956560045366574, -0.9861487941880285, -0.9956560045366574, -0.9956560045366574, -0.9956855267026844, -0.9956560045366574, -0.9956855267026844, -0.9956855267026844, -0.9956855267026844, -0.9956560045366574, -0.9956870447137786, -0.9956865158469135, -0.9956855267026844, -0.9956855267026844, -0.9956866083369855, -0.9956560045366574, -0.9956866083369855, -0.9956855267026844, -0.9956560045366574, -0.9956855267026844, -0.9956560045366574, -0.9952361359973784, 0.07661525087310983, -0.9956855267026844, -0.9956855267026844, -0.9956855267026844, -0.9956560045366574, -0.9956560045366574, -0.9956855267026844, -0.9956855267026844, -0.9956855267026844, -0.9956855267026844, -0.9956855267026844, -0.9956865158469135, -0.9956855267026844, -0.9971570851960878, -0.9956560045366574, -0.9956560045366574, -0.9956855267026844, -0.9956560045366574, -0.9956560045366574, -0.9956560045366574, -0.9956560045366574, -0.9956560045366574, -0.9956865158469135, -0.9956560045366574, -0.9956560045366574, -0.9956855267026844, -0.9956870447137786, -0.9956855267026844, -0.9956855267026844, -0.9956560045366574, -0.9956855267026844, -0.9956560045366574, -0.9956560045366574, -0.9956855267026844, -0.9956855267026844, -0.9956855267026844, -0.9956560045366574, -0.9956560045366574, -0.9956560045366574, -0.9956855267026844, -0.9956855267026844, -0.9956855267026844, -0.9956855267026844, -0.9956560045366574, -0.9956560045366574, -0.9956560045366574, -0.9956560045366574, -0.9956865158469135, -0.9956855267026844, -0.9956855267026844, -0.9956560045366574, -0.9956855267026844, -0.9956560045366574, -0.9956855267026844, -0.9956560045366574, -0.9956855267026844, -0.9956560045366574, -0.9956855267026844, -0.9956560045366574, -0.9956855267026844, -0.9956560045366574], "gsf_samples": [0.9978139483470227, 0.9978421514799305, 0.9978421514799305, 0.9978421514799305, 0.9978139483470227, 0.9978139483470227, 0.9978139483470227, 0.9978421514799305, 0.9978139483470227, 0.9978429516278198, 0.9978139483470227, 0.9978139483470227, 0.9978421514799305, 0.9978139483470227, 0.9978139483470227, 0.9970223788817776, 0.9978139483470227, 0.9978139483470227, 0.9888838066528942, 0.9978139483470227, 0.9978139483470227, 0.9978421514799305, 0.9978139483470227, 0.9978421514799305, 0.9978421514799305, 0.9978421514799305, 0.9978139483470227, 0.9978435139898607, 0.9978429516278198, 0.9978421514799305, 0.9978421514799305, 0.9978432802760764, 0.9978139483470227, 0.9978432802760764, 0.9978421514799305, 0.9978139483470227, 0.9978421514799305, 0.9978139483470227, 0.9973930359279316, 0.00021617571198473257, 0.9978421514799305, 0.9978421514799305, 0.9978421514799305, 0.9978139483470227, 0.9978139483470227, 0.9978421514799305, 0.9978421514799305, 0.9978421514799305, 0.9978421514799305, 0.9978421514799305, 0.9978429516278198, 0.9978421514799305, 0.9985776851862338, 0.9978139483470227, 0.9978139483470227, 0.9978421514799305, 0.9978139483470227, 0.9978139483470227, 0.9978139483470227, 0.9978139483470227, 0.9978139483470227, 0.9978429516278198, 0.9978139483470227, 0.9978139483470227, 0.9978421514799305, 0.9978435139898607, 0.9978421514799305, 0.9978421514799305, 0.9978139483470227, 0.9978421514799305, 0.9978139483470227, 0.9978139483470227, 0.9978421514799305, 0.9978421514799305, 0.9978421514799305, 0.9978139483470227, 0.9978139483470227, 0.9978139483470227, 0.9978421514799305, 0.9978421514799305, 0.9978421514799305, 0.9978421514799305, 0.9978139483470227, 0.9978139483470227, 0.9978139483470227, 0.9978139483470227, 0.9978429516278198, 0.9978421514799305, 0.9978421514799305, 0.9978139483470227, 0.9978421514799305, 0.9978139483470227, 0.9978421514799305, 0.9978139483470227, 0.9978421514799305, 0.9978139483470227, 0.9978421514799305, 0.9978139483470227, 0.9978421514799305, 0.9978139483470227], "norm_samples": [0.9999999403953552, 1.0, 1.0, 1.0, 0.9999999403953552, 0.9999999403953552, 0.9999999403953552, 1.0, 0.9999999403953552, 1.0, 0.9999999403953552, 0.9999999403953552, 1.0, 0.9999999403953552, 0.9999999403953552, 0.9999999403953552, 0.9999999403953552, 0.9999999403953552, 0.9999999403953552, 0.9999999403953552, 0.9999999403953552, 1.0, 0.9999999403953552, 1.0, 1.0, 1.0, 0.9999999403953552, 1.0, 1.0, 1.0, 1.0, 1.0, 0.9999999403953552, 1.0, 1.0, 0.9999999403953552, 1.0, 0.9999999403953552, 1.0, 0.9999999403953552, 1.0, 1.0, 1.0, 0.9999999403953552, 0.9999999403953552, 1.0, 1.0, 1.0, 1.0, 1.0, 1.0, 1.0, 1.0, 0.9999999403953552, 0.9999999403953552, 1.0, 0.9999999403953552, 0.9999999403953552, 0.9999999403953552, 0.9999999403953552, 0.9999999403953552, 1.0, 0.9999999403953552, 0.9999999403953552, 1.0, 1.0, 1.0, 1.0, 0.9999999403953552, 1.0, 0.9999999403953552, 0.9999999403953552, 1.0, 1.0, 1.0, 0.9999999403953552, 0.9999999403953552, 0.9999999403953552, 1.0, 1.0, 1.0, 1.0, 0.9999999403953552, 0.9999999403953552, 0.9999999403953552, 0.9999999403953552, 1.0, 1.0, 1.0, 0.9999999403953552, 1.0, 0.9999999403953552, 1.0, 0.9999999403953552, 1.0, 0.9999999403953552, 1.0, 0.9999999403953552, 1.0, 0.9999999403953552]}