{"L": 2, "J": 0.44721359549995826, "B": 0.44721359549995826, "K": 10, "init_state": "random computational-basis state", "energy_avg": -0.9412737696996625, "energy_std": 0.22216565131477167, "gsf_avg": 0.9476809714390977, "gsf_std": 0.19669947429253784, "energy_samples": [-0.9979406277624997, -0.9871013550121939, -0.9979406277624997, -0.9987652768579803, -0.9105883434083203, -0.9993761616859104, -0.9979406277624997, -0.8329816523195535, -0.9995338664653136, -0.9998509548618532, -0.9998661557558657, -0.9993761616859104, -0.9995545920278114, -0.9979406277624997, -0.9602325571901537, -0.999771797747932, -0.9979406277624997, -0.9648898585547976, -0.9979406277624997, -0.9443538030342846, -0.9998509548618532, -0.9992409123465489, -0.9979406277624997, -0.9979406277624997, -0.9993761616859104, -0.9993761616859104, -0.9993761616859104, -0.9979406277624997, -0.9998689015845681, -0.9979406277624997, 0.37002083032366717, -0.9979406277624997, -0.9997757700641559, -0.970023046831732, -0.8329816523195535, -0.9979406277624997, -0.9979406277624997, -0.9979406277624997, -0.9987793951512443, -0.9900271308758208, -0.9979406277624997, -0.8329816523195535, -0.9994284473118688, -0.997689997131656, -0.958507473846708, -0.9990003406366458, -0.9443538030342846, -0.9992409123465489, -0.9030839071574184, -0.9991637369750908, -0.9979406277624997, -0.99986449590729, -0.9979406277624997, -0.9993761616859104, -0.9979406277624997, -0.41176560565462506, -0.9979406277624997, -0.9979406277624997, -0.9986893643442304, -0.9992154380456587, -0.44430059250978365, -0.9970601024029223, -0.9979406277624997, -0.9963163747943177, -0.9979406277624997, -0.9979406277624997, -0.13293539903799412, -0.997732372452872, -0.9992409123465489, -0.9993761616859104, -0.9979406277624997, -0.9993761616859104, -0.9979400087974115, -0.9993761616859104, -0.999832561053007, -0.9996449356238252, -0.9979406277624997, -0.9979406277624997, -0.991781997781962, -0.9963163747943177, -0.9966295455867604, -0.9996449356238252, -0.9997580723367901, 0.3722968452189801, -0.9979406277624997, -0.9996954885941589, -0.9998509548618532, -0.9979406277624997, -0.9979406277624997, -0.977086811775612, -0.9979406277624997, -0.9977352963415113, -0.9991254448880749, -0.9992409123465489, -0.9993761616859104, -0.9979406277624997, -0.9996954885941589, -0.9979406277624997, -0.991304577959933, -0.9979406277624997], "gsf_samples": [0.9985990857867673, 0.9910993765960919, 0.9985990857867673, 0.9991667109821548, 0.9382373448831254, 0.9995934295934853, 0.9985990857867673, 0.8845969001598915, 0.9997032813831371, 0.9999215651438769, 0.9999326092839927, 0.9995934295934853, 0.9997167379711834, 0.9985990857867673, 0.9725288768353115, 0.9998648618611914, 0.9985990857867673, 0.9757589171846013, 0.9985990857867673, 0.9615693307393823, 0.9999215651438769, 0.9995006404900809, 0.9985990857867673, 0.9985990857867673, 0.9995934295934853, 0.9995934295934853, 0.9995934295934853, 0.9985990857867673, 0.9999320276606088, 0.9985990857867673, 0.05330817917470501, 0.9985990857867673, 0.9998715623601703, 0.9793035830651293, 0.8845969001598915, 0.9985990857867673, 0.9985990857867673, 0.9985990857867673, 0.999183833181181, 0.9931322107584054, 0.9985990857867673, 0.8845969001598915, 0.9996329712090567, 0.9984296618008818, 0.9713496494391066, 0.9993344892876476, 0.9615693307393823, 0.9995006404900809, 0.9330433693567508, 0.9994481953397075, 0.9985990857867673, 0.9999321465220864, 0.9985990857867673, 0.9995934295934853, 0.9985990857867673, 0.03344740767086903, 0.9985990857867673, 0.9985990857867673, 0.9991146120318742, 0.9994820349905473, 0.00029443414343537024, 0.9979910540720414, 0.9985990857867673, 0.9974786026048426, 0.9985990857867673, 0.9985990857867673, 0.4008165158822684, 0.9984590230883282, 0.9995006404900809, 0.9995934295934853, 0.9985990857867673, 0.9995934295934853, 0.9985986790743363, 0.9995934295934853, 0.9999078738336706, 0.9997770277539328, 0.9985990857867673, 0.9985990857867673, 0.9943467708971162, 0.9974786026048426, 0.9976966400034198, 0.9997770277539328, 0.9998613191618607, 0.0515426233407806, 0.9985990857867673, 0.9998150028061306, 0.9999215651438769, 0.9985990857867673, 0.9985990857867673, 0.9841897183407219, 0.9985990857867673, 0.9984654224780845, 0.9994184903517864, 0.9995006404900809, 0.9995934295934853, 0.9985990857867673, 0.9998150028061306, 0.9985990857867673, 0.9940119158340157, 0.9985990857867673], "norm_samples": [1.0, 1.0, 1.0, 1.0, 1.0, 1.0, 1.0, 1.0, 1.0, 1.0, 1.0, 1.0, 1.0, 1.0, 1.0, 1.0, 1.0, 1.0, 1.0, 1.0, 1.0, 0.9999999403953552, 1.0, 1.0, 1.0, 1.0, 1.0, 1.0, 1.0, 1.0, 1.0, 1.0, 1.0, 1.0, 1.0, 1.0, 1.0, 1.0, 1.0, 1.0, 1.0, 1.0, 1.0, 1.0, 1.0, 1.0, 1.0, 0.9999999403953552, 1.0, 1.0, 1.0, 0.9999999403953552, 1.0, 1.0, 1.0, 1.0, 1.0, 1.0, 1.0, 1.0, 1.0, 1.0, 1.0, 1.0, 1.0, 1.0, 1.0, 1.0, 0.9999999403953552, 1.0, 1.0, 1.0, 1.0, 1.0, 1.0, 1.0, 1.0, 1.0, 1.0, 1.0, 1.0, 1.0, 1.0, 1.0, 1.0, 1.0, 1.0, 1.0, 1.0, 0.9999999403953552, 1.0, 1.0, 1.0, 0.9999999403953552, 1.0, 1.0, 1.0, 1.0, 1.0, 1.0]}