{"L": 3, "J": 0.28620826421558143, "B": 0.28620826421558143, "K": 5, "init_state": "random computational-basis state", "energy_avg": -0.9314753410803159, "energy_std": 0.15753610785745858, "gsf_avg": 0.9104280194091798, "gsf_std": 0.21164739138859084, "energy_samples": [-0.9975195045956866, -0.995415847433559, -0.9973760791248916, -0.9979977909700503, -0.9785975040754625, -0.9985621271956494, -0.9982370431434495, -0.9223846230682649, -0.9794007439895467, -0.3945569335198037, -0.9912665530537434, -0.32723061189296687, -0.9592040961707513, -0.4832982657629038, -0.998335634411742, -0.9982744576900723, -0.9906255611170536, -0.9948233495650713, -0.9097993562162507, -0.9878031268152886, -0.9842595274460502, -0.9974801863887677, -0.9973036880445948, -0.9931807634977037, -0.9979286303153478, -0.9917583137058718, -0.9969410246213695, -0.998471803928562, -0.99647905140151, -0.9940098111052307, -0.9980512265202455, -0.9963228054858677, -0.997113712703019, -0.9960958041138557, -0.9973749905462103, -0.998320740065401, -0.9925997254333687, -0.9980430734651864, -0.9975995000334078, -0.9984889596608797, -0.9806358675009031, -0.998658446311673, -0.9822820311990352, -0.982696382239677, -0.9974465190891264, -0.9574649185465864, -0.9968997790867675, -0.9969410246213695, -0.986375304035507, -0.9981245166797704, -0.9985083948901602, -0.9984248245473026, -0.9849141116021447, -0.5619908302485666, -0.7752481330701949, -0.6759308697042599, -0.9959957994958254, -0.914220858253935, -0.9986391030335638, -0.9370330255128949, -0.9923011750660418, -0.9955860811738254, -0.9969410246213695, -0.6755445790089775, -0.3701804925932978, -0.9981629941838206, -0.9970032967855104, -0.8251430056307664, -0.996168093494315, -0.9974691649543463, -0.9976044209895356, -0.9969410246213695, -0.9978959513727831, -0.6819167905384586, -0.8083064774160261, -0.3132962869094661, -0.9947886341535561, -0.9546181421573957, -0.9982417256563045, -0.9860960771245514, -0.9686882302257702, -0.9916788872990396, -0.48897724835441037, -0.998238008244936, -0.9980917967120368, -0.9981245166797704, -0.983129077717839, -0.957712115743115, -0.9919854949000352, -0.992528691533477, -0.9984888019367961, -0.7250550108300923, -0.9685930989457642, -0.9965803803760898, -0.9981245166797704, -0.9969410246213695, -0.9982031612213582, -0.99611030166025, -0.9982558709342862, -0.9908591469997596], "gsf_samples": [0.9974451375875835, 0.9947355227871271, 0.9976183980633617, 0.9981278347344548, 0.9712535345599871, 0.9988084757767333, 0.9986107503888523, 0.8978641890947597, 0.9735787002663361, 0.1518203267442963, 0.9918280944632246, 0.0839376550002914, 0.9441485926649332, 0.27584768066177623, 0.9984425590016062, 0.9985697764011425, 0.9896457868270381, 0.9932855982188405, 0.8871009176985506, 0.9838964412632886, 0.9794123894553788, 0.9977782177153611, 0.9972393108463036, 0.9909846594875193, 0.9981840783809169, 0.9909340740432794, 0.9967007880998371, 0.9987072546473317, 0.9962079819227739, 0.9928344576908926, 0.9982078699472778, 0.996310153746388, 0.9968357262594787, 0.9958689211340284, 0.9977104218659113, 0.9983942532006562, 0.9942769710043363, 0.997846867015882, 0.9976677890425305, 0.9987459092300751, 0.9766043903244997, 0.9989394566188972, 0.9787313006194195, 0.9771017862047119, 0.9975024066381553, 0.9732142972990163, 0.9967237301251974, 0.9967007880998371, 0.9830083516761691, 0.9982487022382618, 0.998685176153279, 0.9986539340698914, 0.9823900327152375, 0.4464426565419586, 0.701706226536297, 0.5520436688285394, 0.9954775354949207, 0.9159684226885959, 0.9989197893087711, 0.9148721812706023, 0.9906848172991279, 0.9944900042675275, 0.9967007880998371, 0.6189727887944045, 0.27861292888650485, 0.9982134653914679, 0.9967899694107378, 0.7667859996355054, 0.9960320884887336, 0.997541063022742, 0.997543356466372, 0.9967007880998371, 0.9980498025532393, 0.5600437826452827, 0.7332562643561191, 0.03595202984126393, 0.995107208808317, 0.9552523049829985, 0.9983461730046514, 0.9859446669939271, 0.9591045278961878, 0.9910840475837212, 0.28229554344319824, 0.9986044248878999, 0.9982040638018553, 0.9982487022382618, 0.9777841704799621, 0.9454715584078496, 0.992075916719983, 0.9914042750355893, 0.9987229834417547, 0.65600795394159, 0.9691208640489819, 0.9966925142103776, 0.9982487022382618, 0.9967007880998371, 0.9983498864796164, 0.9969766261982103, 0.9985264596814993, 0.988808740642167], "norm_samples": [1.0, 1.0, 0.9999999403953552, 0.9999999403953552, 1.0, 0.9999999403953552, 1.0, 1.0, 1.0, 1.0, 1.0, 0.9999999403953552, 1.0, 1.0, 0.9999999403953552, 0.9999999403953552, 1.0, 1.0, 1.0, 1.0, 1.0, 1.0, 1.0, 1.0, 1.0, 0.9999999403953552, 1.0, 1.0, 1.0, 1.0, 1.0, 1.0, 1.0, 1.0, 1.0, 1.0, 1.0, 1.0, 1.0, 1.0, 1.0, 1.0, 0.9999999403953552, 1.0, 1.0, 1.0, 0.9999999403953552, 1.0, 1.0, 1.0, 1.0, 1.0, 1.0, 1.0, 1.0, 1.0, 1.0, 1.0, 1.0, 1.0, 1.0, 1.0, 1.0, 1.0, 1.0, 0.9999999403953552, 0.9999999403953552, 1.0, 1.0, 1.0, 1.0, 1.0, 1.0, 1.0, 1.0, 1.0, 1.0, 1.0, 1.0, 0.9999999403953552, 1.0, 1.0, 1.0, 1.0, 1.0, 1.0, 1.0, 1.0, 1.0, 1.0, 1.0, 1.0, 1.0, 1.0, 1.0, 1.0, 1.0, 1.0, 1.0, 0.9999999403953552]}