{"L": 4, "J": 0.326612219552346, "B": 0.0653224439104692, "K": 5, "init_state": "random computational-basis state", "energy_avg": -0.9568324648197326, "energy_std": 0.10324974861742198, "gsf_avg": 0.9413021242606994, "gsf_std": 0.15411887377388228, "energy_samples": [-0.9880426637327023, -0.9892919219967713, -0.9891243022465698, -0.9868143545812667, -0.9531613062673043, -0.9832874243264943, -0.9881455126652362, -0.9806473212918001, -0.7901184930950962, -0.9923076809654051, -0.9891497598605108, -0.9876519085759669, -0.9850843351578776, -0.4834875854372932, -0.9839184182021933, -0.9888800745027811, -0.9895733254170931, -0.980982935919084, -0.9880426637327023, -0.9831048743676595, -0.9863332303274186, -0.9339638545554415, -0.9905125392096862, -0.98879150964344, -0.9368033760948883, -0.988576075212508, -0.983598303432005, -0.9896732610231804, -0.9880426637327023, -0.9883154310494612, -0.8208892139129568, -0.9894899278124327, -0.9892919219967713, -0.9876861408660091, -0.9906503403939123, -0.9880426637327023, -0.961367686340137, -0.9892919219967713, -0.8547618362558576, -0.9724328232703261, -0.9764151389773505, -0.992172634425792, -0.9917886081591389, -0.9918196261610013, -0.9873950297737575, -0.550359478273465, -0.9816651907005789, -0.9837138265874147, -0.8920061423558934, -0.9836171409702512, -0.988103703230552, -0.755868738947568, -0.9915199802371613, -0.6073536247500191, -0.9891412204850305, -0.9937343726957759, -0.9860071120436045, -0.9904076401219619, -0.983073450057433, -0.9864605381702969, -0.34710711091582086, -0.9914517738926449, -0.9893016420367687, -0.9880426637327023, -0.990078104209007, -0.9842722490794155, -0.9892919219967713, -0.9683890332730023, -0.9890025097650463, -0.9894804595119859, -0.9866887075569737, -0.9698428053881294, -0.9815803658473983, -0.9805110026525337, -0.9882231939354225, -0.9869056277479773, -0.9879257303968793, -0.9880426637327023, -0.9842084710426765, -0.9886836136973948, -0.9887383268614439, -0.9882889907357655, -0.9838522464535053, -0.9886381727786099, -0.9889750188183448, -0.9848738928779504, -0.9849330614893201, -0.9892919219967713, -0.9860880211162106, -0.9889838151560152, -0.989393700528374, -0.9936436007432632, -0.9895379749719195, -0.9875897589929598, -0.9891140737596285, -0.9792841000573403, -0.9878616002285432, -0.9892919219967713, -0.990922032976842, -0.9229598186979722], "gsf_samples": [0.9875883222330262, 0.9890731633971822, 0.9885394370419414, 0.9868095096190617, 0.9364686269295022, 0.981050416286242, 0.9861077081324172, 0.976267799912858, 0.6911629594235442, 0.9937218668779422, 0.9897788277771382, 0.9873143477235355, 0.9839381618498685, 0.214535068668161, 0.9813861979250833, 0.9889007125909517, 0.9891627434490731, 0.9775408849707369, 0.9875883222330262, 0.9811411896306974, 0.9853622036996346, 0.910943802434942, 0.990692236049384, 0.9885983134543952, 0.9112639012730206, 0.9884564918348557, 0.9814690825205186, 0.9898477278073039, 0.9875883222330262, 0.9889651634144867, 0.7570497635997825, 0.9901987773639701, 0.9890731633971822, 0.9873674801337434, 0.9910294902246404, 0.9875883222330262, 0.9582370234161768, 0.9890731633971822, 0.800684846729173, 0.9630078445667897, 0.970999616054455, 0.991502499575168, 0.9930331036195229, 0.9923250775631969, 0.9869473992762463, 0.3165134560818179, 0.9780920665190058, 0.9780603925174595, 0.8508464408964656, 0.9806523873885349, 0.9875058988984258, 0.6577115980817388, 0.9926429638197759, 0.3864636949122128, 0.9899367225350142, 0.9945067626076989, 0.9859109190220559, 0.9909021542458265, 0.9829188807110465, 0.9853836008416994, 0.06684584268125117, 0.9921033938897177, 0.9899522747481933, 0.9875883222330262, 0.9881164507317857, 0.9823342351897025, 0.9890731633971822, 0.9534702271606807, 0.9891124178871799, 0.9906343477294082, 0.9853780992398293, 0.9635438065345583, 0.9781597794859048, 0.9816862501516775, 0.9875438054632211, 0.9863671782929457, 0.9885324478946256, 0.9875883222330262, 0.9822924295695925, 0.9858106084098299, 0.9893239239632836, 0.9889895709962782, 0.9807693830116506, 0.9880038713765952, 0.989016128735571, 0.9829754123621248, 0.9842408370745743, 0.9890731633971822, 0.9852477271973922, 0.988612010509937, 0.9897291583321342, 0.9936993711341842, 0.9891307379084191, 0.9879071375664721, 0.9893569981437857, 0.9720127633855383, 0.988126130434033, 0.9890731633971822, 0.9918458119094067, 0.8895167006882607], "norm_samples": [1.0, 0.9999999403953552, 1.0, 1.0, 1.0, 0.9999999403953552, 1.0, 1.0, 1.0, 1.0, 1.0, 0.9999999403953552, 0.9999999403953552, 1.0, 0.9999999403953552, 1.0, 0.9999999403953552, 1.0, 1.0, 0.9999999403953552, 1.0, 1.0, 1.0, 0.9999999403953552, 1.0, 1.0, 1.0, 0.9999999403953552, 1.0, 1.0, 1.0, 1.0, 0.9999999403953552, 1.0, 0.9999999403953552, 1.0, 1.0, 0.9999999403953552, 1.0, 1.0, 1.0, 1.0, 1.0, 0.9999999403953552, 1.0, 1.0, 1.0, 0.9999999403953552, 1.0, 0.9999999403953552, 0.9999999403953552, 1.0, 0.9999999403953552, 1.0, 1.0, 1.0, 1.0, 1.0, 0.9999999403953552, 0.9999999403953552, 1.0, 1.0, 1.0, 1.0, 1.0, 1.0, 0.9999999403953552, 0.9999999403953552, 0.9999999403953552, 0.9999999403953552, 1.0, 1.0, 1.0, 1.0, 1.0, 1.0, 1.0, 1.0, 1.0, 1.0, 0.9999999403953552, 0.9999999403953552, 1.0, 0.9999999403953552, 1.0, 0.9999999403953552, 1.0, 0.9999999403953552, 1.0, 0.9999999403953552, 1.0, 1.0, 0.9999999403953552, 1.0, 1.0, 1.0, 1.0, 0.9999999403953552, 1.0, 1.0]}