{"L": 4, "J": 0.21013831273060304, "B": 0.21013831273060304, "K": 40, "init_state": "random computational-basis state", "energy_avg": -0.9853194341258958, "energy_std": 0.058843506631438405, "gsf_avg": 0.9696502413832885, "gsf_std": 0.13086883750793735, "energy_samples": [-0.9999439294543894, -0.9994020263471609, -0.9701510191747329, -0.9999503519608528, -0.9961571584233377, -0.9999507390291411, -0.9624981385003968, -0.9756226845142799, -0.9995409692985584, -0.9999508120111674, -0.9999210433462697, -0.9997305087912629, -0.8805181751293626, -0.9999357869147769, -0.9999156577684306, -0.999945486577291, -0.9999518574930379, -0.9999210433462697, -0.9999473081729149, -0.9999500133840757, -0.9938423557843187, -0.9999449288280938, -0.9999518330915198, -0.9999508524016085, -0.9999089106259855, -0.9999210433462697, -0.9999210433462697, -0.9999506779213112, -0.9999438845997193, -0.9998470531721673, -0.9999210433462697, -0.9999511358022997, -0.9999210433462697, -0.8406368921341284, -0.9999481991201731, -0.9999438071469309, -0.9998704431313941, -0.9999293100547082, -0.9999210433462697, -0.9999513484874921, -0.9999495327101722, -0.9999505967237503, -0.991581718599588, -0.9999210433462697, -0.99994547519993, -0.9999518574930379, -0.9973601541183694, -0.9994896353129685, -0.9743999603301707, -0.9884937143216284, -0.9999516972672658, -0.9930749238746811, -0.9993308788515531, -0.964772741418705, -0.9999210433462697, -0.9905160094303441, -0.9999210433462697, -0.9994874798998516, -0.9998624574166168, -0.9998509051987787, -0.9998311747311822, -0.9999210433462697, -0.999932042650108, -0.999949967788214, -0.9998643343329613, -0.9999473451106039, -0.9999210433462697, -0.9890390014995318, -0.9338480611718134, -0.5995174821579937, -0.9999210433462697, -0.9985018739588094, -0.9999447745318222, -0.9999343941981208, -0.9999210433462697, -0.60681137669051, -0.9999325470860092, -0.990936195829642, -0.9998205352862228, -0.9999210433462697, -0.9996953744335797, -0.9999442272786065, -0.9999498678062606, -0.9999210433462697, -0.9950518881521438, -0.9999473081729149, -0.999951159054177, -0.9999470954860232, -0.9999210433462697, -0.9994189747473737, -0.9999210433462697, -0.9737647036697923, -0.9999210433462697, -0.9957802510686444, -0.9499620759623357, -0.9999507695083284, -0.9998248510563432, -0.9879390463152521, -0.9999492009441431, -0.9999516949165734], "gsf_samples": [0.9999247008919427, 0.9989444692504432, 0.9719118386215354, 0.9999379447810389, 0.9939440337326761, 0.9999383511444335, 0.9568006747566825, 0.9420913181986051, 0.9992716324635289, 0.9999390287450848, 0.9998791379209016, 0.9995040546186341, 0.766414261888649, 0.9999130497356002, 0.9998349497555764, 0.9999406717069105, 0.9999405476238105, 0.9998791379209016, 0.9999317188717157, 0.9999370573739056, 0.9861007474058959, 0.9999265947734812, 0.9999406169597431, 0.9999391861795134, 0.9998971080992393, 0.9998791379209016, 0.9998791379209016, 0.9999381106555442, 0.9999258164420296, 0.9997343147060157, 0.9998791379209016, 0.9999392261060195, 0.9998791379209016, 0.6298239405579026, 0.99993418837396, 0.9999246373103605, 0.9997421992852081, 0.9998958453501209, 0.9998791379209016, 0.9999395738765844, 0.9999358600638989, 0.9999380910548248, 0.9835078109857237, 0.9998791379209016, 0.9999280054636629, 0.9999405476238105, 0.9962354593072995, 0.999109037314855, 0.9471357721044358, 0.9897321413426919, 0.9999404110889961, 0.9857561384489846, 0.9985655853964948, 0.9408659702291018, 0.9998791379209016, 0.9833188895704098, 0.9998791379209016, 0.998858712516367, 0.9997642657791574, 0.9997392829191439, 0.9997130282130714, 0.9998791379209016, 0.9999007618760066, 0.9999367582920565, 0.9997601932450767, 0.9999328471964555, 0.9998791379209016, 0.9740515488996209, 0.9001350541975657, 0.15965449810493465, 0.9998791379209016, 0.9988581054110005, 0.9999302804811994, 0.9999065428341253, 0.9998791379209016, 0.0656203400681842, 0.9999047879295465, 0.9809145667791221, 0.9996844538292193, 0.9998791379209016, 0.9994762164059099, 0.9999255457676458, 0.9999366566358604, 0.9998791379209016, 0.990257841040244, 0.9999317188717157, 0.9999393659910373, 0.9999315584032776, 0.9998791379209016, 0.9989451921344765, 0.9998791379209016, 0.947607082098852, 0.9998791379209016, 0.9903069521562934, 0.9224749660388457, 0.999938613617367, 0.9997605414512512, 0.9761142786908469, 0.9999355428958266, 0.9999402868228304], "norm_samples": [1.0, 1.0, 0.9999999403953552, 1.0, 1.0, 0.9999999403953552, 1.0, 1.0, 1.0, 0.9999999403953552, 1.0, 1.0, 1.0, 1.0, 1.0, 1.0, 1.0, 1.0, 1.0, 1.0, 1.0, 1.0, 0.9999999403953552, 1.0, 1.0, 1.0, 1.0, 0.9999999403953552, 0.9999999403953552, 1.0, 1.0, 1.0, 1.0, 1.0, 1.0, 1.0, 1.0, 1.0, 1.0, 1.0, 1.0, 1.0, 1.0, 1.0, 1.0, 1.0, 0.9999999403953552, 1.0, 1.0, 1.0, 0.9999999403953552, 1.0, 1.0, 1.0, 1.0, 1.0, 1.0, 1.0, 1.0, 1.0, 0.9999999403953552, 1.0, 1.0, 1.0, 1.0, 1.0, 1.0, 1.0, 0.9999999403953552, 1.0, 1.0, 1.0, 1.0, 1.0, 1.0, 1.0, 1.0, 1.0, 1.0, 1.0, 1.0, 1.0, 1.0, 1.0, 1.0, 1.0, 1.0, 1.0, 1.0, 1.0, 1.0, 0.9999999403953552, 1.0, 0.9999999403953552, 1.0, 1.0, 1.0, 1.0, 0.9999999403953552, 1.0]}