{"L": 5, "J": 0.03968214607433029, "B": 0.19841073037165147, "K": 20, "init_state": "random computational-basis state", "energy_avg": -0.9926631441731486, "energy_std": 0.015043348735198511, "gsf_avg": 0.9835963211442974, "gsf_std": 0.033801404130287045, "energy_samples": [-0.9953822903388773, -0.9986905592110986, -0.9956518511311481, -0.9999048847252427, -0.9994001457796856, -0.9986231565851413, -0.9979086065330907, -0.9910246378427148, -0.9979086065330907, -0.9910246378427148, -0.950482073645242, -0.9378632905081157, -0.9994079654818594, -0.9981473036253886, -0.9988801360341111, -0.995232528858299, -0.9910246378427148, -0.9991127442063208, -0.9986231565851413, -0.9910246378427148, -0.999582134400718, -0.99936043875571, -0.9997568811325261, -0.9912505090126419, -0.990083836874358, -0.9982671701917518, -0.9975044772712183, -0.9979086065330907, -0.9996886376450114, -0.9995793145065546, -0.9726858866862033, -0.9846266679587845, -0.9970393702943536, -0.9910246378427148, -0.9930744195763079, -0.9988827759986305, -0.996278430781616, -0.9186927444591131, -0.9910246378427148, -0.9991302194942913, -0.9910246378427148, -0.9981402503653802, -0.9996000276766263, -0.999241954587523, -0.9955695819029973, -0.999593509134186, -0.9978464227778547, -0.8977634141534853, -0.9910246378427148, -0.9985173919935612, -0.9910246378427148, -0.9925034007322256, -0.9881461805779248, -0.9969955772193253, -0.9910246378427148, -0.9983405113739738, -0.982483685493681, -0.9964401593521415, -0.9910246378427148, -0.9890163274408537, -0.9988971284121065, -0.999872641087494, -0.999716818613754, -0.9990691672431722, -0.9866221114447213, -0.9954058860506607, -0.9985774681605228, -0.9910246378427148, -0.999856118869744, -0.9990480692804886, -0.9811497429566134, -0.9957971111316996, -0.9910246378427148, -0.999794950660311, -0.9936717763448284, -0.998137638453147, -0.9990905461226846, -0.9812317448046192, -0.9996126658703053, -0.9978489222354839, -0.9986555723661041, -0.9988649068146684, -0.9833128475159145, -0.9910246378427148, -0.9984607007676986, -0.9996754071658868, -0.992280872040038, -0.9985800789152859, -0.9996720879675105, -0.9996000276766263, -0.9964000056711791, -0.9996081024510595, -0.9995368089697163, -0.999205658211883, -0.9910246378427148, -0.999593509134186, -0.9996716953377839, -0.9990691672431722, -0.9995220397038869, -0.9910246378427148], "gsf_samples": [0.990333870557676, 0.9971839169487409, 0.98927669888379, 0.9998764671293471, 0.9986915391624441, 0.9972119936737525, 0.9955809387651666, 0.9800000898578171, 0.9955809387651666, 0.9800000898578171, 0.8897526932744086, 0.8632712639976413, 0.9988405462042416, 0.9957590702288318, 0.9979199894195783, 0.9900274763505807, 0.9800000898578171, 0.9982015801735371, 0.9972119936737525, 0.9800000898578171, 0.9990838656074184, 0.9987798080335917, 0.9996945775965682, 0.9798575487633986, 0.9780926120787211, 0.9962595382919155, 0.9942951304630048, 0.9955809387651666, 0.9993757087279691, 0.9992094549567684, 0.9381531090555705, 0.9656776720519747, 0.9939064825707321, 0.9800000898578171, 0.9852376986004215, 0.9975937572763836, 0.9908597520254818, 0.8068343913032895, 0.9800000898578171, 0.9980089653508193, 0.9800000898578171, 0.995418344357677, 0.9992532746800331, 0.9981792225582481, 0.9896275481024975, 0.99924537543594, 0.9959048860728702, 0.777430072817028, 0.9800000898578171, 0.9967451172055376, 0.9800000898578171, 0.9834015229752376, 0.973384756924671, 0.9927077890794821, 0.9800000898578171, 0.9963917106153389, 0.9662293845163638, 0.9920597909372774, 0.9800000898578171, 0.9746302912422896, 0.9976024288802671, 0.9998154320189075, 0.9994494683787981, 0.9981711698394015, 0.9687639679441299, 0.9899221238301812, 0.9970402375696581, 0.9800000898578171, 0.9997575574422762, 0.9979486593111188, 0.957131157094134, 0.9904551417852495, 0.9800000898578171, 0.9996293087420595, 0.986512345353111, 0.9958428164809304, 0.9979969476685769, 0.9576014535870903, 0.9992632326538954, 0.9952306954290213, 0.9977981045014387, 0.9973947541440067, 0.9581887019581425, 0.9800000898578171, 0.9969674756404544, 0.9994539429319432, 0.9804178073189354, 0.9972012906814772, 0.9993575825322937, 0.9992532746800331, 0.9913546968705459, 0.999106312359826, 0.9990095508749778, 0.9983499433979779, 0.9800000898578171, 0.99924537543594, 0.9993499498690789, 0.9981711698394015, 0.9990455234110608, 0.9800000898578171], "norm_samples": [1.0, 1.0, 1.0, 1.0, 1.0, 1.0, 1.0, 1.0, 1.0, 1.0, 1.0, 1.0, 1.0, 0.9999999403953552, 1.0, 0.9999999403953552, 1.0, 1.0, 1.0, 1.0, 0.9999999403953552, 1.0, 0.9999999403953552, 1.0, 1.0, 1.0, 1.0, 1.0, 1.0, 0.9999999403953552, 1.0, 1.0, 1.0, 1.0, 1.0, 1.0, 1.0, 1.0, 1.0, 0.9999999403953552, 1.0, 1.0, 1.0, 1.0, 1.0, 1.0, 1.0, 1.0, 1.0, 1.0, 1.0, 1.0, 1.0, 1.0, 1.0, 1.0, 1.0, 1.0, 1.0, 1.0, 1.0, 1.0, 1.0, 1.0, 1.0, 1.0, 1.0, 1.0, 1.0, 1.0, 1.0, 1.0, 1.0, 1.0, 1.0, 1.0, 1.0, 1.0, 1.0, 1.0, 1.0, 1.0, 0.9999999403953552, 1.0, 1.0, 0.9999999403953552, 0.9999999403953552, 1.0, 1.0, 1.0, 1.0, 1.0, 1.0, 1.0, 1.0, 1.0, 1.0, 1.0, 1.0, 1.0]}