{"L": 5, "J": 0.03968214607433029, "B": 0.19841073037165147, "K": 3, "init_state": "random computational-basis state", "energy_avg": -0.9593950679183749, "energy_std": 0.08683630357919965, "gsf_avg": 0.9098251393578978, "gsf_std": 0.21087264829543967, "energy_samples": [-0.9929366986523914, -0.9941999439346538, -0.9808929399143095, -0.6221140048542751, -0.9845456976822613, -0.995629376100023, -0.9922159920692747, -0.979324322943776, -0.99204709633596, -0.979324322943776, -0.9913338863156533, -0.9911893835194449, -0.9955927609304466, -0.979324322943776, -0.5690700798938746, -0.9904153905838127, -0.9902626237761532, -0.9909100330686766, -0.6688838277899145, -0.9855649856713989, -0.9871735067153989, -0.979324322943776, -0.9845456976822613, -0.979324322943776, -0.9561347009103911, -0.9950708700907237, -0.9922278704157972, -0.979324322943776, -0.9904153905838127, -0.9947174445765511, -0.9905883834597736, -0.9902285288975419, -0.9889912014833862, -0.9845456976822613, -0.9798575742225587, -0.6395382750924818, -0.9896895451680897, -0.9945300076269504, -0.979324322943776, -0.9343856860046863, -0.9861489820551966, -0.9871735067153989, -0.979324322943776, -0.9896012894322506, -0.9932119153198081, -0.8971410005969516, -0.9871735067153989, -0.979324322943776, -0.9913338863156533, -0.9922159920692747, -0.993410982868598, -0.979324322943776, -0.9947954794805787, -0.979324322943776, -0.9913338863156533, -0.9941643988597879, -0.9822992029164735, -0.9926557223249701, -0.9954121743585471, -0.7774487698264343, -0.9882472957832702, -0.984873618823241, -0.7882937812574758, -0.979324322943776, -0.9343056372385062, -0.9887407631157217, -0.9900170459083724, -0.7691928634910258, -0.9842948168397364, -0.979324322943776, -0.9950092861216286, -0.9956180939452703, -0.619601181235024, -0.9808929399143095, -0.984897376912442, -0.9951893695400413, -0.9808929399143095, -0.9949013920762327, -0.9845456976822613, -0.9941643988597879, -0.979324322943776, -0.9915105622945191, -0.8575528867572568, -0.9922159920692747, -0.9844461880518152, -0.9808929399143095, -0.9905883834597736, -0.9941999439346538, -0.9677022257844321, -0.9896827274442954, -0.9767006101216478, -0.9915218187699515, -0.979324322943776, -0.9921886854715843, -0.9957779232283454, -0.979324322943776, -0.9828928439337296, -0.9928868905631018, -0.9905883834597736, -0.979324322943776], "gsf_samples": [0.9884824338717877, 0.9913449237163301, 0.9619294246092265, 0.05640320077666344, 0.9699888773082247, 0.9944943497131902, 0.9869703652089711, 0.9584432335711013, 0.9865631511547394, 0.9584432335711013, 0.9849774075181482, 0.9847207381958177, 0.9943889046659595, 0.9584432335711013, 0.0020809534176444576, 0.9829995865610862, 0.9831839361694776, 0.9840619992639982, 0.18624223206177531, 0.9722499128075137, 0.9757495467520378, 0.9584432335711013, 0.9699888773082247, 0.9584432335711013, 0.9393431106279333, 0.9932448057035067, 0.9870048318924128, 0.9584432335711013, 0.9829995865610862, 0.9924805008756469, 0.9833411008430109, 0.9825871457423604, 0.9797986239173734, 0.9699888773082247, 0.9599876274742407, 0.1019232076925477, 0.9809728390029128, 0.9920691398159951, 0.9584432335711013, 0.8592875430375989, 0.9777366676827166, 0.9757495467520378, 0.9584432335711013, 0.9811762716603758, 0.9891270681505627, 0.7675474329007378, 0.9757495467520378, 0.9584432335711013, 0.9849774075181482, 0.9869703652089711, 0.9896082715956528, 0.9584432335711013, 0.9926517772753519, 0.9584432335711013, 0.9849774075181482, 0.9912555301596614, 0.9704051009659572, 0.9878994172449841, 0.9939864644853448, 0.5116552222662523, 0.9818229042194575, 0.9747018710180434, 0.5131978037851177, 0.9584432335711013, 0.8565231825771243, 0.9792206795625719, 0.9842270813397949, 0.48012897774040625, 0.9694107486791905, 0.9584432335711013, 0.993032540040328, 0.9944284154958739, 0.052988297790219324, 0.9619294246092265, 0.9704271275685737, 0.9935169340539812, 0.9619294246092265, 0.9928938495574519, 0.9699888773082247, 0.9912555301596614, 0.9584432335711013, 0.9853404391370172, 0.6824852345475724, 0.9869703652089711, 0.9754112484835794, 0.9619294246092265, 0.9833411008430109, 0.9913449237163301, 0.9328026545863792, 0.9813126450345208, 0.9525720517209724, 0.9853848703372219, 0.9584432335711013, 0.9868558314135841, 0.9948169291813734, 0.9584432335711013, 0.971747693072955, 0.9883755225182682, 0.9833411008430109, 0.9584432335711013], "norm_samples": [1.0, 1.0, 1.0, 1.0, 1.0, 1.0, 1.0, 1.0, 1.0, 1.0, 1.0, 1.0, 1.0, 1.0, 1.0, 1.0, 1.0, 1.0, 1.0, 1.0, 1.0, 1.0, 1.0, 1.0, 1.0, 1.0, 1.0, 1.0, 1.0, 1.0, 1.0, 1.0, 1.0, 1.0, 1.0, 1.0, 1.0, 1.0, 1.0, 1.0, 1.0, 1.0, 1.0, 0.9999999403953552, 1.0, 1.0, 1.0, 1.0, 1.0, 1.0, 1.0, 1.0, 1.0, 1.0, 1.0, 1.0, 0.9999999403953552, 1.0, 1.0, 1.0, 1.0, 1.0, 1.0, 1.0, 1.0, 1.0, 1.0, 1.0, 1.0, 1.0, 1.0, 1.0, 1.0, 1.0, 1.0, 1.0, 1.0, 1.0, 1.0, 1.0, 1.0, 1.0, 1.0, 1.0, 0.9999999403953552, 1.0, 1.0, 1.0, 1.0, 1.0, 1.0, 1.0, 1.0, 1.0, 1.0, 1.0, 1.0, 1.0, 1.0, 1.0]}