{"L": 5, "J": 0.03968214607433029, "B": 0.19841073037165147, "K": 40, "init_state": "random computational-basis state", "energy_avg": -0.992179760265344, "energy_std": 0.01575671388501293, "gsf_avg": 0.9825854513377665, "gsf_std": 0.037144087439876884, "energy_samples": [-0.9920107277181118, -0.9920107277181118, -0.9995490663586458, -0.9648712912376942, -0.9997714609591832, -0.9989159624050205, -0.999651384062545, -0.9879711776425001, -0.9903464801689388, -0.9993240380324999, -0.9920107277181118, -0.9994658992164729, -0.9973071677634284, -0.8998277828400733, -0.9423663326221529, -0.9920057209182328, -0.9999306456753175, -0.9980429098359983, -0.9920107277181118, -0.9999278016520682, -0.9995169092989632, -0.9996427369380017, -0.9996868140873116, -0.9996556787080824, -0.9999370388674773, -0.9815935035283738, -0.9920107277181118, -0.9994031500687325, -0.9990049744322729, -0.9994803722046256, -0.9997725018190848, -0.9947414944700135, -0.9999813551165107, -0.9990611178791706, -0.9969668763848445, -0.9501987654873401, -0.9920107277181118, -0.9894987649177029, -0.9920107277181118, -0.9920107277181118, -0.9920107277181118, -0.9988033802376604, -0.999651384062545, -0.9680878276691406, -0.9986637270279035, -0.9996768837742945, -0.9920107277181118, -0.9992542455591409, -0.9998511487521495, -0.999772454672798, -0.9996683674613089, -0.9780430704050045, -0.9920107277181118, -0.9983806019550987, -0.998514403679279, -0.9995057634441258, -0.9982850223511228, -0.9920107277181118, -0.9959468958996498, -0.9992202927841296, -0.9985829640145725, -0.9997335325534334, -0.9765878289125021, -0.9999768928459691, -0.998164618014613, -0.9987013392019497, -0.9961953563671372, -0.9998443580204575, -0.9980164571058879, -0.9920107277181118, -0.9920107277181118, -0.9877335165744445, -0.9920107277181118, -0.9992631872062584, -0.9911942578199319, -0.9611637938260021, -0.9970491254062193, -0.9984341296399898, -0.912710623988858, -0.9920107277181118, -0.9997504516838472, -0.9988659100974231, -0.9920107277181118, -0.9920107277181118, -0.9997761796377242, -0.9875125171812684, -0.9920107277181118, -0.9920107277181118, -0.9995614182187126, -0.9985428127228889, -0.9920107277181118, -0.9931581228382136, -0.9995368152117869, -0.9945019935778958, -0.9958712300527742, -0.999651384062545, -0.9985504989168302, -0.9996873860430181, -0.9995988058894062, -0.9990905914868504], "gsf_samples": [0.9834112499445156, 0.9834112499445156, 0.9991918499471717, 0.9252940301200454, 0.9995811244232014, 0.9973482256639663, 0.9991373647347958, 0.9707181616197103, 0.98063273126776, 0.9986749743550355, 0.9834112499445156, 0.9988039343122871, 0.9941173949247688, 0.7524597786085505, 0.8619564555403063, 0.9818679387048095, 0.999909139381991, 0.995463813281245, 0.9834112499445156, 0.9998597899311269, 0.9988374001304009, 0.9991838115723893, 0.9993354585094996, 0.9992295745739214, 0.9998817149023905, 0.9578371236685564, 0.9834112499445156, 0.9987748112550371, 0.9976931603302477, 0.9989242989047938, 0.99965585580978, 0.9885249632620734, 0.9999670473124309, 0.9982707141006987, 0.9936349832958766, 0.8862352275241567, 0.9834112499445156, 0.9766736455122648, 0.9834112499445156, 0.9834112499445156, 0.9834112499445156, 0.9971873776658808, 0.9991373647347958, 0.9391465478659586, 0.9969774691499002, 0.9992313890709305, 0.9834112499445156, 0.9985656620439954, 0.9997874764372913, 0.9994376454974583, 0.9992003798982649, 0.9508466089482378, 0.9834112499445156, 0.9973761997964231, 0.997003358701131, 0.9990272983745733, 0.99585627243705, 0.9834112499445156, 0.9907240357369068, 0.998143473587362, 0.9968199656982754, 0.9996421283710762, 0.9488253287876793, 0.9999567746835013, 0.9957338760077135, 0.997411913966108, 0.9912244731800032, 0.9996565323426613, 0.9961493946239932, 0.9834112499445156, 0.9834112499445156, 0.9842389958368168, 0.9834112499445156, 0.9983185470752599, 0.9799283077853408, 0.9041912125340812, 0.9931242713171765, 0.9975433859531508, 0.8018267385667923, 0.9834112499445156, 0.9994778504184897, 0.9976735362395778, 0.9834112499445156, 0.9834112499445156, 0.9996149165338448, 0.9718587949214733, 0.9834112499445156, 0.9834112499445156, 0.999089782140601, 0.9965431636289932, 0.9834112499445156, 0.9835296677936823, 0.9988269445293693, 0.9868548606904305, 0.9908272251452959, 0.9991373647347958, 0.9971237859106344, 0.999226659354165, 0.9992864656402934, 0.9979209631031071], "norm_samples": [1.0, 1.0, 1.0, 1.0, 1.0, 1.0, 1.0, 1.0, 0.9999999403953552, 1.0, 1.0, 1.0, 1.0, 1.0, 1.0, 1.0, 1.0, 1.0, 1.0, 1.0, 1.0, 1.0, 1.0, 1.0, 1.0, 1.0, 1.0, 1.0, 1.0, 1.0, 1.0, 1.0, 1.0, 1.0, 1.0, 1.0, 1.0, 1.0, 1.0, 1.0, 1.0, 0.9999999403953552, 1.0, 1.0, 1.0, 0.9999999403953552, 1.0, 1.0, 1.0, 1.0, 1.0, 1.0, 1.0, 1.0, 1.0, 1.0, 1.0, 1.0, 1.0, 1.0, 1.0, 0.9999999403953552, 1.0, 1.0, 1.0, 1.0, 1.0, 1.0, 1.0, 1.0, 1.0, 1.0, 1.0, 1.0, 1.0, 1.0, 0.9999999403953552, 1.0, 1.0, 1.0, 1.0, 1.0, 1.0, 1.0, 1.0, 1.0, 1.0, 1.0, 1.0, 1.0, 1.0, 1.0, 1.0, 1.0, 1.0, 1.0, 1.0, 1.0, 1.0, 1.0]}