{"L": 6, "J": 0.13705708646304537, "B": 0.13705708646304537, "K": 2, "init_state": "random computational-basis state", "energy_avg": -0.6295172806582535, "energy_std": 0.1433362466513204, "gsf_avg": 0.19614705022167234, "gsf_std": 0.21355644653538952, "energy_samples": [-0.5608209311173211, -0.8343844464698469, -0.5084141941614877, -0.47106256396242296, -0.46910530644549586, -0.5466396517624547, -0.5908248966377204, -0.5700748261120224, -0.47254043774027954, -0.6517281776609749, -0.42266513146495166, -0.7181129011535654, -0.5504100548496108, -0.44459990507572855, -0.35632643964110056, -0.61259615891551, -0.6749753488261159, -0.5580963880456216, -0.8794534890708159, -0.56161987402527, -0.5329372903861318, -0.784941196321966, -0.7669965757501271, -0.8103677443421575, -0.5469620955954657, -0.5849146860431169, -0.7271592932303124, -0.5138999280151174, -0.952926395714955, -0.6500073777994502, -0.6101777359618219, -0.6317962900735382, -0.4678870288492005, -0.8024024295104433, -0.8255609901940978, -0.7056232159994259, -0.5397778208124314, -0.41760281423385975, -0.7066612695864432, -0.6960992675021687, -0.7150445707284404, -0.6327860786104751, -0.3055521403019476, -0.46458696275495365, -0.4476913428103441, -0.7000165714188102, -0.7257259335583535, -0.6735812890824019, -0.526645027457745, -0.577665578534257, -0.726048158110603, -0.610123352062956, -0.6774796746803173, -0.8240463091015902, -0.6620869030790081, -0.8518523167529293, -0.5070509300644247, -0.7027601886704149, -0.760242629212963, -0.793667660959651, -0.7695725089875791, -0.5741161968657289, -0.5140122186495548, -0.8101880798239693, -0.6730424950179978, -0.8683708569156964, -0.4202816115539495, -0.4613392965524117, -0.7735079659591346, -0.6179023846257914, -0.585675579178959, -0.5296266261772159, -0.695293724938611, -0.31467529071560296, -0.6442772590230039, -0.6680833799095254, -0.7473313988994934, -0.802352310688135, -0.36014044915104965, -0.4328053085864775, -0.5677035034200947, -0.604753706320591, -0.41647685010919927, -0.6606477979406551, -0.835477694179805, -0.65701379046751, -0.792397865228984, -0.7220388415369017, -0.4249087046669564, -0.7520541750897943, -0.6932479039445105, -0.6813163299394914, -0.5367680943320929, -0.45978938810136505, -0.7972922349174167, -0.7272063067649166, -0.8779999139570451, -0.7327206320409803, -0.7576802091818406, -0.3778329944521738], "gsf_samples": [0.013909736881796439, 0.3562525243762819, 0.00044317877093775636, 0.18123825664298596, 0.0010208952634613228, 0.25056633468362094, 0.11672226307915509, 0.16233466224842594, 8.89327843875184e-05, 0.23087284249388326, 0.01828046894571586, 0.18402726308167042, 0.3327486194386329, 0.012439007101106967, 0.032661249950418296, 0.2953536638992149, 0.006515548630772489, 0.246121476403049, 0.735344140949304, 0.11515507993045397, 0.03757454294726702, 0.005400820566844932, 0.5079555160874497, 0.4074856390272539, 0.07348185332420905, 0.012331026193168993, 0.3801958659940477, 0.13472939979155257, 0.8832117702948613, 0.0017223946719059757, 0.022210475324051317, 0.3435536864832173, 0.028216056511731834, 0.004898088903905513, 0.5735618526897278, 0.4478892272575096, 0.006830180531042964, 0.028345767120512424, 0.036262660553966784, 0.20319192475161188, 0.3996347910057503, 0.2051130743906544, 0.03276252143555863, 0.11686780441614442, 0.029120455259295644, 0.004891494520417374, 0.5208935837346081, 0.0007644377396929202, 0.20804000615942284, 0.025186465409575608, 0.4478539197897519, 0.0667896999268063, 0.17454800540529714, 0.38055518636509206, 0.03287171008670479, 0.062442735050799704, 0.1257136864815162, 0.3162648651080601, 0.44733808369421557, 0.3976073437600855, 0.02239768096847225, 0.1873322241994569, 0.004352741597021408, 0.3980089586091051, 0.0003467713180982436, 0.734693200467294, 0.008403674232247577, 0.02493339187744074, 0.5040588406413238, 0.16288081352220984, 0.002402435744558118, 0.004778619629554544, 0.24789288140531282, 0.030850938681469157, 0.016426280297567084, 0.16981920606089776, 0.0021356765184974784, 0.34199723920604685, 0.01716677763226302, 0.005829033810567167, 0.02248377523425599, 0.14382136617510252, 0.015894160197762134, 0.31921729934494725, 0.6333544305385003, 0.31652113569019735, 0.5602545719231985, 0.4836362019664723, 0.11177061889216583, 0.6110937103623086, 0.012798672140100335, 0.022602685033237046, 0.17956989896084624, 0.006942441409539199, 0.5011171592708185, 0.15772819399281868, 0.6359546155534445, 0.02143523926453814, 0.5381516337693815, 0.00724506170762869], "norm_samples": [1.0, 1.0, 1.0, 1.0, 0.9999999403953552, 1.0, 0.9999999403953552, 1.0, 1.0, 0.9999999403953552, 1.0, 1.0, 1.0, 1.0, 0.9999999403953552, 1.0, 1.0, 1.0, 1.0, 0.9999999403953552, 1.0, 1.0, 1.0, 1.0, 1.0, 1.0, 1.0, 1.0, 1.0, 1.0, 1.0, 1.0, 0.9999999403953552, 1.0, 0.9999999403953552, 1.0, 1.0, 1.0, 1.0, 1.0, 1.0, 1.0, 1.0, 1.0, 1.0, 1.0, 1.0, 1.0, 1.0, 1.0, 1.0, 1.0, 1.0, 1.0, 1.0, 1.0, 1.0, 1.0, 1.0, 1.0, 1.0, 1.0, 0.9999999403953552, 1.0, 1.0, 1.0, 0.9999999403953552, 1.0, 1.0, 1.0, 1.0, 1.0, 1.0, 1.0, 1.0, 1.0, 0.9999999403953552, 1.0, 1.0, 0.9999999403953552, 1.0, 1.0, 1.0, 1.0, 1.0, 1.0, 0.9999999403953552, 1.0, 1.0, 1.0, 0.9999999403953552, 1.0, 1.0, 1.0, 1.0, 0.9999999403953552, 1.0, 1.0, 1.0, 1.0]}