{"L": 6, "J": 0.19683820800041796, "B": 0.03936764160008359, "K": 40, "init_state": "random computational-basis state", "energy_avg": -0.9813398368603216, "energy_std": 0.058820153667806505, "gsf_avg": 0.9553765140760375, "gsf_std": 0.12931526554930148, "energy_samples": [-0.9995838301483835, -0.9966559797313413, -0.9987252151180972, -0.9963813975218567, -0.9863825046810196, -0.9852746566896727, -0.9986650938022241, -0.9870832388593928, -0.9818998678257301, -0.9818998678257301, -0.9818998678257301, -0.9857722548567507, -0.9947626715105244, -0.9818998678257301, -0.9910680766519118, -0.9986382105322682, -0.9987120688367024, -0.9818998678257301, -0.9993516685299798, -0.9993909575475468, -0.9855640986904566, -0.998771290936705, -0.9996050670167633, -0.9818998678257301, -0.9949177529320431, -0.9906623795672457, -0.986988507517518, -0.9818998678257301, -0.9818998678257301, -0.9994991742778649, -0.9980205505832364, -0.970755611852519, -0.9986382105322682, -0.9818998678257301, -0.9819401629467515, -0.9996901313206429, -0.9981202308923635, -0.9897167601685344, -0.94800412158449, -0.9995292099062685, -0.9879959198135417, -0.9915685165036885, -0.5896563061973694, -0.9818998678257301, -0.9805882267123882, -0.9818998678257301, -0.9818998678257301, -0.9991551876373612, -0.9823833854767768, -0.9996092554686924, -0.9825843298207404, -0.9865750353400347, -0.9995383505618667, -0.9818998678257301, -0.9963813975218567, -0.9989120054011666, -0.9818998678257301, -0.9818998678257301, -0.9981566552576959, -0.9823833854767768, -0.9910680766519118, -0.999628499145679, -0.9899967831959746, -0.9835278094641499, -0.9818998678257301, -0.9863576929285768, -0.9910680766519118, -0.9888518275812952, -0.9799167612774444, -0.9818998678257301, -0.9820702191489411, -0.9910548077880497, -0.9977604118892692, -0.9893252640182242, -0.9818998678257301, -0.9977664602484719, -0.9990018985734719, -0.9974112873483891, -0.9857340823027405, -0.999330566072163, -0.9947827128805387, -0.9910548077880497, -0.9818998678257301, -0.5588612718528301, -0.9915122888650294, -0.999461790766642, -0.9973635533112956, -0.9746649514930862, -0.9929118090148058, -0.9818998678257301, -0.9863774502180278, -0.9858444170022391, -0.9996901313206429, -0.9851058945711703, -0.9818998678257301, -0.9818998678257301, -0.9960039587486962, -0.9987377077355097, -0.9982539015312147, -0.999330379546344], "gsf_samples": [0.9989889203353504, 0.9913549182061279, 0.9971687784078387, 0.9917102156719837, 0.963369285985435, 0.9645903105382336, 0.9971753238724441, 0.9670446333508675, 0.9496579892560448, 0.9496579892560448, 0.9496579892560448, 0.9681111534522271, 0.9887064377576954, 0.9496579892560448, 0.980744844096365, 0.9965937979344068, 0.9972465274338033, 0.9496579892560448, 0.9986215105908908, 0.9987338551913059, 0.9699193445098424, 0.9972554540456526, 0.9991045638402429, 0.9496579892560448, 0.9879871747562288, 0.973224895451905, 0.9656968545492239, 0.9496579892560448, 0.9496579892560448, 0.9989558172306594, 0.9955992753612755, 0.9259695685501261, 0.9965937979344068, 0.9496579892560448, 0.949295155061805, 0.9993336465592989, 0.9948150226579952, 0.9739628454578267, 0.8847612316259013, 0.9990443252097054, 0.9697101269902417, 0.9781198297991935, 0.09158917406278076, 0.9496579892560448, 0.9438174697448173, 0.9496579892560448, 0.9496579892560448, 0.9981287375662025, 0.9564822248149393, 0.9992247933539313, 0.95993411506059, 0.9706015967804393, 0.9989995848026619, 0.9496579892560448, 0.9917102156719837, 0.9974456323657176, 0.9496579892560448, 0.9496579892560448, 0.9956065376481658, 0.9564822248149393, 0.980744844096365, 0.9992713120743698, 0.9758015877052888, 0.9644294313081795, 0.9496579892560448, 0.9675881777047808, 0.980744844096365, 0.9695231935630058, 0.9522330525500577, 0.9496579892560448, 0.9575640800995605, 0.9788406822214768, 0.9949976707812014, 0.9793197462128314, 0.9496579892560448, 0.9948756209442857, 0.9976491151260778, 0.9934224174790325, 0.9619586608950872, 0.998469965004985, 0.9869281622540833, 0.9788406822214768, 0.9496579892560448, 0.03570795846145555, 0.9756798518641856, 0.9988946174586883, 0.9942377864437064, 0.9434647779880789, 0.9827520852729235, 0.9496579892560448, 0.969798578387761, 0.9644635113474733, 0.9993336465592989, 0.9664767418371869, 0.9496579892560448, 0.9496579892560448, 0.9908207373560767, 0.9972433258708167, 0.9952080558078605, 0.9983589738730725], "norm_samples": [1.0, 1.0, 0.9999998807907104, 1.0, 1.0, 1.0, 0.9999999403953552, 1.0, 1.0, 1.0, 1.0, 1.0, 1.0, 1.0, 1.0, 1.0, 1.0, 1.0, 1.0, 1.0, 0.9999999403953552, 0.9999999403953552, 0.9999999403953552, 1.0, 1.0, 1.0, 1.0, 1.0, 1.0, 0.9999999403953552, 1.0, 0.9999999403953552, 1.0, 1.0, 1.0, 0.9999999403953552, 1.0, 1.0, 1.0, 0.9999999403953552, 1.0, 0.9999999403953552, 1.0, 1.0, 1.0, 1.0, 1.0, 1.0, 1.0, 1.0, 1.0, 0.9999999403953552, 0.9999998807907104, 1.0, 1.0, 1.0, 1.0, 1.0, 1.0, 1.0, 1.0, 1.0, 1.0, 1.0, 1.0, 0.9999999403953552, 1.0, 1.0, 1.0, 1.0, 1.0, 1.0, 1.0, 1.0, 1.0, 1.0, 1.0, 1.0, 1.0, 1.0, 0.9999999403953552, 1.0, 1.0, 1.0, 1.0, 1.0, 1.0, 1.0, 1.0, 1.0, 1.0, 0.9999999403953552, 0.9999999403953552, 1.0, 1.0, 1.0, 1.0, 1.0, 0.9999999403953552, 0.9999998807907104]}