{"L": 7, "J": 0.11673007904761215, "B": 0.11673007904761215, "K": 5, "init_state": "random computational-basis state", "energy_avg": -0.9532051080960372, "energy_std": 0.0856303737340465, "gsf_avg": 0.8262629611896523, "gsf_std": 0.3192144777294805, "energy_samples": [-0.997625269575711, -0.8447359723330992, -0.9922897607060011, -0.9711185991622987, -0.9984033540107208, -0.9956469476712051, -0.9941185694213878, -0.9990522951238296, -0.9981852472413284, -0.6706007604271539, -0.9933842529352777, -0.9047119915383641, -0.9917400217743015, -0.7685727284951136, -0.855568332793635, -0.9729419535039238, -0.9746581542082153, -0.9914558750087941, -0.9990592731611798, -0.8133858398145655, -0.994194655635372, -0.9964708393540911, -0.9884959333625583, -0.8358331301664754, -0.9938388402031202, -0.9881328681121267, -0.9969295293970863, -0.9977113573859784, -0.958654139695543, -0.995391314975729, -0.9790373913245325, -0.9986268527013804, -0.99904232146594, -0.9935245969309918, -0.9941200270062074, -0.9946274073791103, -0.9981204073917306, -0.9896733606902578, -0.751191157816382, -0.9359577286506974, -0.9153559620333024, -0.9967395159945561, -0.9895330678667213, -0.9913568930831707, -0.9982686970732548, -0.9854467883750228, -0.9816623352751617, -0.9981879648220859, -0.9742836418625107, -0.8277830754981335, -0.9820142167097811, -0.9945479933825045, -0.9991463247724139, -0.995847285813078, -0.9918366782061735, -0.9822820017071378, -0.987040814905819, -0.9927801775321069, -0.9906467507981774, -0.8110394132312642, -0.9512247032703173, -0.6961341435633981, -0.9952554916567182, -0.9954961556686859, -0.9992388066145543, -0.9833511371859658, -0.9954225258976298, -0.9991532856151104, -0.9782233763219315, -0.9981833895868277, -0.9828631850580578, -0.9934598043179859, -0.8613344021291729, -0.98553800033839, -0.9688652712541508, -0.9924159767055168, -0.6428349522563815, -0.9959122874614733, -0.9592814891828902, -0.8846114194028067, -0.9967861637062166, -0.9976677260059995, -0.9899506384673584, -0.9987113407162812, -0.9964828514602868, -0.9765357460968715, -0.6592641886704669, -0.9569370428077778, -0.635167052786735, -0.9864487704287235, -0.9826230686068562, -0.9991398000356939, -0.985347396575954, -0.9989633977635914, -0.9941744107451713, -0.9960566161279234, -0.9980625302271399, -0.9683783608853, -0.9750815494848344, -0.8773036970227672], "gsf_samples": [0.9939161074939966, 0.5234070708424153, 0.96958544233859, 0.9350017475726231, 0.995292372774127, 0.9831815284450918, 0.9868424018900882, 0.9969296547957954, 0.9944130020367948, 0.0012579543097936087, 0.9775175668456405, 0.0009769150614573241, 0.9821049142911998, 0.004225962108044977, 0.0004373007240658458, 0.922361739692433, 0.9156155983678003, 0.9823342664848363, 0.9969947016038656, 0.2566292336593915, 0.9870085026658288, 0.9876424000755815, 0.9607640141768287, 0.14085578120348158, 0.9870640313322149, 0.9694101166810188, 0.9904618309839752, 0.9911008900125706, 0.8786720475855507, 0.9886129387207127, 0.9333448703607621, 0.9963416178795494, 0.9969827575571303, 0.9857115958316528, 0.9843195601083701, 0.9877803126979012, 0.9943445884422792, 0.9677939233345363, 0.010712477545339596, 0.8217188246659617, 0.7162321120296723, 0.9920690878041031, 0.9538700461812968, 0.980424986187779, 0.994474341061326, 0.934831241407557, 0.9396312611745683, 0.9932016131371458, 0.9341156376543959, 0.5938413189907987, 0.9462819055433845, 0.9803636285295259, 0.9972312961718847, 0.9856439506062238, 0.9779238886374615, 0.9560375775794735, 0.951907925005537, 0.9839827712091829, 0.9722817092060594, 0.08105772156455528, 0.8788821334172785, 0.0009904175499255259, 0.9897818524022066, 0.9846367034168749, 0.9973414874639751, 0.9585424474046574, 0.9900172413849883, 0.9973188378914855, 0.9225762607386521, 0.9941729238692925, 0.9258400296407341, 0.9747687944876703, 0.02485337989804559, 0.963191722477077, 0.8430481039495141, 0.9833328355179701, 0.012934280642126249, 0.9887904625810943, 0.8946652059797895, 0.31507282802847153, 0.989422380193869, 0.9932842056735476, 0.9741811807169389, 0.9952334032172249, 0.9907372064220338, 0.9441685783034466, 0.0015210909663802097, 0.8904954311394631, 0.04347480741375715, 0.9595815843695705, 0.9594681010941122, 0.9971626412420764, 0.9364201024544575, 0.9970313313104745, 0.9828502030730442, 0.988019341459523, 0.9934807421382682, 0.931166050425349, 0.9361806750694431, 0.6365865306592055], "norm_samples": [1.0, 1.0, 1.0, 1.0, 1.0, 0.9999999403953552, 0.9999999403953552, 1.0, 1.0, 1.0, 1.0, 1.0, 1.0, 1.0, 1.0, 1.0, 1.0, 1.0, 1.0, 1.0, 1.0, 1.0, 1.0, 1.0, 0.9999999403953552, 1.0, 1.0, 1.0, 1.0, 1.0, 1.0, 1.0, 1.0, 0.9999999403953552, 1.0, 1.0, 1.0, 1.0, 1.0, 1.0, 1.0, 1.0, 1.0, 1.0, 1.0, 1.0, 1.0, 1.0, 1.0, 0.9999999403953552, 1.0, 1.0, 1.0, 1.0, 1.0, 1.0, 1.0, 1.0, 1.0, 1.0, 1.0, 1.0, 1.0, 1.0, 1.0, 1.0, 1.0, 1.0, 1.0, 1.0, 1.0, 1.0, 1.0, 1.0, 1.0, 1.0, 1.0, 1.0, 1.0, 1.0, 0.9999999403953552, 1.0, 0.9999999403953552, 0.9999999403953552, 0.9999999403953552, 1.0, 1.0, 0.9999999403953552, 1.0, 1.0, 1.0, 1.0, 1.0, 1.0, 1.0, 1.0, 1.0, 0.9999999403953552, 1.0, 1.0]}