{"L": 7, "J": 0.11673007904761215, "B": 0.11673007904761215, "K": 20, "init_state": "random computational-basis state", "energy_avg": -0.9838397931396176, "energy_std": 0.045113857735190825, "gsf_avg": 0.9201272865318664, "gsf_std": 0.22930076567332572, "energy_samples": [-0.9914820990002916, -0.9996982440083785, -0.9953654914463879, -0.9960690342023604, -0.9998857229590228, -0.999740068159508, -0.7456569571254876, -0.8532936762505868, -0.9996957259927666, -0.9774542829488098, -0.923604737463686, -0.9968631900752577, -0.9968772009608081, -0.9966803616319354, -0.9997589074587958, -0.9367814441872934, -0.9848706799855943, -0.9998788113775402, -0.9989446256314807, -0.9850674067645058, -0.9969067902496656, -0.9999026907789301, -0.9998727618687682, -0.9811625612668765, -0.9979956831739156, -0.9993286463472176, -0.9997585330191006, -0.9998028929154608, -0.9990956782175386, -0.9998999458954532, -0.9995719333114996, -0.9990965398189533, -0.999861747401624, -0.9975819060991193, -0.9946458400827416, -0.999752388196311, -0.9988211113371716, -0.9998808239292192, -0.9997892773966763, -0.9976531014168961, -0.9994088821583286, -0.8462124849589984, -0.9998143546034596, -0.9995337006704513, -0.9989729899944331, -0.986952204973349, -0.9996047151525322, -0.99855346102862, -0.9998547266466249, -0.8232704624355346, -0.9936494409103711, -0.9997546943152323, -0.9994267918051974, -0.9972855010210687, -0.9995909677953029, -0.9998414748253681, -0.9998695034321523, -0.9998979320430653, -0.9996981446589362, -0.8390278411270805, -0.9997815175303462, -0.9996307723603581, -0.9992527069047646, -0.9608181338589795, -0.9998250159506319, -0.9946271434396879, -0.999821205367897, -0.9998413897898673, -0.9981603494396818, -0.9998472429825965, -0.8522304235710805, -0.9952698768920196, -0.9908288833139868, -0.9998786134854256, -0.9981072214022038, -0.9987376977764651, -0.9998352181840622, -0.9995522913147269, -0.9991739155894446, -0.9974285711430041, -0.999897167176975, -0.9998732974541366, -0.999342423385627, -0.9999015692089996, -0.9986220020099992, -0.8406503025100618, -0.999533834151654, -0.9963825612969447, -0.9997651945534461, -0.9997087854737057, -0.9997956457709632, -0.9982970945346972, -0.9993447793567818, -0.9998833721497775, -0.9987450403394522, -0.9998514337234498, -0.9998143546034596, -0.99986657373266, -0.9998954161877607, -0.9538904811342519], "gsf_samples": [0.9694104831850041, 0.9990963484314768, 0.9853841495602732, 0.9838121789389961, 0.9996693242020533, 0.9990437238624814, 0.005684377733246225, 0.005177712387063784, 0.998728306286352, 0.9238341171530922, 0.6334699228557777, 0.9926609734878252, 0.9822643664422606, 0.9901569672239434, 0.9990582029564712, 0.6606780137773391, 0.9612571357078087, 0.9996611564096151, 0.9962843303489972, 0.9201382745406017, 0.9893014211674558, 0.9996779046534637, 0.9995590894596752, 0.8865990214900364, 0.9950017654109926, 0.9972910602147325, 0.9993506056877816, 0.9992582520740573, 0.9963655609831595, 0.9997503343717574, 0.9985535153624517, 0.9972905228629801, 0.9995515587396899, 0.9923598633360653, 0.9656839150604568, 0.9992990781854243, 0.9946588003934772, 0.999664035987647, 0.9994859198270324, 0.9941614533362164, 0.9982256179014126, 0.15314618060498864, 0.9993229981737093, 0.9984672261902074, 0.9961255952653183, 0.9637499778989235, 0.9987686416298853, 0.9955225179191318, 0.9995935769236699, 0.37520923552776897, 0.986975556966462, 0.9991290978797582, 0.9984457306946376, 0.9946823814698678, 0.9986525587925131, 0.9994984314352, 0.9995783071138858, 0.9997228444254805, 0.998627515927463, 0.005236501937886279, 0.9992055705023253, 0.9985481534270646, 0.9968007993596218, 0.7630476611687587, 0.9993634069765011, 0.9793387101057921, 0.999419603638651, 0.9994547198354828, 0.9958975153484146, 0.9995009309494727, 0.0001437947036428551, 0.9790431268210954, 0.9691742385945669, 0.9996629447769305, 0.992286904856017, 0.9944161354182841, 0.9994944396785445, 0.998925362483538, 0.9976015245807153, 0.9943909510371467, 0.9997216313020879, 0.9996090944914858, 0.9981864206815024, 0.9997242894151851, 0.9955169937603974, 0.33640082957188827, 0.9978437815901183, 0.9906150903221195, 0.9992979584459455, 0.9988213952913233, 0.9993575948939776, 0.9903422793947441, 0.9974046451528986, 0.9996786449390327, 0.9918338061638946, 0.9995195480712503, 0.9993229981737093, 0.9995657857471979, 0.9997144444620659, 0.7975206882798466], "norm_samples": [0.9999999403953552, 1.0, 0.9999999403953552, 1.0, 1.0, 0.9999999403953552, 1.0, 1.0, 1.0, 0.9999999403953552, 1.0, 1.0, 1.0, 1.0, 1.0, 0.9999999403953552, 1.0, 1.0, 1.0, 1.0, 0.9999999403953552, 1.0, 1.0, 1.0, 1.0, 1.0, 1.0, 1.0, 1.0, 1.0, 1.0, 1.0, 1.0, 0.9999999403953552, 1.0, 1.0, 1.0, 1.0, 1.0, 1.0, 1.0, 0.9999999403953552, 1.0, 1.0, 1.0, 1.0, 1.0, 0.9999999403953552, 1.0, 1.0, 1.0, 1.0, 0.9999999403953552, 1.0, 1.0, 0.9999999403953552, 1.0, 1.0, 1.0, 0.9999999403953552, 1.0, 1.0, 1.0, 1.0, 1.0, 1.0, 1.0, 1.0, 1.0, 1.0, 1.0, 1.0, 1.0, 1.0, 0.9999999403953552, 1.0, 1.0, 1.0, 1.0, 1.0, 1.0, 1.0, 1.0, 1.0, 1.0, 1.0, 0.9999999403953552, 1.0, 1.0, 1.0, 1.0, 1.0, 0.9999999403953552, 1.0, 1.0, 1.0, 1.0, 1.0, 1.0, 1.0]}