{"L": 7, "J": 0.16419577752050152, "B": 0.032839155504100305, "K": 2, "init_state": "random computational-basis state", "energy_avg": -0.6718723564301711, "energy_std": 0.19515573481464465, "gsf_avg": 0.35085302960480746, "gsf_std": 0.31356542919064107, "energy_samples": [-0.664221032083381, -0.40220757569468346, -0.5643305073020217, -0.4288212610713968, -0.7265189944010757, -0.5790657723638242, -0.9593039124026108, -0.5210721882443103, -0.9166739282946539, -0.9546143264931096, -0.5144707464347691, -0.3586623270197412, -0.7572326218665875, -0.47123283041950137, -0.9614367541828269, -0.7053832302278855, -0.46231457470515236, -0.393269409582552, -0.8842094403560685, -0.3530448030213603, -0.6797864948851013, -0.755053926288357, -0.897600641906092, -0.6093919328738404, -0.66087188142156, -0.7878510938034022, -0.7569013915558394, -0.8994838813745516, -0.871522933979634, -0.9345361663138296, -0.6780389122182144, -0.6096695120475437, -0.4711270563089899, -0.9158681301101185, -0.5425661950857845, -0.9507151086587412, -0.6100027196857647, -0.4582765094257901, -0.6452769829537846, -0.71214528141916, -0.9569534485744783, -0.34885808912022576, -0.5802620878999192, -0.8144410027209135, -0.3069431467824819, -0.5191909978654994, -0.9211777048966682, -0.3749242466052376, -0.398476588599603, -0.8081851063103266, -0.5126664380980511, -0.9513860117753943, -0.44029653835811405, -0.5421174205063644, -0.42016236359521175, -0.5525045123248384, -0.8278507832559499, -0.6523600227550507, -0.9246718147790358, -0.8212275752571221, -0.8407732916863844, -0.41300759815941535, -0.5215237473979222, -0.6281801735279167, -0.5366245852927516, -0.27894132331231697, -0.5373624130254177, -0.8407515965799087, -0.9015071613628289, -0.8161693293458038, -0.9220350741676844, -0.7985427173727382, -0.5050490334426173, -0.9371319141932992, -0.6461031366508279, -0.8674516886210364, -0.9642903412286105, -0.8537710812108007, -0.6143139059798401, -0.6152576298893613, -0.735056026712791, -0.533466731674803, -0.6436646307978793, -0.7220389303559853, -0.5111671946368679, -0.3778888963985366, -0.470289357917891, -0.5333712892228436, -0.7611509866407409, -0.744864937462168, -0.8763424694884838, -0.8973642979992454, -0.9355284981234266, -0.45434586900045293, -0.9659926714405217, -0.42619991578209304, -0.7792063717670835, -0.6029746252848185, -0.5557355821485879, -0.922369729150305], "gsf_samples": [0.3831283838907421, 0.020716918854671584, 0.04954872205157236, 0.061227399541030944, 0.2969193081460102, 0.002143192588761645, 0.8900469987785089, 0.01663024093859306, 0.8264130106201086, 0.8821994985145851, 0.02875188066232653, 0.11172406737343908, 0.40642927927443356, 0.12309743950443855, 0.9015464583346888, 0.12029265981075676, 0.14012428171510954, 0.07043643119760178, 0.6385494065752166, 0.03584422368522435, 0.39117177677597403, 0.3509182364190965, 0.7379701182932086, 0.00773466355269067, 0.2570551310066308, 0.4555237016708126, 0.3731001060458285, 0.7321650144106093, 0.6719974514816138, 0.8245039763316251, 0.25745843444429395, 0.29852226980392566, 0.046996076104438206, 0.7706616512370635, 0.016161885821958016, 0.8681403181222032, 0.027657818631171026, 0.03533443266062648, 0.23977418782131854, 0.3998397081419134, 0.8857911661356834, 0.02035881969388329, 0.3585791962829805, 0.5780214958822801, 0.018744882091138573, 0.1233860041911379, 0.7586877499290483, 0.012827721710095608, 0.027765005708966943, 0.6316778692786296, 0.05436815030536769, 0.8687475997263812, 0.05455182323233078, 0.011807394025462773, 0.048410079945454626, 0.04884358913800248, 0.5383080295362195, 0.023904050298107063, 0.8238531576718653, 0.4667154884775211, 0.5965655880617879, 0.010226129229307147, 0.19049926770879358, 0.09717196733138266, 0.04145539684826282, 0.05382948072135622, 0.01141902202146591, 0.5238697228890381, 0.7798324861361561, 0.5353806504123446, 0.7904111449628493, 0.5309632579391079, 0.061611948467890074, 0.8349128854553488, 0.26871178919917715, 0.6693778417398306, 0.896765021953116, 0.7331873153302717, 0.15603440163650145, 0.08007382923640485, 0.32759356570727743, 0.16748276410281046, 0.16902642412777355, 0.4402829616085912, 0.06262888713114512, 0.07930597613943904, 0.0072354509150559555, 0.01107417334150571, 0.44302875766096084, 0.5482601143227392, 0.6936068333285658, 0.734034850185665, 0.8407210384348855, 0.0982134372456013, 0.9322104039389109, 0.08797348326532059, 0.41333242626671063, 0.15467390201131112, 0.1040606629609491, 0.7844516664097494], "norm_samples": [0.9999999403953552, 1.0, 1.0, 1.0, 0.9999999403953552, 1.0, 1.0, 0.9999999403953552, 1.0, 1.0, 1.0, 1.0, 1.0, 1.0, 0.9999999403953552, 1.0, 1.0, 0.9999999403953552, 0.9999999403953552, 1.0, 1.0, 1.0, 0.9999999403953552, 1.0, 1.0, 1.0, 1.0, 1.0, 1.0, 0.9999999403953552, 1.0, 0.9999998807907104, 1.0, 1.0, 1.0, 0.9999999403953552, 1.0, 1.0, 0.9999999403953552, 1.0, 1.0, 1.0, 0.9999999403953552, 1.0, 1.0, 1.0, 1.0, 1.0, 1.0, 1.0, 0.9999999403953552, 0.9999999403953552, 1.0, 1.0, 1.0, 1.0, 1.0, 0.9999999403953552, 1.0000001192092896, 1.0, 0.9999999403953552, 1.0, 1.0, 1.0, 1.0, 1.0, 1.0, 1.0, 0.9999999403953552, 1.0, 1.0, 1.0, 1.0, 0.9999999403953552, 1.0, 1.0, 1.0, 0.9999999403953552, 0.9999999403953552, 0.9999999403953552, 0.9999999403953552, 1.0, 1.0, 1.0, 1.0, 0.9999999403953552, 0.9999999403953552, 1.0, 0.9999999403953552, 1.0, 1.0, 0.9999999403953552, 1.0, 1.0, 1.0, 0.9999999403953552, 0.9999999403953552, 0.9999999403953552, 1.0, 0.9999999403953552]}