{"L": 8, "J": 0.14083900003351849, "B": 0.028167800006703696, "K": 20, "init_state": "random computational-basis state", "energy_avg": -0.9453913052865398, "energy_std": 0.09192680788847603, "gsf_avg": 0.8300244657806155, "gsf_std": 0.2412163846210316, "energy_samples": [-0.5708929410029708, -0.9956095260750324, -0.9326029021228478, -0.9876111224455473, -0.9326029021228478, -0.9967877542802517, -0.9326029021228478, -0.9958104835450918, -0.9929122744827579, -0.9722288710813243, -0.9326029021228478, -0.9916008720681508, -0.9813861240211541, -0.9906394291076115, -0.9803971088389721, -0.9326029021228478, -0.9326029021228478, -0.9887736602812047, -0.9794978746879927, -0.9893386761891753, -0.9326029021228478, -0.6659882961850849, -0.9326029021228478, -0.9326029021228478, -0.9326029021228478, -0.976012735822866, -0.9912113984341013, -0.9975782999565219, -0.997865135519356, -0.9984610758220951, -0.9326029021228478, -0.9326029021228478, -0.9962369196485272, -0.9744690588241264, -0.9326029021228478, -0.9737459441685395, -0.9326029021228478, -0.979555039495789, -0.9876111224455473, -0.6967392266947755, -0.9900779215674671, -0.9907352137189955, -0.9499269409381292, -0.9975998133231725, -0.9326029021228478, -0.9326029021228478, -0.9531772039374764, -0.9853866736471133, -0.9972094271171437, -0.9905714075585219, -0.9916927745970856, -0.740876352458216, -0.9895588253306047, -0.9958778727788109, -0.9984610758220951, -0.9908670120566336, -0.9885670485772161, -0.9689648453793639, -0.9326029021228478, -0.9987533143463916, -0.9963558717751563, -0.9719669836051767, -0.9326029021228478, -0.9820918754723884, -0.9807848437140572, -0.9326029021228478, -0.9326029021228478, -0.9744424277014591, -0.9620473825922197, -0.9987533143463916, -0.9326029021228478, -0.9956095260750324, -0.9928953776767325, -0.4863035894427655, -0.9967750449165483, -0.8527776925657298, -0.9991012731461024, -0.9326029021228478, -0.9961828216075315, -0.9962369196485272, -0.9967877542802517, -0.8893017317197209, -0.9901116204206409, -0.9959324143855455, -0.9908670120566336, -0.9717409726457831, -0.6144883342850711, -0.9800904290614173, -0.9541151315747707, -0.9958697975398325, -0.9740591553373767, -0.9569266135518082, -0.7739269939518614, -0.9019951059933194, -0.9965234683928285, -0.9948388980055867, -0.9980026028787361, -0.9534088012335727, -0.7604524812051995, -0.9828377248665243], "gsf_samples": [0.08012996460094349, 0.9853380899280034, 0.7373282183126451, 0.9575409799478796, 0.7373282183126451, 0.9882509601022574, 0.7373282183126451, 0.9856419411788018, 0.975839963523528, 0.917415833393975, 0.7373282183126451, 0.9740952383604677, 0.9504881194945397, 0.9711788719159402, 0.9254718071030151, 0.7373282183126451, 0.7373282183126451, 0.9619456138151035, 0.9248103193904538, 0.9741502367177617, 0.7373282183126451, 0.11325260683127295, 0.7373282183126451, 0.7373282183126451, 0.7373282183126451, 0.911743392157655, 0.9701767157832447, 0.9939883344359619, 0.993220270076181, 0.9950596265645333, 0.7373282183126451, 0.7373282183126451, 0.9892891563223112, 0.916048685559639, 0.7373282183126451, 0.9116015168681155, 0.7373282183126451, 0.9345522270593698, 0.9575409799478796, 0.10740902503505885, 0.9669341614919142, 0.9687685667006203, 0.8179007772191347, 0.9934651519232833, 0.7373282183126451, 0.7373282183126451, 0.8475615250588188, 0.951139328128068, 0.990969008377234, 0.9719246534425441, 0.9706012566411013, 0.26590151657020955, 0.9653246072043961, 0.9860078984583796, 0.9950596265645333, 0.9701885677172528, 0.9632490609283475, 0.9088230585132278, 0.7373282183126451, 0.9964293130729363, 0.9882173091006794, 0.9035123541149448, 0.7373282183126451, 0.9418306372996351, 0.9462517494181368, 0.7373282183126451, 0.7373282183126451, 0.91599041670463, 0.8859960878023576, 0.9964293130729363, 0.7373282183126451, 0.9853380899280034, 0.9786227725056282, 0.0029363324750372004, 0.9895084875273727, 0.616899672218245, 0.9975455276463305, 0.7373282183126451, 0.9874985755462728, 0.9892891563223112, 0.9882509601022574, 0.7668772134597991, 0.9679066742591764, 0.9851892995086156, 0.9701885677172528, 0.9144827731066272, 0.06374435064138692, 0.9383158516614442, 0.8558122493842826, 0.9846881362182824, 0.9245536983234917, 0.8544970384739788, 0.10260565993214318, 0.6592607637760444, 0.9904819665331686, 0.9822393842423447, 0.9937782757716155, 0.8587843122902235, 0.012390280720270735, 0.9448832832525433], "norm_samples": [1.0, 1.0, 0.9999999403953552, 1.0, 0.9999999403953552, 0.9999999403953552, 0.9999999403953552, 1.0000001192092896, 1.0, 1.0, 0.9999999403953552, 1.0, 0.9999999403953552, 0.9999999403953552, 0.9999999403953552, 0.9999999403953552, 0.9999999403953552, 1.0, 1.0, 0.9999999403953552, 0.9999999403953552, 1.0, 0.9999999403953552, 0.9999999403953552, 0.9999999403953552, 1.0, 1.0, 0.9999999403953552, 1.0000001192092896, 1.0, 0.9999999403953552, 0.9999999403953552, 0.9999999403953552, 1.0, 0.9999999403953552, 1.0, 0.9999999403953552, 1.0, 1.0, 1.0, 1.0, 0.9999999403953552, 0.9999999403953552, 0.9999999403953552, 0.9999999403953552, 0.9999999403953552, 1.0, 0.9999999403953552, 1.0, 1.0, 1.0000001192092896, 1.0, 1.0, 1.0, 1.0, 1.0, 1.0, 1.0, 0.9999999403953552, 1.0, 1.0, 1.0, 0.9999999403953552, 0.9999998807907104, 1.0, 0.9999999403953552, 0.9999999403953552, 1.0, 1.0, 1.0, 0.9999999403953552, 1.0, 0.9999999403953552, 0.9999999403953552, 0.9999999403953552, 1.0, 1.0, 0.9999999403953552, 0.9999999403953552, 0.9999999403953552, 0.9999999403953552, 0.9999999403953552, 1.0, 1.0, 1.0, 1.0, 1.0, 1.0, 1.0, 1.0, 1.0, 1.0, 1.0, 1.0, 0.9999999403953552, 1.0, 1.0000001192092896, 0.9999999403953552, 0.9999999403953552, 1.0]}