{"L": 8, "J": 0.02478276127298553, "B": 0.12391380636492764, "K": 20, "init_state": "random computational-basis state", "energy_avg": -0.9870387029475256, "energy_std": 0.040645258781431465, "gsf_avg": 0.9523844328665813, "gsf_std": 0.15446183739711847, "energy_samples": [-0.9948794008869332, -0.9959851515896787, -0.9982756324989907, -0.9997010984735102, -0.9968010077424423, -0.9874555062869357, -0.9966374551580809, -0.9986492410231751, -0.9979766350912197, -0.9973794264736051, -0.8176399122459501, -0.996838817276642, -0.9998847879502005, -0.9904419939650531, -0.9983191028290306, -0.9988688009756985, -0.9987116090350401, -0.9997586234283969, -0.9997461868605936, -0.9971285636125726, -0.9997944952314696, -0.9995824992181201, -0.993814326807742, -0.9995032980112679, -0.9989897311593074, -0.9983912834375515, -0.999144368248336, -0.9946256537117578, -0.9832744817442678, -0.9985411453475376, -0.998532071462523, -0.9963922613944858, -0.9764618387599736, -0.9983361443621523, -0.9997860998940887, -0.9966138497937702, -0.999388835780549, -0.9960908866328768, -0.8497217515100278, -0.9947520020901546, -0.9998636009343678, -0.9991705269200988, -0.9993649386899657, -0.998400209494657, -0.9994400309162643, -0.9976031670182094, -0.9997138342357607, -0.9986298717777996, -0.9993486596284102, -0.9958255044211786, -0.9920624090218338, -0.9620235843183464, -0.9973914197960135, -0.9996073040888465, -0.9866539128945585, -0.997474665813483, -0.7635253416070172, -0.9972555783026945, -0.9987939251641941, -0.9981778775570851, -0.998189898305952, -0.9978923468532348, -0.9990752365793761, -0.9928219976450283, -0.991111575296799, -0.9993567191931416, -0.9998339670782123, -0.9902126915323397, -0.983084231818991, -0.9526047239782292, -0.9832744817442678, -0.9864163863942164, -0.9998752657220115, -0.9979440929112325, -0.9993783072247948, -0.9983326383677996, -0.9990102404490133, -0.9980813472284897, -0.9994904200361339, -0.984209070734263, -0.9972964014433732, -0.9997314474670066, -0.7521867270534308, -0.9984604862713663, -0.9985023214366465, -0.9991760222752732, -0.9985320263007256, -0.9908917846104438, -0.9832744817442678, -0.9663038614644724, -0.9994922820171045, -0.9990550943683687, -0.994212118260962, -0.9997423091014018, -0.9977982772339768, -0.9735986598059834, -0.9990923272321376, -0.9972119956787606, -0.9987586126364344, -0.9972150786544123], "gsf_samples": [0.980469148610143, 0.9860749746812502, 0.9940023056179246, 0.9990749533414098, 0.988419810331774, 0.9560233084680971, 0.987567844027883, 0.995728560709792, 0.9921847119936698, 0.9905525278289078, 0.3530037033240611, 0.9881838668948166, 0.9997395367081121, 0.963232860816568, 0.9937636506093671, 0.9964310383803758, 0.9964011458236339, 0.999381692637725, 0.9991881320836908, 0.992714583074315, 0.9995760060216343, 0.9986980592226186, 0.9783539111073801, 0.9984426811996475, 0.9965945267028501, 0.9941509529760845, 0.9971535252497389, 0.980226467753552, 0.9433107859776392, 0.9943158516972362, 0.9947011105156119, 0.9872016270734004, 0.9111999881487017, 0.9945513836057013, 0.9993735937392688, 0.9881221046323326, 0.9978380550337141, 0.9856281453293882, 0.44971803120412907, 0.9808317289642782, 0.9996582872187942, 0.9971354592293129, 0.9979261027546535, 0.9940604498218414, 0.9981576171577763, 0.9918051416987451, 0.9992170094930103, 0.9951987247011751, 0.997964367311275, 0.9844616517361978, 0.971849960366525, 0.867892164395397, 0.9911676745578332, 0.9990039524501605, 0.951221263547933, 0.9920985702943266, 0.10434653041395325, 0.9905259809240307, 0.9969076955311689, 0.9940314969622327, 0.9935200899695248, 0.9927460690875439, 0.9969930714591211, 0.9743654536340713, 0.9771851104863314, 0.9978985951166129, 0.9995566677902238, 0.9642052839556313, 0.9381266160998638, 0.8320008599695753, 0.9433107859776392, 0.950785339880434, 0.999717747461248, 0.9930687291135895, 0.9980080439647084, 0.9941052704408004, 0.9965445288051414, 0.9926551587047279, 0.9983334328374872, 0.9436171320232677, 0.9902533570175629, 0.9991923486466655, 0.010029098913780442, 0.9943104800309213, 0.9943676553116937, 0.9972094391731862, 0.9951408939213183, 0.9672466978993144, 0.9433107859776392, 0.8883698085367535, 0.998333858013189, 0.9969760796794646, 0.9797792180637451, 0.9992216579616614, 0.9918098965653821, 0.9062376324277471, 0.996913207503343, 0.9896535933189495, 0.9955956580374222, 0.9909909401960825], "norm_samples": [1.0, 1.0, 1.0, 1.0, 1.0, 1.0, 1.0, 1.0, 1.0, 1.0, 1.0, 1.0, 1.0, 1.0, 1.0, 1.0, 1.0, 1.0, 1.0, 1.0, 1.0, 1.0, 1.0, 1.0, 1.0, 1.0, 1.0, 1.0, 1.0, 1.0, 1.0, 1.0, 1.0, 1.0, 1.0, 1.0, 1.0, 1.0, 1.0, 1.0, 1.0, 0.9999999403953552, 1.0, 0.9999999403953552, 1.0, 1.0, 1.0, 1.0, 1.0, 1.0, 1.0, 1.0, 1.0, 1.0, 1.0, 1.0, 1.0, 1.0, 1.0, 1.0, 1.0, 1.0, 0.9999999403953552, 1.0, 1.0, 1.0, 1.0, 1.0, 0.9999999403953552, 1.0, 1.0, 1.0, 0.9999999403953552, 1.0, 1.0, 1.0, 0.9999999403953552, 1.0, 1.0, 1.0, 1.0, 1.0, 1.0, 1.0, 1.0, 1.0, 1.0, 1.0, 1.0, 1.0, 0.9999999403953552, 1.0, 1.0, 1.0, 1.0, 1.0, 0.9999999403953552, 1.0, 1.0, 1.0]}