{"L": 9, "J": 0.022026065406621664, "B": 0.11013032703310832, "K": 3, "init_state": "random computational-basis state", "energy_avg": -0.9492126739751582, "energy_std": 0.07763828650175675, "gsf_avg": 0.823284855363208, "gsf_std": 0.277306733798413, "energy_samples": [-0.9894143366637826, -0.9799986975198455, -0.7633547629927557, -0.9901592993103472, -0.9932308477929837, -0.766600680710522, -0.9838833358470482, -0.8541933291030243, -0.9753074212269981, -0.7716082159173192, -0.9904455355284962, -0.9877360325238925, -0.9821613904924877, -0.9928128999430139, -0.9932100414314959, -0.9906386142267998, -0.6914007808979659, -0.9913153996863502, -0.9115260609568911, -0.8272975519769813, -0.9742043457880869, -0.9890084863593589, -0.9713728402904435, -0.9906782561327147, -0.9906484657612125, -0.9821005235421285, -0.8058692183296474, -0.9905111354987954, -0.7624262152763215, -0.9881266058191903, -0.9572807275929289, -0.9850961761352783, -0.9826750792208838, -0.9380300696526194, -0.9918279161629044, -0.860892586993469, -0.9913153996863502, -0.6814302361640285, -0.9926952425972401, -0.9534789493614477, -0.9461264750064105, -0.8232796677472112, -0.9821457020790605, -0.9919102456198249, -0.9257931699612437, -0.9913568603142308, -0.9893840274199549, -0.9902544387292461, -0.9767450030721592, -0.787562482315441, -0.9867045860017227, -0.989029351537543, -0.9870505217369505, -0.9919727919333425, -0.9836545217353804, -0.9926503315769918, -0.9906725974797795, -0.9599656464269525, -0.97956595660451, -0.9930708664433829, -0.968358262653424, -0.9920422569569076, -0.7568287855686463, -0.9780105583753231, -0.993428292000554, -0.9869245707921113, -0.9822105098363995, -0.9384978892050972, -0.9603836383804831, -0.9849108294768787, -0.9778775356829972, -0.9927425504920038, -0.9870505217369505, -0.9812472244035229, -0.9871410112596507, -0.7844002983672276, -0.9927152972658106, -0.9828515664606169, -0.9849866507533654, -0.9906496090800647, -0.9822369874429135, -0.9778259590489837, -0.7585211879628886, -0.9884724355269543, -0.9821457020790605, -0.7963083405376236, -0.9894856619973937, -0.9929603642916559, -0.9907230301514507, -0.9904002345540375, -0.983210514662419, -0.9888726378873437, -0.9870505217369505, -0.986229094280857, -0.9893840274199549, -0.9052339893384944, -0.9927038576900901, -0.9909529828855861, -0.9918847466680553, -0.9885483077496817], "gsf_samples": [0.971222130894234, 0.9296723498216073, 0.07835289226858193, 0.970853346666508, 0.983052114193996, 0.08857643326169622, 0.9457116580699831, 0.4281144484527884, 0.9088007554254017, 0.0017311283273595236, 0.9718307324290865, 0.960448528451581, 0.9401347121440158, 0.9814808527154004, 0.9831449947494366, 0.9727060634700498, 0.3349551759681603, 0.975183913802705, 0.6477059300802821, 0.32457384187044347, 0.9026239819052753, 0.9663998871483264, 0.9097852952948288, 0.9724925571063381, 0.972677062098424, 0.9365028913066107, 0.1812140301961502, 0.9720039303639543, 0.004513851972152112, 0.963101655608119, 0.8404425542197713, 0.9504353510218013, 0.940204288573334, 0.7714451604343961, 0.9775927214203174, 0.585144469910952, 0.975183913802705, 0.17224889029885831, 0.9808517012697727, 0.8731736442806597, 0.8103440230505725, 0.29875072243063694, 0.9373925791537779, 0.9775750616393334, 0.7399515635257661, 0.9755597408257177, 0.967112134119397, 0.9709962591609382, 0.9331178916160966, 0.11425762686210023, 0.9564453149280746, 0.9666583397114619, 0.957614510205036, 0.9774299283513685, 0.9437871331329141, 0.9810539640187246, 0.9724565824294965, 0.853912213119761, 0.9283271595684135, 0.9825401839168026, 0.9085985019773694, 0.9781100034915894, 0.0064630547195441024, 0.9317001346891566, 0.9829954046806241, 0.9567951654401421, 0.9385746076527212, 0.7657367929620502, 0.8556931449504696, 0.9494494695990847, 0.9205659714069077, 0.9811452558589774, 0.957614510205036, 0.935652070051582, 0.9576497995274021, 0.41296314510850823, 0.980693213482418, 0.9428899177042532, 0.9500641767945763, 0.9723334317273198, 0.9373559218427333, 0.9215532898772945, 0.10885004627080115, 0.9651067965446141, 0.9373925791537779, 0.4867366537275158, 0.9704303527900011, 0.9825353214880344, 0.97279518549773, 0.9709578780919284, 0.9420287350402513, 0.9652749012004047, 0.957614510205036, 0.9530858772896249, 0.967112134119397, 0.6159974287237237, 0.9807460725732449, 0.9747045567826097, 0.977338702201341, 0.9636080478085499], "norm_samples": [1.0, 0.9999999403953552, 1.0, 1.0, 0.9999999403953552, 1.0, 0.9999999403953552, 1.0, 0.9999999403953552, 1.0, 1.0, 0.9999999403953552, 1.0, 0.9999999403953552, 1.0, 1.0, 1.0, 0.9999999403953552, 1.0, 0.9999999403953552, 0.9999999403953552, 1.0, 1.0, 1.0, 1.0, 1.0, 1.0, 0.9999999403953552, 1.0, 1.0, 1.0, 1.0, 1.0, 1.0, 1.0, 1.0, 0.9999999403953552, 1.0, 1.0, 1.0, 1.0, 1.0, 1.0, 1.0, 0.9999999403953552, 1.0, 1.0, 1.0, 1.0, 1.0, 1.0, 1.0, 1.0, 1.0, 1.0, 1.0, 1.0, 1.0, 1.0, 1.0, 1.0, 1.0, 1.0, 1.0, 1.0, 1.0, 1.0, 1.0, 1.0, 0.9999999403953552, 1.0, 1.0, 1.0, 1.0, 1.0, 0.9999999403953552, 1.0, 1.0, 1.0, 1.0, 1.0, 1.0, 1.0, 1.0, 1.0, 1.0, 1.0, 1.0, 1.0, 1.0, 0.9999999403953552, 1.0, 1.0, 1.0, 1.0, 1.0, 1.0, 0.9999999403953552, 1.0, 1.0]}