{"L": 9, "J": 0.09001252049949558, "B": 0.09001252049949558, "K": 40, "init_state": "random computational-basis state", "energy_avg": -0.9936115326845082, "energy_std": 0.018795150178752947, "gsf_avg": 0.9398662625121554, "gsf_std": 0.19722807405451986, "energy_samples": [-0.999600922591191, -0.9958557660878677, -0.9997956759258231, -0.9999371912209706, -0.9996376264024808, -0.9999608770056735, -0.9999094166474385, -0.9997464449167492, -0.9999739997303336, -0.9982069192097542, -0.9998887103912731, -0.9994430768245137, -0.9163013271137584, -0.9999630401043335, -0.9999240671125591, -0.9939915387430153, -0.991986145439836, -0.9996577066906495, -0.9999426697208986, -0.999853960898393, -0.9991562798512172, -0.9990262905859164, -0.9997453121839112, -0.9914371849978012, -0.9874683389751023, -0.9998083832723861, -0.999768656958463, -0.9999049932970324, -0.9999815632078854, -0.9992665466632147, -0.9989759797340088, -0.9999540118555899, -0.906707848626447, -0.9998621830393711, -0.9998212146715848, -0.9992164267861419, -0.9985091948876453, -0.9998765128310971, -0.9989421843222617, -0.9994775484983331, -0.9945731630405621, -0.9999310505502867, -0.9996836245035545, -0.9624174162266357, -0.9990155910981067, -0.9999515489642716, -0.9964708873551634, -0.9989009326512911, -0.9985875828581705, -0.9999696847719393, -0.9998396369583612, -0.9995526604250096, -0.9998521257206168, -0.999972004648306, -0.9995007639783836, -0.9209846200619495, -0.9989191054098499, -0.9998384292648075, -0.933585326803442, -0.9984311798666307, -0.9999446769732534, -0.9993869625728623, -0.999010067753134, -0.9999198814507253, -0.9111548324168792, -0.999136631982327, -0.9947469145760608, -0.9999727955492388, -0.9996635684475444, -0.9999756096637097, -0.9987421422221088, -0.999133231475243, -0.9999490149079617, -0.9999166076859429, -0.9990583780556112, -0.9999302097202544, -0.9999642338159558, -0.9997811091945616, -0.9998046323082932, -0.9998984869170986, -0.999751577390807, -0.9980410395783292, -0.9597220485066044, -0.9996512596792506, -0.999920534636348, -0.9991412641316413, -0.9998285465870642, -0.9999626495416957, -0.9985060817248335, -0.9997363476235367, -0.9990340562170488, -0.9974378023443606, -0.9623765077546047, -0.9999642965890225, -0.9848790209541849, -0.998444743563225, -0.9999715207808142, -0.9986365269790973, -0.999632639817947, -0.996963743181389], "gsf_samples": [0.9968818017033365, 0.958932167611865, 0.9992889326778785, 0.9994632181162595, 0.998253548288195, 0.9996784006325125, 0.9993220990061731, 0.998285776677427, 0.9998237783381636, 0.9845584940392237, 0.9992470986990218, 0.998402255472271, 0.06386043675156722, 0.9997607457038499, 0.9993535507409306, 0.9389989466777755, 0.9530103501486561, 0.9964852583089795, 0.9997883875589875, 0.9985572839530639, 0.9966760283906031, 0.9970699716275937, 0.9983706383729429, 0.9645080023774162, 0.9258156342179393, 0.9987887076930868, 0.9981103216376405, 0.9995751415188596, 0.9999043573914658, 0.9922416843048419, 0.996694006154996, 0.9998184871969193, 0.0005674724526016609, 0.998889514137902, 0.9990167272840256, 0.9974267652718367, 0.9871419066844499, 0.9994898924041073, 0.9925564894759021, 0.9960059552215702, 0.9554114825929089, 0.9996829009902277, 0.9967644826450943, 0.688062963700791, 0.9968938343735916, 0.9995976701028826, 0.9818965432167046, 0.9971364727368484, 0.9919330632564489, 0.9997669634029055, 0.9989401189628715, 0.9971130273804387, 0.9988776098640886, 0.9997968573583654, 0.9965437365960679, 0.12586427268390424, 0.9935614716956315, 0.999131835053484, 0.48533499897027554, 0.9829657497258242, 0.9997279227474982, 0.9937001109235617, 0.9959773350845346, 0.9996121565350361, 5.859101083184519e-06, 0.993945009005196, 0.9635007222748687, 0.99981871940193, 0.9966873365888592, 0.9998759041817993, 0.9867887998971671, 0.9977929438152087, 0.9997166607354945, 0.9992920878204503, 0.9933467522934798, 0.999547329426288, 0.9997133763846281, 0.9985458219014818, 0.9992735107172089, 0.9990100090170735, 0.9991752552297994, 0.9939505062041276, 0.7188364350043613, 0.9976650740048577, 0.9996588656923061, 0.9933138126314405, 0.9985413627266501, 0.9997712393502056, 0.9858571649901199, 0.9991783880091326, 0.9915293800023993, 0.9925590282031546, 0.6219718360826656, 0.9998012425318553, 0.913203171227123, 0.99118883521395, 0.9998431972678717, 0.9944658431705516, 0.9975722301660369, 0.9767687254218936], "norm_samples": [1.0, 1.0, 0.9999999403953552, 0.9999999403953552, 1.0, 1.0, 1.0, 1.0, 1.0, 0.9999999403953552, 0.9999999403953552, 1.0, 0.9999999403953552, 1.0, 1.0, 1.0, 1.0, 1.0, 1.0, 1.0, 1.0, 1.0, 1.0, 1.0, 1.0, 0.9999999403953552, 1.0, 1.0, 1.0, 1.0, 1.0, 1.0, 1.0, 0.9999999403953552, 1.0, 1.0, 1.0, 1.0, 0.9999999403953552, 1.0, 1.0, 1.0, 1.0, 1.0, 1.0, 1.0, 1.0, 1.0, 1.0, 1.0, 1.0, 1.0, 1.0, 1.0, 1.0, 0.9999999403953552, 1.0, 1.0, 1.0, 1.0, 1.0, 1.0, 1.0, 1.0, 1.0, 1.0, 1.0, 1.0, 1.0, 1.0, 1.0, 1.0, 1.0, 1.0, 1.0, 1.0, 1.0, 1.0, 1.0, 1.0, 1.0, 1.0, 1.0, 1.0, 1.0, 1.0, 1.0, 1.0, 1.0, 0.9999999403953552, 1.0, 1.0, 1.0, 1.0, 0.9999999403953552, 1.0, 1.0, 1.0, 1.0, 1.0]}