{"L": 9, "J": 0.12329955564675057, "B": 0.024659911129350114, "K": 3, "init_state": "random computational-basis state", "energy_avg": -0.7445308962890437, "energy_std": 0.12067133056169461, "gsf_avg": 0.32136941723370704, "gsf_std": 0.24453261900139003, "energy_samples": [-0.6198029696389857, -0.7016056448170496, -0.5509504594387145, -0.6783097891915977, -0.7621391752001135, -0.864561821418075, -0.6205498267300618, -0.8349282181871749, -0.6170910367669622, -0.8746839434416191, -0.607806191473783, -0.6911937981971705, -0.8878479902761731, -0.8242834027460266, -0.8715709359811659, -0.7142093294037222, -0.726480279170834, -0.8051410493568742, -0.7887394937685447, -0.8358097339566698, -0.8738716056908045, -0.8016208409192229, -0.630921559631469, -0.7368849701079524, -0.6478705840267548, -0.8715709359811659, -0.7408844264925865, -0.8549982737909476, -0.667499259724335, -0.6283841831062293, -0.816934232254448, -0.8645652580127404, -0.6283502732067983, -0.6160048529617497, -0.6313368704780893, -0.8141041454458836, -0.6746161961923001, -0.8414632080116302, -0.800235807756581, -0.5043796270608234, -0.7890311688425344, -0.6970493220124472, -0.6217483655177194, -0.929034508979113, -0.7760350851582836, -0.59134670987583, -0.6623129165700058, -0.7673031986157437, -0.6906082617980778, -0.5633620981420382, -0.833188360943522, -0.6247373427792527, -0.7346715905549046, -0.5738470998995823, -0.8737794374713717, -0.8746839434416191, -0.884413205289209, -0.8874622790591354, -0.9587483256467841, -0.8199496484786863, -0.6192644949951533, -0.7267959183224484, -0.5228086738895094, -0.6060853468792147, -0.7133951011734838, -0.703206238860402, -0.7902783579384207, -0.8881913269567794, -0.49935117657932854, -0.8645652580127404, -0.7628180353608014, -0.826948311970931, -0.47736773486834094, -0.7686708967440508, -0.7733522400814097, -0.8715709359811659, -0.6957611046847115, -0.8566909110907879, -0.8572281530026826, -0.5473144320034451, -0.8157008426132093, -0.6785039892159512, -0.7477196553689414, -0.9005105872292536, -0.6421128997319568, -0.967925399542579, -0.7043020616620772, -0.8579206848645636, -0.7549777736267723, -0.5078508903988804, -0.8807370940966269, -0.47678615372806354, -0.6998182025084958, -0.8645652580127404, -0.6849760455951532, -0.9375983829320703, -0.8626443737790648, -0.8788497060606854, -0.8782026025786949, -0.6622073068730775], "gsf_samples": [0.0009810860068929848, 0.10632281976905619, 0.06668502087064787, 0.07776793378745472, 0.4152869328949728, 0.5165225850828509, 0.10031641921769725, 0.5748128026192952, 0.0023303577421900767, 0.5455147592196008, 0.029360323473221105, 0.002494763317610997, 0.7111276573246317, 0.5968679272153998, 0.5863285571315076, 0.19817132689675537, 0.3388939888380055, 0.49989376974835487, 0.4854988517876663, 0.3642959238345653, 0.6786025873892643, 0.3530662779032335, 0.07635812505765094, 0.004050636699212449, 0.13738759079212712, 0.5863285571315076, 0.15764599035120852, 0.5959713822265339, 0.0012062278941031728, 0.13611976028060313, 0.5159829693862635, 0.5468748830458244, 0.15195489457151307, 0.17276701839360536, 0.04253877626997088, 0.44102470355665213, 0.09258689950814572, 0.5390600305797073, 0.4223534369029748, 0.0008975544739572618, 0.38855966322539354, 0.155772978686758, 0.05490746033736032, 0.7777790589727747, 0.3205641897754879, 0.03391752470249423, 0.0011181887526350834, 0.3659120118725373, 0.1733070106190041, 0.010198057533613684, 0.3639015803304209, 0.03674528628584057, 0.16976099791473806, 0.030801824024039512, 0.5808805891974512, 0.5455147592196008, 0.6095629973426435, 0.6779195655077216, 0.8584808000455522, 0.4329978543722129, 0.01692253832047413, 0.2990311485804357, 0.048578354534694536, 0.04857091206604213, 0.2331465211831444, 0.11632619562951761, 0.42204637880588436, 0.6349721590715267, 0.005140853891877099, 0.5468748830458244, 0.3564056812028696, 0.4617485697698186, 0.014234874462852976, 0.33413019952826173, 0.4062323007016484, 0.5863285571315076, 0.020996018658196947, 0.5251578248755626, 0.5004819169467852, 0.07360567386185367, 0.36209662957745437, 0.21460993600543443, 0.3589524545261158, 0.657582046384525, 0.1259996438082285, 0.8883424302485834, 0.35007434099437723, 0.5009830125368301, 0.20887400748971105, 0.02373162510545277, 0.6566934000641508, 0.10640949886992412, 0.05831634618379322, 0.5468748830458244, 0.2421068354984607, 0.8115112145455035, 0.5859166390880981, 0.5661676452398703, 0.5642498802434328, 0.1956631837354424], "norm_samples": [1.0, 1.0, 1.0, 1.0, 1.0, 0.9999999403953552, 1.0, 0.9999999403953552, 1.0, 0.9999998807907104, 0.9999999403953552, 1.0, 1.0, 1.0, 1.0, 0.9999999403953552, 1.0, 1.0, 1.0, 0.9999999403953552, 1.0, 0.9999999403953552, 1.0, 1.0, 1.0, 1.0, 0.9999999403953552, 1.0, 0.9999999403953552, 1.0, 0.9999999403953552, 0.9999999403953552, 1.0, 1.0, 0.9999999403953552, 0.9999999403953552, 0.9999999403953552, 1.0, 1.0, 1.0, 0.9999999403953552, 1.0, 1.0, 1.0, 1.0, 1.0, 0.9999999403953552, 1.0, 1.0, 0.9999999403953552, 1.0, 1.0, 1.0, 1.0, 0.9999999403953552, 0.9999998807907104, 1.0, 0.9999999403953552, 1.0, 1.0, 1.0, 1.0, 1.0, 1.0, 1.0, 1.0, 0.9999999403953552, 1.0, 1.0, 0.9999999403953552, 1.0, 1.0, 1.0, 1.0, 1.0, 1.0, 1.0, 1.0, 1.0, 0.9999999403953552, 1.0, 1.0, 1.0, 1.0, 1.0, 1.0, 1.0, 0.9999999403953552, 1.0, 1.0, 1.0, 1.0, 0.9999999403953552, 0.9999999403953552, 1.0, 1.0, 1.0, 1.0, 0.9999999403953552, 1.0]}