{"L": 10, "J": 0.01982125929328925, "B": 0.09910629646644625, "K": 10, "init_state": "random computational-basis state", "energy_avg": -0.9974321937258418, "energy_std": 0.021082266259985116, "gsf_avg": 0.9888817064096024, "gsf_std": 0.09939887143664758, "energy_samples": [-0.9996509272286771, -0.9995848488014324, -0.9996509272286771, -0.9996509272286771, -0.9996509272286771, -0.9996509272286771, -0.9996509272286771, -0.9995992558231102, -0.9996509272286771, -0.9996230941696582, -0.9996509272286771, -0.999546047782871, -0.9996509272286771, -0.9924307604489914, -0.9996500781900465, -0.9996509272286771, -0.9996509272286771, -0.9996561815247884, -0.9996596289568679, -0.9996230941696582, -0.9996509272286771, -0.9996509272286771, -0.9996509272286771, -0.9995565256355132, -0.9996509272286771, -0.9996454428099859, -0.9996508926684231, -0.9996509272286771, -0.9996509272286771, -0.9996509272286771, -0.9996509272286771, -0.9996509272286771, -0.9996509272286771, -0.9996509272286771, -0.9996509272286771, -0.9994827147161578, -0.9996509272286771, -0.9996509272286771, -0.9996509272286771, -0.9996208158452482, -0.9996509272286771, -0.9996587308576854, -0.999648284939467, -0.9996509272286771, -0.9994936274729698, -0.9996509272286771, -0.9996509272286771, -0.9996052333187627, -0.9995475639127673, -0.9996369350835329, -0.9996509272286771, -0.9995398125879142, -0.9996509272286771, -0.9996121059110548, -0.9996570710056332, -0.9995947578774307, -0.9996509272286771, -0.9996509272286771, -0.998892956305242, -0.9996509272286771, -0.999649868343557, -0.9996509272286771, -0.9995944170507352, -0.9996487654858545, -0.9996509272286771, -0.999630789082669, -0.9996509272286771, -0.9995127995067616, -0.9996509272286771, -0.9996509272286771, -0.9996509272286771, -0.9996509272286771, -0.9996509272286771, -0.9996509272286771, -0.9996509272286771, -0.9996509272286771, -0.9996509272286771, -0.9996509272286771, -0.9996509272286771, -0.9995045292027452, -0.9996509272286771, -0.9995548354974337, -0.9996509272286771, -0.9996509272286771, -0.99964789789144, -0.9996509272286771, -0.9996509272286771, -0.7877889024763832, -0.9996509272286771, -0.9994611359913523, -0.9996509272286771, -0.99953641839027, -0.9996509272286771, -0.9996509272286771, -0.9996509272286771, -0.9996509272286771, -0.9996509272286771, -0.9996509272286771, -0.9994641374431266, -0.9996509272286771], "gsf_samples": [0.9990948129980634, 0.9989419370774227, 0.9990948129980634, 0.9990948129980634, 0.9990948129980634, 0.9990948129980634, 0.9990948129980634, 0.9989739583421922, 0.9990948129980634, 0.9990335108017064, 0.9990948129980634, 0.998845690017546, 0.9990948129980634, 0.9832925718556556, 0.9990991748776973, 0.9990948129980634, 0.9990948129980634, 0.9991072650375905, 0.9991150738779677, 0.9990335108017064, 0.9990948129980634, 0.9990948129980634, 0.9990948129980634, 0.9988798811359575, 0.9990948129980634, 0.999081404002846, 0.9990906959620678, 0.9990948129980634, 0.9990948129980634, 0.9990948129980634, 0.9990948129980634, 0.9990948129980634, 0.9990948129980634, 0.9990948129980634, 0.9990948129980634, 0.9986864988279386, 0.9990948129980634, 0.9990948129980634, 0.9990948129980634, 0.9990268977295972, 0.9990948129980634, 0.9991119321571369, 0.9990883532189568, 0.9990948129980634, 0.9987101799773549, 0.9990948129980634, 0.9990948129980634, 0.9989876735020309, 0.998847754141038, 0.9990637092119674, 0.9990948129980634, 0.9988193679989252, 0.9990948129980634, 0.9990037884105446, 0.9991090416721206, 0.9989716385954146, 0.9990948129980634, 0.9990948129980634, 0.9974223822761545, 0.9990948129980634, 0.9990922824748772, 0.9990948129980634, 0.9989687296988193, 0.9990918461443984, 0.9990948129980634, 0.9990517633790258, 0.9990948129980634, 0.9987705836790878, 0.9990948129980634, 0.9990948129980634, 0.9990948129980634, 0.9990948129980634, 0.9990948129980634, 0.9990948129980634, 0.9990948129980634, 0.9990948129980634, 0.9990948129980634, 0.9990948129980634, 0.9990948129980634, 0.9987272774132258, 0.9990948129980634, 0.9988681045618731, 0.9990948129980634, 0.9990948129980634, 0.9990880472980467, 0.9990948129980634, 0.9990948129980634, 6.090834296895175e-25, 0.9990948129980634, 0.9986741327129243, 0.9990948129980634, 0.9988254397027746, 0.9990948129980634, 0.9990948129980634, 0.9990948129980634, 0.9990948129980634, 0.9990948129980634, 0.9990948129980634, 0.9986953235076591, 0.9990948129980634], "norm_samples": [0.9999999999999999, 1.0, 0.9999999999999999, 0.9999999999999999, 0.9999999999999999, 0.9999999999999999, 0.9999999999999999, 0.9999999999999999, 0.9999999999999999, 1.0, 0.9999999999999999, 1.0, 0.9999999999999999, 1.0, 0.9999999999999999, 0.9999999999999999, 0.9999999999999999, 0.9999999999999999, 1.0, 1.0, 0.9999999999999999, 0.9999999999999999, 0.9999999999999999, 0.9999999999999998, 0.9999999999999999, 0.9999999999999999, 1.0, 0.9999999999999999, 0.9999999999999999, 0.9999999999999999, 0.9999999999999999, 0.9999999999999999, 0.9999999999999999, 0.9999999999999999, 0.9999999999999999, 0.9999999999999999, 0.9999999999999999, 0.9999999999999999, 0.9999999999999999, 1.0000000000000002, 0.9999999999999999, 1.0, 1.0, 0.9999999999999999, 1.0, 0.9999999999999999, 0.9999999999999999, 0.9999999999999999, 1.0, 0.9999999999999999, 0.9999999999999999, 1.0, 0.9999999999999999, 1.0, 1.0, 1.0, 0.9999999999999999, 0.9999999999999999, 1.0, 0.9999999999999999, 1.0, 0.9999999999999999, 1.0, 0.9999999999999999, 0.9999999999999999, 0.9999999999999999, 0.9999999999999999, 1.0, 0.9999999999999999, 0.9999999999999999, 0.9999999999999999, 0.9999999999999999, 0.9999999999999999, 0.9999999999999999, 0.9999999999999999, 0.9999999999999999, 0.9999999999999999, 0.9999999999999999, 0.9999999999999999, 1.0, 0.9999999999999999, 1.0, 0.9999999999999999, 0.9999999999999999, 1.0, 0.9999999999999999, 0.9999999999999999, 0.9999999999999999, 0.9999999999999999, 1.0, 0.9999999999999999, 0.9999999999999999, 0.9999999999999999, 0.9999999999999999, 0.9999999999999999, 0.9999999999999999, 0.9999999999999999, 0.9999999999999999, 1.0, 0.9999999999999999]}