{"L": 10, "J": 0.10964486480896526, "B": 0.021928972961793053, "K": 20, "init_state": "random computational-basis state", "energy_avg": -0.975661941664905, "energy_std": 0.0739333639454881, "gsf_avg": 0.9120479646793005, "gsf_std": 0.25451061745530196, "energy_samples": [-0.999483707080326, -0.876433942037828, -0.999483707080326, -0.9993739572395608, -0.999483707080326, -0.999483707080326, -0.999483707080326, -0.999483707080326, -0.999483707080326, -0.999483707080326, -0.999483707080326, -0.999483707080326, -0.999483707080326, -0.9992273972137904, -0.999483707080326, -0.9993852092147992, -0.999483707080326, -0.999483707080326, -0.999483707080326, -0.999483707080326, -0.999483707080326, -0.999483707080326, -0.6106188343985988, -0.999483707080326, -0.999483707080326, -0.7470356142957214, -0.964232291196756, -0.999483707080326, -0.999483707080326, -0.999483707080326, -0.999483707080326, -0.999483707080326, -0.999483707080326, -0.999483707080326, -0.9984235898758868, -0.999483707080326, -0.614297754396055, -0.999483707080326, -0.999483707080326, -0.999483707080326, -0.999483707080326, -0.999483707080326, -0.999483707080326, -0.999483707080326, -0.999483707080326, -0.999483707080326, -0.999483707080326, -0.9933796842944146, -0.8786790820499345, -0.999483707080326, -0.8594620645904134, -0.9994390803293017, -0.998270854789332, -0.9994390803293017, -0.9994390803293017, -0.9994390803293017, -0.9994390803293017, -0.9982471336231586, -0.9963352661226073, -0.9994390803293017, -0.9992329915209976, -0.7979142488871033, -0.9994390803293017, -0.9994390803293017, -0.9994390803293017, -0.9994390803293017, -0.9994390803293017, -0.9994390803293017, -0.9994390803293017, -0.9994390803293017, -0.9993867123888622, -0.9994390803293017, -0.9994390803293017, -0.9994390803293017, -0.7607678961160091, -0.9994390803293017, -0.9994390803293017, -0.9994390803293017, -0.9994390803293017, -0.8221279852098597, -0.7566608317946183, -0.9907067555633329, -0.9994390803293017, -0.9994390803293017, -0.9994390803293017, -0.9994390803293017, -0.9994390803293017, -0.9994390803293017, -0.9994390803293017, -0.9994390803293017, -0.9644528515620822, -0.9994390803293017, -0.9994390803293017, -0.9945235255536733, -0.9994390803293017, -0.9994390803293017, -0.9949137556205041, -0.99569916831119, -0.9956114612944563, -0.9994390803293017], "gsf_samples": [0.99864048588935, 0.4639615649468107, 0.99864048588935, 0.9983391994013024, 0.99864048588935, 0.99864048588935, 0.99864048588935, 0.99864048588935, 0.99864048588935, 0.99864048588935, 0.99864048588935, 0.99864048588935, 0.99864048588935, 0.9976542955057508, 0.99864048588935, 0.9983241208587349, 0.99864048588935, 0.99864048588935, 0.99864048588935, 0.99864048588935, 0.99864048588935, 0.99864048588935, 0.1219502763767046, 0.99864048588935, 0.99864048588935, 0.0010973065986946008, 0.8800039282109763, 0.99864048588935, 0.99864048588935, 0.99864048588935, 0.99864048588935, 0.99864048588935, 0.99864048588935, 0.99864048588935, 0.9952076280600781, 0.99864048588935, 0.13337587435626652, 0.99864048588935, 0.99864048588935, 0.99864048588935, 0.99864048588935, 0.99864048588935, 0.99864048588935, 0.99864048588935, 0.99864048588935, 0.99864048588935, 0.99864048588935, 0.9832726521467392, 0.39558695972411645, 0.99864048588935, 0.4160512916325999, 0.9984906141087028, 0.9953530120776386, 0.9984906141087028, 0.9984906141087028, 0.9984906141087028, 0.9984906141087028, 0.9953102664069491, 0.9876116966617724, 0.9984906141087028, 0.9981030948438627, 8.705775424867681e-05, 0.9984906141087028, 0.9984906141087028, 0.9984906141087028, 0.9984906141087028, 0.9984906141087028, 0.9984906141087028, 0.9984906141087028, 0.9984906141087028, 0.998376244942431, 0.9984906141087028, 0.9984906141087028, 0.9984906141087028, 0.0002633741049599042, 0.9984906141087028, 0.9984906141087028, 0.9984906141087028, 0.9984906141087028, 0.16120778982882802, 0.00032026842061749506, 0.9748415838846554, 0.9984906141087028, 0.9984906141087028, 0.9984906141087028, 0.9984906141087028, 0.9984906141087028, 0.9984906141087028, 0.9984906141087028, 0.9984906141087028, 0.8616912844855719, 0.9984906141087028, 0.9984906141087028, 0.9869892423270206, 0.9984906141087028, 0.9984906141087028, 0.9871903759031895, 0.9884027219269332, 0.9885635271620541, 0.9984906141087028], "norm_samples": [0.9999999999999999, 1.0, 0.9999999999999999, 0.9999999999999999, 0.9999999999999999, 0.9999999999999999, 0.9999999999999999, 0.9999999999999999, 0.9999999999999999, 0.9999999999999999, 0.9999999999999999, 0.9999999999999999, 0.9999999999999999, 0.9999999999999999, 0.9999999999999999, 0.9999999999999999, 0.9999999999999999, 0.9999999999999999, 0.9999999999999999, 0.9999999999999999, 0.9999999999999999, 0.9999999999999999, 1.0, 0.9999999999999999, 0.9999999999999999, 1.0, 1.0, 0.9999999999999999, 0.9999999999999999, 0.9999999999999999, 0.9999999999999999, 0.9999999999999999, 0.9999999999999999, 0.9999999999999999, 1.0, 0.9999999999999999, 0.9999999999999999, 0.9999999999999999, 0.9999999999999999, 0.9999999999999999, 0.9999999999999999, 0.9999999999999999, 0.9999999999999999, 0.9999999999999999, 0.9999999999999999, 0.9999999999999999, 0.9999999999999999, 1.0, 1.0, 0.9999999999999999, 1.0, 0.9999999999999999, 1.0, 0.9999999999999999, 0.9999999999999999, 0.9999999999999999, 0.9999999999999999, 1.0000000000000002, 1.0, 0.9999999999999999, 1.0, 1.0, 0.9999999999999999, 0.9999999999999999, 0.9999999999999999, 0.9999999999999999, 0.9999999999999999, 0.9999999999999999, 0.9999999999999999, 0.9999999999999999, 1.0, 0.9999999999999999, 0.9999999999999999, 0.9999999999999999, 1.0, 0.9999999999999999, 0.9999999999999999, 0.9999999999999999, 0.9999999999999999, 1.0, 0.9999999999999999, 1.0, 0.9999999999999999, 0.9999999999999999, 0.9999999999999999, 0.9999999999999999, 0.9999999999999999, 0.9999999999999999, 0.9999999999999999, 0.9999999999999999, 1.0, 0.9999999999999999, 0.9999999999999999, 0.9999999999999999, 0.9999999999999999, 0.9999999999999999, 1.0, 0.9999999999999999, 1.0000000000000002, 0.9999999999999999]}