{"L": 10, "J": 0.08076572367525105, "B": 0.08076572367525105, "K": 5, "init_state": "random computational-basis state", "energy_avg": -0.9135922561280932, "energy_std": 0.0944295730804435, "gsf_avg": 0.5582587753355225, "gsf_std": 0.44146673966262956, "energy_samples": [-0.9874448345685, -0.9515450779215002, -0.997276227817308, -0.8739176402944369, -0.8293384902776616, -0.9976838729021004, -0.9168802975757337, -0.9973293892219222, -0.9982217469788447, -0.7894078014592046, -0.8852907899559603, -0.6635446919577707, -0.9566051637120309, -0.9834036078364935, -0.9866246518192793, -0.9872071515928221, -0.9992221294327165, -0.9923058386345026, -0.8982043247682223, -0.7214880039965718, -0.9949305374864457, -0.9536681630054485, -0.9978780680520624, -0.9992854434062322, -0.9971705374624762, -0.9924348773525707, -0.9992042260774304, -0.9712197365646931, -0.9985455556609588, -0.9557578183371315, -0.7030559663642967, -0.9117809323435644, -0.9896466540324698, -0.9794735905247528, -0.9082624265890021, -0.9978577320123967, -0.8733855700499681, -0.9935721905509465, -0.6962466009546303, -0.9992595681936615, -0.9949787297203844, -0.9684950590113126, -0.9945213108984204, -0.7601280610533966, -0.9055344651930074, -0.8999869753034583, -0.8348302970840643, -0.9543993704346383, -0.8067208113455611, -0.9053541391629454, -0.8796283557136582, -0.9987594764504553, -0.9017257295439974, -0.8388835898790561, -0.9853368674362376, -0.7777306145949365, -0.7663807793950463, -0.8946891320042838, -0.992396469961462, -0.8810249702861703, -0.9989562997152652, -0.8810372417509651, -0.882111668469631, -0.9955731568665775, -0.9969421348164395, -0.8614942491938016, -0.821848162776379, -0.7655999669151896, -0.8053034724386563, -0.9644463965184037, -0.8297953870271866, -0.9978472183746272, -0.9332368632269344, -0.9903487940863679, -0.9088917535926121, -0.9459828874066356, -0.9825991320258689, -0.8002884412218069, -0.9941023055645102, -0.9983201621143928, -0.9993743892011779, -0.8657224471056707, -0.8940068541070284, -0.9988311120775373, -0.898672312735017, -0.7633810167717132, -0.9971651362825446, -0.9965346834744401, -0.6624988165345618, -0.7409128324401959, -0.9991779369664211, -0.8773916625528505, -0.9974043248009756, -0.7056410138718897, -0.9316419806006232, -0.7039115381070685, -0.9984938364960216, -0.9968032509646757, -0.8349717827602363, -0.8748798586392106], "gsf_samples": [0.96239033437656, 1.1282258621963778e-26, 0.9902061734785303, 5.1094009617135314e-27, 0.3528929291818635, 0.9910310816768196, 0.7244860684049024, 0.9900539590577352, 0.993968154860246, 8.412318353524474e-25, 0.5842475802893176, 2.5978144593327905e-26, 9.609654717253552e-27, 0.93883694537732, 0.9640191416554008, 0.9449724955774611, 0.9971698557628724, 0.9741871978345931, 3.339302330431981e-27, 0.006863929221151967, 0.9838745823665221, 0.7938240757892027, 0.9925140376620291, 0.9975063719878694, 0.9867594152341921, 0.9688772250977897, 0.9972945353103452, 0.9119719723526223, 0.9956734385831844, 8.090491047511864e-27, 0.02346944778335615, 0.6587240245373847, 0.9478569246808362, 0.8865147144145046, 4.6797571175190185e-24, 0.9898124174319425, 0.5928294532419859, 0.9814960111120052, 3.7318635356237747e-25, 0.9976745807963685, 0.98190346555555, 0.8468431379965156, 0.9789955779459795, 0.012654583863397514, 0.6560307359016502, 0.672557269296592, 1.6376723984921525e-26, 0.8710519222136891, 0.14589847817306395, 0.6549383334286204, 1.7111874074370976e-27, 0.9955729478254611, 3.9835683924737336e-25, 1.0157819831372846e-26, 0.9329994775981284, 1.4125637843575934e-26, 0.05308838085697519, 2.2933757399533957e-25, 0.9776963052845896, 1.3054547601334017e-25, 0.9951841164119696, 1.4756808419775382e-24, 8.576816669639822e-25, 0.9800738573943496, 0.990010667083103, 1.3748369545292857e-26, 6.824548165375726e-28, 1.3358169397805195e-26, 0.04587050595648638, 0.8873867848673704, 0.5779273408107288, 0.9928823447559986, 6.713314925879674e-27, 0.968318475587649, 3.012972953248001e-28, 0.8165174749128344, 0.9432841351474465, 0.17191847961942044, 0.9802848788521079, 0.9946706806305398, 0.9980340405994675, 9.62782706998506e-27, 0.6913056829683266, 0.9955432770620434, 9.043375697561733e-26, 0.21024010400721202, 0.9890861708921628, 0.9897496749940501, 0.2415448425348245, 0.21450612122402593, 0.9970013706876545, 0.4766146555627827, 0.9895550601577017, 8.831058194338105e-25, 0.7961570312920974, 0.0048161506766887345, 0.9955434449293106, 0.9896204728567695, 3.683081108231617e-24, 6.518268961137632e-25], "norm_samples": [0.9999999999999999, 0.9999999999999999, 0.9999999999999999, 1.0, 1.0, 0.9999999999999999, 1.0, 0.9999999999999999, 1.0, 1.0, 0.9999999999999999, 1.0, 0.9999999999999999, 0.9999999999999998, 1.0, 1.0, 1.0, 0.9999999999999999, 1.0000000000000002, 1.0, 1.0, 1.0, 1.0, 0.9999999999999999, 0.9999999999999999, 0.9999999999999999, 1.0, 1.0, 1.0, 1.0, 1.0, 1.0, 1.0, 1.0, 0.9999999999999999, 1.0, 1.0, 0.9999999999999999, 1.0, 0.9999999999999999, 1.0, 1.0, 0.9999999999999999, 0.9999999999999999, 1.0000000000000002, 1.0, 0.9999999999999999, 1.0, 0.9999999999999999, 1.0000000000000002, 0.9999999999999999, 1.0, 1.0, 1.0000000000000002, 1.0, 1.0, 0.9999999999999998, 0.9999999999999999, 1.0, 1.0, 1.0, 1.0, 0.9999999999999999, 1.0, 1.0, 1.0, 1.0, 0.9999999999999999, 0.9999999999999999, 0.9999999999999999, 1.0, 1.0, 1.0, 1.0, 1.0, 0.9999999999999999, 1.0, 0.9999999999999999, 1.0, 1.0, 1.0, 1.0, 1.0, 0.9999999999999999, 0.9999999999999998, 1.0, 0.9999999999999999, 1.0, 1.0, 1.0, 1.0, 0.9999999999999999, 0.9999999999999999, 1.0, 1.0, 1.0, 0.9999999999999999, 0.9999999999999999, 1.0, 1.0000000000000002]}