{"L": 11, "J": 0.018017690914504236, "B": 0.09008845457252118, "K": 10, "init_state": "random computational-basis state", "energy_avg": -0.9916346007648948, "energy_std": 0.038285277856071546, "gsf_avg": 0.9585718118455077, "gsf_std": 0.19568993387185607, "energy_samples": [-0.9996251676900445, -0.999576616908189, -0.9996251676900445, -0.999629836004478, -0.9995795745747251, -0.9944763079805741, -0.7913431658707633, -0.9996596958850444, -0.9996251676900445, -0.9993983934522059, -0.9996251676900445, -0.9996251676900445, -0.9996251676900445, -0.9996251676900445, -0.8159337905466872, -0.9996251676900445, -0.9996251676900445, -0.9996152641867454, -0.9883999197785411, -0.9996049188888156, -0.9996251676900445, -0.9996251676900445, -0.9996143651968219, -0.9996251676900445, -0.9996251676900445, -0.9996431579439886, -0.9996143651968219, -0.9996251676900445, -0.9996251676900445, -0.9996251676900445, -0.9996251676900445, -0.9996251676900445, -0.9996251676900445, -0.9996228874009041, -0.9996251676900445, -0.9996251676900445, -0.8053036987629193, -0.9996251676900445, -0.9996251676900445, -0.9989827712630226, -0.9996251676900445, -0.9996251676900445, -0.9996251676900445, -0.9993502569955983, -0.9996251676900445, -0.9996251676900445, -0.9995600264644188, -0.9996204526453761, -0.9996251676900445, -0.9996251676900445, -0.9996072210351781, -0.9996317459939281, -0.9996251676900445, -0.999583577047688, -0.9996251496784004, -0.9996251676900445, -0.9996251676900445, -0.9996167815834597, -0.9996251676900445, -0.8048860675637916, -0.9996176153631885, -0.9996251676900445, -0.9995443330991876, -0.9996251676900445, -0.9996233733820103, -0.9996251676900445, -0.9996251676900445, -0.9996205835344527, -0.9996251676900445, -0.9996251676900445, -0.9996166327594014, -0.9996251676900445, -0.9996251676900445, -0.9995896287910584, -0.9996002608722765, -0.9996251676900445, -0.9996251676900445, -0.9996298423268043, -0.9996251676900445, -0.9996302403110039, -0.9996251676900445, -0.9996434657779755, -0.9996329959722834, -0.9996251676900445, -0.9996251676900445, -0.9996251676900445, -0.9996251676900445, -0.9996251676900445, -0.9996431709491775, -0.9996251676900445, -0.9996251676900445, -0.9996067511031264, -0.9996251676900445, -0.9996251676900445, -0.9994775732997474, -0.9996269358069039, -0.9996251676900445, -0.9996251676900445, -0.9996169382692259, -0.9996251676900445], "gsf_samples": [0.9989678537766048, 0.9988458996119169, 0.9989678537766048, 0.9989750739784939, 0.9988505255984281, 0.9864794645224986, 1.6981721922844976e-24, 0.9990547725062037, 0.9989678537766048, 0.9983917391287922, 0.9989678537766048, 0.9989678537766048, 0.9989678537766048, 0.9989678537766048, 5.108497540235948e-25, 0.9989678537766048, 0.9989678537766048, 0.9989453955821268, 0.9719043570531053, 0.9989107736406281, 0.9989678537766048, 0.9989678537766048, 0.9989426423058195, 0.9989678537766048, 0.9989678537766048, 0.9990092041309453, 0.9989426423058195, 0.9989678537766048, 0.9989678537766048, 0.9989678537766048, 0.9989678537766048, 0.9989678537766048, 0.9989678537766048, 0.9989620618003777, 0.9989678537766048, 0.9989678537766048, 3.250438078720031e-26, 0.9989678537766048, 0.9989678537766048, 0.9974089885443328, 0.9989678537766048, 0.9989678537766048, 0.9989678537766048, 0.9982778933278148, 0.9989678537766048, 0.9989678537766048, 0.9988006242649019, 0.9989560685454624, 0.9989678537766048, 0.9989678537766048, 0.9989233155739793, 0.9989834070819142, 0.9989678537766048, 0.9988645497082737, 0.9989671342586368, 0.9989678537766048, 0.9989678537766048, 0.9989491039708968, 0.9989678537766048, 1.7073352105105832e-25, 0.9989451716537331, 0.9989678537766048, 0.9987699437776417, 0.9989678537766048, 0.9989633499253302, 0.9989678537766048, 0.9989678537766048, 0.9989566815508136, 0.9989678537766048, 0.9989678537766048, 0.9989326752408818, 0.9989678537766048, 0.9989678537766048, 0.9988795234815511, 0.998901230583243, 0.9989678537766048, 0.9989678537766048, 0.9989784179842003, 0.9989678537766048, 0.9989806422938309, 0.9989678537766048, 0.999013445787001, 0.9989860342395114, 0.9989678537766048, 0.9989678537766048, 0.9989678537766048, 0.9989678537766048, 0.9989678537766048, 0.999012325105849, 0.9989678537766048, 0.9989678537766048, 0.9989074595697445, 0.9989678537766048, 0.9989678537766048, 0.9985512220739127, 0.9989737118815836, 0.9989678537766048, 0.9989678537766048, 0.9989481929174855, 0.9989678537766048], "norm_samples": [1.0, 1.0, 1.0, 1.0, 0.9999999999999999, 0.9999999999999999, 1.0, 1.0, 1.0, 1.0, 1.0, 1.0, 1.0, 1.0, 1.0000000000000002, 1.0, 1.0, 0.9999999999999999, 1.0, 1.0, 1.0, 1.0, 1.0, 1.0, 1.0, 1.0, 1.0, 1.0, 1.0, 1.0, 1.0, 1.0, 1.0, 1.0, 1.0, 1.0, 1.0, 1.0, 1.0, 1.0, 1.0, 1.0, 1.0, 0.9999999999999999, 1.0, 1.0, 0.9999999999999999, 1.0, 1.0, 1.0, 1.0, 0.9999999999999999, 1.0, 1.0, 0.9999999999999999, 1.0, 1.0, 0.9999999999999999, 1.0, 1.0, 1.0, 1.0, 1.0, 1.0, 1.0, 1.0, 1.0, 0.9999999999999999, 1.0, 1.0, 0.9999999999999999, 1.0, 1.0, 0.9999999999999999, 1.0, 1.0, 1.0, 1.0, 1.0, 1.0, 1.0, 0.9999999999999999, 0.9999999999999999, 1.0, 1.0, 1.0, 1.0, 1.0, 1.0, 1.0, 1.0, 0.9999999999999999, 1.0, 1.0, 0.9999999999999999, 1.0, 1.0, 1.0, 0.9999999999999999, 1.0]}