{"L": 11, "J": 0.07324052344033094, "B": 0.07324052344033094, "K": 3, "init_state": "random computational-basis state", "energy_avg": -0.8100918420233966, "energy_std": 0.12152447304255547, "gsf_avg": 0.2392144739255148, "gsf_std": 0.37204088506710215, "energy_samples": [-0.9684846360152071, -0.9942776633663666, -0.9093282414036641, -0.8030240025147791, -0.5308327044665488, -0.6488545418983109, -0.9629523158836528, -0.6544762406837905, -0.9101173093663717, -0.7621186956384658, -0.996363860349591, -0.8675407039586627, -0.6579024802284976, -0.8686184296468771, -0.8751657466851317, -0.6790258386525607, -0.866901282382173, -0.6463482191704486, -0.9932567071659613, -0.913585116334245, -0.8568702569071164, -0.7387041396174401, -0.8275841899111662, -0.835282432452252, -0.7095078575394935, -0.5600142854229322, -0.9898123616144001, -0.9964905810803435, -0.8033783333513971, -0.9813697233007022, -0.746026863355578, -0.8447470599516153, -0.6345322980922802, -0.6417751057883307, -0.6403105701029137, -0.9923052081552187, -0.7797187488561852, -0.994225909717535, -0.933460196930183, -0.7843940584526834, -0.9848153296721169, -0.7443207190807186, -0.937873756472208, -0.6199029883866614, -0.7923396466357833, -0.8440386383506302, -0.8545471410977208, -0.7286358152899333, -0.8714688628072361, -0.8094833360777787, -0.7580459700004438, -0.8096833810481562, -0.886622158415344, -0.8345539265146116, -0.7781676651062994, -0.8509742245428942, -0.952382307702143, -0.8375893085981274, -0.683831968408469, -0.6600963976339085, -0.5195397939368398, -0.8476194481492862, -0.9673411084275598, -0.62386335423059, -0.6607794940256029, -0.9195103184024859, -0.9767115090472113, -0.8417556284519622, -0.7601694495761313, -0.8596099274009105, -0.9749628498681417, -0.77605295216354, -0.7227030791476292, -0.8604349966683106, -0.702606810439712, -0.8648632019353308, -0.7546113942488017, -0.8587018453026035, -0.7083181210831231, -0.704897807711383, -0.7264252429774617, -0.7917754604577443, -0.8371958732107594, -0.6285733376893557, -0.7912196987301652, -0.701414698401299, -0.7044100692444152, -0.5943201551501406, -0.8609437152925112, -0.7836327093849833, -0.9345748972040546, -0.9711418627658024, -0.8866347207144074, -0.7026761035221297, -0.8115630863822866, -0.9651770406551536, -0.9918557137929551, -0.6466435533874374, -0.8577991534870097, -0.8770955614201621], "gsf_samples": [0.8871292131139417, 0.9747187942743559, 0.6777267902823908, 0.37923339899733616, 1.8817642601057115e-26, 3.172179274991952e-24, 0.8776156654163662, 0.028885873873709014, 1.0753476066804795e-27, 6.079114311832114e-24, 0.9823092861796744, 3.709942733404443e-27, 1.6354604294324247e-25, 2.5192558739199566e-25, 1.9641767945598275e-27, 0.030564716623610842, 2.4456574043795735e-24, 0.005520975186461158, 0.9740537144016022, 0.7800297082049464, 9.535285413933525e-26, 0.22365127283523828, 6.147388101959753e-25, 2.2961865444292623e-26, 1.1977623332104567e-26, 0.0012534210984981471, 0.9651579970847349, 0.9849450091837167, 7.5625086777261775e-25, 0.9153883635555344, 1.4133893610107183e-24, 5.947273295678587e-25, 0.016534319488962407, 2.978742196459636e-24, 2.6886590248331546e-24, 0.9681587704738754, 1.4675401286956074e-27, 0.9791320865743919, 0.8182030777073422, 0.3415318032280665, 0.9445963661902367, 1.9600304599825563e-27, 0.7955729999881586, 0.02571254321983388, 4.060228796500078e-26, 8.80382039883966e-25, 2.6701601194489956e-26, 1.4343833053396756e-24, 0.5384635489317514, 2.628604680521167e-26, 0.15144348534412572, 0.20025943898885523, 1.5006080762105442e-26, 7.984357863101545e-27, 2.536590907422913e-26, 1.3385493769632435e-24, 0.8425413794809807, 0.09858703657248813, 6.360298594198433e-25, 0.0042429226399445085, 5.910035757982301e-25, 5.919988018137782e-24, 0.8809542423801964, 4.359007729579564e-27, 0.023028252591204994, 4.383052215628119e-27, 0.9143046409213799, 3.6136685769724364e-28, 2.4700025517452756e-25, 5.410378571060196e-24, 0.9115646496969813, 0.3710197456802963, 0.056777775451445155, 2.803398350784485e-25, 0.025750738644450835, 4.59769083950959e-25, 0.12272569326457852, 8.669126771134146e-26, 0.032719291443159736, 3.6784998745024834e-25, 6.141093425270325e-26, 3.999507311656284e-27, 6.15408823312479e-27, 1.0639231362960497e-24, 0.27466644882652497, 0.008413776827653614, 2.2258780535636195e-26, 0.03922270273694943, 1.4692441915104017e-26, 0.04765450812330161, 0.7366155566890138, 0.9037849489909718, 4.1346672936681815e-27, 8.136756605711822e-25, 5.7078787687734446e-27, 0.8993269795481792, 0.9590749594578396, 2.807273100350649e-26, 0.3006785021362208, 1.866184161653323e-25], "norm_samples": [1.0, 1.0, 1.0, 1.0, 1.0, 1.0, 0.9999999999999999, 1.0, 1.0, 1.0, 0.9999999999999999, 1.0, 0.9999999999999999, 0.9999999999999998, 1.0, 1.0, 1.0, 1.0, 1.0, 0.9999999999999999, 1.0, 1.0, 0.9999999999999999, 0.9999999999999999, 1.0, 1.0, 0.9999999999999999, 1.0, 0.9999999999999999, 0.9999999999999999, 1.0000000000000002, 1.0, 1.0, 1.0, 0.9999999999999999, 1.0, 1.0000000000000002, 1.0, 1.0, 1.0, 1.0, 1.0, 1.0, 1.0, 1.0, 1.0, 0.9999999999999999, 1.0, 1.0, 1.0, 0.9999999999999999, 1.0, 1.0, 1.0, 1.0, 0.9999999999999998, 0.9999999999999999, 1.0, 0.9999999999999999, 1.0, 1.0, 0.9999999999999999, 1.0, 0.9999999999999999, 1.0, 1.0, 0.9999999999999999, 0.9999999999999998, 0.9999999999999999, 1.0, 0.9999999999999999, 1.0, 1.0, 1.0, 1.0, 1.0, 1.0, 1.0, 1.0, 1.0, 1.0, 1.0, 0.9999999999999999, 1.0, 1.0, 0.9999999999999999, 0.9999999999999999, 0.9999999999999999, 1.0000000000000002, 0.9999999999999999, 1.0, 0.9999999999999999, 1.0, 1.0, 1.0, 1.0, 1.0, 1.0, 1.0, 1.0]}