{"L": 12, "J": 0.08976334678684839, "B": 0.017952669357369676, "K": 5, "init_state": "random computational-basis state", "energy_avg": -0.8540018682922816, "energy_std": 0.12106869378962594, "gsf_avg": 0.4422054211997433, "gsf_std": 0.4102035973925548, "energy_samples": [-0.9943538757167232, -0.8398615895475927, -0.9373642120380481, -0.5989522301957445, -0.8303894311786368, -0.8148393123305249, -0.9926286805594524, -0.8351438085023626, -0.8171609861448342, -0.9941411541302372, -0.8872421890010644, -0.9529596319607594, -0.7623109870536895, -0.9835498218106921, -0.9940148386348402, -0.9945650618418038, -0.9916874678518018, -0.7790730032828245, -0.925979212725943, -0.9924438179025782, -0.7400485118227518, -0.6319161524397436, -0.9940737845786114, -0.8324759761180622, -0.8510024365466335, -0.7348584397059787, -0.6186543601248705, -0.7072868747561082, -0.6422181115573132, -0.7696118702380305, -0.7961937500277482, -0.6829672335205472, -0.8214771018323754, -0.9684130374144031, -0.7467692822262386, -0.819132263478505, -0.9869817716473569, -0.7692099307492115, -0.8191680248964854, -0.773655909490472, -0.7006660178599574, -0.7372998560721753, -0.6751533221383298, -0.7593566936735319, -0.9358146953277151, -0.9242701469146976, -0.8460616995689919, -0.9934669172428934, -0.8458261785423391, -0.8012201278727341, -0.6464259527966174, -0.8846178955188708, -0.8320489333509975, -0.8245020999884642, -0.9950125949724689, -0.8087956057127306, -0.8010783513605073, -0.9909535723922227, -0.5925219225969934, -0.6382130602944112, -0.8552790299493049, -0.6839836495117987, -0.8158957779286959, -0.7225180947118394, -0.9928774766606251, -0.8751598560150121, -0.9957401075610388, -0.7041232170490682, -0.7654865513828544, -0.7852208322116301, -0.5516406087654606, -0.8614520941137268, -0.9944591701444996, -0.9905302744557662, -0.9280943297138498, -0.9931612197198173, -0.9923912460923872, -0.993936204605011, -0.7467149252695283, -0.8535962921891336, -0.9936499264293596, -0.9945461574088046, -0.8008776670267107, -0.9930112821748832, -0.8759533440970653, -0.9950445428854586, -0.992035318953205, -0.9923824047171865, -0.8967968711164678, -0.9862540014371218, -0.9449484491513063, -0.9935075433218008, -0.7432359729898813, -0.8047785652057042, -0.9939452715177943, -0.9945460635248018, -0.9940122313047884, -0.7967621355305461, -0.8443001649718219, -0.809256177633143], "gsf_samples": [0.9795836139555982, 0.026274571920239506, 0.6557387328726635, 0.02660545209980946, 0.23092726364147828, 0.03173877057683746, 0.9706637079268291, 0.09173000343136896, 0.09199497318112805, 0.9786692650814515, 0.4643026310216545, 0.8597380266126785, 0.08737678560040651, 0.9269422485323081, 0.9798542195703942, 0.9815172118669375, 0.967065237552067, 0.032204736725769574, 0.7167348946977149, 0.9698509077870563, 0.00689797072990897, 0.023230957213248048, 0.9788649713273764, 0.26365747270796436, 0.20877876165937242, 0.10436756696143329, 0.03649180026457104, 0.026472390011403495, 0.05613462349349634, 0.0003967095773697464, 0.044145013167743205, 0.06699976678821987, 0.07335915211609986, 0.832354029330096, 0.0011263984516961725, 0.011386641565231713, 0.9492810010512869, 0.0027991996768173635, 0.42856721855560337, 0.05472339826800986, 0.030172053692231533, 0.0022256449713867602, 0.008502495442988102, 0.032706614362817805, 0.7980115516533748, 0.782591294594293, 0.12878696996659023, 0.9759777718555899, 0.11504166219625886, 0.0026651732801737317, 0.07126662199349941, 0.35585636156277295, 0.1781426588832384, 0.0015393254474730402, 0.9817606770193797, 0.012833889314698615, 0.015708155199199485, 0.969216826246361, 0.017432472577398984, 0.029147801984442057, 0.20105275533820174, 0.0006622340208315913, 0.4606211110726386, 0.049650920717505674, 0.9725920339245174, 0.30603821331130915, 0.9843449094693761, 0.14799826839437036, 0.02762659300974775, 0.06442306294847752, 0.011688620829885308, 0.2983880238487418, 0.9805808764937597, 0.9671186097167427, 0.7284446172378172, 0.9740014482792456, 0.9704655293523202, 0.9762523757547246, 0.0035527089462407757, 0.2852506687728947, 0.9753055100833522, 0.9787098397783229, 0.30050472176721726, 0.972388658169536, 0.3507242894020952, 0.9829031350594, 0.967117019010052, 0.9689907740524449, 0.3502205400635209, 0.9490467099921891, 0.8193277544944209, 0.9762783724501235, 0.2934243806743399, 0.42846532680752536, 0.978350636793559, 0.9809804439183044, 0.9786645865236748, 0.16795550423667333, 0.19388769349651, 0.44740832194621916], "norm_samples": [0.9999999999999999, 1.0, 1.0000000000000002, 1.0, 1.0, 1.0, 1.0, 1.0, 0.9999999999999998, 1.0000000000000002, 1.0, 1.0, 1.0, 1.0, 1.0000000000000002, 1.0, 1.0, 1.0, 0.9999999999999999, 0.9999999999999998, 1.0, 1.0000000000000002, 1.0, 0.9999999999999999, 0.9999999999999999, 1.0, 0.9999999999999999, 1.0, 1.0, 0.9999999999999999, 1.0, 1.0, 0.9999999999999999, 1.0000000000000002, 1.0, 0.9999999999999999, 1.0, 1.0, 0.9999999999999998, 1.0, 1.0, 0.9999999999999999, 1.0, 1.0000000000000002, 1.0, 1.0, 1.0, 1.0, 1.0, 1.0, 1.0, 1.0000000000000002, 0.9999999999999999, 0.9999999999999999, 1.0, 1.0, 0.9999999999999998, 0.9999999999999999, 1.0, 0.9999999999999999, 0.9999999999999999, 1.0, 1.0, 1.0, 0.9999999999999998, 0.9999999999999998, 1.0, 1.0, 1.0, 1.0, 1.0, 0.9999999999999999, 1.0, 0.9999999999999998, 1.0, 0.9999999999999999, 1.0, 1.0, 1.0, 1.0, 1.0, 1.0000000000000002, 1.0, 1.0, 1.0, 1.0, 0.9999999999999998, 1.0, 1.0, 1.0, 1.0, 1.0, 0.9999999999999999, 1.0, 0.9999999999999999, 1.0, 1.0000000000000002, 0.9999999999999998, 0.9999999999999999, 1.0]}