{"L": 2, "J": 0.44721359549995826, "B": 0.44721359549995826, "K": 5, "init_state": "random computational-basis state", "energy_avg": -0.9735244532695134, "energy_std": 0.16244238861257515, "gsf_avg": 0.9695511541553108, "gsf_std": 0.17050828660777545, "energy_samples": [-0.9990659695328111, -0.9990659695328111, -0.9990659695328111, -0.9990659695328111, -0.4436381477591381, -0.9990821935750883, -0.9990659695328111, -0.9990659695328111, -0.9990659695328111, -0.9990851821163383, -0.9990659695328111, -0.9990888037151313, -0.9990799429251844, -0.9991029569592925, -0.9990659695328111, -0.9990673958125257, 0.44589627391428804, -0.9990659695328111, -0.998987506796686, -0.9990659695328111, -0.9990659695328111, -0.9990659695328111, -0.9990659695328111, -0.9990683267532424, -0.9990659695328111, -0.9990659695328111, -0.998987506796686, -0.9990659695328111, -0.9990659695328111, -0.999091969312445, -0.9990659695328111, -0.9990659695328111, -0.9990888037151313, -0.9990659695328111, -0.9991939182096258, -0.9991029569592925, -0.9990659695328111, -0.9990659695328111, -0.9990357113283209, -0.9990659695328111, -0.9991029569592925, -0.9990659695328111, -0.9990659695328111, -0.9990673958125257, -0.9990881075412985, -0.9990659695328111, -0.9990659695328111, -0.9990659695328111, -0.9991029569592925, -0.9990888037151313, -0.9991350035746507, -0.9990659695328111, -0.9990659695328111, -0.9990659695328111, -0.4444726220442198, -0.9991029569592925, -0.9991350035746507, -0.9991350035746507, -0.9990659695328111, -0.9990659695328111, -0.9990659695328111, -0.9990659695328111, -0.9990659695328111, -0.9990792698939432, -0.9990820818178334, -0.9990450698750579, -0.9990659695328111, -0.9990659695328111, -0.9990592517776716, -0.9990880549276109, -0.998987506796686, -0.9991687908550475, -0.9990792698939432, -0.9990673958125257, -0.9990659695328111, -0.9990820818178334, -0.9991545249415438, -0.9990673958125257, -0.9991746160592289, -0.9990351967027743, -0.9990659695328111, -0.9990659695328111, -0.9990659695328111, -0.9990659695328111, -0.9990659695328111, -0.9990659695328111, -0.9990736088356709, -0.998987506796686, -0.998987506796686, -0.9990659695328111, -0.9990659695328111, -0.9991389283229783, -0.9990659695328111, -0.9990659695328111, -0.9990659695328111, -0.9990659695328111, -0.9990659695328111, -0.9992230853756485, -0.9990659695328111, -0.9990659695328111], "gsf_samples": [0.999532984766405, 0.999532984766405, 0.999532984766405, 0.999532984766405, 1.0296475898717534e-27, 0.9995410967875434, 0.999532984766405, 0.999532984766405, 0.999532984766405, 0.9995425910581682, 0.999532984766405, 0.9995444018575649, 0.9995399714625915, 0.9995514784796453, 0.999532984766405, 0.9995336979062625, 1.1735642223506215e-26, 0.999532984766405, 0.9994937533983423, 0.999532984766405, 0.999532984766405, 0.999532984766405, 0.999532984766405, 0.9995341633766206, 0.999532984766405, 0.999532984766405, 0.9994937533983423, 0.999532984766405, 0.999532984766405, 0.999545984656222, 0.999532984766405, 0.999532984766405, 0.9995444018575649, 0.999532984766405, 0.9995969591048125, 0.9995514784796453, 0.999532984766405, 0.999532984766405, 0.9995178556641596, 0.999532984766405, 0.9995514784796453, 0.999532984766405, 0.999532984766405, 0.9995336979062625, 0.9995440537706488, 0.999532984766405, 0.999532984766405, 0.999532984766405, 0.9995514784796453, 0.9995444018575649, 0.9995675017873245, 0.999532984766405, 0.999532984766405, 0.999532984766405, 9.750716032990646e-28, 0.9995514784796453, 0.9995675017873245, 0.9995675017873245, 0.999532984766405, 0.999532984766405, 0.999532984766405, 0.999532984766405, 0.999532984766405, 0.999539634946971, 0.9995410409089157, 0.9995225349375283, 0.999532984766405, 0.999532984766405, 0.9995296258888349, 0.9995440274638051, 0.9994937533983423, 0.9995843954275229, 0.999539634946971, 0.9995336979062625, 0.999532984766405, 0.9995410409089157, 0.9995772624707714, 0.9995336979062625, 0.9995873080296138, 0.9995175983513862, 0.999532984766405, 0.999532984766405, 0.999532984766405, 0.999532984766405, 0.999532984766405, 0.999532984766405, 0.9995368044178347, 0.9994937533983423, 0.9994937533983423, 0.999532984766405, 0.999532984766405, 0.9995694641614884, 0.999532984766405, 0.999532984766405, 0.999532984766405, 0.999532984766405, 0.999532984766405, 0.9996115426878236, 0.999532984766405, 0.999532984766405], "norm_samples": [0.9999999999999998, 0.9999999999999998, 0.9999999999999998, 0.9999999999999998, 1.0000000000000002, 1.0, 0.9999999999999998, 0.9999999999999998, 0.9999999999999998, 0.9999999999999998, 0.9999999999999998, 0.9999999999999999, 1.0, 1.0, 0.9999999999999998, 1.0, 1.0, 0.9999999999999998, 1.0, 0.9999999999999998, 0.9999999999999998, 0.9999999999999998, 0.9999999999999998, 1.0, 0.9999999999999998, 0.9999999999999998, 1.0, 0.9999999999999998, 0.9999999999999998, 0.9999999999999999, 0.9999999999999998, 0.9999999999999998, 0.9999999999999999, 0.9999999999999998, 1.0000000000000002, 1.0, 0.9999999999999998, 0.9999999999999998, 1.0, 0.9999999999999998, 1.0, 0.9999999999999998, 0.9999999999999998, 1.0, 1.0, 0.9999999999999998, 0.9999999999999998, 0.9999999999999998, 1.0, 0.9999999999999999, 1.0, 0.9999999999999998, 0.9999999999999998, 0.9999999999999998, 0.9999999999999998, 1.0, 1.0, 1.0, 0.9999999999999998, 0.9999999999999998, 0.9999999999999998, 0.9999999999999998, 0.9999999999999998, 1.0, 0.9999999999999999, 0.9999999999999999, 0.9999999999999998, 0.9999999999999998, 0.9999999999999998, 1.0, 1.0, 1.0, 1.0, 1.0, 0.9999999999999998, 0.9999999999999999, 1.0, 1.0, 1.0, 0.9999999999999999, 0.9999999999999998, 0.9999999999999998, 0.9999999999999998, 0.9999999999999998, 0.9999999999999998, 0.9999999999999998, 1.0, 1.0, 1.0, 0.9999999999999998, 0.9999999999999998, 0.9999999999999999, 0.9999999999999998, 0.9999999999999998, 0.9999999999999998, 0.9999999999999998, 0.9999999999999998, 0.9999999999999999, 0.9999999999999998, 0.9999999999999998]}