{"L": 4, "J": 0.326612219552346, "B": 0.0653224439104692, "K": 2, "init_state": "random computational-basis state", "energy_avg": -0.8211516466838116, "energy_std": 0.25067524836580357, "gsf_avg": 0.7649388050546597, "gsf_std": 0.3248005820434245, "energy_samples": [-0.9780817654473071, -0.984924810400842, -0.3483901237243351, -0.9742074929333213, -0.9797319820554719, -0.9733402252152629, -0.9742304457746153, -0.9673908617774357, -0.9718893834248153, -0.9629300044143159, -0.7524166539413536, -0.9881922654509235, -0.9747269352901047, -0.33448599612331653, -0.9718893834248153, -0.923899581105851, -0.9761343820243547, -0.9797319820554719, -0.8858548578919356, -0.36339984462792985, -0.993740870034362, -0.25947986840964743, -0.9697596535282247, -0.36314836301030656, -0.9877908201162084, -0.9923205891710868, -0.6150273296281529, -0.9687042580544666, -0.9657693945259274, -0.9707658126919467, -0.9474616484003017, -0.08053067654584833, -0.9510921676418448, -0.9755205003383368, -0.9739336591773544, -0.9768260621922461, -0.9735919129821318, -0.9780817654473071, -0.673532308891372, -0.9760619351987859, -0.9687663672607317, -0.9763102481523734, -0.7854418709419076, -0.9718893834248153, -0.15387338776225604, -0.11782335757310669, -0.9900480981996761, -0.4739611831081598, -0.9787392040139329, -0.9881922654509235, -0.9892120033649539, -0.4231759356753766, -0.98342801081093, -0.3505587762202311, -0.9577472662182345, -0.6559420358553577, -0.9178611897005265, -0.9822503176214364, -0.6274918295838967, -0.9085090692049963, -0.9698789335858031, -0.9702910474646171, -0.3369459425252161, -0.7939088822283978, -0.427516537665123, -0.97561732364678, -0.9748451420841258, -0.9702910474646171, -0.981197662480479, -0.7021482816535931, -0.9698646043625131, -0.9803733542587802, -0.9056160145157262, -0.5089237815019847, -0.6699797577781679, -0.7944173755172673, -0.39994536764004646, -0.9649525602459108, -0.9778869975704009, -0.9682793388980363, -0.9881040427668878, -0.9721703014168224, -0.43700868387864944, -0.9633657385166278, -0.9726012000860851, -0.9680087556357923, -0.975992156863222, -0.9736459223395989, -0.8834014223895345, -0.9643342428321549, -0.35670338522568823, -0.9656079184899409, -0.960962055223392, -0.7012266511040635, -0.9748453080139649, -0.9759367059665459, -0.9922751730119571, -0.44999585611722226, -0.37720237185238714, -0.9586864503295712], "gsf_samples": [0.9698564525776591, 0.9807343180385798, 0.07786116503526351, 0.9676298852730696, 0.9714398959846446, 0.9642580035489621, 0.9654400545537895, 0.9545602145991915, 0.9589483899563073, 0.9540249361614987, 0.7292324799029631, 0.9871888329059061, 0.9664192282852924, 0.01842862279612668, 0.9589483899563073, 0.9055167583062216, 0.9689998003390558, 0.9714398959846446, 0.8692721533214887, 0.10294346784606416, 0.9935930942635206, 0.021729585371509222, 0.9620281558929843, 0.033567165325661966, 0.9870365830507007, 0.993479514839894, 0.45071820783455585, 0.9500027061187454, 0.9525960325682656, 0.9612083817020156, 0.9268874917260804, 0.05365292805161327, 0.9334946805453931, 0.9646315482521234, 0.9674015243508614, 0.969217020565557, 0.9649254030298655, 0.9698564525776591, 0.5124911933680758, 0.9680542013224185, 0.9539515352167831, 0.9675110549179529, 0.6813695987712709, 0.9589483899563073, 0.18738070590881606, 0.08386413847837608, 0.989819387356552, 0.19292409334737493, 0.9694185590089373, 0.9871888329059061, 0.9851729232430582, 0.16746174770589126, 0.9773257138690955, 0.1337997465551326, 0.947133428416727, 0.5214240638179773, 0.8831754141685969, 0.97669023161172, 0.4587750882325297, 0.8799407362044842, 0.9589960868852022, 0.9555773752975568, 0.03206795890509551, 0.6743458348036402, 0.16852412078125278, 0.9682986166897494, 0.9683175112108445, 0.9555773752975568, 0.9756539455740568, 0.6604228502868772, 0.9568734628426044, 0.9711935998414466, 0.875152188667475, 0.33326954116583113, 0.4936533398258025, 0.7074099378360262, 0.17139030034793618, 0.9501436108581387, 0.9679723129773617, 0.960054316163744, 0.9864216890284512, 0.9591755266971228, 0.21160380608553658, 0.9518761009745392, 0.9622299781973618, 0.9572522195371433, 0.9690597854785054, 0.9773792408814898, 0.8361054441506752, 0.9508541786553154, 0.5048036684267394, 0.9547032199480581, 0.9485985240478153, 0.7153008478608459, 0.966350793651773, 0.9683595820202908, 0.9935054270266152, 0.21816700979702566, 0.12022392034387576, 0.9540250505745643], "norm_samples": [0.9999999999999999, 0.9999999999999998, 1.0, 0.9999999999999999, 1.0000000000000002, 1.0000000000000002, 1.0, 0.9999999999999999, 1.0, 0.9999999999999999, 0.9999999999999999, 1.0, 1.0, 1.0, 1.0, 0.9999999999999999, 1.0, 1.0000000000000002, 0.9999999999999998, 1.0, 0.9999999999999999, 1.0000000000000002, 1.0, 1.0, 0.9999999999999999, 0.9999999999999999, 1.0, 1.0, 0.9999999999999999, 0.9999999999999998, 1.0, 1.0, 1.0, 0.9999999999999999, 1.0, 1.0, 1.0, 0.9999999999999999, 1.0000000000000002, 0.9999999999999998, 0.9999999999999999, 1.0, 0.9999999999999999, 1.0, 1.0, 1.0, 1.0, 1.0, 0.9999999999999999, 1.0, 0.9999999999999998, 0.9999999999999999, 1.0, 1.0, 0.9999999999999999, 0.9999999999999999, 1.0, 1.0, 0.9999999999999999, 1.0, 1.0, 1.0, 0.9999999999999999, 0.9999999999999999, 0.9999999999999999, 1.0, 1.0, 1.0, 1.0, 0.9999999999999999, 0.9999999999999999, 1.0, 1.0, 1.0000000000000002, 1.0000000000000002, 1.0, 1.0, 0.9999999999999999, 1.0, 0.9999999999999999, 1.0, 1.0, 0.9999999999999999, 1.0, 0.9999999999999999, 1.0, 0.9999999999999998, 0.9999999999999998, 0.9999999999999999, 1.0, 1.0, 1.0, 1.0000000000000002, 0.9999999999999999, 1.0, 1.0, 1.0, 1.0, 0.9999999999999999, 0.9999999999999999]}