{"L": 4, "J": 0.326612219552346, "B": 0.0653224439104692, "K": 3, "init_state": "random computational-basis state", "energy_avg": -0.8958072095368695, "energy_std": 0.1813020692039324, "gsf_avg": 0.8549238915967592, "gsf_std": 0.2569329129280222, "energy_samples": [-0.9863069988042577, -0.9863069988042577, -0.6656120853463464, -0.9863069988042577, -0.5050268300496747, -0.9863069988042577, -0.9649455765342078, -0.9863069988042577, -0.8894675028912898, -0.9863069988042577, -0.9809947069676606, -0.9863069988042577, -0.9863069988042577, -0.9824249188196187, -0.8929024615636608, -0.9863069988042577, -0.9863069988042577, -0.9837636951794624, -0.7543743419353883, -0.903469969767019, -0.34531126679027, -0.9777318632585624, -0.9863069988042577, -0.9777318632585624, -0.9762079438588803, -0.5798577171970921, -0.9863069988042577, -0.9053638427757416, -0.9854871970179169, -0.9401604163124098, -0.961416137912433, -0.9863069988042577, -0.9863069988042577, -0.9824249188196187, -0.26650247647151204, -0.9777318632585624, -0.9605966045453296, -0.45906891664871996, -0.9839664801191742, -0.5311254343345524, -0.7639445004779896, -0.9456643141794425, -0.9496120099127032, -0.983193761813596, -0.9863069988042577, -0.9863069988042577, -0.9824249188196187, -0.9809947069676606, -0.9848879062325225, -0.9435851219605681, -0.5087090609453663, -0.9858197390882578, -0.9892447387125379, -0.9861289614293123, -0.9679892281942601, -0.9794444904329062, -0.983318532085388, -0.9873898304344926, -0.9664785557717895, -0.9503396195994488, -0.983318532085388, -0.9766713025133333, -0.983318532085388, -0.48777785337407764, -0.978617368309707, -0.9773349512173386, -0.7174514965799865, -0.983318532085388, -0.9713844200308404, -0.24288339995013386, -0.983318532085388, -0.8819300239350786, -0.983318532085388, -0.983318532085388, -0.6120874991953577, -0.983318532085388, -0.8229892775428173, -0.983318532085388, -0.983318532085388, -0.7991111764598612, -0.9778887790562584, -0.9850348812416491, -0.38708029184571935, -0.977514965289524, -0.9825488119620094, -0.983318532085388, -0.9729426927884204, -0.9339627075966312, -0.986829850263294, -0.983318532085388, -0.9782814672844777, -0.9771081243429632, -0.9241943352265516, -0.983318532085388, -0.983318532085388, -0.9868251570566213, -0.38270752770233746, -0.983318532085388, -0.9560356020814846, -0.983318532085388], "gsf_samples": [0.980612612281228, 0.980612612281228, 0.5172770607789496, 0.980612612281228, 0.31407376317207997, 0.980612612281228, 0.9461576296559707, 0.980612612281228, 0.8503262223811251, 0.980612612281228, 0.9767872256918345, 0.980612612281228, 0.980612612281228, 0.9793333660736177, 0.8915497357445941, 0.980612612281228, 0.980612612281228, 0.9813282036571092, 0.7562418138340006, 0.8684482945844343, 0.024383159598869202, 0.974685490503975, 0.980612612281228, 0.974685490503975, 0.9655788299417839, 0.3697526517987779, 0.980612612281228, 0.8687814729188971, 0.98088659136563, 0.9203757351808424, 0.9522701924741745, 0.980612612281228, 0.980612612281228, 0.9793333660736177, 0.007978925914402088, 0.974685490503975, 0.9606874778488484, 0.23653341071094017, 0.9762004311994814, 0.2732349148974628, 0.6611761534045045, 0.9168239479165722, 0.9456480606507995, 0.9767248669395026, 0.980612612281228, 0.980612612281228, 0.9793333660736177, 0.9767872256918345, 0.9842604978588906, 0.9177369963711748, 0.26509943127539, 0.97973597365446, 0.9850828990792329, 0.9863774491458485, 0.9548247647058609, 0.9742901566897139, 0.9804500091655396, 0.9865501235341463, 0.9486453044571399, 0.93050198919913, 0.9804500091655396, 0.9650910612718688, 0.9804500091655396, 0.3066586875049878, 0.9744243176716527, 0.9690421663202845, 0.5373428923327256, 0.9804500091655396, 0.9560923833463337, 0.12340845551239255, 0.9804500091655396, 0.816231780025562, 0.9804500091655396, 0.9804500091655396, 0.4942830019793441, 0.9804500091655396, 0.759032158358119, 0.9804500091655396, 0.9804500091655396, 0.7085373812156406, 0.9700664095972003, 0.9826022276986215, 0.021846938967289318, 0.9659838276939451, 0.9768638970531285, 0.9804500091655396, 0.9662061286040702, 0.9073985086467105, 0.981323114797639, 0.9804500091655396, 0.9756058373573036, 0.9652481823797979, 0.8824326434248053, 0.9804500091655396, 0.9804500091655396, 0.9813835182347864, 0.0912765007894605, 0.9804500091655396, 0.9458290420868055, 0.9804500091655396], "norm_samples": [1.0, 1.0, 0.9999999999999997, 1.0, 0.9999999999999999, 1.0, 1.0, 1.0, 1.0, 1.0, 0.9999999999999999, 1.0, 1.0, 0.9999999999999999, 1.0, 1.0, 1.0, 0.9999999999999999, 1.0000000000000002, 0.9999999999999999, 1.0, 0.9999999999999998, 1.0, 0.9999999999999998, 0.9999999999999999, 1.0, 1.0, 0.9999999999999999, 1.0, 0.9999999999999999, 1.0000000000000002, 1.0, 1.0, 0.9999999999999999, 1.0, 0.9999999999999998, 1.0, 0.9999999999999999, 1.0, 1.0, 1.0, 1.0000000000000002, 1.0, 1.0, 1.0, 1.0, 0.9999999999999999, 0.9999999999999999, 1.0, 0.9999999999999999, 1.0, 1.0, 1.0, 1.0, 0.9999999999999999, 1.0, 0.9999999999999999, 1.0, 1.0, 0.9999999999999999, 0.9999999999999999, 1.0, 0.9999999999999999, 0.9999999999999999, 1.0000000000000002, 0.9999999999999999, 1.0, 0.9999999999999999, 0.9999999999999999, 1.0, 0.9999999999999999, 0.9999999999999999, 0.9999999999999999, 0.9999999999999999, 0.9999999999999999, 0.9999999999999999, 0.9999999999999999, 0.9999999999999999, 0.9999999999999999, 1.0, 1.0, 1.0, 0.9999999999999999, 1.0, 1.0, 0.9999999999999999, 0.9999999999999998, 1.0, 0.9999999999999999, 0.9999999999999999, 1.0, 1.0000000000000002, 1.0, 0.9999999999999999, 0.9999999999999999, 1.0, 0.9999999999999999, 0.9999999999999999, 1.0000000000000002, 0.9999999999999999]}