{"L": 4, "J": 0.04962748692122745, "B": 0.2481374346061372, "K": 3, "init_state": "random computational-basis state", "energy_avg": -0.985719830152458, "energy_std": 0.07678877815442967, "gsf_avg": 0.9766633183513918, "gsf_std": 0.13952427655498675, "energy_samples": [-0.9966826197547445, -0.9985378194199023, -0.9967120877108927, -0.9959438881575382, -0.9967120877108927, -0.9967120877108927, -0.9967120877108927, -0.9967120877108927, -0.9966650162332681, -0.9975450644760001, -0.9967120877108927, -0.9967120877108927, -0.9967120877108927, -0.9967120877108927, -0.9967120877108927, -0.9967120877108927, -0.9967120877108927, -0.9966956641105785, -0.9967120877108927, -0.4411569196392976, -0.9967125213045863, -0.9967120877108927, -0.9967511692738613, -0.9967120877108927, -0.9985378194199023, -0.9962170325954216, -0.9967120877108927, -0.9967120877108927, -0.9967120877108927, -0.9967120877108927, -0.9967120877108927, -0.9967120877108927, -0.9966826197547445, -0.9967290685949891, -0.9967119770891041, -0.9967120877108927, -0.9967120877108927, -0.9967120877108927, -0.9967120877108927, -0.9967120877108927, -0.9967120877108927, -0.4553567973316707, -0.9967120877108927, -0.9967120877108927, -0.9955285350158609, -0.9967031037667774, -0.9967120877108927, -0.9975450644760001, -0.9966650162332681, -0.9967120877108927, -0.9967157344548281, -0.9967120877108927, -0.9967120877108927, -0.9936438169815079, -0.9967120877108927, -0.9967120877108927, -0.9967120877108927, -0.9967120877108927, -0.9967120877108927, -0.9967120877108927, -0.9967120877108927, -0.9967120877108927, -0.9967120877108927, -0.9967120877108927, -0.9967120877108927, -0.9967120877108927, -0.9952784733234554, -0.9967125213045863, -0.9967120877108927, -0.9967120877108927, -0.9967120877108927, -0.9964173744015802, -0.9967120877108927, -0.9967120877108927, -0.9967120877108927, -0.9967120877108927, -0.9967120877108927, -0.9967120877108927, -0.9967119770891041, -0.9967120877108927, -0.9967290685949891, -0.9952784733234554, -0.9985378194199023, -0.9967120877108927, -0.9967111180947417, -0.9967120877108927, -0.9967120877108927, -0.9967120877108927, -0.9967120877108927, -0.9967120877108927, -0.9967120877108927, -0.9967109191819195, -0.9967120877108927, -0.9962170325954216, -0.9967120877108927, -0.9967120877108927, -0.9965290054921015, -0.9967120877108927, -0.9967120877108927, -0.9967120877108927], "gsf_samples": [0.9965778630479288, 0.998518168391361, 0.9966057231018418, 0.9958346020800625, 0.9966057231018418, 0.9966057231018418, 0.9966057231018418, 0.9966057231018418, 0.9966714629021014, 0.9974486737778762, 0.9966057231018418, 0.9966057231018418, 0.9966057231018418, 0.9966057231018418, 0.9966057231018418, 0.9966057231018418, 0.9966057231018418, 0.9965976257690656, 0.9966057231018418, 2.437764662703e-26, 0.9966059892783482, 0.9966057231018418, 0.9966461396816149, 0.9966057231018418, 0.998518168391361, 0.9961792284435534, 0.9966057231018418, 0.9966057231018418, 0.9966057231018418, 0.9966057231018418, 0.9966057231018418, 0.9966057231018418, 0.9965778630479288, 0.9966222031595942, 0.9966055839105871, 0.9966057231018418, 0.9966057231018418, 0.9966057231018418, 0.9966057231018418, 0.9966057231018418, 0.9966057231018418, 2.990372165350617e-29, 0.9966057231018418, 0.9966057231018418, 0.9954642942792942, 0.9966316600264554, 0.9966057231018418, 0.9974486737778762, 0.9966714629021014, 0.9966057231018418, 0.996608881809921, 0.9966057231018418, 0.9966057231018418, 0.9937105338798828, 0.9966057231018418, 0.9966057231018418, 0.9966057231018418, 0.9966057231018418, 0.9966057231018418, 0.9966057231018418, 0.9966057231018418, 0.9966057231018418, 0.9966057231018418, 0.9966057231018418, 0.9966057231018418, 0.9966057231018418, 0.9953300641080031, 0.9966059892783482, 0.9966057231018418, 0.9966057231018418, 0.9966057231018418, 0.9963653533289943, 0.9966057231018418, 0.9966057231018418, 0.9966057231018418, 0.9966057231018418, 0.9966057231018418, 0.9966057231018418, 0.9966055839105871, 0.9966057231018418, 0.9966222031595942, 0.9953300641080031, 0.998518168391361, 0.9966057231018418, 0.9966058928590326, 0.9966057231018418, 0.9966057231018418, 0.9966057231018418, 0.9966057231018418, 0.9966057231018418, 0.9966057231018418, 0.9966041784135209, 0.9966057231018418, 0.9961792284435534, 0.9966057231018418, 0.9966057231018418, 0.9964368596560255, 0.9966057231018418, 0.9966057231018418, 0.9966057231018418], "norm_samples": [1.0000000000000002, 0.9999999999999998, 1.0, 1.0, 1.0, 1.0, 1.0, 1.0, 1.0, 1.0, 1.0, 1.0, 1.0, 1.0, 1.0, 1.0, 1.0, 0.9999999999999999, 1.0, 1.0, 1.0000000000000002, 1.0, 1.0, 1.0, 0.9999999999999998, 1.0, 1.0, 1.0, 1.0, 1.0, 1.0, 1.0, 1.0000000000000002, 1.0, 1.0, 1.0, 1.0, 1.0, 1.0, 1.0, 1.0, 0.9999999999999999, 1.0, 1.0, 1.0, 1.0, 1.0, 1.0, 1.0, 1.0, 1.0000000000000002, 1.0, 1.0, 1.0, 1.0, 1.0, 1.0, 1.0, 1.0, 1.0, 1.0, 1.0, 1.0, 1.0, 1.0, 1.0, 0.9999999999999999, 1.0000000000000002, 1.0, 1.0, 1.0, 1.0000000000000002, 1.0, 1.0, 1.0, 1.0, 1.0, 1.0, 1.0, 1.0, 1.0, 0.9999999999999999, 0.9999999999999998, 1.0, 1.0000000000000002, 1.0, 1.0, 1.0, 1.0, 1.0, 1.0, 0.9999999999999999, 1.0, 1.0, 1.0, 1.0, 1.0, 1.0, 1.0, 1.0]}