{"L": 4, "J": 0.21013831273060304, "B": 0.21013831273060304, "K": 5, "init_state": "random computational-basis state", "energy_avg": -0.918516501841963, "energy_std": 0.1807480705175681, "gsf_avg": 0.8371126221550088, "gsf_std": 0.3548333977799561, "energy_samples": [-0.9930397841773906, -0.9983837940369121, -0.996028223951871, -0.9927135385842092, -0.9948334806531418, -0.9893972883144955, -0.5349290536105786, -0.708819278745281, -0.8579284871380339, -0.9972342113477336, -0.9979367758997743, -0.9979423784623684, -0.9979436555003721, -0.9979436555003721, -0.9978606888013516, -0.9980467742398492, -0.9979749535039352, -0.998032460182173, -0.9959066907018986, -0.9979436555003721, -0.552385451022587, -0.9981728175042731, -0.9979527404239924, -0.7569743014957353, -0.5245161288750191, 0.0403309415843836, -0.9979354429335204, -0.5807358206173943, -0.9977260782793612, -0.5693514777109947, -0.9956678665275215, -0.9982977416409964, -0.9980650853200954, -0.9957087748441589, -0.9979564749216575, -0.9920492885055149, -0.9776304732753361, -0.9976870709265394, -0.9981468639093704, -0.9984758785957315, -0.9960607832647459, -0.9982388191000025, -0.9906840257521861, -0.994950750804983, -0.9979436555003721, -0.9799061790013072, -0.9949971979161228, -0.9979436555003721, -0.9876332937958965, -0.5152247062140722, -0.9979436555003721, -0.6508204815616541, -0.9906840257521861, -0.9970894826963166, -0.9947345430452086, -0.5553374483507711, -0.9980704120351833, -0.9971886171235298, -0.9769673386398348, -0.9817894806276106, -0.9949634425378965, -0.9973400889524325, -0.993736918338288, -0.40590326842296565, -0.9979436555003721, -0.9975798234039396, -0.985613454544691, -0.9979436555003721, -0.5754364012669783, -0.997866344875308, -0.99795045312348, -0.9949652643054154, -0.998060812233318, -0.9983355551103785, -0.9977214747070321, -0.9979436555003721, -0.9915711096724288, -0.9948861735192582, -0.9979497779162562, -0.9915866089093552, -0.9934708650725045, -0.9979938689374774, -0.9979436555003721, -0.9714343282763286, -0.5160900460789497, -0.9979468559943822, -0.9937213010164236, -0.9952182794657681, -0.9970903574620206, -0.9979436555003721, -0.9982242703749972, -0.9849307907209599, -0.6489490676848879, -0.9979436555003721, -0.997419948271752, -0.8039017568961854, -0.9783438723205895, -0.561752690795421, -0.9979436555003721, -0.9979371077053674], "gsf_samples": [0.9932214597266669, 0.9978448606027692, 0.9948867528046403, 0.9920719315525971, 0.9938003735481448, 0.9886491722193348, 1.5174686299086823e-26, 3.989867406357394e-27, 0.8672457218250679, 0.9965645598306404, 0.9972314237496849, 0.9972381153132802, 0.9972376045711672, 0.9972376045711672, 0.9971510124794541, 0.9973426280473822, 0.9972745777341426, 0.9974472901273944, 0.9950823457771693, 0.9972376045711672, 4.249063680504895e-29, 0.9975135156599532, 0.997247501721037, 9.446670969779837e-27, 6.095662875664469e-26, 0.007966398208286584, 0.9972391154388849, 3.6998809050029857e-28, 0.9975513522316845, 9.878961353237107e-29, 0.9953728646604532, 0.9976275022594225, 0.9973731850353128, 0.9951257857585654, 0.9972503838372889, 0.9919509776167665, 0.9783652400771509, 0.9969803145333541, 0.997451085214273, 0.9982927895398798, 0.9955331631253739, 0.9974886457282829, 0.990479624146973, 0.99431750211949, 0.9972376045711672, 0.9793137744639006, 0.9941973539653074, 0.9972376045711672, 0.9869288645279038, 1.502603801856116e-27, 0.9972376045711672, 0.6413761233011206, 0.990479624146973, 0.9964470168685351, 0.9943764164439479, 1.1390440418055941e-26, 0.9973776058184805, 0.9966825082330603, 0.9777733124757015, 0.9821397063114117, 0.9943293035981646, 0.997209138665155, 0.9921231666363239, 7.78277920176604e-29, 0.9972376045711672, 0.9971640502038477, 0.9834915818950535, 0.9972376045711672, 1.8458027846089715e-27, 0.9971779000006507, 0.9972445887804637, 0.9942590893654523, 0.9975848488018481, 0.9976429055740059, 0.9974621560776377, 0.9972376045711672, 0.9903320898580878, 0.9942549729156958, 0.9972440054481418, 0.9906980374155478, 0.9928312668600296, 0.9972858968680653, 0.9972376045711672, 0.9710678076909961, 5.263135129702774e-28, 0.9972408555501792, 0.99349016453676, 0.9937526128707316, 0.9968989073686639, 0.9972376045711672, 0.9975472733108253, 0.9855562874307258, 2.2993970347390756e-27, 0.9972376045711672, 0.9963831204031336, 0.6709848374170883, 0.977414175930959, 3.1119638264595614e-28, 0.9972376045711672, 0.9972308357943215], "norm_samples": [1.0000000000000002, 1.0, 1.0, 1.0000000000000002, 1.0000000000000002, 1.0, 1.0, 0.9999999999999999, 1.0, 0.9999999999999999, 0.9999999999999999, 0.9999999999999999, 1.0, 1.0, 1.0, 1.0, 0.9999999999999999, 1.0000000000000002, 0.9999999999999999, 1.0, 1.0, 1.0, 1.0, 1.0, 1.0, 0.9999999999999999, 1.0, 1.0, 0.9999999999999999, 1.0, 1.0, 1.0, 0.9999999999999999, 1.0, 1.0, 0.9999999999999999, 1.0, 1.0, 0.9999999999999999, 1.0, 1.0, 1.0000000000000002, 1.0, 0.9999999999999999, 1.0, 0.9999999999999999, 0.9999999999999999, 1.0, 1.0, 1.0, 1.0, 1.0, 1.0, 1.0, 1.0, 1.0, 1.0, 1.0, 1.0, 0.9999999999999999, 1.0, 1.0000000000000002, 1.0, 1.0, 1.0, 1.0, 1.0, 1.0, 1.0, 1.0, 1.0, 1.0, 0.9999999999999999, 0.9999999999999999, 0.9999999999999999, 1.0, 1.0, 1.0, 0.9999999999999999, 1.0, 0.9999999999999999, 1.0, 1.0, 1.0, 1.0, 1.0, 1.0, 1.0, 0.9999999999999999, 1.0, 0.9999999999999999, 1.0000000000000002, 1.0, 1.0, 1.0, 1.0, 1.0, 1.0, 1.0, 1.0]}