{"L": 4, "J": 0.04962748692122745, "B": 0.2481374346061372, "K": 10, "init_state": "random computational-basis state", "energy_avg": -0.9942562227494679, "energy_std": 0.05448541476290506, "gsf_avg": 0.9897335095580333, "gsf_std": 0.09947198211598209, "energy_samples": [-0.9997422948833014, -0.9997422948833014, -0.9997422948833014, -0.9997450739060222, -0.9997422948833014, -0.999576733565515, -0.9997606299068676, -0.9997422948833014, -0.9997422948833014, -0.9997422948833014, -0.9997422948833014, -0.9997422948833014, -0.9997422948833014, -0.9997422948833014, -0.9997422948833014, -0.9997422948833014, -0.9997422948833014, -0.9997422948833014, -0.9997422948833014, -0.9997422948833014, -0.9997422948833014, -0.9997422948833014, -0.9997422948833014, -0.9997422948833014, -0.9997422948833014, -0.9997422948833014, -0.9997422948833014, -0.9997422948833014, -0.9997422948833014, -0.9997422948833014, -0.9997422948833014, -0.9997422948833014, -0.9997422948833014, -0.9997422948833014, -0.9997422948833014, -0.9997422948833014, -0.9997422948833014, -0.9997422948833014, -0.9997422948833014, -0.9997422948833014, -0.9997422948833014, -0.9996517413896685, -0.9997422948833014, -0.9997422948833014, -0.9997422948833014, -0.9997422948833014, -0.9997422948833014, -0.9997422948833014, -0.9997422948833014, -0.9997422948833014, -0.9997422948833014, -0.9997422948833014, -0.9997422948833014, -0.9997422948833014, -0.9997422948833014, -0.9997422948833014, -0.9997422948833014, -0.9997422948833014, -0.9997422948833014, -0.9997422948833014, -0.4521336119727322, -0.9997422948833014, -0.9997453555347159, -0.9997422948833014, -0.9997422948833014, -0.9997422948833014, -0.9997422948833014, -0.9997422948833014, -0.9997422948833014, -0.9997422948833014, -0.9997422948833014, -0.9997422948833014, -0.9997430039867972, -0.9991020175749482, -0.9997422948833014, -0.9997422948833014, -0.9997422948833014, -0.9997422948833014, -0.9997422948833014, -0.9997422948833014, -0.9997422948833014, -0.9997422948833014, -0.9997422948833014, -0.9997422948833014, -0.9997602660339167, -0.9997551841747173, -0.9997422948833014, -0.9997422948833014, -0.9997422948833014, -0.9997422948833014, -0.9997422948833014, -0.9997422948833014, -0.9997422948833014, -0.9997422948833014, -0.9997422948833014, -0.9997422948833014, -0.9997422948833014, -0.9997422948833014, -0.9997422948833014, -0.9995844122870446], "gsf_samples": [0.9997405680509078, 0.9997405680509078, 0.9997405680509078, 0.9997434392559069, 0.9997405680509078, 0.9995885157742648, 0.9997557124709636, 0.9997405680509078, 0.9997405680509078, 0.9997405680509078, 0.9997405680509078, 0.9997405680509078, 0.9997405680509078, 0.9997405680509078, 0.9997405680509078, 0.9997405680509078, 0.9997405680509078, 0.9997405680509078, 0.9997405680509078, 0.9997405680509078, 0.9997405680509078, 0.9997405680509078, 0.9997405680509078, 0.9997405680509078, 0.9997405680509078, 0.9997405680509078, 0.9997405680509078, 0.9997405680509078, 0.9997405680509078, 0.9997405680509078, 0.9997405680509078, 0.9997405680509078, 0.9997405680509078, 0.9997405680509078, 0.9997405680509078, 0.9997405680509078, 0.9997405680509078, 0.9997405680509078, 0.9997405680509078, 0.9997405680509078, 0.9997405680509078, 0.9996537145316895, 0.9997405680509078, 0.9997405680509078, 0.9997405680509078, 0.9997405680509078, 0.9997405680509078, 0.9997405680509078, 0.9997405680509078, 0.9997405680509078, 0.9997405680509078, 0.9997405680509078, 0.9997405680509078, 0.9997405680509078, 0.9997405680509078, 0.9997405680509078, 0.9997405680509078, 0.9997405680509078, 0.9997405680509078, 0.9997405680509078, 7.837542634548702e-27, 0.9997405680509078, 0.9997432642807074, 0.9997405680509078, 0.9997405680509078, 0.9997405680509078, 0.9997405680509078, 0.9997405680509078, 0.9997405680509078, 0.9997405680509078, 0.9997405680509078, 0.9997405680509078, 0.9997412216793302, 0.9991190677904322, 0.9997405680509078, 0.9997405680509078, 0.9997405680509078, 0.9997405680509078, 0.9997405680509078, 0.9997405680509078, 0.9997405680509078, 0.9997405680509078, 0.9997405680509078, 0.9997405680509078, 0.9997564612064401, 0.999752098223, 0.9997405680509078, 0.9997405680509078, 0.9997405680509078, 0.9997405680509078, 0.9997405680509078, 0.9997405680509078, 0.9997405680509078, 0.9997405680509078, 0.9997405680509078, 0.9997405680509078, 0.9997405680509078, 0.9997405680509078, 0.9997405680509078, 0.9995869040597652], "norm_samples": [1.0, 1.0, 1.0, 1.0, 1.0, 1.0, 0.9999999999999999, 1.0, 1.0, 1.0, 1.0, 1.0, 1.0, 1.0, 1.0, 1.0, 1.0, 1.0, 1.0, 1.0, 1.0, 1.0, 1.0, 1.0, 1.0, 1.0, 1.0, 1.0, 1.0, 1.0, 1.0, 1.0, 1.0, 1.0, 1.0, 1.0, 1.0, 1.0, 1.0, 1.0, 1.0, 1.0, 1.0, 1.0, 1.0, 1.0, 1.0, 1.0, 1.0, 1.0, 1.0, 1.0, 1.0, 1.0, 1.0, 1.0, 1.0, 1.0, 1.0, 1.0, 0.9999999999999998, 1.0, 1.0, 1.0, 1.0, 1.0, 1.0, 1.0, 1.0, 1.0, 1.0, 1.0, 1.0, 0.9999999999999999, 1.0, 1.0, 1.0, 1.0, 1.0, 1.0, 1.0, 1.0, 1.0, 1.0, 1.0, 1.0, 1.0, 1.0, 1.0, 1.0, 1.0, 1.0, 1.0, 1.0, 1.0, 1.0, 1.0, 1.0, 1.0, 0.9999999999999999]}