{"L": 5, "J": 0.1659289965874811, "B": 0.1659289965874811, "K": 2, "init_state": "random computational-basis state", "energy_avg": -0.5964741304105355, "energy_std": 0.22149490562017154, "gsf_avg": 0.2599865630848645, "gsf_std": 0.355951579967782, "energy_samples": [-0.43127918797884723, -0.16132862983517282, -0.23923907438244443, -0.8975478245163098, -0.7246657532455177, -0.47270752446356007, -0.556601371616739, -0.25183934244698764, -0.5726809304406825, -0.5092800655043989, -0.6185280305614115, -0.96094968192906, -0.6301169889484123, -0.5001578679168348, -0.16889909317896354, -0.7090167869648775, -0.6602459347641243, -0.5797590174338028, -0.5128854439394137, -0.7052534133458566, -0.1579795064241342, -0.5139133936475349, -0.7083248660717979, -0.891129662866558, -0.7724060898757149, -0.49347395535971456, -0.9569415628898157, -0.25139080159079125, -0.4019945867316638, -0.1968106230098884, -0.7638062867564996, -0.7250611130678187, -0.502128801288098, -0.3866653057982677, -0.6907846432186106, -0.4416777059715038, -0.6316846018962712, -0.39267080732839227, -0.6108747376493954, -0.376122636873996, -0.34965241851270595, -0.5699697859722975, -0.6460722409016789, -0.8022666782657252, -0.47799139796883666, -0.5516737035133947, -0.5952674343460784, -0.6062206483219144, -0.9761062463938254, -0.2797090174520827, -0.45572227298224305, -0.44810317333303956, -0.5425140748768876, -0.8045870741966582, -0.7513175810976721, -0.9015756565418422, -0.8601835780718509, -0.867528311800003, -0.6971363854810362, -0.6070349464572925, -0.7722490377135351, -0.6187487752637587, -0.17513480383192578, -0.9818465482877166, -0.39968247340435015, -0.9775488864938655, -0.5106375469881325, -0.7550314278871341, -0.2092090018918659, -0.8987596692909572, -0.27951538852008917, -0.5129660843875032, -0.9688482070403485, -0.7564228387714956, -0.6915521319319122, -0.45631360048641634, -0.9285195736232703, -0.22610301244109632, -0.6240855406692055, -0.33301533168669556, -0.39292897787402825, -0.7081668561037386, -0.64515495961794, -0.494394511561105, -0.9484047784214297, -0.5405660908078308, -0.5122746859438493, -0.5244227794551412, -0.9299781710240166, -0.5589005870054448, -0.5415339259390131, -0.9714480058674966, -0.46118215002095747, -0.9780036544648353, -0.651319400471108, -0.42319583414650974, -0.7473608443321602, -0.8711034750028825, -0.683493754725167, -0.46793343944067484], "gsf_samples": [0.32342270142697815, 0.0520411420841, 0.15661363730426273, 0.843158913957037, 0.6066835881580892, 1.9389805271728896e-26, 0.4524915154503849, 0.008886289811890116, 0.4051609866802669, 0.1876406765502889, 1.2970711497705917e-26, 0.9397680289899426, 1.5191307844878862e-26, 2.3400241417299354e-27, 0.015436779851169844, 0.5622649396001753, 0.41381399577348105, 1.4064043715059512e-27, 3.3031874847078245e-27, 8.2677957693108e-28, 0.005526589496813629, 4.5830361106731755e-27, 1.0116941775710232e-26, 0.8423136515499218, 6.155566769543097e-28, 0.030931120769614816, 0.9354939709266146, 0.05104342066025232, 1.802328170936036e-26, 1.9503114591482627e-27, 6.718051943170889e-28, 0.5857777249608958, 3.8861675622094357e-28, 2.6252428109140187e-27, 0.6438465468375943, 2.864115613026876e-26, 9.654332440103444e-28, 2.1506304876703536e-26, 3.0459930221445206e-27, 0.18034436065200343, 0.2588826970290596, 4.364927625959231e-28, 1.1657885064969263e-28, 0.7059895295608363, 4.120962568776917e-27, 6.0271168719021896e-27, 6.399453056190685e-27, 0.4813581461269333, 0.9567161368393267, 0.10898544953252458, 8.9769154711144e-27, 6.628839016286985e-27, 1.7440520537871055e-27, 0.7353739805486299, 0.6591386438815516, 0.8177224826792321, 0.7858044625083224, 0.7579587936714317, 6.742944635850342e-27, 2.4420930361786144e-26, 4.1374830032468756e-27, 5.1014956813302416e-27, 0.15887242769240295, 0.97005813649929, 1.819646055958768e-28, 0.9629296975485148, 2.816519393717155e-26, 0.65810971228192, 0.0036071207014690587, 0.854544834991705, 0.20940871992135826, 1.3935790262272936e-27, 0.9425100969364473, 3.164818277481347e-27, 2.2790241626013585e-28, 1.3222791525709042e-25, 0.902246094512564, 0.06144521015410001, 4.429812205785637e-27, 3.556661556175185e-26, 0.3329003839049533, 6.587336458580604e-26, 7.974078741654111e-27, 9.423960403875622e-29, 0.9202043876313566, 2.718221508618185e-27, 1.746077997273504e-26, 2.8525025443517126e-27, 0.8709605018062543, 1.8436174319010753e-27, 4.594569734738132e-28, 0.9483019710234701, 2.0730586661867766e-27, 0.9562669711220736, 7.04334401448682e-27, 2.8049569192216304e-27, 0.6513013927602821, 0.8215653285041196, 3.635197103373282e-28, 0.2628324166245433], "norm_samples": [1.0, 1.0, 1.0000000000000002, 0.9999999999999999, 0.9999999999999999, 1.0, 1.0, 1.0, 0.9999999999999999, 0.9999999999999999, 0.9999999999999999, 0.9999999999999999, 0.9999999999999999, 1.0, 1.0, 1.0, 1.0, 0.9999999999999999, 1.0, 0.9999999999999999, 1.0, 1.0, 1.0, 1.0, 0.9999999999999999, 1.0, 1.0, 1.0, 0.9999999999999999, 1.0, 0.9999999999999999, 0.9999999999999999, 1.0, 1.0, 1.0, 0.9999999999999999, 1.0, 1.0, 1.0000000000000002, 1.0, 1.0, 1.0, 0.9999999999999999, 0.9999999999999999, 1.0, 1.0, 1.0, 1.0, 1.0, 1.0, 0.9999999999999999, 1.0, 1.0, 1.0, 1.0, 1.0, 0.9999999999999999, 0.9999999999999998, 1.0000000000000002, 1.0, 1.0, 0.9999999999999999, 0.9999999999999999, 1.0, 1.0, 1.0, 0.9999999999999999, 1.0, 0.9999999999999999, 0.9999999999999999, 0.9999999999999999, 0.9999999999999999, 0.9999999999999999, 0.9999999999999999, 0.9999999999999999, 0.9999999999999999, 1.0, 0.9999999999999999, 0.9999999999999999, 1.0, 1.0, 1.0, 0.9999999999999999, 1.0, 1.0, 0.9999999999999999, 1.0, 1.0, 1.0, 1.0, 0.9999999999999999, 1.0, 0.9999999999999998, 1.0, 1.0, 0.9999999999999999, 1.0, 1.0, 0.9999999999999999, 0.9999999999999999]}