{"L": 5, "J": 0.24566796280110115, "B": 0.04913359256022023, "K": 2, "init_state": "random computational-basis state", "energy_avg": -0.7385957313312871, "energy_std": 0.2696546874875142, "gsf_avg": 0.5971817653203746, "gsf_std": 0.3898820347773089, "energy_samples": [-0.9641105251224739, -0.9848335692107587, -0.3895524351598918, -0.6760582850679405, -0.9776801800508889, -0.8635605207437238, -0.7153339970162215, -0.9903005167277141, -0.4091035497278469, -0.968568289101715, -0.9876418746042985, -0.9919954310114576, -0.9730029446570375, -0.5245626555400498, -0.7532444411402763, -0.965064514246536, -0.9766445968491638, -0.9777245943532321, -0.9840246491592842, -0.898700286079227, -0.9774402657444538, -0.47621838244862996, -0.934970212897195, -0.9841749849480069, -0.9886979027149682, -0.5534857667906475, -0.9730029446570375, -0.8931244800113831, -0.2756112914055956, -0.9790907194047774, -0.9696733546198859, -0.9666731142982203, -0.5402563124175926, -0.490746718734198, -0.9879701568975406, -0.4963732428005182, -0.9722384394879077, -0.4931060166754116, -0.5441937864229923, -0.6621478185438703, -0.2510588040468188, -0.5030971408675359, -0.5739954691684274, -0.5895896632562041, -0.9721135053238035, -0.10322408974599957, -0.9525467995149255, -0.9679636321199799, -0.9890660134207956, -0.9858946815320436, -0.5172695027120102, -0.5193215309311774, -0.8176237582550929, -0.47930195530229736, -0.17329171875221433, -0.8808053302637433, -0.9898425449030683, -0.9878433242502319, -0.5178565945884633, -0.5237760066024197, 0.04749578023811733, -0.9729468775770812, -0.984270706883332, -0.5680278716828486, -0.9685722430138988, -0.4894558865893728, -0.9805579037178251, -0.9663013858490385, -0.9745308516826894, -0.7728338442653182, -0.9763088688793479, -0.07565668734291592, -0.5391801752387305, -0.51154299790365, -0.51154299790365, -0.9761205310391736, -0.5321799570561507, -0.8314840689349562, -0.5974303564479021, -0.4622725091890615, -0.23690697732927765, -0.2704941275432036, -0.5657691056055307, -0.9956640199560189, -0.982770543106021, -0.43432852263685795, -0.7085902439993882, -0.9701375179447912, -0.9618123138163637, -0.9819795962119375, -0.36116087858644363, -0.8042676024162609, -0.40244007639574925, -0.5913108236456834, -0.964564383068061, -0.9865796572672151, -0.9729187566060433, -0.9894258145426933, -0.636897493267465, -0.9714479051770347], "gsf_samples": [0.9446328903803412, 0.976420308457397, 0.15680935803566962, 0.3723006023372026, 0.9595125858576468, 0.7353102240803392, 0.4677324944694855, 0.9843526450089116, 0.32885002175435624, 0.9492728981671829, 0.9845548175561104, 0.9893624185064084, 0.9565546892004205, 0.29040297471860216, 0.49902420172014816, 0.9466755203427102, 0.9604301907892753, 0.9608363140796045, 0.9790233640585896, 0.8640550750542919, 0.9599993120802993, 0.09407620865599234, 0.917393638196833, 0.9767741286706016, 0.9824115619905023, 0.17122614146777904, 0.9565546892004205, 0.8581242345185147, 0.1266953653501124, 0.9659496377756174, 0.9498506128719626, 0.9456496300304695, 0.14901709694019263, 0.026771209984908038, 0.9808227523811421, 0.06420642173787498, 0.953249096634944, 0.21166839021673609, 0.34799951516570526, 0.26410080235636163, 0.0100298031254008, 0.04131100715200379, 0.20114811427170526, 0.508820580717768, 0.9542552175363671, 0.018787030776754143, 0.9130846784038441, 0.946251828322717, 0.9871553944337004, 0.9808451192097192, 0.19450036649332372, 0.035515435466574534, 0.6479912257142256, 0.45560447847324603, 0.05217719257566727, 0.778008451553054, 0.9837960653573834, 0.9807194141159006, 0.10397951270561533, 0.035149524218376096, 0.02531132972238578, 0.9543732361322685, 0.9793997758106393, 0.49057810875777147, 0.940398346422237, 0.02632745486720965, 0.9729727919692249, 0.9498770836228531, 0.9487600021634096, 0.6118830302132021, 0.9580413030422305, 0.05954482183428667, 0.12605207681063435, 0.00715435238858953, 0.00715435238858953, 0.9593245678391984, 0.11341513785136709, 0.7393100567793489, 0.5322203268145881, 0.03737022872022972, 0.012865912889278453, 0.10198770655510352, 0.4861571898937025, 0.9947240023065639, 0.9768445013149568, 0.04057456754235064, 0.4386812418097215, 0.9497966534106189, 0.9321084329693907, 0.9730351051705576, 0.30419153854238945, 0.6326702196309575, 0.05463297928349739, 0.20601408825411865, 0.9420928735870957, 0.9798288877681353, 0.9564498580297907, 0.987394951615293, 0.3188633846873538, 0.9520095712013074], "norm_samples": [1.0, 1.0, 0.9999999999999997, 1.0, 1.0, 1.0, 1.0, 1.0, 0.9999999999999999, 1.0, 0.9999999999999999, 1.0, 1.0, 1.0, 0.9999999999999998, 1.0, 0.9999999999999999, 1.0, 1.0, 1.0000000000000002, 0.9999999999999999, 1.0000000000000002, 1.0, 0.9999999999999997, 0.9999999999999999, 1.0, 1.0, 0.9999999999999999, 1.0, 1.0, 1.0, 1.0000000000000002, 0.9999999999999999, 0.9999999999999999, 0.9999999999999998, 1.0, 1.0, 0.9999999999999999, 1.0, 1.0000000000000002, 1.0, 1.0, 1.0, 0.9999999999999999, 1.0, 1.0, 1.0, 1.0, 0.9999999999999999, 0.9999999999999999, 1.0, 1.0, 1.0, 1.0, 1.0, 1.0, 1.0000000000000002, 1.0, 0.9999999999999998, 0.9999999999999999, 0.9999999999999997, 0.9999999999999998, 1.0, 1.0000000000000002, 1.0, 1.0, 0.9999999999999999, 1.0, 1.0000000000000002, 0.9999999999999999, 1.0, 1.0, 1.0000000000000002, 0.9999999999999999, 0.9999999999999999, 1.0, 1.0, 1.0, 0.9999999999999998, 0.9999999999999999, 1.0, 0.9999999999999999, 1.0, 1.0, 0.9999999999999999, 1.0, 0.9999999999999999, 1.0000000000000002, 1.0, 0.9999999999999999, 0.9999999999999999, 1.0, 1.0, 1.0, 1.0, 1.0, 0.9999999999999999, 1.0, 0.9999999999999999, 1.0]}