{"L": 6, "J": 0.13705708646304537, "B": 0.13705708646304537, "K": 10, "init_state": "random computational-basis state", "energy_avg": -0.9864876036970988, "energy_std": 0.05532373945108854, "gsf_avg": 0.9549584282069133, "gsf_std": 0.19535224940114645, "energy_samples": [-0.9998205679528608, -0.9990160342385871, -0.9987991666413608, -0.9953758586893396, -0.9932478229615549, -0.9943770023058923, -0.9207130446401546, -0.9984484212263682, -0.9866568197383894, -0.9998261954336225, -0.9987475519029606, -0.9965256237700513, -0.9995265146660259, -0.99776538706469, -0.9983759954373259, -0.9952836674904676, -0.9985029326792647, -0.9990667245654359, -0.9996780412968284, -0.9936776906652985, -0.9979392076793133, -0.9973130221057347, -0.9971509931112476, -0.9998137817742779, -0.99981307857767, -0.9993915770750109, -0.9977405454229358, -0.9996064582938421, -0.9995829320076861, -0.9986319123090371, -0.9998141676913809, -0.9997558944745264, -0.9987669522548464, -0.9963687260874596, -0.9930481503951014, -0.9982940156556758, -0.9992019733914291, -0.9996166976060575, -0.9998124734714173, -0.9961426486564214, -0.9983961958242281, -0.9995856845419646, -0.999398834128095, -0.997760967805083, -0.9996716424851313, -0.9993639786599543, -0.9993949786984717, -0.9987394344839156, -0.9993867767056064, -0.9978257819822478, -0.798995097642578, -0.9990567299762146, -0.9989885542318109, -0.998766532524369, -0.999842535108935, -0.9997499971327742, -0.9997214143783236, -0.9995843154342079, -0.998619203414089, -0.9903916856587858, -0.9995328294427327, -0.7673992749023063, -0.9998417593400346, -0.999505063318864, -0.9990845227964776, -0.999546931894652, -0.9963584694129647, -0.9966383261644473, -0.9985489157001439, -0.999749778392005, -0.9953247653004172, -0.9954277757992726, -0.9985333551737332, -0.9991534070127387, -0.9944216379763126, -0.9981913680351767, -0.9975653993370774, -0.9991694206728923, -0.9985564583217501, -0.9947257968834377, -0.5750988220430304, -0.9986395768531661, -0.9940668612243452, -0.9972786141190546, -0.9985975484127065, -0.9968528865738124, -0.9964232232899425, -0.9966226486445763, -0.7953319677350078, -0.9852111556878173, -0.9998120724916546, -0.999691758637206, -0.99846374858346, -0.9998344632431146, -0.9966966516642224, -0.9998410333303983, -0.9953144676886407, -0.999812031667384, -0.9994720811943847, -0.9939468885241844], "gsf_samples": [0.9995993358193513, 0.9980173394385623, 0.9978758418459082, 0.9924702773086657, 0.988849419747152, 0.9907176528969152, 0.8754005719346405, 0.9968841397432855, 0.9761069642538076, 0.9996116849707918, 0.997696622829347, 0.9945906011705302, 0.9989543906973158, 0.9957513233081249, 0.996614574425888, 0.9908811614987008, 0.9968848652022614, 0.9983182217729423, 0.9992341659842542, 0.9894180008367738, 0.9965513284239692, 0.9951298845366756, 0.9948296715522579, 0.9995900638377552, 0.999587711734992, 0.9987975753065762, 0.9963163820267184, 0.9992020020583274, 0.9992757436050831, 0.9974934131325035, 0.9995898516679191, 0.9994925648563029, 0.9972876699038982, 0.9933259790110629, 0.9882525008091064, 0.9968253861865362, 0.9984402861636349, 0.9991862582027448, 0.9995867802023047, 0.9925622786169097, 0.9969973436411202, 0.9991340021477715, 0.9987941745891488, 0.9958041108986476, 0.9992882315916797, 0.9986862885642315, 0.9987821646867517, 0.9976638272419329, 0.9987969819468724, 0.9961550421867764, 3.9264497688510294e-26, 0.9983590846958419, 0.9982232919425647, 0.9975875427496133, 0.9996238636711912, 0.9994728848826622, 0.9994225762675399, 0.9991328120047942, 0.997118928464076, 0.9835722383629597, 0.9990199458111014, 6.727051370837123e-26, 0.9996348710081289, 0.9989975284393585, 0.9985622091471741, 0.9990009815785608, 0.9928743436528777, 0.9943748233720741, 0.997329816642338, 0.9994969468576258, 0.9920027511603882, 0.9923410210768056, 0.9969496162365792, 0.9985650645837268, 0.9901331972440838, 0.9966686090364256, 0.9954958234288327, 0.998586636212179, 0.9967700078125661, 0.9895291244154524, 1.2884244068217172e-26, 0.9974378541315588, 0.9906251214552926, 0.9951621156103427, 0.997414053717545, 0.9943177539800452, 0.9939475105571752, 0.9943531308949718, 5.479188184942868e-26, 0.9717279667525072, 0.9995859505415188, 0.9993641199663718, 0.9972598584568039, 0.9996107415157849, 0.9937579473451151, 0.9996208784689501, 0.9910791199862189, 0.9995859440977295, 0.9989766414162861, 0.9878669160241539], "norm_samples": [1.0, 0.9999999999999999, 0.9999999999999999, 1.0, 1.0, 1.0, 1.0, 1.0, 0.9999999999999999, 0.9999999999999999, 1.0000000000000002, 1.0, 1.0, 0.9999999999999999, 1.0, 1.0, 1.0, 1.0, 1.0, 1.0, 0.9999999999999999, 1.0, 1.0, 1.0, 1.0, 1.0, 1.0, 0.9999999999999999, 1.0, 1.0, 0.9999999999999999, 1.0, 1.0, 1.0, 1.0, 0.9999999999999999, 1.0, 1.0000000000000002, 1.0, 0.9999999999999998, 0.9999999999999999, 0.9999999999999999, 1.0, 1.0, 1.0, 1.0, 1.0, 0.9999999999999999, 0.9999999999999999, 1.0000000000000002, 1.0, 1.0, 0.9999999999999999, 0.9999999999999999, 1.0, 0.9999999999999999, 1.0, 0.9999999999999998, 1.0, 0.9999999999999999, 1.0, 1.0, 0.9999999999999999, 1.0, 1.0, 1.0, 1.0, 0.9999999999999999, 1.0, 1.0, 0.9999999999999999, 0.9999999999999999, 1.0, 0.9999999999999999, 1.0, 1.0000000000000002, 0.9999999999999999, 0.9999999999999998, 0.9999999999999999, 1.0, 0.9999999999999999, 1.0, 1.0, 0.9999999999999998, 0.9999999999999999, 1.0, 1.0, 0.9999999999999999, 1.0, 1.0, 0.9999999999999999, 1.0, 0.9999999999999999, 1.0, 0.9999999999999999, 0.9999999999999999, 1.0, 1.0, 0.9999999999999999, 1.0000000000000002]}