{"L": 6, "J": 0.19683820800041796, "B": 0.03936764160008359, "K": 3, "init_state": "random computational-basis state", "energy_avg": -0.861120164307324, "energy_std": 0.16094188596613399, "gsf_avg": 0.6954580029601664, "gsf_std": 0.35370913839256274, "energy_samples": [-0.9904546099814281, -0.9813006466545153, -0.5915027616551725, -0.9743064683224238, -0.9813006466545153, -0.8995857942015558, -0.7846883808232026, -0.9887212701304334, -0.9138088686435197, -0.6344019148904506, -0.9813006466545153, -0.9288637786537457, -0.9813006466545153, -0.9813006466545153, -0.34728095125488945, -0.5821672776059205, -0.9680200305030688, -0.9813006466545153, -0.7537518179553835, -0.9883220227797753, -0.6199920787444235, -0.6427117525949115, -0.9908328173665688, -0.8624331198733448, -0.9813006466545153, -0.6729126647287901, -0.9813006466545153, -0.9882824578025694, -0.9806613170129557, -0.8649750477489702, -0.9519150651740149, -0.6495270780667124, -0.6836015969435235, -0.9813006466545153, -0.983325015096832, -0.5791650870821243, -0.979737112883297, -0.4036398792200645, -0.794059199655038, -0.9813006466545153, -0.9560113027391287, -0.6344019148904506, -0.7614400797123322, -0.9813006466545153, -0.9813006466545153, -0.9813006466545153, -0.9813006466545153, -0.7741891721105789, -0.9612178059616793, -0.9129704672187458, -0.9728329965068918, -0.6848046157897819, -0.9898107774484581, -0.9519106868993523, -0.9898107774484581, -0.9688949944215853, -0.8193312375717966, -0.6961369363330616, -0.9364036208036784, -0.98017153549506, -0.721120393228977, -0.9352182963281961, -0.5631353968690911, -0.9817776266718017, -0.9277398013592154, -0.5778585350786235, -0.9694713524130023, -0.7893291197822538, -0.9898107774484581, -0.6259431377519727, -0.9325031762479062, -0.97928278849189, -0.9899276945943505, -0.9898107774484581, -0.9817776266718017, -0.5965025004178647, -0.948809538913539, -0.7158536306852223, -0.9863398269806295, -0.9888642769263069, -0.9816761162647687, -0.6668759644630444, -0.5763050736040367, -0.7471936694535128, -0.9773238814561355, -0.6507769137570611, -0.9796446979845511, -0.9837168643788079, -0.9812828585300052, -0.9820392436454074, -0.6353781186775266, -0.9837168643788079, -0.562107649271206, -0.9760833988387038, -0.9725407561826434, -0.9898107774484581, -0.8469382889752642, -0.9898107774484581, -0.77114892270741, -0.944374107047664], "gsf_samples": [0.9815971800077691, 0.9576349549427972, 0.04487844481898452, 0.9579577915090821, 0.9576349549427972, 0.85274877660229, 0.5049241106690914, 0.9786692497685419, 0.8023030476069243, 0.15981875135714452, 0.9576349549427972, 0.8437917082050733, 0.9576349549427972, 0.9576349549427972, 0.18292111617368328, 0.014914934202605002, 0.9506533314047259, 0.9576349549427972, 0.5600277912151493, 0.9770267414974113, 0.11517340165271155, 0.005254370049575802, 0.9835435837534904, 0.7231938594416304, 0.9576349549427972, 0.16472008893722717, 0.9576349549427972, 0.9794287544803489, 0.956604204163587, 0.6768507225124492, 0.893096536640823, 0.12190384067934462, 0.449362656356624, 0.9576349549427972, 0.9638638811433212, 0.03831243758454186, 0.951651867334626, 0.04841548856866468, 0.4934495891552491, 0.9576349549427972, 0.9071648977722888, 0.15981875135714452, 0.46152094904475455, 0.9576349549427972, 0.9576349549427972, 0.9576349549427972, 0.9576349549427972, 0.611911110952408, 0.9223017255206013, 0.7881761663772896, 0.9397387250726803, 0.4084760173145954, 0.9810301228554819, 0.9170619111792064, 0.9810301228554819, 0.9376127856571863, 0.5903900338552365, 0.25684598971630374, 0.9000404544621972, 0.9532550462302303, 0.44032027308393507, 0.8764925754126488, 0.009560342126514382, 0.9585501176646164, 0.8673498855373525, 0.02694944184294684, 0.9365407008570408, 0.4252077511453143, 0.9810301228554819, 0.049119489367700504, 0.871446106122265, 0.951719944371891, 0.9809035936767694, 0.9810301228554819, 0.9585501176646164, 0.05248852645499097, 0.8778710884143147, 0.32781228433830134, 0.9770630212323874, 0.9781400688584477, 0.9589942398031431, 0.17970845608376892, 0.009462326883773657, 0.43945783892848655, 0.9498319269149758, 0.11613160126008142, 0.9563984384236873, 0.9619402523481215, 0.9568066611816916, 0.9587136874423601, 0.055350891448918034, 0.9619402523481215, 0.05436489312204817, 0.9490973091517079, 0.9389151146118625, 0.9810301228554819, 0.7534509079745018, 0.9810301228554819, 0.4369417207823441, 0.9177655207981124], "norm_samples": [0.9999999999999998, 1.0, 0.9999999999999999, 1.0, 1.0, 0.9999999999999999, 0.9999999999999999, 1.0000000000000002, 0.9999999999999999, 1.0, 1.0, 1.0, 1.0, 1.0, 1.0, 0.9999999999999999, 1.0, 1.0, 1.0, 1.0, 1.0, 0.9999999999999999, 1.0, 1.0, 1.0, 1.0, 1.0, 0.9999999999999999, 1.0, 1.0000000000000002, 0.9999999999999999, 1.0, 1.0, 1.0, 0.9999999999999999, 1.0, 1.0, 1.0, 1.0, 1.0, 0.9999999999999999, 1.0, 0.9999999999999998, 1.0, 1.0, 1.0, 1.0, 1.0, 0.9999999999999998, 1.0000000000000002, 0.9999999999999998, 1.0, 0.9999999999999998, 0.9999999999999999, 0.9999999999999998, 0.9999999999999999, 1.0, 1.0, 1.0, 1.0, 1.0, 0.9999999999999999, 1.0, 0.9999999999999999, 1.0, 1.0, 1.0, 1.0, 0.9999999999999998, 1.0, 1.0, 0.9999999999999999, 0.9999999999999999, 0.9999999999999998, 0.9999999999999999, 1.0, 1.0, 1.0, 1.0, 1.0, 0.9999999999999998, 0.9999999999999999, 1.0, 1.0, 0.9999999999999999, 0.9999999999999998, 0.9999999999999998, 0.9999999999999999, 1.0, 0.9999999999999999, 0.9999999999999998, 0.9999999999999999, 1.0, 0.9999999999999999, 1.0, 0.9999999999999998, 1.0, 0.9999999999999998, 0.9999999999999999, 0.9999999999999999]}