{"L": 6, "J": 0.19683820800041796, "B": 0.03936764160008359, "K": 5, "init_state": "random computational-basis state", "energy_avg": -0.8893901789776375, "energy_std": 0.17061743530452325, "gsf_avg": 0.7787156260288062, "gsf_std": 0.32727099148964955, "energy_samples": [-0.8603605716886373, -0.9918086511297796, -0.9950230874699212, -0.9877130449767692, -0.8368464903258479, -0.779523236199014, -0.9923560152255302, -0.9897779766328251, -0.9909874870215342, -0.2974597733585042, -0.9917974137630787, -0.9934920924619121, -0.9923645056677752, -0.597820672729051, -0.6230094050018501, -0.2999575150052767, -0.9956107687561273, -0.913029090229935, -0.9932279215330256, -0.7320803400188972, -0.9091553630686816, -0.5273299631258195, -0.9556194187784622, -0.7639945723647292, -0.9941659300171227, -0.6975312919661881, -0.9940063341903235, -0.7401490489997699, -0.9904121959791609, -0.6372555816403667, -0.9925571637497025, -0.9919066211521733, -0.8490639725945949, -0.9940063341903235, -0.5701347372781854, -0.9879432998837365, -0.9869475940458096, -0.9836408398096907, -0.9934346901478798, -0.991350750929838, -0.9917189720680041, -0.994639357475681, -0.8823754788621074, -0.9925571637497025, -0.9866549355201399, -0.9927308420610435, -0.9868731935108791, -0.9940063341903235, -0.9895719120023595, -0.8734721227006036, -0.7134915096340299, -0.992723746469165, -0.7055394389748331, -0.9935966086978161, -0.7007778158607785, -0.9929993021217777, -0.9871294456876668, -0.9793737313219564, -0.9955639028904884, -0.842593082885818, -0.9913998074045666, -0.6278742612337394, -0.6296276745333528, -0.9926021902158472, -0.9943224294922691, -0.9910152883673933, -0.9935966086978161, -0.9943486611657365, -0.982860739947595, -0.9938555746915184, -0.8909898761536973, -0.9940454223578187, -0.596290592433152, -0.9927208700301132, -0.9935966086978161, -0.9930774487869697, -0.9905181000133012, -0.7308883714472052, -0.617917581322156, -0.5597328219442439, -0.993130763248535, -0.992068402480106, -0.9933832447297032, -0.9930756955021517, -0.9935966086978161, -0.9937554226343075, -0.9921149946512351, -0.9908821758135502, -0.9920024334677416, -0.9942279529371162, -0.6462099827855877, -0.9940811563167569, -0.9259741284689699, -0.992190923185495, -0.9670554340675035, -0.9947939569143547, -0.9925256506389559, -0.34789483923217546, -0.6155181651842521, -0.9900143780781013], "gsf_samples": [0.6606700093116259, 0.9842947998453456, 0.9929044788181857, 0.9732262647543196, 0.5736013731880327, 0.7068055801135408, 0.9852727612242441, 0.980215363222743, 0.9823275927594183, 0.07494863008045649, 0.9844651161240611, 0.9884797045466568, 0.9877593931622162, 0.1049640820544021, 0.09395669868504306, 0.058878065197531464, 0.9932979118517296, 0.8028308101515259, 0.9880797967360466, 0.3127144752235726, 0.7849952265936252, 0.0313705412340811, 0.8957672724982474, 0.43462349001853395, 0.990043244415843, 0.46714187294784065, 0.9899245492759442, 0.3472636383179075, 0.9857380807300917, 0.17788769993282932, 0.9856666193787854, 0.9838655364822753, 0.6200551959872888, 0.9899245492759442, 0.09475893390807022, 0.97970907544504, 0.9736531539189661, 0.970143000715837, 0.9885565270451239, 0.9853561294348375, 0.9859517347850136, 0.9911240854240982, 0.8338161493649501, 0.9856666193787854, 0.9702752910860852, 0.9865475231850845, 0.9773373818502882, 0.9899245492759442, 0.9782104990639118, 0.6789768017235868, 0.29062873536422074, 0.985349863779971, 0.21514780309056403, 0.9892846010613842, 0.5566886779172029, 0.9878210787628824, 0.9785591632628212, 0.9567369136471479, 0.9939711420293624, 0.6120073360033077, 0.9828772156890642, 0.4740801377274038, 0.03138708130862199, 0.9861372076896656, 0.9906561308808647, 0.981870262961756, 0.9892846010613842, 0.9905808021488657, 0.9669444216081868, 0.9897348796483194, 0.7096510184575504, 0.9909270609441889, 0.02138408447840534, 0.9866054559008957, 0.9892846010613842, 0.9875892720218983, 0.9835755784468739, 0.5364708102426627, 0.1312620899326491, 0.03234720471921065, 0.9894451060112107, 0.9851530457705969, 0.9885890987582446, 0.9873837419326763, 0.9892846010613842, 0.9893377176800814, 0.984404120234435, 0.9807015937518755, 0.9857237848177133, 0.9903926404319926, 0.10506872130278919, 0.9900436302681596, 0.8628628148992386, 0.9865452999447516, 0.9381841942962922, 0.9920483082684767, 0.9858992724053696, 0.12684587860577182, 0.4324198111242223, 0.9784161097210553], "norm_samples": [1.0, 1.0, 1.0000000000000002, 1.0, 0.9999999999999999, 1.0, 0.9999999999999999, 0.9999999999999999, 0.9999999999999998, 1.0, 0.9999999999999998, 0.9999999999999999, 1.0, 1.0, 0.9999999999999999, 0.9999999999999999, 1.0, 1.0, 1.0, 1.0, 1.0, 0.9999999999999999, 0.9999999999999999, 1.0, 0.9999999999999999, 1.0, 0.9999999999999999, 1.0, 1.0, 1.0, 1.0, 1.0, 0.9999999999999998, 0.9999999999999999, 0.9999999999999999, 1.0, 1.0000000000000002, 1.0, 1.0, 1.0, 1.0, 0.9999999999999999, 0.9999999999999999, 1.0, 1.0, 1.0000000000000002, 1.0, 0.9999999999999999, 1.0, 0.9999999999999999, 1.0, 0.9999999999999999, 1.0, 1.0, 0.9999999999999999, 1.0, 1.0, 1.0, 0.9999999999999999, 1.0, 0.9999999999999999, 0.9999999999999998, 1.0, 0.9999999999999999, 1.0, 1.0, 1.0, 1.0, 1.0000000000000004, 0.9999999999999999, 0.9999999999999999, 1.0, 0.9999999999999999, 1.0, 1.0, 0.9999999999999999, 1.0, 0.9999999999999999, 1.0, 0.9999999999999998, 1.0, 1.0, 1.0, 0.9999999999999999, 1.0, 1.0, 1.0, 1.0, 0.9999999999999998, 1.0, 1.0, 1.0, 0.9999999999999999, 0.9999999999999999, 0.9999999999999999, 1.0, 0.9999999999999999, 0.9999999999999999, 0.9999999999999999, 0.9999999999999998]}