{"L": 7, "J": 0.16419577752050152, "B": 0.032839155504100305, "K": 2, "init_state": "random computational-basis state", "energy_avg": -0.7019764796593502, "energy_std": 0.21872312951086906, "gsf_avg": 0.4016980269980118, "gsf_std": 0.38429518363172854, "energy_samples": [-0.9776678015943013, -0.3653567195973152, -0.988202259613498, -0.9776849603301646, -0.6999282378360524, -0.554893132069443, -0.5049927338102078, -0.9896094876913273, -0.866154263880674, -0.9804191575235967, -0.795276637154433, -0.4446596569419783, -0.7509787072725309, -0.6576041690924308, -0.4267298090697931, -0.3622801302831488, -0.9751980201583919, -0.8265156890931751, -0.3890573734894285, -0.6955431722221559, -0.7526540004592754, -0.5227962216937454, -0.4125585326881331, -0.7163031141518584, -0.7756263744902238, -0.6881744817036314, -0.4132125942994702, -0.6446435504933258, -0.6038427519226274, -0.9231266192862358, -0.4483290035328178, -0.980867475390967, -0.9780363239230906, -0.4558855249584364, -0.6690422814950179, -0.6478146303537605, -0.2361421761867957, -0.6003213865039376, -0.6160217345233814, -0.7618461651043196, -0.9799661831817387, -0.5329261607269664, -0.6700227593694111, -0.4533291879805345, -0.5622498669205628, -0.5507731783440728, -0.44338277666618364, -0.9702645105097364, -0.394015698318166, -0.8146909397293035, -0.6751324541020736, -0.5962332672915018, -0.9768832589418223, -0.9805561011767931, -0.9775172928933967, -0.9768370010579119, -0.9884584181725614, -0.7456573497905451, -0.7837681500911299, -0.6417072480596808, -0.6786607297280194, -0.9901704472227781, -0.9788860477636967, -0.9773215122281457, -0.48326977623080153, -0.8162378309743769, -0.45876437618589905, -0.9804816893957239, -0.8272045687259887, -0.6189936786882072, 0.00438806254980256, -0.9775222452961392, -0.5295079303817385, -0.64636575898022, -0.6709975747950946, -0.4775545921750275, -0.9920642578485477, -0.5032194273890082, -0.9882622647757627, -0.38387834156239503, -0.6788183302759156, -0.37340572441198844, -0.6626729197587714, -0.9870687051592787, -0.598637184861623, -0.5508290552535864, -0.5420503984362274, -0.595330010667292, -0.6203595815482237, -0.8610975195984081, -0.6211099326571357, -0.7131521049712873, -0.6801822254530352, -0.6901705523315427, -0.987987772822221, -0.8664455005040425, -0.5172249519146953, -0.9870653249952315, -0.9203615277828308, -0.9783347895247198], "gsf_samples": [0.9462546223092124, 0.02994472919480478, 0.9755396276580093, 0.9441843056434801, 0.0709002452067264, 0.017750739841572834, 0.13787232927142065, 0.9798768745371575, 0.61369480450368, 0.9527890435765045, 0.4275423848594178, 0.07761967490216876, 0.5628118464450792, 0.1297559920679956, 0.008555544226888069, 0.09146758965640034, 0.9416105318995139, 0.5558181706799638, 0.06402878222938538, 0.15482862316113097, 0.3992306021849951, 0.04529103272922421, 0.08734371233639612, 0.5348894686881627, 0.35899756387824244, 0.025359617469404287, 0.006814691211184905, 0.4219747716547123, 0.03993921825053502, 0.7848343774980159, 0.07311490927589805, 0.9536347537088087, 0.9466576207965915, 0.09296158404682114, 0.38321522161142035, 0.022428396216595006, 0.0037086382867244946, 0.006320683349052953, 0.11508236266418924, 0.31562042969777193, 0.950950031412894, 0.08999534543558943, 0.3956222790239618, 0.03587946681284338, 0.0066116790970884905, 0.3063367338800117, 0.052792286568162095, 0.9207754453281655, 0.019085821679894605, 0.6818499361284962, 0.4611981625229191, 0.020946520826633418, 0.946055746004265, 0.9499543857945859, 0.9478386377481639, 0.9455375236315395, 0.9766465349000811, 0.604367175113061, 0.39896359911366763, 0.003496464579501172, 0.12987260265468026, 0.9816768946566086, 0.9449995610996081, 0.9458299009887496, 0.06564533655550536, 0.6379080542670432, 0.18589592193424131, 0.9546165674519868, 0.46899969684448245, 0.007156868845659298, 0.017190096467304055, 0.9444368618017988, 0.16151506656681516, 0.007910484179913345, 0.2163877113853647, 0.12217520478145451, 0.9836770061843911, 0.20478635166280135, 0.9758502590887748, 0.010534225274438789, 0.017214353473254777, 0.04535269949494896, 0.06598009370365816, 0.9729782471173092, 0.22010063828743198, 0.0059073718800034675, 0.07437090476823933, 0.02491103744202639, 0.008582276733562967, 0.6415291574227502, 0.0057786816930522795, 0.47155598298780865, 0.05994452690487374, 0.12537319648759535, 0.9739922260693782, 0.7037204008562408, 0.02387296878217836, 0.9717546190110444, 0.8247309926422445, 0.9499177583251711], "norm_samples": [0.9999999999999999, 1.0, 0.9999999999999998, 0.9999999999999999, 0.9999999999999999, 0.9999999999999999, 0.9999999999999999, 1.0, 1.0000000000000002, 0.9999999999999999, 1.0, 1.0, 0.9999999999999999, 0.9999999999999999, 0.9999999999999999, 1.0, 0.9999999999999998, 0.9999999999999998, 0.9999999999999999, 1.0, 0.9999999999999999, 0.9999999999999999, 1.0, 1.0, 1.0000000000000002, 1.0, 1.0, 1.0, 0.9999999999999999, 1.0000000000000002, 1.0, 1.0, 1.0000000000000002, 1.0, 0.9999999999999999, 1.0, 1.0, 1.0, 1.0, 1.0, 0.9999999999999998, 1.0, 1.0, 1.0, 1.0, 0.9999999999999999, 1.0, 0.9999999999999999, 1.0, 1.0, 0.9999999999999999, 0.9999999999999999, 1.0, 0.9999999999999999, 1.0, 1.0, 1.0, 0.9999999999999999, 1.0, 1.0, 0.9999999999999999, 1.0, 1.0, 1.0, 0.9999999999999999, 1.0, 1.0, 1.0, 1.0000000000000002, 0.9999999999999999, 0.9999999999999999, 1.0, 0.9999999999999999, 0.9999999999999999, 1.0, 1.0, 1.0000000000000002, 1.0, 1.0, 1.0, 0.9999999999999999, 1.0, 1.0, 1.0, 1.0, 1.0, 1.0, 1.0, 0.9999999999999999, 0.9999999999999999, 1.0, 0.9999999999999999, 0.9999999999999999, 0.9999999999999999, 1.0, 0.9999999999999998, 1.0, 1.0, 1.0, 1.0]}