{"L": 8, "J": 0.14083900003351849, "B": 0.028167800006703696, "K": 10, "init_state": "random computational-basis state", "energy_avg": -0.953444770867193, "energy_std": 0.10129898541913493, "gsf_avg": 0.866892285670774, "gsf_std": 0.2894764613699093, "energy_samples": [-0.9982825277172125, -0.9960433780075263, -0.9970367498502721, -0.9982825277172125, -0.9982825277172125, -0.9982825277172125, -0.9593968847711317, -0.6981009618997266, -0.9959144653889123, -0.9915614706426342, -0.9970446226473878, -0.9974969530396932, -0.997783075079577, -0.9982825277172125, -0.9982825277172125, -0.9982825277172125, -0.9982825277172125, -0.9982825277172125, -0.9366797457398954, -0.9982825277172125, -0.9830170927301846, -0.9982825277172125, -0.9982825277172125, -0.9982360432813892, -0.9980826862742271, -0.9982825277172125, -0.7402539231269162, -0.9982825277172125, -0.997920967322633, -0.5872552487234205, -0.9440287589678001, -0.9982825277172125, -0.8259527564897056, -0.8153103200738815, -0.9974995386245471, -0.9982412517726683, -0.9975044443200912, -0.9982106406603756, -0.9981989742440338, -0.9978053777102774, -0.9867511140042583, -0.7026747156215506, -0.9911644721811013, -0.9980359612449704, -0.9943377809578406, -0.7022774907626288, -0.9982825277172125, -0.6367750409102624, -0.5751341824458535, -0.668226470336325, -0.9976575451313626, -0.9967666551538689, -0.9982299689198315, -0.9821193389824857, -0.9936196571581711, -0.9951312192210698, -0.9982299689198315, -0.9982299689198315, -0.982467627369233, -0.9244731313585607, -0.9977637366615979, -0.9982299689198315, -0.9975899021743247, -0.9982320686118954, -0.9982299689198315, -0.9982299689198315, -0.9982299689198315, -0.9982299689198315, -0.9978122032141619, -0.9155375399559855, -0.9982299689198315, -0.9592305980626249, -0.9982016252985667, -0.9981326783178963, -0.9982299689198315, -0.9979007495437502, -0.9202410042469971, -0.9982299689198315, -0.9972897157559115, -0.9981040022348501, -0.9982299689198315, -0.9982299689198315, -0.8237761973990201, -0.9960469725288987, -0.9982426741520927, -0.9935094811018529, -0.9982299689198315, -0.9308772866271876, -0.9982299689198315, -0.7251863000273673, -0.9955905578378208, -0.9982119520506509, -0.917584377174503, -0.9982299689198315, -0.9975469273347559, -0.9983153188775981, -0.9976575451313626, -0.6830470541368281, -0.9982299689198315, -0.9982299689198315], "gsf_samples": [0.9963143366153409, 0.9889839202894569, 0.9939744113090371, 0.9963143366153409, 0.9963143366153409, 0.9963143366153409, 0.8787671996209057, 0.04603051940481574, 0.9919032558752982, 0.9815096630774925, 0.9917860028381632, 0.9943706088311655, 0.9947445270047696, 0.9963143366153409, 0.9963143366153409, 0.9963143366153409, 0.9963143366153409, 0.9963143366153409, 0.8476005266418755, 0.9963143366153409, 0.953273485918127, 0.9963143366153409, 0.9963143366153409, 0.9962408635172217, 0.9957851056163697, 0.9963143366153409, 0.0012758095594680157, 0.9963143366153409, 0.9953164340815462, 0.20367069129121937, 0.8238459137914991, 0.9963143366153409, 0.471608227252163, 0.41016137296346733, 0.9940959488233063, 0.9962550477435654, 0.994448975217973, 0.9962465213029593, 0.9961307914879503, 0.9946226590760918, 0.9660050268247943, 0.010913448007221629, 0.9793609930354968, 0.9955994313819286, 0.9856490299773225, 0.2833746089413166, 0.9963143366153409, 0.001767769400294777, 0.060337504225603744, 0.04047380069324981, 0.9946173368321715, 0.9913214091934794, 0.9962106208890529, 0.9678633404452993, 0.9806607560681337, 0.9906627471079166, 0.9962106208890529, 0.9962106208890529, 0.9691052959327638, 0.7752347751667991, 0.9952342791839938, 0.9962106208890529, 0.9946330299029338, 0.9963729001082634, 0.9962106208890529, 0.9962106208890529, 0.9962106208890529, 0.9962106208890529, 0.9952976601972066, 0.7380273826146415, 0.9962106208890529, 0.9255123078503449, 0.9962600548919721, 0.9958619435161069, 0.9962106208890529, 0.9947413711195564, 0.7289276175206862, 0.9962106208890529, 0.9941854418980615, 0.9957013521417595, 0.9962106208890529, 0.9962106208890529, 0.4005897774088611, 0.9919630306685479, 0.9962119309864369, 0.9862485097177148, 0.9962106208890529, 0.8518761752757678, 0.9962106208890529, 0.013711636818756638, 0.9882762410844438, 0.996163875461343, 0.7207660734935467, 0.9962106208890529, 0.9946895299137165, 0.99641348458193, 0.9946173368321715, 0.008529306270513725, 0.9962106208890529, 0.9962106208890529], "norm_samples": [1.0, 1.0, 0.9999999999999998, 1.0, 1.0, 1.0, 1.0, 1.0, 0.9999999999999998, 0.9999999999999998, 0.9999999999999999, 0.9999999999999999, 1.0, 1.0, 1.0, 1.0, 1.0, 1.0, 1.0, 1.0, 0.9999999999999999, 1.0, 1.0, 1.0, 1.0, 1.0, 0.9999999999999999, 1.0, 0.9999999999999999, 0.9999999999999998, 1.0, 1.0, 1.0, 0.9999999999999999, 1.0, 1.0, 1.0, 1.0, 1.0, 0.9999999999999999, 0.9999999999999999, 1.0, 0.9999999999999999, 1.0, 1.0, 1.0000000000000002, 1.0, 0.9999999999999999, 1.0, 1.0, 0.9999999999999999, 0.9999999999999999, 0.9999999999999999, 0.9999999999999998, 1.0000000000000002, 1.0000000000000002, 0.9999999999999999, 0.9999999999999999, 0.9999999999999998, 0.9999999999999998, 1.0000000000000002, 0.9999999999999999, 0.9999999999999999, 1.0, 0.9999999999999999, 0.9999999999999999, 0.9999999999999999, 0.9999999999999999, 1.0, 1.0, 0.9999999999999999, 0.9999999999999999, 0.9999999999999999, 1.0, 0.9999999999999999, 1.0, 1.0, 0.9999999999999999, 1.0, 1.0, 0.9999999999999999, 0.9999999999999999, 0.9999999999999998, 1.0, 1.0, 0.9999999999999999, 0.9999999999999999, 0.9999999999999999, 0.9999999999999999, 1.0, 0.9999999999999999, 0.9999999999999998, 0.9999999999999999, 0.9999999999999999, 1.0, 1.0, 0.9999999999999999, 0.9999999999999998, 0.9999999999999999, 0.9999999999999999]}