{"L": 9, "J": 0.09001252049949558, "B": 0.09001252049949558, "K": 5, "init_state": "random computational-basis state", "energy_avg": -0.9400332094766862, "energy_std": 0.0751596083218445, "gsf_avg": 0.6807547882372326, "gsf_std": 0.42031420319374013, "energy_samples": [-0.8638974345297432, -0.8685887904085824, -0.9979846092136961, -0.9948806562371754, -0.7149744427091073, -0.8551665066648111, -0.8559274861684191, -0.9875314912028025, -0.9992040932687469, -0.9963933772985183, -0.9662562988878783, -0.8941838275195432, -0.9725809631853418, -0.9793062432075013, -0.8487807807750848, -0.9991329096937556, -0.9933275160233681, -0.8803616336588171, -0.9982404353040629, -0.845868974577991, -0.8016734583583272, -0.998793638720313, -0.9946761812997243, -0.7893043103607397, -0.9991918065951758, -0.9978137576029906, -0.9423080347234454, -0.9991444906622555, -0.9982861918646143, -0.9919347056623434, -0.9946176998004337, -0.9717908491071976, -0.9854165417799908, -0.9974270269802501, -0.9610345026616663, -0.9978335350751854, -0.9986585370387944, -0.7405898223495885, -0.9514217181031495, -0.8558523469568028, -0.9973171148671561, -0.7712956359420531, -0.9958531748616173, -0.8083766453031436, -0.8841287422377425, -0.9991951625381255, -0.9983435673027453, -0.9990742241718887, -0.9807398808271466, -0.9943308912968969, -0.9982942802476341, -0.8626543518128824, -0.934521886327469, -0.9992220200932624, -0.9163651127320118, -0.9612837458232038, -0.9921666820337066, -0.9973142619948353, -0.9808746716580767, -0.9985512457546832, -0.9865248673798861, -0.9732041460606858, -0.9977782358275934, -0.884242522683018, -0.9663340105029588, -0.9037530024573021, -0.9983404420653548, -0.7937485338773833, -0.9992444024445901, -0.9121357764670011, -0.9920670257016614, -0.8922961562594143, -0.9865802349965861, -0.9913527786483248, -0.9149789620886367, -0.8913029350934749, -0.9960777596558255, -0.998563148892264, -0.9597207116257519, -0.7857980415998491, -0.9905501073182748, -0.8151913472347234, -0.9991738660898808, -0.8008462244848882, -0.7832145176356253, -0.954469445547296, -0.9965964668867987, -0.9987551030774644, -0.999032744753538, -0.9936939515346934, -0.9984274270706208, -0.800697186715401, -0.9728407915385131, -0.9945539822258453, -0.9962587274888606, -0.9344697739067409, -0.8655052726187141, -0.8323033215636967, -0.993979783083058, -0.9084562885021978], "gsf_samples": [0.5703893155994596, 3.823310742984331e-25, 0.9931868344984529, 0.9819603711261494, 2.60711373382836e-25, 2.8188602556384105e-27, 8.568889386259236e-27, 0.9625108966422411, 0.9968109082173001, 0.9874057108137055, 0.9060246508195157, 1.189071478039912e-26, 0.9251806469539534, 0.9227605752710475, 9.616272432218851e-27, 0.9966562302464317, 0.9791283941117737, 0.686737461513934, 0.9933884471661497, 1.148581863187782e-26, 2.0743940482323167e-26, 0.996061810019726, 0.9776019382201537, 1.0065619164227228e-26, 0.9966060998475316, 0.993054506881497, 0.8485724743737608, 0.9966501398100249, 0.9936834551875161, 0.9683131697467643, 0.9797688875373657, 0.9309581712876958, 0.9541439247186861, 0.9921299443994217, 0.8317866029876088, 0.9925253912377062, 0.9946100584119709, 3.7967091457022034e-25, 0.740009425428291, 0.5957095899890252, 0.9911868591666505, 1.6019105660971543e-26, 0.986632753984208, 3.647423051104998e-25, 0.6982518146669058, 0.9966450369085955, 0.9942465891796354, 0.9963338477577895, 0.9445195813976376, 0.9796360482705834, 0.993568147253133, 0.28306583744120056, 0.7476729171744639, 0.996638184017709, 0.7606893557647957, 0.87439625765128, 0.9738422368888333, 0.992073068861594, 0.9461512218134916, 0.9947015696230221, 0.9619975331104114, 0.9246780861695065, 0.992634981014397, 5.550453544008724e-28, 0.8778829721991791, 3.437139764199846e-28, 0.9939526408437805, 3.247478743878699e-25, 0.9974592525963891, 0.7392441146771452, 0.9760625343980468, 4.210485377788875e-27, 0.9662676308897812, 0.9725389477604774, 4.2266940042008375e-26, 6.979119932334842e-26, 0.989341118237212, 0.9944086235185389, 0.8989446920269193, 0.04444515732879807, 0.9607147904048148, 1.9420307187223131e-29, 0.9964632946452671, 3.8895484118561855e-28, 1.0518007177349776e-27, 2.0429720630405763e-26, 0.9893598839031678, 0.9941517492011173, 0.9959191567233292, 0.9808409761224761, 0.9946035500225537, 1.4938861666296945e-25, 0.8945899916940435, 0.9802770144319127, 0.9895010912698441, 0.8272490822395097, 0.32770056307792084, 1.8089290839681294e-26, 0.9796720343303151, 9.494804547618165e-26], "norm_samples": [1.0, 1.0000000000000002, 1.0, 1.0, 1.0, 1.0, 1.0, 1.0, 1.0, 0.9999999999999999, 1.0, 1.0, 1.0, 0.9999999999999999, 1.0, 0.9999999999999999, 0.9999999999999999, 0.9999999999999999, 1.0, 0.9999999999999999, 1.0, 0.9999999999999998, 1.0, 0.9999999999999999, 1.0, 1.0, 0.9999999999999999, 0.9999999999999999, 1.0, 1.0, 0.9999999999999999, 1.0, 0.9999999999999999, 0.9999999999999999, 1.0, 0.9999999999999999, 1.0, 1.0, 1.0, 0.9999999999999999, 0.9999999999999999, 0.9999999999999999, 0.9999999999999999, 1.0, 1.0, 1.0, 1.0, 1.0, 0.9999999999999999, 1.0, 1.0, 1.0, 1.0000000000000002, 1.0, 1.0, 0.9999999999999999, 0.9999999999999999, 1.0, 0.9999999999999999, 1.0, 1.0, 1.0, 1.0, 1.0, 1.0, 1.0, 0.9999999999999999, 1.0, 0.9999999999999998, 1.0, 1.0, 0.9999999999999998, 1.0, 1.0, 1.0, 1.0, 1.0, 1.0, 0.9999999999999999, 1.0, 0.9999999999999999, 0.9999999999999999, 1.0, 0.9999999999999999, 1.0, 1.0, 1.0, 1.0, 1.0, 0.9999999999999999, 0.9999999999999999, 1.0000000000000002, 0.9999999999999999, 1.0000000000000002, 1.0, 0.9999999999999999, 0.9999999999999999, 1.0000000000000002, 0.9999999999999999, 0.9999999999999999]}