{"L": 9, "J": 0.12329955564675057, "B": 0.024659911129350114, "K": 10, "init_state": "random computational-basis state", "energy_avg": -0.9701638482953281, "energy_std": 0.07698784280024373, "gsf_avg": 0.8954202912117317, "gsf_std": 0.27799359034720394, "energy_samples": [-0.9982076236456512, -0.9950281703274219, -0.9983769778619599, -0.9982076236456512, -0.9982076236456512, -0.9982076236456512, -0.9982076236456512, -0.9969358773865652, -0.773191964192969, -0.9982076236456512, -0.7846262356284692, -0.9983234587060856, -0.99499684127841, -0.9447201134923219, -0.9932465787802853, -0.7105962576616198, -0.9983722223275197, -0.9982076236456512, -0.997222100508156, -0.9982076236456512, -0.7239242555756971, -0.9982076236456512, -0.9925733655806354, -0.7722738194158572, -0.9978499573938351, -0.9982674518800724, -0.9982076236456512, -0.9929417135663401, -0.9982076236456512, -0.9979010699622952, -0.9982076236456512, -0.9945309587398835, -0.9982076236456512, -0.7345329130338357, -0.9948043824014263, -0.9982076236456512, -0.7583552338641464, -0.9982076236456512, -0.9919393227670769, -0.9982076236456512, -0.99766734573256, -0.9982076236456512, -0.9972783290486835, -0.9982161583607765, -0.9982076236456512, -0.9979456016966295, -0.9982076236456512, -0.9982076236456512, -0.9983873182205828, -0.9984609173518283, -0.9979282264800582, -0.9929258791826339, -0.7845233891361978, -0.9747042720469565, -0.9984216010930577, -0.9979815969286407, -0.9979815969286407, -0.9984216010930577, -0.9921628261832058, -0.9984216010930577, -0.9984216010930577, -0.9916066315284976, -0.9984216010930577, -0.9984216010930577, -0.9756185574585776, -0.6358992361072645, -0.9979379580570207, -0.9913844950685046, -0.9980623139482044, -0.991983479171202, -0.9984216010930577, -0.996781587863279, -0.9984216010930577, -0.9984216010930577, -0.9980839322691204, -0.9981189476847652, -0.9961772770345269, -0.9984216010930577, -0.9979663056806665, -0.9984216010930577, -0.9965286786302777, -0.9967198179713335, -0.9984216010930577, -0.9981740237123755, -0.9984216010930577, -0.9984216010930577, -0.997725281775302, -0.7690179932811555, -0.9984216010930577, -0.9728423068754398, -0.9299824631055437, -0.9982647048919577, -0.9984216010930577, -0.9984216010930577, -0.9975778838965109, -0.9984216010930577, -0.9984216010930577, -0.9984216010930577, -0.9975549086475878, -0.9980968504692402], "gsf_samples": [0.9956364130267994, 0.9894407053937635, 0.996390985678236, 0.9956364130267994, 0.9956364130267994, 0.9956364130267994, 0.9956364130267994, 0.9931476378625247, 0.009868933114253955, 0.9956364130267994, 0.1900979664502103, 0.9962749150754561, 0.9890230112000636, 0.8145418255453071, 0.9858030717610834, 0.2392781563557546, 0.9963662695045714, 0.9956364130267994, 0.9933244393681628, 0.9956364130267994, 0.006278030924739136, 0.9956364130267994, 0.972701070453707, 0.057010302741243676, 0.9951158880532655, 0.996164348174748, 0.9956364130267994, 0.9832713663829616, 0.9956364130267994, 0.9953039157215811, 0.9956364130267994, 0.9869912912713233, 0.9956364130267994, 0.041566177123634696, 0.9882641609521494, 0.9956364130267994, 0.03330942630154233, 0.9956364130267994, 0.983201538117563, 0.9956364130267994, 0.993658624968819, 0.9956364130267994, 0.993941411518199, 0.9956508537143053, 0.9956364130267994, 0.9948876733071302, 0.9956364130267994, 0.9956364130267994, 0.996467703847889, 0.9965678973935062, 0.9944460449642925, 0.984817495893734, 0.10919557515194518, 0.918102850190722, 0.9964736092526332, 0.9951299198156554, 0.9951299198156554, 0.9964736092526332, 0.9822563771342029, 0.9964736092526332, 0.9964736092526332, 0.9665186826638983, 0.9964736092526332, 0.9964736092526332, 0.9469395324937065, 0.0011889678148957032, 0.9949883283108923, 0.9688475567198241, 0.9952395391864244, 0.9721743442063597, 0.9964736092526332, 0.9895066461527059, 0.9964736092526332, 0.9964736092526332, 0.995319233476013, 0.995443541223796, 0.9909949868108334, 0.9964736092526332, 0.9947609334703742, 0.9964736092526332, 0.9917495086138745, 0.989605116090908, 0.9964736092526332, 0.995542109243085, 0.9964736092526332, 0.9964736092526332, 0.9946810205804943, 0.002162515840771514, 0.9964736092526332, 0.9408457264761642, 0.8115091040518476, 0.9962015872051521, 0.9964736092526332, 0.9964736092526332, 0.9942212457700242, 0.9964736092526332, 0.9964736092526332, 0.9964736092526332, 0.9929666737404551, 0.9954339941981322], "norm_samples": [0.9999999999999998, 1.0000000000000002, 1.0, 0.9999999999999998, 0.9999999999999998, 0.9999999999999998, 0.9999999999999998, 0.9999999999999998, 1.0, 0.9999999999999998, 1.0, 0.9999999999999999, 1.0, 1.0, 1.0, 1.0, 0.9999999999999998, 0.9999999999999998, 1.0, 0.9999999999999998, 1.0, 0.9999999999999998, 0.9999999999999999, 1.0, 1.0, 1.0000000000000002, 0.9999999999999998, 1.0000000000000002, 0.9999999999999998, 0.9999999999999999, 0.9999999999999998, 1.0, 0.9999999999999998, 1.0, 0.9999999999999999, 0.9999999999999998, 0.9999999999999998, 0.9999999999999998, 0.9999999999999999, 0.9999999999999998, 1.0, 0.9999999999999998, 1.0, 0.9999999999999999, 0.9999999999999998, 1.0, 0.9999999999999998, 0.9999999999999998, 1.0, 0.9999999999999999, 1.0, 0.9999999999999999, 0.9999999999999999, 1.0, 1.0, 1.0, 1.0, 1.0, 1.0, 1.0, 1.0, 1.0000000000000002, 1.0, 1.0, 1.0, 0.9999999999999999, 1.0, 1.0, 1.0, 0.9999999999999999, 1.0, 1.0, 1.0, 1.0, 0.9999999999999998, 1.0, 1.0, 1.0, 1.0, 1.0, 1.0000000000000002, 1.0, 1.0, 0.9999999999999999, 1.0, 1.0, 0.9999999999999999, 0.9999999999999999, 1.0, 1.0, 0.9999999999999999, 1.0, 1.0, 1.0, 1.0, 1.0, 1.0, 1.0, 1.0, 1.0]}