{"L": 13, "J": 0.015243609622590108, "B": 0.07621804811295053, "K": 3, "init_state": "random computational-basis state", "energy_avg": -0.9409905768298918, "energy_std": 0.06840027916402185, "gsf_avg": 0.741240500512948, "gsf_std": 0.4056042950431509, "energy_samples": [-0.9794982788836986, -0.793505474617574, -0.819304749979485, -0.8225771220506033, -0.9798753652640819, -0.9792728798350591, -0.8087819784195809, -0.9798801581442642, -0.946467441129657, -0.814203442382721, -0.9798753652640819, -0.9798753652640819, -0.9798753652640819, -0.8162497971169269, -0.9798753652640819, -0.9798753652640819, -0.9798753652640819, -0.8151606009374556, -0.9760279060808889, -0.8161944200673652, -0.9798753652640819, -0.9781435945053832, -0.8200869239747003, -0.9798753652640819, -0.8110322131347725, -0.9797028273969641, -0.9798753652640819, -0.8187497028249603, -0.9798753652640819, -0.8148268514464543, -0.9798732900800078, -0.97903586588897, -0.9797590444349049, -0.9798753652640819, -0.9798753652640819, -0.9798685756227079, -0.9769784001818839, -0.9798326152598147, -0.9798753652640819, -0.9798753652640819, -0.8218155339402438, -0.9798329261199157, -0.8202097453641922, -0.8134374305615817, -0.8200869239747003, -0.8200184085359372, -0.9798753652640819, -0.9798753652640819, -0.9798753652640819, -0.8140658181778264, -0.9798753652640819, -0.8279105857370417, -0.9798753652640819, -0.924170954617447, -0.9798246277546738, -0.9798326152598147, -0.9684980869857593, -0.9798753652640819, -0.9798753652640819, -0.9798753652640819, -0.9798753652640819, -0.9798753652640819, -0.8214727108660524, -0.9798753652640819, -0.9798753652640819, -0.97990395570698, -0.9798753652640819, -0.8163416378548387, -0.9798753652640819, -0.9798753652640819, -0.9798753652640819, -0.9798213254637831, -0.9798753652640819, -0.9798753652640819, -0.9797534691855696, -0.9773228559472575, -0.9798753652640819, -0.9783027203990505, -0.9797462141514465, -0.9798753652640819, -0.9798753652640819, -0.9798753652640819, -0.9798753652640819, -0.8187497028249603, -0.979512484371462, -0.9798753652640819, -0.9798753652640819, -0.9798753652640819, -0.8159712985968223, -0.9641212395158381, -0.9798753652640819, -0.9798753652640819, -0.9797727438536272, -0.9798753652640819, -0.9798753652640819, -0.9798061543228322, -0.9796544986464037, -0.9798753652640819, -0.9798753652640819, -0.9799446924444881], "gsf_samples": [0.9667504825931241, 3.5390888658059846e-30, 3.2964698410618026e-30, 6.351716956589102e-30, 0.9678021922777543, 0.9659666180992048, 2.2268564981977415e-31, 0.9678178128400245, 0.8686218782441234, 1.9899671150381114e-30, 0.9678021922777543, 0.9678021922777543, 0.9678021922777543, 3.710304037862009e-30, 0.9678021922777543, 0.9678021922777543, 0.9678021922777543, 4.642574501566956e-31, 0.9564931369096448, 5.779378725365828e-30, 0.9678021922777543, 0.9625698458779068, 1.6023737137301802e-30, 0.9678021922777543, 1.4464937588563383e-31, 0.9672549136719298, 0.9678021922777543, 2.58016834649558e-30, 0.9678021922777543, 3.976756445667983e-30, 0.967801129648453, 0.9650510908334319, 0.9675055555059922, 0.9678021922777543, 0.9678021922777543, 0.9677708121649506, 0.9590221616112524, 0.9677287192939995, 0.9678021922777543, 0.9678021922777543, 5.642974737054601e-32, 0.9676874250832553, 1.0563725744963987e-30, 1.258234106792486e-31, 1.6023737137301802e-30, 1.310595327155514e-30, 0.9678021922777543, 0.9678021922777543, 0.9678021922777543, 2.980280292442028e-30, 0.9678021922777543, 4.176379084403721e-30, 0.9678021922777543, 0.8001662076276541, 0.9676435462926021, 0.9677287192939995, 0.9333866197224129, 0.9678021922777543, 0.9678021922777543, 0.9678021922777543, 0.9678021922777543, 0.9678021922777543, 1.4122844282191602e-30, 0.9678021922777543, 0.9678021922777543, 0.9679539203016212, 0.9678021922777543, 8.226730128071602e-31, 0.9678021922777543, 0.9678021922777543, 0.9678021922777543, 0.9676468915477482, 0.9678021922777543, 0.9678021922777543, 0.9674154181087882, 0.9601443672582715, 0.9678021922777543, 0.9628866485222104, 0.9674989428929383, 0.9678021922777543, 0.9678021922777543, 0.9678021922777543, 0.9678021922777543, 2.58016834649558e-30, 0.9668088065478947, 0.9678021922777543, 0.9678021922777543, 0.9678021922777543, 1.2268173745746692e-30, 0.9197702237658224, 0.9678021922777543, 0.9678021922777543, 0.9675151894674165, 0.9678021922777543, 0.9678021922777543, 0.9676024747563933, 0.9671805875468692, 0.9678021922777543, 0.9678021922777543, 0.967956868210413]}