{"L": 13, "J": 0.06173436287790912, "B": 0.06173436287790912, "K": 3, "init_state": "random computational-basis state", "energy_avg": -0.8236171338410674, "energy_std": 0.11104027464383358, "gsf_avg": 0.2664343923905005, "gsf_std": 0.3674425686162637, "energy_samples": [-0.8254729416904296, -0.9050141770614132, -0.7135107404102012, -0.95415192790709, -0.7261781280791668, -0.8088241927116143, -0.5958241597526446, -0.8351996072865167, -0.9044333507935299, -0.866436787539947, -0.6478018787179222, -0.7598542693396506, -0.9839327727679466, -0.7644557946857425, -0.8425820914115152, -0.79251845296729, -0.7184614953383635, -0.7670835585642108, -0.8982266263632289, -0.6952453026995811, -0.8312346508998865, -0.5440557877773019, -0.6580374247589655, -0.7922926704686606, -0.8084046844055285, -0.7633942984021977, -0.9318170050459281, -0.9766913350206679, -0.8708784798644706, -0.6398622060685577, -0.9497800426941431, -0.8238919086193547, -0.959100257788887, -0.6609332166209884, -0.982645509241042, -0.7405363249403603, -0.7013432298274076, -0.6747386644231019, -0.8635185219998757, -0.7990948185471844, -0.9774924688166506, -0.9829103826577872, -0.938878876272565, -0.8666674667089209, -0.7051854015987827, -0.9737597900213779, -0.6379164156383663, -0.9226061181652987, -0.7519869318306951, -0.8561279711788037, -0.9379863488963952, -0.8922729534096809, -0.6869667230567327, -0.5889609583260351, -0.7877127649387474, -0.7255257215326607, -0.8700729766237592, -0.8847026096408064, -0.7955249718810757, -0.9265032069176948, -0.7253654762992113, -0.8806493227383964, -0.726702892140295, -0.5887056816020411, -0.8368461100155442, -0.9242213789262217, -0.7516771459647347, -0.7820734663260553, -0.7695809530970306, -0.9706290165794493, -0.7812912300944486, -0.8425570431657468, -0.8545137350949943, -0.8767183422983795, -0.9578151066113882, -0.7372973140624967, -0.7660954812969271, -0.9651026943191487, -0.8441473165162978, -0.7307307436036303, -0.6110050564339219, -0.8221726514080019, -0.9719576567053094, -0.8891467456391965, -0.772736281826202, -0.9556101553402583, -0.9138967863031064, -0.95244857835932, -0.9506750180401478, -0.7581264391572237, -0.9857830902479077, -0.8624825944961838, -0.7941272573189307, -0.6733693880713557, -0.9175413350300816, -0.9696968591584856, -0.7780634599751006, -0.9776832635983095, -0.9264270542817769, -0.8788229103481371], "gsf_samples": [4.172382779769117e-30, 9.334645402704664e-30, 0.0016888687076237095, 0.8187859680583399, 0.10094704884459767, 5.585437579966032e-30, 3.8907696921821705e-31, 0.22297371762005366, 1.1173475165356989e-29, 0.3818621763006882, 0.032727453624141076, 2.0054708510904287e-30, 0.9394295215957225, 2.207308309262211e-30, 2.0561228086278126e-30, 2.0769228520271955e-30, 0.002515353587531409, 0.042871458023843304, 0.6366511132583931, 2.4351458216832207e-30, 1.6917368631497476e-30, 0.016517035216222564, 0.001615616295497784, 0.14041966321210286, 7.690816046921549e-30, 3.293388353150783e-30, 0.6019015750438695, 0.9062293213937732, 2.3482863811913563e-30, 0.00018500453582030298, 0.8376489474446803, 2.9532330137855395e-30, 0.8562870642128593, 0.011241009189432893, 0.933774201418196, 7.616330706322373e-30, 0.006684805567986597, 1.1313393975816718e-30, 3.083124951472306e-30, 0.40095620363198536, 0.9205679686924191, 0.9507447808963847, 0.7665689012261516, 7.428889574484885e-30, 4.699269064304855e-31, 0.9088654693809012, 2.010670861940274e-31, 0.748174255027886, 8.320980324725053e-30, 1.2494855700201071e-29, 0.7894878035773912, 8.702121860719288e-30, 3.4151552738846655e-31, 3.6473502028048525e-31, 5.12860699715738e-30, 0.08884922912283799, 7.214533571674584e-30, 2.1412019676273344e-29, 1.8049478401056904e-29, 0.6448335931919843, 9.43215764320142e-30, 8.829233237048844e-30, 0.0311294233011989, 0.0013810508666256167, 0.334177209651968, 0.6514407564197009, 3.730959636515562e-30, 4.764750682414022e-30, 3.7940819904428546e-30, 0.9098448983881733, 0.17320213910302626, 0.43043904016683016, 1.913652140991767e-30, 2.0201656965661036e-29, 0.8567874421463487, 0.07007055187566683, 6.041882976785807e-30, 0.8732606539280781, 0.33353665609035127, 0.045997443615370205, 5.8110121247023865e-31, 1.8565964663892954e-30, 0.914924792028562, 1.225507742212486e-29, 9.42569374082557e-30, 0.8679173600783231, 0.59014631672627, 0.8313133176578159, 0.8494862609109508, 0.05512313395719051, 0.9527267655039482, 3.655415034446974e-30, 3.7998597802760168e-31, 0.00887078559829059, 0.6281987381076126, 0.8789492492891554, 1.484121615144804e-30, 0.9130120482268406, 0.729498077512431, 1.0675814867727326e-29]}