{"L": 13, "J": 0.08230161513714379, "B": 0.01646032302742876, "K": 2, "init_state": "random computational-basis state", "energy_avg": -0.7608384886834493, "energy_std": 0.16176095032930174, "gsf_avg": 0.30053307117793926, "gsf_std": 0.3926194418689625, "energy_samples": [-0.980113999629993, -0.7481749722096056, -0.9805601901072809, -0.631936106073077, -0.9810285591125749, -0.9817950168767168, -0.9810906125688078, -0.822496998164401, -0.6778454522478434, -0.706940239787157, -0.7186559329777014, -0.8279728349481462, -0.9796267200216324, -0.4646166137919847, -0.6842975167291387, -0.811431806176234, -0.8108406195340574, -0.8023677263653851, -0.6358259166756256, -0.5615392893640785, -0.7658506108713272, -0.986158530467127, -0.6517365222830633, -0.7699125547129851, -0.7740715053786607, -0.683166247548854, -0.9844850441350759, -0.9859194636518198, -0.6524736763044285, -0.8025422408110912, -0.7945567767483362, -0.9536923897055187, -0.981532091272457, -0.612931912486373, -0.8279447595936165, -0.617732258034192, -0.7008264031633508, -0.6985441342062861, -0.6366326895634574, -0.6959522352993537, -0.6047992815179258, -0.7828053461344965, -0.800464941407106, -0.9796221967019663, -0.6293190040602619, -0.9819937943424308, -0.8114537275960709, -0.4464783237355382, -0.7827418668505415, -0.7506200119198867, -0.5269225566273102, -0.9751327141820461, -0.5090118380781671, -0.5828277135199529, -0.8109811199900654, -0.7553600623539161, -0.9810012433087877, -0.9853731164638643, -0.7107407675061626, -0.5304122834170716, -0.983862296859957, -0.7966087422731525, -0.628645037087402, -0.9283775638021731, -0.5519581739521694, -0.6329267489379582, -0.6200984889985934, -0.49880738166557703, -0.530179498628325, -0.7875226555837087, -0.7132169812619511, -0.6844755203433843, -0.9528987061143281, -0.9724737178374714, -0.982068489764319, -0.6837737752099255, -0.5436360836338039, -0.6416762234195248, -0.8424115682494536, -0.8047701764806515, -0.5924556383097861, -0.5492911564868306, -0.4693873298155184, -0.9798187715596879, -0.9811168256635706, -0.6096238482895437, -0.736289552462578, -0.6350805399357311, -0.5936367910396593, -0.5776801229575852, -0.9809662845484454, -0.705701785710762, -0.756844028318098, -0.9857155419535846, -0.45598997409517616, -0.9815213155505422, -0.6965880813105222, -0.8019612688245739, -0.9780622565268005, -0.9318488455697199], "gsf_samples": [0.9249360231726234, 0.32536556844734266, 0.9257891022241374, 0.005800758548258937, 0.9269002958215828, 0.9324560594829677, 0.9249807577663749, 0.4589760727982057, 0.006604981247007436, 0.0005336311875621956, 0.006594777556570788, 0.001505591612611876, 0.9206482492521725, 0.0006623196140363236, 0.00429623150643912, 0.0003158876962798547, 0.3333152169533432, 0.009458109086077672, 0.01901931936308284, 0.00184500738963095, 0.0016103650722153627, 0.9575688359751042, 0.001565760774014323, 0.3780564332168637, 0.3457258919607678, 3.820652372841227e-06, 0.9405859679674429, 0.9538032835102708, 0.0006912303682240182, 0.40274870383448735, 0.3851554793342087, 0.7974381118903954, 0.9271256658937085, 0.0037611668974695195, 0.0941189724741544, 0.012067072183923758, 0.032996125897213915, 0.05704635731124436, 0.003691498267745062, 0.027407966529001137, 0.00030078753177907645, 0.16986713479453816, 0.004920710632413976, 0.9244787806544404, 0.00018354194782757964, 0.9326895045759797, 0.02299900099465586, 0.0030565073298728165, 0.005247028969792822, 0.0272033517287402, 0.03870851022439054, 0.9142252298131085, 0.012668414689878242, 0.03198476370952413, 0.051352022424854454, 0.31389108796843485, 0.9284738386842113, 0.9546724030321895, 0.11229567738430545, 0.006479722155837297, 0.9443100770590824, 0.02208960168261161, 0.034639573700604595, 0.7581939735959001, 0.00325325770609432, 0.012282695583349787, 0.001479018312035523, 0.018866113803607067, 0.0058899164961822735, 0.017734479566543174, 0.018251218904266574, 0.007437993338247417, 0.7757891897405658, 0.875191965039575, 0.9314306987941741, 0.02411081585198878, 0.0044306485699575, 0.04463226349030502, 0.10096680210037991, 0.23221766600052626, 0.004812355665715441, 0.00011215368945162927, 0.00011336360248676526, 0.9207483716266167, 0.9289638448713016, 0.00012426651616508658, 0.17177084305684776, 0.0010957609114945264, 0.05494001136004642, 0.0006619996618514787, 0.9277122054693518, 0.06633503067596963, 0.0034116586064944217, 0.9549341578823793, 0.0021863892976451372, 0.9280691407412569, 0.010967299132288635, 0.04006875190372764, 0.9171187941009354, 0.7770920597019895]}