{"L": 2, "J": 0.09950371902099898, "B": 0.4975185951049949, "K": 3, "init_state": "random computational-basis state", "energy_avg": -0.998342180257578, "energy_std": 7.4383771960829886e-06, "gsf_avg": 0.9991428461693349, "gsf_std": 4.075898289732153e-06, "energy_samples": [-0.9983407518885989, -0.9983407518885989, -0.9983407518885989, -0.9983407518885989, -0.9983407518885989, -0.9983407518885989, -0.9983407518885989, -0.9983407518885989, -0.9983407518885989, -0.9983407518885989, -0.9983407518885989, -0.9983407518885989, -0.9983407518885989, -0.9983407518885989, -0.9983407518885989, -0.9983407518885989, -0.9983407518885989, -0.9983407518885989, -0.9983407518885989, -0.9983407518885989, -0.9983407518885989, -0.9983407518885989, -0.9983407518885989, -0.9983407518885989, -0.9983407518885989, -0.9983407518885989, -0.9983407518885989, -0.9983868580786143, -0.9983407518885989, -0.9983407518885989, -0.9983407518885989, -0.9983407518885989, -0.9983407518885989, -0.9983407518885989, -0.9983407518885989, -0.9983407518885989, -0.9983407518885989, -0.9983407518885989, -0.9983407518885989, -0.9983407518885989, -0.9983407518885989, -0.9983407518885989, -0.9983407518885989, -0.9983407518885989, -0.9983407518885989, -0.9983639378157666, -0.9983407518885989, -0.9983407518885989, -0.9983407518885989, -0.9983407518885989, -0.9983407518885989, -0.9983407518885989, -0.9983407518885989, -0.9983407518885989, -0.9983407518885989, -0.9983407518885989, -0.9983407518885989, -0.9983407518885989, -0.9983407518885989, -0.9983407518885989, -0.9983407518885989, -0.9983407518885989, -0.9983407518885989, -0.9983407518885989, -0.9983407518885989, -0.9983407518885989, -0.9983407518885989, -0.9983407518885989, -0.9983407518885989, -0.9983407518885989, -0.9983407518885989, -0.9983407518885989, -0.9983407518885989, -0.9983407518885989, -0.9983407518885989, -0.9983639378157666, -0.9983407518885989, -0.9983407518885989, -0.9983407518885989, -0.9983911107421417, -0.9983407518885989, -0.9983407518885989, -0.9983407518885989, -0.9983407518885989, -0.9983407518885989, -0.9983407518885989, -0.9983407518885989, -0.9983407518885989, -0.9983407518885989, -0.9983407518885989, -0.9983407518885989, -0.9983407518885989, -0.9983407518885989, -0.9983407518885989, -0.9983407518885989, -0.9983407518885989, -0.9983407518885989, -0.9983407518885989, -0.9983407518885989, -0.9983407518885989], "gsf_samples": [0.99914208043845, 0.99914208043845, 0.99914208043845, 0.99914208043845, 0.99914208043845, 0.99914208043845, 0.99914208043845, 0.99914208043845, 0.99914208043845, 0.99914208043845, 0.99914208043845, 0.99914208043845, 0.99914208043845, 0.99914208043845, 0.99914208043845, 0.99914208043845, 0.99914208043845, 0.99914208043845, 0.99914208043845, 0.99914208043845, 0.99914208043845, 0.99914208043845, 0.99914208043845, 0.99914208043845, 0.99914208043845, 0.99914208043845, 0.99914208043845, 0.9991649658320633, 0.99914208043845, 0.99914208043845, 0.99914208043845, 0.99914208043845, 0.99914208043845, 0.99914208043845, 0.99914208043845, 0.99914208043845, 0.99914208043845, 0.99914208043845, 0.99914208043845, 0.99914208043845, 0.99914208043845, 0.99914208043845, 0.99914208043845, 0.99914208043845, 0.99914208043845, 0.9991537127076509, 0.99914208043845, 0.99914208043845, 0.99914208043845, 0.99914208043845, 0.99914208043845, 0.99914208043845, 0.99914208043845, 0.99914208043845, 0.99914208043845, 0.99914208043845, 0.99914208043845, 0.99914208043845, 0.99914208043845, 0.99914208043845, 0.99914208043845, 0.99914208043845, 0.99914208043845, 0.99914208043845, 0.99914208043845, 0.99914208043845, 0.99914208043845, 0.99914208043845, 0.99914208043845, 0.99914208043845, 0.99914208043845, 0.99914208043845, 0.99914208043845, 0.99914208043845, 0.99914208043845, 0.9991537127076509, 0.99914208043845, 0.99914208043845, 0.99914208043845, 0.9991725035949481, 0.99914208043845, 0.99914208043845, 0.99914208043845, 0.99914208043845, 0.99914208043845, 0.99914208043845, 0.99914208043845, 0.99914208043845, 0.99914208043845, 0.99914208043845, 0.99914208043845, 0.99914208043845, 0.99914208043845, 0.99914208043845, 0.99914208043845, 0.99914208043845, 0.99914208043845, 0.99914208043845, 0.99914208043845, 0.99914208043845]}