{"L": 4, "J": 0.21013831273060304, "B": 0.21013831273060304, "K": 3, "init_state": "random computational-basis state", "energy_avg": -0.9116384656874569, "energy_std": 0.1485213125630056, "gsf_avg": 0.8483149395141514, "gsf_std": 0.30592141865083283, "energy_samples": [-0.9737424708672466, -0.664124017226709, -0.9916016521181995, -0.9760769824594144, -0.986964572606783, -0.9565658236740955, -0.9919544741656916, -0.9834742374180827, -0.9875776591994228, -0.8377998709640132, -0.9553647053349658, -0.9873456279655696, -0.9916959068724187, -0.9883703390612271, -0.9871395674231411, -0.9877147592055534, -0.9773264203657204, -0.9847352904296556, -0.9927811458951614, -0.9848454516182686, -0.991818676726916, -0.9928964061802019, -0.9575249186026451, -0.9709525965413132, -0.971966361720574, -0.993013243431607, -0.9752782684388003, -0.9688469973068843, -0.980109792572875, -0.9814069548403476, -0.9812231465265923, -0.5643222468072431, -0.980204675619585, -0.9204514508355808, -0.8552752413500458, -0.9876797352874863, -0.9423331938197339, -0.9868023072347599, -0.5713891006021997, -0.9754837546212948, -0.9053638257600617, -0.9834742374180827, -0.9111798666644921, -0.9758383085198205, -0.9248196998186725, -0.9838457322618699, -0.5117599681710543, -0.6046270089895699, -0.979167636574859, -0.9680959323463415, -0.9653333192496345, -0.968185017067637, -0.9810377648389692, -0.9697167130939066, -0.9072454574406442, -0.9666236563888062, -0.9783628033410527, -0.9444625020089316, -0.9740439951700385, -0.9922447138974436, -0.9305041962375659, -0.9782871773856207, -0.9922473707368041, -0.9879108398259812, -0.9416712367249498, -0.9917692464558626, -0.9862205853957581, -0.6922635589763738, -0.9926681062700963, -0.9653333192496345, -0.9743919661968358, -0.9830878106838139, -0.974955480907665, -0.9758293101958581, -0.9848000063187766, -0.9797682786256052, -0.9696974089568648, -0.9224801720129312, -0.9915503608019434, -0.9632799855930742, -0.9919253930623999, -0.5249272770987474, -0.8236726846436921, -0.989814092360724, -0.5649557036383591, -0.9908878388220542, -0.9869348537612569, -0.5435178160010405, -0.9767277922789317, -0.9950376346655608, -0.4799842240226085, -0.5399368935019206, -0.9867180694723409, -0.9873166851353731, -0.9629486174454956, -0.38181191620725036, -0.5975930066991735, -0.5633973892691078, -0.9731339202929477, -0.9922801398547603], "gsf_samples": [0.9677138685147392, 1.9862115516465563e-30, 0.9892840272773491, 0.9693463372715551, 0.985733943666863, 0.960037971428554, 0.9895479174627421, 0.9822600084761053, 0.980746275515151, 0.821914851063489, 0.9588825297000102, 0.9819363049765579, 0.9890749463720023, 0.9853025523824704, 0.9800587654272609, 0.9854729618045148, 0.962963056819232, 0.9825517292010509, 0.9901526752186461, 0.9801387117116114, 0.9893171173162195, 0.991131542320674, 0.9608138526409201, 0.9670803560230481, 0.9749673178155084, 0.9938288200719777, 0.9706116731348923, 0.9627173439391573, 0.9788806590930351, 0.9783706264101028, 0.979565262351037, 4.08297148210094e-32, 0.9754267149739125, 0.904833136512532, 0.8632790326767075, 0.9857658767906452, 0.939459159931538, 0.9842946992065106, 1.5793829250190576e-31, 0.971353859569629, 0.8957499284014067, 0.9822600084761053, 0.8748027155079804, 0.9660270463494626, 0.9194560611282059, 0.9826481346929357, 1.1994691693643707e-30, 0.6589755942578887, 0.9748959255848242, 0.9662862212112553, 0.9667636389279951, 0.9660355871881443, 0.9745044317805566, 0.9636290898069753, 0.8642374837326076, 0.963774021499423, 0.9695364872242772, 0.9487652985995795, 0.9670396286081844, 0.9904691403514146, 0.9321966784386028, 0.9754924900894408, 0.9910260624638447, 0.985339998915757, 0.925486455988375, 0.9895756207221358, 0.9807814403771922, 3.1017101754356433e-30, 0.9909120236195114, 0.9667636389279951, 0.9753414169298629, 0.9806994686386067, 0.9671177584435514, 0.9698055935114402, 0.9799664833924734, 0.9702050150650657, 0.9708800972187218, 0.9237806548185875, 0.9908285433823697, 0.9468849597352372, 0.9900889376160203, 1.822411209876422e-31, 0.814160988618334, 0.9875914355032404, 5.782604658022677e-32, 0.9897034605749198, 0.9835151765214916, 1.6794109115056697e-30, 0.9697469862401121, 0.9927653589687075, 6.105197923707539e-32, 1.503766100577554e-30, 0.9800694834093459, 0.9857990792314832, 0.9609167237720646, 6.856310602018559e-32, 0.565381733537512, 0.6235339674087678, 0.9743129634274096, 0.9901503275098128]}