{"L": 5, "J": 0.03968214607433029, "B": 0.19841073037165147, "K": 2, "init_state": "random computational-basis state", "energy_avg": -0.946880657627215, "energy_std": 0.12883653507216256, "gsf_avg": 0.8810470165044185, "gsf_std": 0.30994299754263405, "energy_samples": [-0.6074057034955096, -0.9949226625130843, -0.9949944698489643, -0.9949944698489643, -0.9949944698489643, -0.9949944698489643, -0.9951615469963028, -0.9943067881762206, -0.9887699268163626, -0.5556944048867282, -0.9951519038379552, -0.9950012524478922, -0.9952491822569277, -0.9949944698489643, -0.9886549955577535, -0.9951867801236186, -0.9951615469963028, -0.9949226625130843, -0.991581520993875, -0.9376627785279826, -0.5706937951296265, -0.9934680879641447, -0.9943231447596586, -0.9946548180388558, -0.9949944698489643, -0.9949944698489643, -0.9949944698489643, -0.9949944698489643, -0.9950184511619784, -0.9639965355049085, -0.9948489794294084, -0.5886771013849503, -0.9589373156985326, -0.9949944698489643, -0.9949944698489643, -0.9829529046395816, -0.9949944698489643, -0.9907349923789893, -0.99480480353964, -0.9949944698489643, -0.9949944698489643, -0.9952316273753223, -0.9950012524478922, -0.9949944698489643, -0.99480480353964, -0.6187023177902901, -0.9933587971001028, -0.5941515022058702, -0.9944101107832267, -0.9934680879641447, -0.9935317295969867, -0.9949944698489643, -0.98569762290737, -0.9948350992989883, -0.9949944698489643, -0.9934680879641447, -0.9951519038379552, -0.9950012524478922, -0.9938704105869336, -0.9948350992989883, -0.9949944698489643, -0.9949944698489643, -0.9949944698489643, -0.9951615469963028, -0.9948350992989883, -0.5772523131137905, -0.9949944698489643, -0.9949944698489643, -0.9436296550562777, -0.9949944698489643, -0.9943231447596586, -0.9951615469963028, -0.994570662832242, -0.9944340741509611, -0.9917863499966223, -0.9949944698489643, -0.9949944698489643, -0.9945932095986026, -0.9949944698489643, -0.9949373921480199, -0.9948350992989883, -0.9851324319018082, -0.9941524380063244, -0.9864451993027005, -0.9951122636450572, -0.9944101107832267, -0.5935080535645543, -0.9934680879641447, -0.5752454970322838, -0.9950012524478922, -0.5600445646628449, -0.9944101107832267, -0.9949944698489643, -0.9943231447596586, -0.9949944698489643, -0.5580900887539606, -0.9944101107832267, -0.9949944698489643, -0.9949944698489643, -0.9854939276992913], "gsf_samples": [2.2340787354891933e-32, 0.9936299937052342, 0.9936336561982726, 0.9936336561982726, 0.9936336561982726, 0.9936336561982726, 0.9938639911003352, 0.9927659119122975, 0.986233215567459, 1.540743955509789e-33, 0.9938424173252444, 0.9936403598953936, 0.9939609091050109, 0.9936336561982726, 0.9858478387254506, 0.9938789953050533, 0.9938639911003352, 0.9936299937052342, 0.9897413109323052, 0.9228173814975501, 7.703719777548943e-34, 0.9916699636386924, 0.9929794270670895, 0.9932006135139834, 0.9936336561982726, 0.9936336561982726, 0.9936336561982726, 0.9936336561982726, 0.9937503425901391, 0.9527112486610694, 0.9935085178050787, 6.162975822039156e-33, 0.9495827713850968, 0.9936336561982726, 0.9936336561982726, 0.9789258474068797, 0.9936336561982726, 0.9887199357565603, 0.9934025513054994, 0.9936336561982726, 0.9936336561982726, 0.99393459412531, 0.9936403598953936, 0.9936336561982726, 0.9934025513054994, 3.7170447926673646e-32, 0.9917142646873823, 1.232595164407831e-32, 0.9928892677705633, 0.9916699636386924, 0.9919315342824503, 0.9936336561982726, 0.9817009376904079, 0.9934232080501094, 0.9936336561982726, 0.9916699636386924, 0.9938424173252444, 0.9936403598953936, 0.9921729660324806, 0.9934232080501094, 0.9936336561982726, 0.9936336561982726, 0.9936336561982726, 0.9938639911003352, 0.9934232080501094, 9.978724524356366e-33, 0.9936336561982726, 0.9936336561982726, 0.9297288335798309, 0.9936336561982726, 0.9929794270670895, 0.9938639911003352, 0.9931051764265254, 0.9929265853087587, 0.9898411651878074, 0.9936336561982726, 0.9936336561982726, 0.9932115592142441, 0.9936336561982726, 0.9936455165292206, 0.9934232080501094, 0.9818915163584324, 0.9926233927048604, 0.9831147801490687, 0.9937852440009513, 0.9928892677705633, 3.274080905458301e-33, 0.9916699636386924, 7.703719777548945e-33, 0.9936403598953936, 3.274080905458301e-33, 0.9928892677705633, 0.9936336561982726, 0.9929794270670895, 0.9936336561982726, 3.0814879110195774e-33, 0.9928892677705633, 0.9936336561982726, 0.9936336561982726, 0.9820836903584111]}