{"L": 6, "J": 0.033057440093328, "B": 0.16528720046664, "K": 3, "init_state": "random computational-basis state", "energy_avg": -0.9647305636205945, "energy_std": 0.10347295804103855, "gsf_avg": 0.90618220103952, "gsf_std": 0.2850249848388271, "energy_samples": [-0.998280379112003, -0.998280379112003, -0.998280379112003, -0.9970761153999552, -0.998280379112003, -0.998280379112003, -0.9982770799333083, -0.6240262141056493, -0.998280379112003, -0.998280379112003, -0.998280379112003, -0.998280379112003, -0.998280379112003, -0.998280379112003, -0.998280379112003, -0.998280379112003, -0.9982758534145446, -0.998280379112003, -0.998280379112003, -0.998280379112003, -0.998280379112003, -0.656156001321251, -0.998280379112003, -0.998280379112003, -0.9815952475000103, -0.998280379112003, -0.998280379112003, -0.998280379112003, -0.6262220164396315, -0.9980790034515168, -0.629802343246076, -0.9964890567211246, -0.656156001321251, -0.6206891216803765, -0.998280379112003, -0.998280379112003, -0.9787461039363268, -0.998280379112003, -0.998280379112003, -0.998280379112003, -0.998280379112003, -0.9944532728519874, -0.998280379112003, -0.998280379112003, -0.998280379112003, -0.9831084184204714, -0.998280379112003, -0.998280379112003, -0.998280379112003, -0.9978565400037916, -0.998280379112003, -0.998280379112003, -0.998280379112003, -0.998280379112003, -0.998280379112003, -0.998280379112003, -0.998280379112003, -0.998280379112003, -0.998280379112003, -0.998280379112003, -0.998280379112003, -0.998280379112003, -0.998280379112003, -0.998280379112003, -0.998280379112003, -0.998280379112003, -0.9903015954870792, -0.998280379112003, -0.998280379112003, -0.998280379112003, -0.998280379112003, -0.998280379112003, -0.998280379112003, -0.998280379112003, -0.998280379112003, -0.998280379112003, -0.9973330444516852, -0.9982765398226541, -0.998280379112003, -0.998280379112003, -0.998280379112003, -0.998280379112003, -0.998280379112003, -0.9983370959060588, -0.998280379112003, -0.998280379112003, -0.998280379112003, -0.9982861421523926, -0.998280379112003, -0.9795998247182206, -0.9937569501123424, -0.998280379112003, -0.998280379112003, -0.9937569501123424, -0.998280379112003, -0.998280379112003, -0.6336703106134998, -0.6391309218798416, -0.6391309218798416, -0.998280379112003], "gsf_samples": [0.99727808637103, 0.99727808637103, 0.99727808637103, 0.9955958104010704, 0.99727808637103, 0.99727808637103, 0.9972751036890404, 1.9451892438311084e-31, 0.99727808637103, 0.99727808637103, 0.99727808637103, 0.99727808637103, 0.99727808637103, 0.99727808637103, 0.99727808637103, 0.99727808637103, 0.9972785375046651, 0.99727808637103, 0.99727808637103, 0.99727808637103, 0.99727808637103, 9.249278557919701e-32, 0.99727808637103, 0.99727808637103, 0.972942960774986, 0.99727808637103, 0.99727808637103, 0.99727808637103, 1.897040995221427e-31, 0.996997345295416, 8.787055371266762e-32, 0.9947287082034354, 9.249278557919701e-32, 1.658707164603507e-31, 0.99727808637103, 0.99727808637103, 0.9706575072339189, 0.99727808637103, 0.99727808637103, 0.99727808637103, 0.99727808637103, 0.9921017537525191, 0.99727808637103, 0.99727808637103, 0.99727808637103, 0.9755392571496623, 0.99727808637103, 0.99727808637103, 0.99727808637103, 0.9966648971067474, 0.99727808637103, 0.99727808637103, 0.99727808637103, 0.99727808637103, 0.99727808637103, 0.99727808637103, 0.99727808637103, 0.99727808637103, 0.99727808637103, 0.99727808637103, 0.99727808637103, 0.99727808637103, 0.99727808637103, 0.99727808637103, 0.99727808637103, 0.99727808637103, 0.9854716302760286, 0.99727808637103, 0.99727808637103, 0.99727808637103, 0.99727808637103, 0.99727808637103, 0.99727808637103, 0.99727808637103, 0.99727808637103, 0.99727808637103, 0.9959838865205589, 0.9972752969138329, 0.99727808637103, 0.99727808637103, 0.99727808637103, 0.99727808637103, 0.99727808637103, 0.9973633638340178, 0.99727808637103, 0.99727808637103, 0.99727808637103, 0.9972868079222094, 0.99727808637103, 0.9713287267492706, 0.9912141027697163, 0.99727808637103, 0.99727808637103, 0.9912141027697163, 0.99727808637103, 0.99727808637103, 9.62964972193618e-32, 1.020742870525235e-32, 1.020742870525235e-32, 0.99727808637103]}