{"L": 6, "J": 0.033057440093328, "B": 0.16528720046664, "K": 10, "init_state": "random computational-basis state", "energy_avg": -0.9932733035148686, "energy_std": 0.049169866092197714, "gsf_avg": 0.9800564046140249, "gsf_std": 0.14000820917421336, "energy_samples": [-1.0003185336903224, -1.0003185336903224, -1.0003185336903224, -1.0003185336903224, -1.0003185336903224, -1.0003185336903224, -1.0003185336903224, -1.0003185336903224, -1.0003185336903224, -1.0003185336903224, -1.0003185336903224, -1.0003185336903224, -1.0003185336903224, -1.0003185336903224, -1.0003185336903224, -1.0003185336903224, -1.0003185336903224, -0.9989019973697855, -1.000315158746786, -1.0003185336903224, -1.0003185336903224, -1.0003185336903224, -1.0003185336903224, -1.0003185336903224, -1.0003185336903224, -1.0003185336903224, -1.0003185336903224, -1.0003185336903224, -1.0003185336903224, -1.0003185336903224, -1.0003185336903224, -1.0003185336903224, -1.0003185336903224, -1.0003185336903224, -1.0003185336903224, -0.6557581932416998, -1.0001820821210603, -1.0003185336903224, -1.0003185336903224, -1.0003185336903224, -1.0003185336903224, -1.0003185336903224, -1.0003185336903224, -1.0003185336903224, -1.0003185336903224, -1.0003185336903224, -1.0003185336903224, -1.0003185336903224, -1.0003185336903224, -1.0003185336903224, -1.0003185336903224, -1.0003185336903224, -1.0003185336903224, -1.0003185336903224, -1.0003185336903224, -1.0003185336903224, -1.0003185336903224, -1.0003185336903224, -1.0003185336903224, -1.0003185336903224, -1.0003185336903224, -1.0003185336903224, -1.0003185336903224, -1.0003185336903224, -1.0003185336903224, -1.0003185336903224, -1.0003185336903224, -1.0003185336903224, -1.0003185336903224, -1.0003185336903224, -1.0003185336903224, -1.0003185336903224, -1.0003185336903224, -1.0003185336903224, -0.9997007713602535, -1.0003185336903224, -0.6425380636680713, -1.0003185336903224, -1.0003185336903224, -1.0003185336903224, -1.0003185336903224, -1.0003185336903224, -1.0003236316713588, -1.0003185336903224, -1.0003185336903224, -1.0003185336903224, -1.0003185336903224, -1.0003185336903224, -1.0003185336903224, -1.0003053537982165, -1.0003185336903224, -1.0003185336903224, -1.0003185336903224, -1.0003185336903224, -1.0003185336903224, -1.0003185336903224, -1.0003185336903224, -1.0003185336903224, -1.0003185336903224, -1.0003185336903224], "gsf_samples": [1.0000875102215216, 1.0000875102215216, 1.0000875102215216, 1.0000875102215216, 1.0000875102215216, 1.0000875102215216, 1.0000875102215216, 1.0000875102215216, 1.0000875102215216, 1.0000875102215216, 1.0000875102215216, 1.0000875102215216, 1.0000875102215216, 1.0000875102215216, 1.0000875102215216, 1.0000875102215216, 1.0000875102215216, 0.9981963892701416, 1.0000863446053474, 1.0000875102215216, 1.0000875102215216, 1.0000875102215216, 1.0000875102215216, 1.0000875102215216, 1.0000875102215216, 1.0000875102215216, 1.0000875102215216, 1.0000875102215216, 1.0000875102215216, 1.0000875102215216, 1.0000875102215216, 1.0000875102215216, 1.0000875102215216, 1.0000875102215216, 1.0000875102215216, 2.4651903288156623e-31, 0.9998995649870414, 1.0000875102215216, 1.0000875102215216, 1.0000875102215216, 1.0000875102215216, 1.0000875102215216, 1.0000875102215216, 1.0000875102215216, 1.0000875102215216, 1.0000875102215216, 1.0000875102215216, 1.0000875102215216, 1.0000875102215216, 1.0000875102215216, 1.0000875102215216, 1.0000875102215216, 1.0000875102215216, 1.0000875102215216, 1.0000875102215216, 1.0000875102215216, 1.0000875102215216, 1.0000875102215216, 1.0000875102215216, 1.0000875102215216, 1.0000875102215216, 1.0000875102215216, 1.0000875102215216, 1.0000875102215216, 1.0000875102215216, 1.0000875102215216, 1.0000875102215216, 1.0000875102215216, 1.0000875102215216, 1.0000875102215216, 1.0000875102215216, 1.0000875102215216, 1.0000875102215216, 1.0000875102215216, 0.9992420807259651, 1.0000875102215216, 3.8518598887744724e-33, 1.0000875102215216, 1.0000875102215216, 1.0000875102215216, 1.0000875102215216, 1.0000875102215216, 1.0000908677210758, 1.0000875102215216, 1.0000875102215216, 1.0000875102215216, 1.0000875102215216, 1.0000875102215216, 1.0000875102215216, 1.0000742737129287, 1.0000875102215216, 1.0000875102215216, 1.0000875102215216, 1.0000875102215216, 1.0000875102215216, 1.0000875102215216, 1.0000875102215216, 1.0000875102215216, 1.0000875102215216, 1.0000875102215216]}