{"L": 7, "J": 0.11673007904761215, "B": 0.11673007904761215, "K": 10, "init_state": "random computational-basis state", "energy_avg": -0.9740035751596972, "energy_std": 0.057292642463128256, "gsf_avg": 0.8610309485033427, "gsf_std": 0.3338637547080143, "energy_samples": [-0.8545409834996738, -0.9831977786382884, -0.997492124042239, -0.9994968303164844, -0.9970897982219773, -0.9983943311294776, -0.9950968121896742, -0.9968869427111021, -0.9993533818058343, -0.9993688171558135, -0.9969680165811905, -0.9968407760931193, -0.9985484947452679, -0.9992401856292847, -0.9957291646423477, -0.9966237145090543, -0.9993998401858571, -0.9981540745329076, -0.9974070659423656, -0.9915936752204386, -0.9984427558766921, -0.9994730084668954, -0.9982870963293259, -0.8470251168511788, -0.9990032569323637, -0.9990227559698308, -0.998425802754761, -0.9982266475846132, -0.9988204614439689, -0.9977078872838614, -0.8501355521113222, -0.9986191959534372, -0.9929300993118897, -0.9416342089467298, -0.9986561402734084, -0.9985139100253344, -0.9150654006882627, -0.9965902301295131, -0.7810085612049726, -0.9938762876000592, -0.9992702059552032, -0.8542592910717843, -0.9969303891494106, -0.9982804345527075, -0.9976961189816347, -0.9617231893610991, -0.9960095771417039, -0.995641976749017, -0.998534334744701, -0.9993732619932942, -0.9992666573204811, -0.82602838520984, -0.847682857442566, -0.9993212589243547, -0.9990616864667659, -0.9990854791696553, -0.9994497357675345, -0.9961445305181938, -0.9981936198002231, -0.9983273358574914, -0.9992769312345707, -0.9994379331346518, -0.9953460902076887, -0.9993191058737035, -0.998606353133549, -0.8377939548054433, -0.9984136151370829, -0.8306147605733376, -0.9988308168915753, -0.9994096712200876, -0.9983870967425306, -0.9980252159366396, -0.9936927898158929, -0.853674977199446, -0.9596676638063527, -0.9993536007270061, -0.9969076413536262, -0.9983821768800377, -0.9975754887521221, -0.9986436154906704, -0.9968834439713561, -0.9986813346036204, -0.9990344133090858, -0.746825565557457, -0.9942425078069268, -0.9992459166620964, -0.9989001714057896, -0.9993610025672868, -0.9966148877929787, -0.9989764790796992, -0.9961160864282071, -0.9994603850542547, -0.8281488905650285, -0.8532902135184474, -0.9970239346754798, -0.9983808183559495, -0.9992451985385404, -0.9983736405794883, -0.9976451276566082, -0.9993804892169227], "gsf_samples": [4.699269064304855e-31, 0.9641488050836842, 0.9956225217122743, 0.9990709366824503, 0.9929398657998278, 0.9969592208707767, 0.989866341611185, 0.9940645396992988, 0.9988781265911479, 0.9988427452061425, 0.9938287989342839, 0.9937849734357839, 0.9972204515368295, 0.9984619469291617, 0.9913655219924248, 0.9937978109018569, 0.9988696914211804, 0.9966765792275052, 0.9936446420674693, 0.9796857847328869, 0.9973016353525079, 0.999020921736827, 0.9966148551110432, 1.1617209424543807e-30, 0.997939874997179, 0.9983423216567847, 0.9970498138781277, 0.9964332584902456, 0.9980856016595534, 0.9953908165608133, 3.4069700716210202e-31, 0.9970705609285967, 0.9852885086933614, 0.8620862193490497, 0.99758557003109, 0.9971820708750472, 0.801105785863339, 0.9926888395080673, 2.603857284811543e-31, 0.9859533497760221, 0.998657794943294, 1.5335217182183368e-31, 0.9933199357776162, 0.9962346311329588, 0.9947155895604035, 0.91220425478255, 0.9928908320533113, 0.9919084672333301, 0.9974009667070527, 0.9988347295334369, 0.9987182870856365, 8.512610354191582e-31, 3.4763035496189603e-31, 0.9987462181468264, 0.9980332163898297, 0.9979659132626679, 0.99896951937775, 0.9911681426692065, 0.9966065723222498, 0.9965889299792603, 0.9987166598267132, 0.9990371321086062, 0.9916151672205267, 0.9986116670376143, 0.9974957592722037, 2.596153565033994e-31, 0.9970952539887685, 2.4420791694830155e-31, 0.9978261762828785, 0.998909774958465, 0.9968811268790717, 0.9947791659393289, 0.9874486876989139, 4.2851941262616e-31, 0.9127214983020903, 0.9988099782004485, 0.9935716650179744, 0.9968544030412247, 0.9946723584856538, 0.9976064268566759, 0.9935856612295424, 0.9969051785798745, 0.9982368146263951, 5.565937539279112e-32, 0.9885093480246003, 0.9985037896509378, 0.9979113918519001, 0.9986805583470387, 0.9934553390198969, 0.9981270071027115, 0.9915876180468122, 0.9991243443117228, 2.6885982023645817e-31, 3.4281553010092803e-31, 0.9935700313760117, 0.996915438758425, 0.9986174901892407, 0.9970333912720577, 0.9949791857428196, 0.9988660512259168]}