{"L": 8, "J": 0.14083900003351849, "B": 0.028167800006703696, "K": 2, "init_state": "random computational-basis state", "energy_avg": -0.7332677990566348, "energy_std": 0.2217305855781935, "gsf_avg": 0.452111755576957, "gsf_std": 0.40425958689202346, "energy_samples": [-0.5153369395040492, -0.9729478200747796, -0.731426540419772, -0.3019767359631199, -0.564241879456602, -0.9882595284918351, -0.9428473079675633, -0.9820395020969583, -0.5369010617463379, -0.37594925130468027, -0.451973465254957, -0.39808553515858874, -0.9747665470953987, -0.9422982601253628, -0.42194047541656154, -0.9854272886430918, -0.8122692464483263, -0.6092730825501445, -0.7869729335099358, -0.9768131165753019, -0.7429705861250944, -0.9852286295037138, -0.9760010867476037, -0.8865819863496391, -0.7275384971389073, -0.9628210216978682, -0.7357124833597377, -0.9784611558923798, -0.5746861232151379, -0.41130194234899403, -0.4896605443505863, -0.6878628840597618, -0.5078845850491855, -0.9492465449907898, -0.7064102152963585, -0.5828542581965671, -0.9036537508943652, -0.9802061874495541, -0.3878356787005451, -0.5523698098486343, -0.465785450266997, -0.9753842114769918, -0.9789306789839837, -0.9766629848615411, -0.480132217724205, -0.9753179375324937, -0.501275935378706, -0.4290057221792223, -0.9796335772935385, -0.4676873971299329, -0.567087978657637, -0.33587319797013, -0.902415008715705, -0.47989154454635874, -0.9866503530749643, -0.6918896091974247, -0.9840891158094724, -0.564583075701787, -0.6207445831241278, -0.9718241260424587, -0.4924372832125298, -0.5697615495691, -0.5014569221257759, -0.9440929483012647, -0.9796679721240809, -0.9453341612532609, -0.4863572458058142, -0.9854768748318241, -0.801898373742108, -0.9782092797404764, -0.9791329252865355, -0.7116871278530411, -0.4832470954992436, -0.9780389505626762, -0.7176896842777793, -0.9126652700199247, -0.9861465597475089, -0.4748540423004586, -0.695799696455423, -0.5109150050374658, -0.49859495584016, -0.7537834597143942, -0.8439791050679875, -0.5320290429940753, -0.9223112101483337, -0.9839624728267936, -0.476017922393535, -0.8863459484908699, -0.985532147444715, -0.9771767175938411, -0.978122471666961, -0.4337413676545365, -0.984251984596013, -0.5946519711123102, -0.5103963046414203, -0.5419549385079057, -0.6465076722784626, -0.985356912188951, -0.4869983326584799, -0.8342968054109794], "gsf_samples": [0.013408277725254781, 0.933240685284733, 0.07670589272679947, 0.022356099026463277, 0.18446486773524381, 0.9738499640115581, 0.8152556587471198, 0.9621547552170212, 0.14538345355766852, 0.027858458281498737, 0.08238806504253023, 0.0017373766718424626, 0.9377386608467766, 0.8783117955693167, 0.009926074652324875, 0.9669610692485462, 0.3945915184377605, 0.16208944002808173, 0.4630696588831681, 0.9402588716138328, 0.40808175886431003, 0.9687799286900118, 0.9385341589035531, 0.6322707411438864, 0.09890851096336527, 0.9120849911399602, 0.16539019592577586, 0.9440551249767843, 0.0289090655261801, 0.040089966718350245, 0.12349392740920513, 0.005368380764728145, 0.058339723472410274, 0.8486118802528807, 0.06646993971698249, 0.06175916447530854, 0.8038599699315482, 0.9485762727453593, 0.0009462728306069453, 0.23044929791746258, 0.005213271915228296, 0.9391951844414371, 0.9463543287940006, 0.9395446128969641, 0.0506089930265197, 0.9386047513458878, 0.0013522718392109108, 0.016467001578312872, 0.9438836146442652, 0.015196479877454481, 0.01377597713012997, 0.005663897711877423, 0.6716057914927887, 0.011311468944145295, 0.9672182245795123, 0.006242897938828161, 0.9648299883576313, 0.22231073021146847, 0.2444141375728914, 0.9260198154514584, 0.045596123641344605, 0.2229377343871095, 0.12161725418006503, 0.8519026797698082, 0.9477775859584988, 0.846373858994771, 0.07585541225415443, 0.9684006468445837, 0.5944977443482038, 0.9391896724307078, 0.9455848088726967, 0.3284483627363648, 0.0024254411940005357, 0.9416276218526076, 0.1418616692922401, 0.7436640201531192, 0.9676166491502425, 0.019412979833767968, 0.19695130645051676, 0.0863420884331047, 0.06789907875628963, 0.17694336276916478, 0.5065943514344996, 0.0831084337121105, 0.8305835002642868, 0.9644649039087934, 0.054345358772909566, 0.6235408646962158, 0.9673311597418953, 0.9428038809046644, 0.9393665524411627, 0.01317575938165804, 0.9648386714854995, 0.09677328313688435, 0.08373216966261092, 0.19409552656814677, 0.15732629141121146, 0.9706325683074111, 0.00772209582235711, 0.4712707283137989]}