{"L": 9, "J": 0.022026065406621664, "B": 0.11013032703310832, "K": 5, "init_state": "random computational-basis state", "energy_avg": -0.9816462305007263, "energy_std": 0.048795433416880384, "gsf_avg": 0.9499721851356135, "gsf_std": 0.19392388211029338, "energy_samples": [-0.9918255457762959, -0.9918255457762959, -0.9919263087005746, -0.9918255457762959, -0.9918735153039574, -0.9918255457762959, -0.9918255457762959, -0.9918014681282524, -0.9918255457762959, -0.9915828642012965, -0.9918255457762959, -0.9918622209177289, -0.9918255457762959, -0.9915686188927659, -0.9892833084033301, -0.9918255457762959, -0.991844251080419, -0.9918255457762959, -0.9916094109766161, -0.9918255457762959, -0.9918270287316986, -0.9919331206757035, -0.9916277038032871, -0.9917828561213317, -0.9918255457762959, -0.9918101371087602, -0.991844251080419, -0.9916535896806803, -0.9918303815866545, -0.9918255457762959, -0.9918255457762959, -0.9918897856358108, -0.7392257426834954, -0.7415524173796062, -0.9918957644731069, -0.986673911862616, -0.9842703368128857, -0.9916900611547043, -0.9915686188927659, -0.7467873077719333, -0.9917875318378178, -0.9918357883278175, -0.9915686188927659, -0.9918283382564195, -0.99183897864375, -0.9916491318796662, -0.9917667526431349, -0.9918255457762959, -0.9880701565148855, -0.9915239942023509, -0.9918255457762959, -0.9918255457762959, -0.9918255457762959, -0.9918255457762959, -0.9918255457762959, -0.9918092918298732, -0.9918255457762959, -0.9916610450972976, -0.9918255457762959, -0.9918255457762959, -0.9918255457762959, -0.9918255457762959, -0.9918255457762959, -0.9918316547066415, -0.9918255457762959, -0.9918422549176199, -0.9918101371087602, -0.9916551427892565, -0.7430901990994858, -0.9918747573276078, -0.9918008800401537, -0.9918747573276078, -0.9918255457762959, -0.9918255457762959, -0.9919051409036379, -0.9918622209177289, -0.9918191082569559, -0.991844251080419, -0.9918191082569559, -0.9918255457762959, -0.9918255457762959, -0.9918223172890575, -0.9918255457762959, -0.9918499820414209, -0.9918255457762959, -0.9918101371087602, -0.9918255457762959, -0.9918255457762959, -0.9919051409036379, -0.9918255457762959, -0.9914478252627226, -0.9918255457762959, -0.9918255457762959, -0.9918014681282524, -0.9918255457762959, -0.9918957644731069, -0.9918255457762959, -0.9918255457762959, -0.9918332693422527, -0.9918255457762959], "gsf_samples": [0.9900227166046415, 0.9900227166046415, 0.9902262482686846, 0.9900227166046415, 0.9901261267248234, 0.9900227166046415, 0.9900227166046415, 0.9899763429151418, 0.9900227166046415, 0.9894818962915769, 0.9900227166046415, 0.9900989191504216, 0.9900227166046415, 0.9894371347882172, 0.9849233912398895, 0.9900227166046415, 0.9900587074750277, 0.9900227166046415, 0.9895307255134663, 0.9900227166046415, 0.9900163703951639, 0.9902288700112681, 0.9896138054526413, 0.9899283380766519, 0.9900227166046415, 0.989980415811449, 0.9900587074750277, 0.989615995568719, 0.9900288991995185, 0.9900227166046415, 0.9900227166046415, 0.9901373816187363, 8.137054015036071e-33, 2.1844860394212223e-31, 0.9901802697960926, 0.9796351985721061, 0.9733966689974012, 0.9897446917439899, 0.9894371347882172, 1.5870866447966063e-31, 0.9899531793012085, 0.9900325510889005, 0.9894371347882172, 0.990022529876692, 0.9900413393223989, 0.9896154925468595, 0.9898971599037335, 0.9900227166046415, 0.9824314821116337, 0.9893280027775723, 0.9900227166046415, 0.9900227166046415, 0.9900227166046415, 0.9900227166046415, 0.9900227166046415, 0.9899880883452375, 0.9900227166046415, 0.9897007850948557, 0.9900227166046415, 0.9900227166046415, 0.9900227166046415, 0.9900227166046415, 0.9900227166046415, 0.990026717647212, 0.9900227166046415, 0.9900538876775657, 0.989980415811449, 0.9896359694710037, 1.3019286424057714e-31, 0.9901257500925157, 0.9899580461012227, 0.9901257500925157, 0.9900227166046415, 0.9900227166046415, 0.9902079615970258, 0.9900989191504216, 0.9900060859547806, 0.9900587074750277, 0.9900060859547806, 0.9900227166046415, 0.9900227166046415, 0.9900178434023265, 0.9900227166046415, 0.9900575016252734, 0.9900227166046415, 0.989980415811449, 0.9900227166046415, 0.9900227166046415, 0.9902079615970258, 0.9900227166046415, 0.989214510472825, 0.9900227166046415, 0.9900227166046415, 0.9899763429151418, 0.9900227166046415, 0.9901802697960926, 0.9900227166046415, 0.9900227166046415, 0.9900352884892151, 0.9900227166046415]}