{"L": 2, "J": 0.09950371902099898, "B": 0.4975185951049949, "K": 2, "init_state": "ground state", "energy": -0.9906215078257057, "eigoccs": [0.9923938295657808, 0.000644654035568238, 0.005720749497413629, 0.0012672313635171027]}