{"L": 2, "J": 0.9284766908852597, "B": 0.18569533817705194, "K": 3, "init_state": "ground state", "energy": -0.9628128648354022, "eigoccs": [0.49865094870366156, 0.5005932762287558, 8.237548172474043e-06, 0.0006196240890771643]}