{"L": 2, "J": 0.09950371902099898, "B": 0.4975185951049949, "K": 23, "init_state": "ground state", "energy": -0.9983221881435773, "eigoccs": [0.9984110284426783, 2.3573637008656638e-05, 0.0006242245435714687, 2.907330006575795e-05]}