{"L": 2, "J": 0.44721359549995826, "B": 0.44721359549995826, "K": 9, "init_state": "ground state", "energy": -0.9847633475000377, "eigoccs": [0.9892170093669934, 0.0005213320255279832, 0.009939163923263543, 0.00024187940215616857]}