{"L": 2, "J": 0.9284766908852597, "B": 0.18569533817705194, "K": 6, "init_state": "ground state", "energy": -0.9623024511762107, "eigoccs": [0.49838433897168893, 0.5003466648049654, 3.281515091658104e-06, 0.0006390566187953401]}