{"L": 2, "J": 0.09950371902099898, "B": 0.4975185951049949, "K": 38, "init_state": "ground state", "energy": -0.995776590531145, "eigoccs": [0.9958527650650904, 1.0043382644654018e-05, 0.00037151575088499567, 4.020668898331559e-05]}