{"L": 2, "J": 0.9284766908852597, "B": 0.18569533817705194, "K": 38, "init_state": "ground state", "energy": -0.9628449592871534, "eigoccs": [0.49869754421192947, 0.5005119172856213, -8.787028491492548e-07, 0.0005670494898802473]}