{"L": 2, "J": 0.09950371902099898, "B": 0.4975185951049949, "K": 18, "init_state": "ground state", "energy": -0.997178191824133, "eigoccs": [0.9973049929780322, 3.132224082947927e-05, 0.0008113384246826173, 4.918664271029872e-05]}