{"L": 2, "J": 0.9284766908852597, "B": 0.18569533817705194, "K": 29, "init_state": "ground state", "energy": -0.9608356564402218, "eigoccs": [0.4978426629908485, 0.4992896243929864, 4.861503839493789e-07, 0.0005853334210711898]}