{"L": 2, "J": 0.9284766908852597, "B": 0.18569533817705194, "K": 11, "init_state": "ground state", "energy": -0.9626180270471312, "eigoccs": [0.498520821629509, 0.5004740860313177, -4.703179001784095e-08, 0.0005813615224813215]}