{"L": 2, "J": 0.9284766908852597, "B": 0.18569533817705194, "K": 7, "init_state": "ground state", "energy": -0.962799960575697, "eigoccs": [0.49875925207600735, 0.5004071425646544, 1.750886440271589e-07, 0.0005754967583643912]}