{"L": 2, "J": 0.09950371902099898, "B": 0.4975185951049949, "K": 4, "init_state": "ground state", "energy": -0.9966239744541214, "eigoccs": [0.9970146871987837, 8.168816566464976e-05, 0.0027228146791457948, 0.000127910834167173]}