{"L": 2, "J": 0.44721359549995826, "B": 0.44721359549995826, "K": 40, "init_state": "ground state", "energy": -0.9939230980447323, "eigoccs": [0.9955585134770532, 0.000837028026580817, 0.0026485621929168554, 0.0008252727244236662]}