{"L": 2, "J": 0.44721359549995826, "B": 0.44721359549995826, "K": 36, "init_state": "ground state", "energy": -0.9938089570206238, "eigoccs": [0.9955950805977958, 0.0005425214767456447, 0.0027047097682952837, 0.0008191635771612133]}