{"L": 2, "J": 0.09950371902099898, "B": 0.4975185951049949, "K": 32, "init_state": "ground state", "energy": -1.0041321768337435, "eigoccs": [1.0042402661743104, 9.447336196895413e-06, 0.0006700456142425386, 4.235735512349726e-05]}