{"L": 3, "J": 0.06622517641798507, "B": 0.3311258820899254, "K": 3, "init_state": "ground state", "energy": -0.979646020691509, "eigoccs": [0.9734263028649515, 0.004083492487621601, 0.002938948571681978, 0.017383861495927327, 0.0005171746613182988, 0.0015721693634986851, 7.902269069123705e-05, 1.0561363073558188e-05]}