{"L": 3, "J": 0.28620826421558115, "B": 0.28620826421558115, "K": 2, "init_state": "ground state", "energy": -0.6922537823399666, "eigoccs": [0.6235322087602507, 0.061862345971921986, 0.16814519325271246, 0.042260108686408074, 0.06732819103702845, 0.00850688805803657, 0.023806028216739626, 0.004541109919985822]}