{"L": 4, "J": 0.326612219552346, "B": 0.0653224439104692, "K": 5, "init_state": "ground state", "energy": -0.9584611398700049, "eigoccs": [0.4796191419760192, 0.46574830659083344, 0.007091100379900368, 0.008392849045451423, 0.007178974743345088, 0.006758902629371731, 0.009937626643263319, 0.008758862965811316, 0.0007374664654340815, 0.00079378003084095, 0.0017157227666757522, 0.0018251967744107303, 0.0006928588204413238, 0.0006603988793113456, 4.180806660250414e-05, 4.557078996009586e-05]}