{"L": 4, "J": 0.04962748692122743, "B": 0.24813743460613716, "K": 10, "init_state": "ground state", "energy": -0.9935107734875855, "eigoccs": [0.9885611713702992, 0.00018448884246358111, 0.0023437754898150464, 0.00362885140143947, 0.004528436111583914, 1.0002746312989971e-05, 5.449354648590061e-05, 5.193144817850252e-05, 8.10555041224678e-05, 1.4426186680791838e-05, 5.003350789163785e-05, 3.129215396156237e-08, 4.613773351622931e-07, 1.4667518853720757e-07, 2.154689336673495e-06, -2.4062818783619484e-07]}