{"L": 4, "J": 0.04962748692122743, "B": 0.24813743460613716, "K": 20, "init_state": "ground state", "energy": -0.995052713997256, "eigoccs": [0.9922493287894912, 1.2523022072221975e-05, 0.001005873745141474, 0.002357206745530596, 0.002758130218451986, 5.772935402715224e-06, 2.0414590835605547e-06, 1.0924576182436824e-05, 3.694792290346721e-07, 1.371279358863786e-05, 1.9159674523972475e-05, -3.598997036929134e-07, 8.690606409427886e-07, 2.5003804948746e-07, -1.8902385326576588e-06, -2.0888836059146613e-09]}