{"L": 4, "J": 0.326612219552346, "B": 0.0653224439104692, "K": 10, "init_state": "ground state", "energy": -0.9839934918164587, "eigoccs": [0.4864508968474841, 0.4936606812803011, 0.001269427377965621, 0.001115270358205031, 0.001439618259018848, 0.0012291434686630956, 0.006381547081787988, 0.006393982342344633, 0.00038484180080987417, 0.0003887939696321585, 7.981347971508531e-05, 7.435824909248924e-05, 0.00046497564550100477, 0.00046606577026730414, 8.003496246106849e-06, 8.098871384795452e-06]}