{"L": 4, "J": 0.326612219552346, "B": 0.0653224439104692, "K": 20, "init_state": "ground state", "energy": -0.99229154103968, "eigoccs": [0.4894816936351936, 0.5004574322853681, 0.0005506144267718233, 0.0005085466488890826, 0.0019571392142813627, 0.0018172487434640061, 0.0028283480479586245, 0.002830264625245009, 7.926994945600857e-06, 7.683598256852031e-06, 2.7322126697981737e-05, 2.5206109161607077e-05, 0.0002330027644150007, 0.00023680427913163075, 3.398282396372642e-07, 1.3280695026846793e-06]}