{"L": 4, "J": 0.049627486921227426, "B": 0.2481374346061371, "K": 4, "init_state": "ground state", "energy": -0.9860250598999146, "eigoccs": [0.9757338636772014, 0.000926360545148789, 0.005773713504857442, 0.007130096896296196, 0.007930442518057981, 0.00034893619941837764, 0.0005832761526107853, 0.0003499002605823385, 0.001337574312532262, 9.911507368087807e-05, 0.00024767082094813355, 3.9068641937125265e-06, 6.375721964783068e-06, 4.579991436573736e-06, 6.620433407310169e-06, 9.159933077689272e-07]}