{"L": 5, "J": 0.16592899658748114, "B": 0.16592899658748114, "K": 5, "init_state": "ground state", "energy": -0.9312057394171773, "eigoccs": [0.8119884295636091, 0.020485596582473432, 0.09176845027788397, 0.012468768273206456, 0.023939143446906647, 0.004066040417684816, 0.012222188791014374, 0.007428452379891281, 0.000956083587424358, 0.006877296592298295, 0.0004073581890371604, 0.0008728101470138945, 0.002820965601131321, 0.0008514704559683091, 0.00040832233439353096, 0.0015236859835067867, 0.00012158243033079123, 0.0004675422587547873, 0.00015829958145757023, 7.328880019485997e-05, 0.00020137748034481978, 0.0005003522994405081, 2.1973059734673514e-05, 0.0001397703802710578, 3.761908941607559e-05, 2.1736784121702424e-05, 5.946058638388017e-05, 1.2659872077011679e-05, 2.6834869105461143e-05, 2.518946860093314e-06, 1.820252092610727e-05, 8.497420245199686e-07]}