{"L": 6, "J": 0.13705708646304537, "B": 0.13705708646304537, "K": 20, "init_state": "ground state", "energy": -0.9781233387325174, "eigoccs": [0.9286772739608042, 0.002212467248063981, 0.03978457287079322, 0.0006532313298001702, 0.013124527194275926, 0.0002508911336712653, 0.005542218351182659, 0.0002457516328606697, 0.0006101606982100622, 0.0015162075126607757, 0.0014063621544416595, 2.0359039343309954e-05, 2.450455335780989e-05, 1.3620981565077975e-05, 0.0005179655456247904, 4.814650477576738e-05, 9.367833386926837e-05, 0.0005240670912876599, 0.00025605059770221, 6.199661402535995e-06, 1.441436942721819e-05, 5.6506730471127495e-06, 6.779993361955858e-05, 0.0001122751491173092, 4.989327862859323e-06, 6.600101869162216e-05, 4.028939457658249e-06, 4.074928074864056e-05, 2.4733356999003908e-05, 2.754084206679307e-06, 1.5620850144416035e-06, 6.207217155599698e-06, 1.6532385612486617e-06, 7.707710889029686e-06, 8.533688797197696e-06, 6.614490170558211e-07, 2.2981495886209733e-07, 5.027080608690855e-06, 5.268618181545534e-07, 2.607877831905561e-06, 3.7505326381651445e-07, 2.194910476763987e-07, 3.2556840253125865e-06, 8.954668459045521e-07, 4.12455461015954e-06, -3.680607793978815e-09, 1.1063744994910301e-07, 3.36170880930925e-07, 9.029324911252834e-07, 1.0990456094552384e-07, 2.005142394313749e-06, -3.062301403792099e-07, 8.906546621235019e-07, 1.6056894448496109e-07, -9.387732909445251e-08, 1.0255944506020273e-08, 2.7406181348561915e-07, 8.296181754847207e-08, 2.9848396919603525e-07, -3.346796054734807e-08, 3.630461766699111e-07, -1.884117783387412e-08, 4.38969690876662e-07, -3.03393207032789e-08]}