{"L": 6, "J": 0.033057440093328, "B": 0.16528720046664, "K": 10, "init_state": "ground state", "energy": -0.9930739135794275, "eigoccs": [0.9802694836353559, 0.0004056581815548025, 0.0008037844694693698, 0.0022612654624175376, 0.004338203045001115, 0.005832513291887944, 0.006007062394554284, 9.95605983406545e-05, 7.546462271091288e-06, 5.400837698956206e-06, 7.55274021333441e-05, 0.0002687625069733465, 1.138329964789848e-05, 1.6857553511037777e-05, 5.652627627808033e-05, 5.088488619372403e-05, 1.0318423419249619e-05, 1.9707013649723407e-05, 2.302004954845279e-05, 7.557693620156939e-05, 3.556484060250234e-05, 4.790802295447966e-05, 3.1174856853217324e-07, 4.2822275339256175e-07, 8.181949423666106e-07, 1.3281748560497923e-07, 4.963556781953107e-07, 7.07036388741912e-07, 2.3189932107894514e-07, 5.078718683187011e-08, 4.019361110721761e-07, 8.022050166660825e-07, 2.1918697008227836e-07, 1.3765714957804102e-07, 4.0613700472871154e-07, 2.058688551187501e-06, 1.6372138605501282e-07, 6.51306758186923e-07, 6.465288378475511e-07, 3.4335064430030083e-07, 5.657757495281894e-07, 7.558064630219731e-07, 7.294049555356632e-08, -2.7416083161077e-07, -7.456573966811001e-09, -3.375988912938436e-11, -1.640133918358262e-07, 3.000606842351909e-07, -1.0175127994555257e-08, 1.5106685246317162e-07, -1.6223838527203677e-08, 1.3245809495020482e-07, -2.6005471834923964e-07, -7.057070626846798e-08, -3.621671312673993e-08, 1.0622495773336777e-07, 1.0135884348130988e-06, 2.696052951334401e-07, -1.5406864102899923e-07, -8.90047745103354e-08, -2.3188089194318676e-07, -1.297444297235958e-07, 4.0105650564093145e-07, 9.530653296405397e-08]}