{"L": 6, "J": 0.13705708646304537, "B": 0.13705708646304537, "K": 5, "init_state": "ground state", "energy": -0.9357145688160329, "eigoccs": [0.7742456741063932, 0.03524813753323559, 0.08978885652809598, 0.007497355952697787, 0.03131820621316131, 0.006463092994662481, 0.01412257041368695, 0.0023646314962554914, 0.009015779859062871, 0.008309207164432654, 0.00552068483537301, 0.0010355599470114707, 0.0010900055604097017, 0.0003765428588821511, 0.002287714737667211, 0.0006083253485386238, 0.0014836037430520264, 0.0026430545903336736, 0.0010010187254013959, 0.00027893656634791656, 0.00036955445513226826, 0.0001206578862912754, 0.001190473043604248, 0.000510030301161463, 0.000236934050917623, 0.00040216521406069664, 8.943960915553883e-05, 0.0005877296441361644, 0.00018574949684490536, 7.942358224987132e-05, 8.249678158363006e-05, 0.00022716306268142465, 3.106462715327175e-05, 0.0001050815133165192, 0.00010217696286513537, 4.669087658950145e-05, 1.5595391224192943e-05, 0.00010057486477317782, 2.1129963682359274e-05, 4.368525696918378e-05, 2.1918658785765488e-05, 1.1925394386003027e-05, 0.0001163974705823099, 2.713666545521678e-05, 4.143754740239239e-05, 1.14454563158252e-05, 5.745619357590412e-06, 6.676559367180711e-06, 2.1072096279901123e-05, 4.4992575116102415e-06, 3.333208399670877e-05, 9.062933606820832e-06, 1.2692578796231297e-05, 2.766208209190674e-06, 1.2282805973254705e-06, 1.7167165259613846e-06, 5.065023824089165e-06, 1.3051547498350344e-06, 3.5783571542018307e-06, 9.020738379738042e-07, 2.019898984100911e-06, 1.9949379644703329e-07, 1.1159877604124774e-06, 8.567697849874637e-08]}