{"L": 7, "J": 0.1641957775205015, "B": 0.0328391555041003, "K": 24, "init_state": "ground state", "energy": -0.9768726798095354, "eigoccs": [0.47772488375926847, 0.47750204774747484, 0.002483096121050016, 0.0025160622691628273, 0.0008047983253221343, 0.0006959549261991682, 0.0019527330183837608, 0.0019364827463456515, 0.0031901933615433907, 0.003189316116275151, 0.003006209069932382, 0.00302296997485886, 0.0037731452482479225, 0.0038050535142259614, 5.2542806391167646e-05, 5.193837880405284e-05, 0.00013314925427111599, 0.0001326323943172325, 9.736097243451378e-05, 9.690013050744247e-05, 0.00017623315672515047, 0.0001763874182050693, 0.00011550752072855128, 0.00011455462322187851, 0.00021680052800779272, 0.00021666330455274242, 0.0004478410049244747, 0.0004470734734677146, 0.0002065357816310804, 0.00020575201848868982, 0.00022577032218965747, 0.00022651871531424335, 8.687267528128032e-05, 8.614277027549363e-05, 0.0001680119625331952, 0.00016717098853334005, 0.0002491721078532186, 0.0002488211548553738, 0.00017471779745381635, 0.00017432348298785426, 0.0002258092200912085, 0.00022549172713794404, 0.00012528933640650245, 0.00012542944955000116, 8.321150982863617e-07, 8.367584207382768e-07, 1.254446560801547e-06, 1.2859306301950918e-06, 2.333080308191824e-06, 1.7518038610746306e-06, 2.4301550245200947e-06, 2.3494725969367183e-06, 1.6096480269261502e-06, 1.6451501168648906e-06, 1.6481287100143882e-06, 1.5801767189313131e-06, 2.2663537422307124e-06, 2.3814074694440643e-06, 3.8093985818638306e-06, 3.4121278457187507e-06, 1.874152156943669e-06, 1.8721863417271242e-06, 3.1874267740275676e-06, 3.229235735526303e-06, 1.6253565178058674e-06, 1.52774576976901e-06, 4.718443073960304e-06, 4.754366218436472e-06, 2.2790507320432007e-06, 2.258664307316489e-06, 1.727429000884094e-06, 1.7155698455173596e-06, 4.698811710344179e-06, 4.693761349670505e-06, 3.094244051629857e-06, 3.102219994858444e-06, 2.5071361501322567e-06, 2.4543025300056387e-06, 3.693335203621479e-06, 3.7121220471957515e-06, 3.208516782125866e-06, 3.1808813246910738e-06, 3.208672960244602e-06, 3.1994267842952062e-06, 9.767630251088802e-08, 9.527336580971384e-08, 1.1394513968578589e-07, 1.1312402605203833e-07, 1.416833692335547e-07, 1.4317337720410527e-07, 2.159611360730272e-07, 2.142075676098454e-07, 1.7689018094218678e-07, 1.7915735208285332e-07, 2.0665017478920866e-07, 2.0932479382315704e-07, 2.86687329482962e-07, 2.826281453925302e-07, 3.207547757800834e-07, 3.183988224765946e-07, 1.982534182469865e-07, 1.9560745418482255e-07, 1.4119331614118297e-07, 1.4203668977569517e-07, 3.06154577747719e-07, 3.039303747965914e-07, 1.8559762010692924e-07, 1.851510705944707e-07, 3.0556720692996015e-07, 3.0669708028453113e-07, 2.118505945415123e-07, 2.0938113342884115e-07, 2.3685537352259796e-07, 2.3759264114790728e-07, 3.6595600649626316e-09, 3.821331302067592e-09, 3.3299058411868993e-09, 3.416851156363828e-09, 4.336677183248152e-09, 4.193570957765698e-09, 5.326334623175551e-09, 5.460202565813963e-09, 6.43261617371435e-09, 6.587499691593696e-09, 4.382328771107439e-09, 4.424175848973624e-09, 4.418238571939198e-10, 4.4478714585511344e-10]}