{"L": 7, "J": 0.1641957775205015, "B": 0.0328391555041003, "K": 19, "init_state": "ground state", "energy": -0.9905917762743642, "eigoccs": [0.48186856122012883, 0.481722221514179, 0.0037405641739932495, 0.003655321124571495, 0.0004983619989463956, 0.0005174181475138338, 0.0016326178237801195, 0.0016161806259609322, 0.0040374263898216856, 0.0040634958729129245, 0.004285289063561357, 0.004281739798703062, 0.004676356328410522, 0.004658426276439637, 8.220767274823874e-05, 8.21983445393386e-05, 0.00018999594489276135, 0.00018977566738599748, 0.00018125624140654035, 0.00018096018735385162, 0.0003127716748288255, 0.0003116430889541826, 0.0001262551429766131, 0.0001262298430550458, 0.0003674953425292787, 0.00036600179099991067, 0.0006909770599984133, 0.0006902137205199153, 0.00016796533475651708, 0.0001686871488193409, 0.00024410469173553867, 0.0002456944372448409, 6.713435494236193e-05, 6.70662126103798e-05, 0.00027672648552929465, 0.0002769317800888377, 0.00020224916885489452, 0.00020136445777585015, 0.00020287317058745313, 0.00020188651211042516, 0.00027384126351011524, 0.00027408764519300103, 0.00019392145341470943, 0.00019400271690886547, 2.1816174765367723e-06, 1.7806837159919557e-06, 1.6231785125966627e-06, 2.2144724698213307e-06, 2.7944790843345827e-06, 2.158435230695898e-06, 3.698280236390791e-06, 3.641262421134272e-06, 1.6932864582597869e-06, 1.6418475402054766e-06, 2.226759157413412e-06, 2.515268629853948e-06, 4.604655825968258e-06, 4.660128502069364e-06, 5.014006554583805e-06, 4.978348660326463e-06, 2.6234123340326872e-06, 2.5309085276845037e-06, 6.95097186223855e-06, 7.1671846160850945e-06, 2.6399080934265975e-06, 2.407568235017027e-06, 8.645668259910759e-06, 8.687239697756594e-06, 2.5952886717620824e-06, 2.8134748365403744e-06, 2.126821201344688e-06, 2.180991554023838e-06, 9.1694777801405e-06, 9.116420354391407e-06, 5.478078668877149e-06, 5.487059675047146e-06, 2.354097580443106e-06, 2.3618458679626835e-06, 4.755431566284355e-06, 4.751717549645116e-06, 5.2983136389364986e-06, 5.130672673934788e-06, 5.2507754936527385e-06, 5.1524475054617124e-06, 1.840296980679545e-07, 1.9237508430873092e-07, 2.3002595269313975e-07, 2.310816950367719e-07, 4.5084280040375734e-07, 4.4684666410030774e-07, 2.1512811236509325e-07, 2.1873113863479367e-07, 3.054853859335538e-07, 3.0613293139133763e-07, 4.038763784158374e-07, 3.9789433171946736e-07, 3.482408049589113e-07, 3.429466596974475e-07, 5.621203344915202e-07, 5.536959710787924e-07, 2.300809786740351e-07, 2.2795542663337277e-07, 2.222375769988738e-07, 2.2805919802250534e-07, 5.681594539197026e-07, 5.6515373772488e-07, 2.106706740622546e-07, 2.0781986188709638e-07, 5.918227056272394e-07, 5.940930317168759e-07, 1.9780854316071032e-07, 2.0141853964672263e-07, 4.0032718642283487e-07, 3.9926981418495336e-07, 7.672280497074513e-09, 7.227678240155084e-09, 8.446412539681828e-09, 9.355624081229673e-09, 8.882638522499102e-09, 8.702468023484949e-09, 7.657239556109093e-09, 7.895931621754986e-09, 1.497856858710813e-08, 1.469095022325968e-08, 6.507078684178034e-09, 6.174086534278855e-09, 7.576447250010669e-10, 7.629195205486156e-10]}