{"L": 7, "J": 0.0283282086429988, "B": 0.141641043214994, "K": 44, "init_state": "ground state", "energy": -1.1009160274609808, "eigoccs": [1.0947137059751282, 2.5817180364120012e-05, 0.0003962312410918758, 0.0008144289013063345, 0.0013249525754391088, 0.002135080002644348, 0.0020814848686269817, 0.0021084796402782023, 6.41219333771164e-07, 2.2409105975756633e-07, 0.00015899323658520673, -8.730923806333249e-06, 2.1919605181123847e-05, 5.299700995578909e-06, 2.757510889298237e-05, -5.544901245865218e-05, -1.3404955376428992e-06, 3.0159394405404122e-06, 5.169872971307185e-06, 5.6533087853777376e-05, 9.591189955801255e-06, -4.923270608390787e-05, -4.975950527124818e-05, 1.4556764775364559e-05, 3.508910022300663e-05, -3.585569902713197e-05, -2.003707167540747e-05, 3.8170198619018634e-05, -1.3407989180650946e-05, -1.3337176902161086e-06, -8.108911737870175e-06, -1.6441975445419836e-06, -3.016801289707986e-06, 3.1444319673373065e-05, -1.0899255094488104e-06, -5.337821021340961e-07, -1.934365919138589e-06, 1.834486472117147e-05, -5.941075238661984e-06, 5.938282671709038e-07, -4.559001945022951e-06, 8.72829427990912e-06, -2.8535715005150524e-06, 1.1096391231847104e-06, 1.5510166376706183e-05, 3.930898054768108e-06, -3.0285445973266517e-06, 1.5150749151883968e-05, -9.615953377125658e-07, 7.737848147155929e-06, -3.674735980987226e-06, -6.496971795130357e-05, 1.0809189970243377e-06, 5.90741527948596e-05, 2.0435905568698404e-05, 4.036052562513052e-08, -1.0332194247993206e-05, 2.729258996248746e-06, 1.1765794802998068e-05, -1.0729555134422028e-05, 3.368195590657407e-05, -4.483525130055403e-05, -3.8631588498646194e-05, 9.026824724238439e-05, 1.554691772528441e-05, 9.479849783129196e-07, -5.417850670457355e-06, 2.4158929405871254e-06, 5.501557571833754e-07, -1.8198640974544141e-06, -2.9931331235590185e-07, -2.004021225737278e-06, -0.00013834711704745683, -6.431144918262569e-07, -3.514671396166659e-06, -3.9443641536936215e-06, -1.3145350749161278e-06, -9.380184380021679e-07, -2.686315350036453e-06, -1.1395848407457635e-05, -1.718063077517848e-07, -7.03812111169111e-06, -1.6089367940556943e-05, 4.0399701546468655e-07, 4.827640159189564e-07, -1.9020920922808588e-06, -2.066805311916326e-06, 3.2144559759937725e-06, -8.931709806971446e-06, -5.7040506755042184e-06, 1.707333665885576e-06, 1.4917850773644718e-05, 1.540502332392644e-05, 1.3238201957807241e-05, 4.166760207977044e-07, 2.484428716357436e-05, 4.141474424350484e-06, 1.4439759261075636e-05, 6.966662671155759e-05, 8.525653639741994e-07, -6.887856061732996e-07, -1.46048144754492e-06, -2.1363895859806408e-06, -5.466175799699947e-07, 9.845390502701561e-07, -4.737188747683042e-07, 5.913888816573459e-07, 6.30290106694169e-07, -5.788184386781351e-07, 3.0979376341440184e-06, 6.747396414504883e-06, 1.0564567775319498e-06, 2.8776034122353416e-08, -1.0849597802655056e-06, -7.130356096189046e-06, 4.695429707062558e-07, 6.221116878482912e-06, 1.695888424915537e-07, 5.398552233669639e-06, 4.356217423464557e-06, 8.274346488842103e-06, -5.34114877034603e-08, 2.120530306199819e-06, 2.8672771140831814e-07, -9.41710822828611e-08, 3.969600467224504e-08, -7.008610874431506e-06, 4.455292587370352e-07]}