{"L": 7, "J": 0.11673007904761218, "B": 0.11673007904761218, "K": 11, "init_state": "ground state", "energy": -0.9712573800633421, "eigoccs": [0.8656424889269956, 0.004952259191270998, 0.08031901276259058, 0.0032192210986769507, 0.010750614134301709, 0.0014995337294641988, 0.010993747087560558, 0.00044793964551670786, 0.003966906813282855, 0.0075682351356142225, 0.0015653238224766566, 0.00048216295901660664, 0.00016800775659957847, 0.0014855263092327074, 0.002316893595549325, 6.061997534895808e-05, 0.00016919548560914406, 9.750553056196832e-05, 0.0010539573055497811, 0.0007530924990545738, 0.0002490605606716783, 8.832007150451946e-05, 3.78654434825551e-05, 0.00037159302251199284, 0.0005564817934597941, 1.6084175010915032e-05, 1.568902739058781e-05, 4.693521735256037e-05, 0.00011913133650226721, 0.0001482632324835523, 0.00030457704901611245, 0.0001852899942285604, 1.3537500755340821e-05, 5.0144159658879074e-05, 1.6368843199246275e-05, 2.002551418544703e-05, 1.0599015319177302e-05, 8.72579579612739e-05, 5.083893920225914e-05, 1.3628992565310725e-05, 1.8069827986319182e-05, 4.086720110296807e-05, 1.0014089321695056e-05, 7.867595269401962e-06, 2.7860268238957977e-05, 3.3164973471256956e-05, 3.321192855524053e-05, 3.7663200680653297e-06, 3.562255506329639e-06, 5.07986893311444e-06, 8.590065741308916e-06, 3.931694926039719e-06, 7.887371526894386e-06, 6.965670383851305e-06, 1.0851805011949284e-05, 2.3005259188549628e-05, 5.460755530843897e-07, 1.4739478204587499e-06, 7.575493591374739e-06, 1.6114136122932637e-06, 1.7992785135281383e-06, 6.161850431379517e-06, 7.034844784440991e-06, 1.0201170512842517e-06, 7.903152047458725e-06, 4.85468269746231e-07, 7.600174283323902e-07, 1.710599808962226e-06, 4.524600706051265e-06, 6.792798515621011e-07, 3.386336966765326e-06, 7.314625118161196e-06, 2.4929200241910194e-07, 5.812841651088822e-07, 9.154929689060643e-07, 1.4239859014828205e-06, 1.7280141156822925e-06, 8.052353338137277e-07, 2.8476143492990425e-07, 1.4805910286603836e-06, 1.4571081167970402e-06, 9.19789781154479e-08, 1.568148678799603e-07, 2.849305734120471e-07, 9.480970818263799e-07, 3.0954874043422016e-07, 1.6177801519593305e-07, 2.255425605939221e-07, 4.431124101501736e-07, 1.56595657192052e-07, 9.08060709958165e-08, 2.751949457334545e-07, 1.4092024264423147e-07, 6.959583472636131e-07, 3.1280714239007875e-07, 3.207253482404318e-07, 3.180052953623383e-08, 2.394476128090659e-08, 6.950810722622922e-08, 6.654880727274414e-08, 2.8341097362168683e-08, 3.990141218916266e-07, 2.2448359289367134e-07, -1.9180796716661394e-08, -2.9471825370605346e-09, 1.3401353828855225e-07, 9.355221054129128e-08, 1.1157163859839914e-08, -2.499507301813718e-08, 1.7432170625319044e-08, 4.6210931175198816e-08, 6.204345362869919e-08, 4.578743760572838e-09, -7.371675138829754e-09, -3.2426041777799047e-09, 3.161530346619878e-08, 1.7189582063298034e-08, 1.684102650207914e-08, 1.4485895820004557e-08, 1.3572825384902777e-08, 6.379214031580079e-08, 9.627690827800183e-09, 3.638130136519245e-08, -7.040596378060903e-09, 3.3386758919151426e-08, -5.601655181213226e-09, 7.573552045651626e-08, -3.8097443379452565e-09]}