{"L": 7, "J": 0.11673007904761218, "B": 0.11673007904761218, "K": 42, "init_state": "ground state", "energy": -1.0146382310040598, "eigoccs": [0.9769630573344439, 0.0012113376354769443, 0.027018406511571925, 9.6872618737984e-05, 0.0070222763923667945, 3.111048238443663e-05, 0.0069338912079785955, 5.502879352796653e-05, 0.0008332852562257297, 0.0021744950108798554, 0.00011238240613804603, 3.106307593403084e-05, 3.785027943708845e-06, 0.0005983749555619837, 0.0006535973773975814, 4.379111009758804e-06, 8.968190645280358e-06, 5.805169128713382e-06, 0.00026465094917065257, 0.0002862103772837247, 2.563669265251975e-05, 5.665610012132352e-06, 3.055032934819113e-06, 0.0001526329673264925, 0.0001304765722440007, 9.22579110623684e-07, 1.3999747655693035e-06, 4.6887811349117745e-06, 9.650083512358266e-06, 4.42802997110999e-05, 0.0001132048127471187, 4.94942411134686e-05, 4.163123496421803e-07, 7.525448618732291e-06, 2.245837539966965e-06, 2.0264068397207604e-06, -1.7084874735229348e-07, 1.4223384454323165e-05, 2.0905012352854827e-05, 2.388977630505001e-06, -1.7488996464715363e-06, 1.5723132136257738e-05, 1.118008762523495e-06, 1.0800766380604851e-06, 2.711129723192719e-06, 6.121828822291324e-06, 6.118696881267517e-06, -1.4961241486677744e-06, -1.6349602363072142e-06, 1.2552593317227e-06, 2.27371526261403e-06, 3.681615983717587e-07, 1.7904944904760973e-06, -1.01636913711215e-07, -1.0807693910037777e-06, 7.4798148728884525e-06, 1.5656649999649655e-07, -1.3582801790538438e-07, 2.2269968922332756e-06, 2.819511825787489e-07, 1.564989889816194e-06, 1.6769955269663222e-06, 2.0499429156737965e-06, -6.96523482497938e-07, 2.722757384037606e-06, 4.816953215579936e-07, -2.3015572856411508e-07, 2.1820734544963531e-07, 1.5211691979261885e-06, 2.547806300973939e-07, 1.317534116178757e-06, -1.1975172776344326e-06, -3.2064002280894054e-08, 5.599228151030634e-09, 3.361637121513933e-07, 1.7945462027482464e-07, 4.2670716681386465e-07, 4.34674044780317e-07, -2.572582536276001e-07, -1.45596602101291e-07, 9.371345269650758e-08, 1.4486652628566543e-07, 1.7595365840368237e-07, -4.812489652230601e-07, -7.213746907892906e-07, -5.147164452509504e-07, 4.451096240659679e-07, -2.745672046491116e-07, 5.542023355188215e-07, -6.963990099153435e-07, -1.439791558684532e-07, 4.156625645200942e-09, 2.528589490402692e-07, -1.3206951996196413e-08, -4.648752995580573e-07, 9.906530241929003e-08, 6.65618105908818e-08, 1.195701303797436e-07, 2.07012988567014e-07, 4.012552087951321e-07, -5.2733195976346905e-08, -1.0861193812978715e-07, 2.001092752597196e-07, -4.467739068726295e-08, 1.4615282934007665e-07, 3.892420016636532e-07, 3.348244490724605e-07, 3.064223259413629e-07, -1.344896228255044e-07, -1.019224314686848e-07, 2.4633002257909894e-07, 1.6476478538355935e-08, -9.745389100740993e-07, 1.0571401795547305e-07, 3.810610998563117e-08, -2.1843147067093582e-08, 1.5195509809149814e-07, -7.061031997330157e-08, -6.248215633426028e-08, -6.513888463428894e-08, -1.1486121806314707e-06, -1.004083595036471e-08, 7.232647974205989e-07, 8.886813059175296e-08, -8.975177107578556e-08, -4.923780323058806e-08, 1.8048932443626515e-07, -5.020207006302893e-08]}