{"L": 7, "J": 0.11673007904761218, "B": 0.11673007904761218, "K": 5, "init_state": "ground state", "energy": -0.9315442444806742, "eigoccs": [0.7361010893904343, 0.038629617803352764, 0.07719966741123321, 0.008252402909461162, 0.03904491461069015, 0.007989222288909605, 0.020351966688593542, 0.005093213147327467, 0.010242762711700947, 0.013094672530986631, 0.0075342477828070345, 0.0029224353220443063, 0.0012110101661181663, 0.003106166547939647, 0.0025887967741549853, 0.0008668099946827567, 0.0007834632922438141, 0.0004823591171374467, 0.0024751602149586218, 0.004182350113904611, 0.001360392460813577, 0.0004756634449485488, 0.0007020547340322886, 0.0008109059432980022, 0.002487229920344228, 0.0002405892171049629, 9.414909448727054e-05, 0.0005022955827897052, 0.0011352313412812682, 0.0006125728576379119, 0.0011493813965284252, 0.0008267365062886252, 0.00021468141970102143, 0.0004328683841642603, 0.00016646225376382384, 0.0002320221974804853, 0.00017992955898325216, 0.00045390843200895556, 0.0001880351818750939, 0.00013818433546563616, 0.00022194179800699384, 0.00032511336245410663, 0.00014133108216883962, 4.574578465757072e-05, 0.0001398992934933324, 0.00017530625361664897, 0.0001755041747142575, 5.985312544631966e-05, 5.835504012161265e-05, 4.37360479918167e-05, 7.063657539697486e-05, 3.801336104906477e-05, 6.13517666407319e-05, 6.475330875214605e-05, 5.585017100607408e-05, 0.00026068638632853805, 1.1919185061552399e-05, 2.7961038428137763e-05, 7.120372017774065e-05, 1.644375451997842e-05, 4.695251324822527e-05, 0.00011888642119690506, 4.825446895041809e-05, 1.9172003897536684e-05, 5.351748198175756e-05, 2.1830558275145486e-05, 1.043637652729193e-05, 2.268819666120747e-05, 7.13644970066645e-05, 1.2762778665593163e-05, 2.9656203623503094e-05, 7.414372671475677e-05, 4.438080123070534e-06, 1.9044380599943877e-05, 1.666186105981415e-05, 2.754314556469056e-05, 2.9128878283185806e-05, 1.4790671262014265e-05, 1.203629517570467e-05, 1.3867225506784984e-05, 1.3401787711299198e-05, 5.994165898154048e-06, 3.939064472938184e-06, 6.5981804640221474e-06, 1.6463290420787453e-05, 5.623259868997008e-06, 3.7109534899743063e-06, 4.425251283773641e-06, 7.698760684637511e-06, 5.092411596849199e-06, 2.1777126593099927e-06, 4.249310023094156e-06, 3.6929766340474565e-06, 1.1579061072615842e-05, 4.7633318739021575e-06, 4.691021404025416e-06, 1.5028363812975326e-06, 9.738841934550158e-07, 2.5162979600941026e-06, 2.133903112869898e-06, 1.6111782404837767e-06, 1.4117829454739353e-05, 4.685022544142253e-06, 6.045985227373318e-07, 1.2886646322466688e-06, 2.0797275996593394e-06, 2.3783185331183876e-06, 8.248567723151105e-07, 4.857951125222334e-07, 4.881867690828072e-07, 2.9056914276061625e-06, 3.3825993598076386e-06, 1.705377925219514e-06, 5.299203183334927e-07, 3.938851652272078e-07, 4.4675781285381595e-07, 7.533901687632038e-07, 3.839128353932559e-07, 1.2386373912597165e-07, 1.230473881115899e-07, 4.959830975848596e-07, 1.506929412762236e-07, 4.2073998565876626e-07, 1.0787247052670429e-07, 2.317047609365083e-07, 2.096019148818627e-08, 1.508100915480244e-07, 1.3843306939251999e-08]}