{"L": 7, "J": 0.11673007904761218, "B": 0.11673007904761218, "K": 27, "init_state": "ground state", "energy": -0.9851987793562345, "eigoccs": [0.9338607342972427, 0.0002740178389769433, 0.037431874010690286, 0.00059129175992892, 0.011100980950534349, 0.0002389627240303827, 0.007598247933197438, 0.0001014936174494044, 0.001351699414938601, 0.003046261719199279, 0.0003356127286537026, 8.033566673366528e-05, 1.571667188403595e-05, 0.0007002816007923712, 0.000927051933235696, 6.1958651240088154e-06, 2.8030118200306965e-05, 1.5947099976204834e-05, 0.00039893487311817106, 0.0004329897222574658, 4.548466077881247e-05, 1.2462805675262996e-05, 5.402238527792519e-06, 0.00017285033111613158, 0.00022447304144696851, 3.1355605152822662e-06, 2.8783999975228956e-06, 1.111195637611284e-05, 3.303163108600402e-05, 7.147739535995547e-05, 0.0001572172783802798, 7.361437602267569e-05, 1.2474675888617811e-06, 1.2776358846694773e-05, 3.7169136002799056e-06, 3.6059924295676665e-06, 8.564327308306878e-07, 2.1939051904925414e-05, 2.4462757754878468e-05, 2.254097569555523e-06, 2.947861991380301e-06, 1.5718902105819536e-05, 9.160385157252127e-07, 6.373615568220664e-07, 8.148030081631726e-06, 8.959825393438639e-06, 8.974313396396863e-06, 4.618448640026411e-07, 3.783121240210338e-07, 1.0429265429735593e-06, 1.9682771107250026e-06, 5.356087825646526e-07, 1.1582898574151113e-06, 1.0132094297074175e-06, 4.156897334965566e-06, 8.46725828406393e-06, 1.4332408823811595e-08, 1.7681343206832677e-07, 1.846285522546324e-06, 2.919014641209236e-07, 2.55879903892156e-07, 1.011766852296708e-06, 1.3939021786121397e-06, 2.361309307708501e-07, 3.3487560610905006e-06, 4.109343216391271e-08, 1.8380868376112993e-07, 2.7286527189746744e-07, 9.839289486703042e-07, 6.557508252204328e-08, 1.5528921325564433e-06, 5.305763760586635e-06, -1.6301459497111201e-09, 1.0099754102844068e-07, 1.8301349570514796e-07, 5.31199063823275e-07, 5.1989176267478e-07, 1.316793781504792e-07, 2.6829981166393173e-07, 1.185933714565968e-06, 1.1919909531162056e-06, -1.8874671761728553e-07, 1.1694227308934638e-08, 1.8963353144276983e-07, 5.013638860758987e-07, 8.495090707601627e-08, -9.551369822247574e-08, 1.9450422911686798e-07, -4.980016888153205e-08, 9.771717865114055e-08, 5.593155588090904e-08, 1.1903297318019652e-07, 2.680409881866999e-08, 5.802488578150603e-07, 9.591672697668922e-08, -8.437381635963658e-08, 3.915668202055411e-08, 3.336429608801276e-08, 1.4636890634612446e-07, -5.320436488474021e-08, -2.8349031931540112e-08, 6.76049360966434e-07, 4.013948856503801e-07, -2.999360072340629e-08, 2.608659825428014e-10, 1.135316924733244e-07, 1.8157960780920294e-07, 1.653693803990441e-08, -4.3085313011128334e-08, 8.860195994443293e-09, 2.0264933898728695e-07, 3.2687731959069684e-07, 3.5345427270774136e-07, 8.737235217936483e-09, 2.907361127603572e-09, 5.621055032823715e-08, 2.5174238652836997e-07, 6.034708698454038e-08, 1.3657442870362708e-08, 1.3163715531150146e-08, 1.9245039671974405e-08, -2.9770853530892417e-08, 9.275602246443053e-08, 2.6860689975378405e-08, 5.7420427084326743e-08, -9.516949754602213e-09, 2.56562678355882e-07, 1.8432327989505237e-08]}