{"L": 7, "J": 0.0283282086429988, "B": 0.141641043214994, "K": 29, "init_state": "ground state", "energy": -1.0606450479944893, "eigoccs": [1.0523718938210083, 7.250016007994062e-05, 0.0005063719744952563, 0.0012431449447335026, 0.0020416705854885637, 0.0025396433059138796, 0.0027792064720145444, 0.0026794020990160866, 1.7813843843823952e-06, 1.583158548060346e-06, 6.617347689118645e-06, 3.941930694487649e-06, 3.5480694013702604e-06, 2.5544999390361507e-06, 1.9189989237255246e-06, 1.3519480252650095e-06, 8.360651821151388e-06, 2.2698859710751357e-06, 1.0177501784704663e-05, 8.497192647403367e-06, 2.2288997239162155e-06, -4.723452495587212e-06, 1.2687382145455334e-05, 5.356651650203476e-06, 6.855585470256587e-06, 8.072392542721391e-06, 1.6471110751614333e-05, 7.844209504556547e-06, 1.946312644749293e-05, -7.126131090000666e-07, 3.410461859650632e-07, -3.8950029304447637e-07, 8.324187960517743e-07, 1.3178244585303175e-06, 8.052382599053826e-07, 1.4192283437121576e-07, 1.0926976470866256e-06, 4.398646922354281e-06, 9.740519633111428e-07, 9.166753137208411e-07, 2.3505874915865716e-06, 2.8429218639782575e-06, 1.4805141802418036e-06, 1.2007478892492648e-06, 2.5781825193887766e-06, 1.4628839031491796e-06, 8.019851520635283e-07, 1.785656517997385e-06, 1.3812657049409447e-06, 3.0230997681636435e-07, 9.593241783425571e-08, -2.772488606996395e-06, 2.406552509920617e-07, 7.437418115666276e-07, -3.9776082010837564e-07, 5.54305591788135e-07, 1.3654598991984766e-06, -1.3722447145545713e-06, 1.5087720461805501e-07, -2.799228313173163e-06, -3.9607770294942105e-06, -2.691847363532507e-06, 6.411012064708774e-06, -4.128910782878062e-07, 1.4104787401429286e-07, -7.345962007570386e-07, -2.8579561006774637e-07, 8.638864492330828e-07, -2.7671046376320006e-07, -2.3100731282037276e-07, -3.9742472101493467e-07, 5.423526471317266e-08, -3.534036642416537e-06, -8.390547628816287e-07, 1.4830061268050026e-08, 3.059496907945681e-08, 1.3032597479289998e-07, 1.5535473742711248e-06, 4.0070163567258697e-07, 8.380331175100474e-07, -5.122896982113754e-07, 1.424457877875296e-06, -1.4491296075076757e-06, -3.849443073108036e-07, 4.572928590630674e-07, 2.7798709791769546e-08, 7.15193577153337e-07, 7.143269139438904e-07, -9.405456958841219e-07, 4.991738849513295e-07, 4.917638952798045e-07, -5.4021898678419054e-08, -1.1884076051468682e-06, -2.1186028638588993e-06, -3.7948768964832415e-07, -5.4933777825332715e-06, -3.201837105880639e-06, -2.1012379938434085e-07, 6.43410931817549e-07, 1.014128569135741e-07, -1.1927011875097616e-06, -1.8927749764730075e-06, -7.154484663017379e-07, -2.367900687064748e-07, -1.8313157646000305e-06, -1.0329769717261315e-07, -6.299031299732813e-07, -7.572201605187079e-08, 8.719045606402638e-08, -1.5344286396511293e-07, 3.278850261222948e-07, 1.6258676663951606e-06, 1.2186534044436603e-08, -7.061799400941723e-07, 3.7630257212540197e-07, -4.6269314084904235e-07, 6.378785887738189e-07, -8.099166998739065e-08, -9.033206018866787e-07, 7.053459740544026e-07, 1.4515073148137704e-06, 2.955362620494464e-07, 9.374654813012097e-07, 2.345834990589635e-07, 4.3077873928249547e-07, -1.6335666517779972e-08, -1.7971880248087314e-07, -2.1556228578419592e-07]}