{"L": 7, "J": 0.1641957775205015, "B": 0.0328391555041003, "K": 36, "init_state": "ground state", "energy": -1.0009839614616756, "eigoccs": [0.49240639374279804, 0.4928364146332965, 0.0022005211512072264, 0.002196418684357088, 0.0007768226494542851, 0.000769966284694524, 0.0010059538653870586, 0.001019443663940751, 0.0018907602178595624, 0.0018735357409414683, 0.0020485429693381284, 0.0020477605981252247, 0.003064556085877299, 0.003062026706759607, 3.938534363425734e-05, 3.928357388426555e-05, 9.452862091750947e-05, 9.40658975281428e-05, 7.355735711958475e-05, 7.366573124510713e-05, 0.00014342994724904584, 0.0001432077042156859, 0.0001023474471813537, 0.0001029013664890782, 0.00017052749502141607, 0.0001703147784581074, 0.000315177328698392, 0.00031470312758784334, 0.00012356134334960396, 0.00012340347315980115, 0.00014080857837640964, 0.00014210515548999597, 0.00014496224498933497, 0.00014500729092683306, 0.00014718546057358175, 0.00014802431414487495, 0.0001285923933231555, 0.000129142426204965, 0.000156343767967839, 0.00015694766095121867, 0.0001380379821211095, 0.00013802920858792408, 9.874567979203982e-05, 9.862662028782364e-05, 5.172442937546093e-07, 4.6411910948675055e-07, 1.2936568963833772e-06, 1.1940612772268923e-06, 1.0564125990695776e-06, 1.2909458964063713e-06, 1.1934021504961932e-06, 1.368992898902847e-06, 1.1264313288123093e-06, 8.885541937214564e-07, 8.47332421217145e-07, 8.489512251703232e-07, 1.3620009073900382e-06, 1.431491893414577e-06, 1.6494544217524e-06, 1.5334258764659582e-06, 8.698799247975702e-07, 8.598800913552049e-07, 1.6851068825764787e-06, 1.8711807244447884e-06, 1.1981131195896356e-06, 1.002415173985123e-06, 2.0931514651178224e-06, 2.1414400581207566e-06, 1.3206355821967696e-06, 1.1855492229617525e-06, 1.2842581973022942e-06, 1.3384159551765896e-06, 2.5083561821590314e-06, 2.4806179957885332e-06, 1.4811610952578765e-06, 1.4866869857395968e-06, 1.4837270300669773e-06, 1.454339674759636e-06, 1.559658281904472e-06, 1.5932106222838905e-06, 1.6412924169812825e-06, 1.6492009848503893e-06, 1.7374450932213616e-06, 1.7559489428714473e-06, 4.7956309959796715e-08, 4.803263576489601e-08, 6.195736615258561e-08, 6.129717109723097e-08, 6.719497294239916e-08, 6.636630846667793e-08, 8.278316580008356e-08, 8.276701028248321e-08, 1.0018709400779709e-07, 1.0109774189806408e-07, 1.0696478383850929e-07, 1.0790851064179764e-07, 1.286666737563733e-07, 1.2773930089687753e-07, 1.3258091462705946e-07, 1.3299586785506976e-07, 7.830492997212644e-08, 7.83837610832194e-08, 8.37051855277065e-08, 8.379431960886635e-08, 1.5713517189168344e-07, 1.5747936923353772e-07, 1.0159162208706799e-07, 1.0114454745817809e-07, 1.599593377569851e-07, 1.5972659221361278e-07, 1.0302897449053405e-07, 1.0282581528071449e-07, 1.1530900154279702e-07, 1.1524537233847447e-07, 1.2042141575047053e-09, 1.1594396133628643e-09, 1.1145583905212115e-09, 1.236139432280604e-09, 1.4602835640878064e-09, 1.3000872799635103e-09, 1.7940653104170506e-09, 1.8084340656978562e-09, 2.188799318571642e-09, 2.2173373459978956e-09, 1.638673669427833e-09, 1.6319342110063952e-09, 1.1993288947545708e-10, 1.206659719282583e-10]}