{"L": 7, "J": 0.1641957775205015, "B": 0.0328391555041003, "K": 44, "init_state": "ground state", "energy": -0.9920740447410807, "eigoccs": [0.4890303836828789, 0.4892644312633444, 0.0015892007981834324, 0.0015852015619468394, 0.0002885751167679976, 0.00028398483822962583, 0.0012018262068340456, 0.0012049624521482775, 0.0020555908478202983, 0.0020576891105899744, 0.0022021549036900876, 0.0022056081386020486, 0.002397094913857629, 0.0023867333004462307, 3.6010333122650554e-05, 3.596714474965709e-05, 7.081837906521449e-05, 7.08423839053201e-05, 7.049690404718082e-05, 7.018876593696573e-05, 0.0001036101442953793, 0.00010349135526802418, 6.612086459358509e-05, 6.665274190774589e-05, 0.0001233542634728909, 0.0001234974857009774, 0.00024464665938300366, 0.0002442325496509509, 9.008077115836644e-05, 9.138752822075506e-05, 0.00013858897668954178, 0.00013866083923998608, 6.694067944469802e-05, 6.701748376235075e-05, 0.00014924158883412132, 0.00014976455778766104, 0.00012923667430368702, 0.00012883318734781518, 0.00014216382016258596, 0.0001420705597207372, 0.00013676657626746408, 0.00013696838227104653, 9.792612354015978e-05, 9.797734668214516e-05, 5.017411575051202e-07, 3.57692053363082e-07, 4.6992887186622127e-07, 5.720192919135121e-07, 5.210830954115483e-07, 1.0204683346416706e-06, 8.233143162329628e-07, 9.654591889240097e-07, 6.387637386473619e-07, 6.574260281124618e-07, 8.381824692866973e-07, 6.0305359618971e-07, 9.778683308925354e-07, 1.172180721852209e-06, 1.154994040005878e-06, 1.1306282322078218e-06, 7.40631571124855e-07, 7.283699233046822e-07, 1.2649628058893294e-06, 1.218304255919805e-06, 7.639088333782014e-07, 7.03370102646067e-07, 1.6178002615832105e-06, 1.6292592388695322e-06, 7.529169699481438e-07, 7.233589148228298e-07, 6.889375939944258e-07, 6.80353614640474e-07, 1.6186015838643632e-06, 1.6086054233006484e-06, 1.5871619103974513e-06, 1.503598224135598e-06, 8.356491660528177e-07, 8.383549497473368e-07, 1.502894977714762e-06, 1.4717942785867607e-06, 1.4722048230704732e-06, 1.489727280040048e-06, 1.561816941747723e-06, 1.5669751563191348e-06, 3.638102432939729e-08, 3.520493404162992e-08, 4.528623425522318e-08, 4.557352039782178e-08, 5.796350144033653e-08, 5.6975250367780825e-08, 4.896846212447967e-08, 5.098584966216446e-08, 6.114132549901744e-08, 6.06989605359092e-08, 8.084529232014639e-08, 8.164028018305224e-08, 7.968517512797663e-08, 8.105371353008751e-08, 9.786517268676108e-08, 9.803604416305323e-08, 6.700524528166304e-08, 6.708393975399892e-08, 7.014852517433295e-08, 6.951523964920383e-08, 1.125982996492139e-07, 1.1298742435169293e-07, 6.922464801237627e-08, 6.90738356214726e-08, 1.1144897493098854e-07, 1.111583177537971e-07, 6.628276717839595e-08, 6.673501637954776e-08, 1.1061099799622619e-07, 1.1035484200974286e-07, 8.493250963838756e-10, 9.712932880533851e-10, 8.86135744597207e-10, 8.391167161766105e-10, 9.679997790783155e-10, 9.90092205900932e-10, 9.883532456470381e-10, 1.0898608702283324e-09, 1.494757920635444e-09, 1.5534973094178721e-09, 1.1701464208362365e-09, 1.115412068998409e-09, 7.232338148507504e-11, 7.252130043857667e-11]}