{"L": 7, "J": 0.0283282086429988, "B": 0.141641043214994, "K": 7, "init_state": "ground state", "energy": -0.9889972141385994, "eigoccs": [0.9660200731234978, 0.0008929402040407017, 0.0004456961235541712, 0.004188088631267171, 0.005140353914909783, 0.007856331824970017, 0.006965629219159776, 0.00681095779423084, 6.869947895165732e-06, 1.2789900632773782e-05, 1.0447464779481093e-05, 1.4699032670262643e-05, 2.9624307032391397e-05, 3.478620770847627e-05, 1.7602458738767925e-05, 0.0001690756052543593, 4.021020606963197e-05, 3.518912140552664e-05, 8.913584731133781e-05, 0.00019991808824625334, 5.4256814149873695e-05, 0.00013051302452995615, 4.6021289061503736e-05, 4.1953875534130286e-05, 0.0001051681322446331, 4.7791246281287095e-05, 8.581347822970246e-05, 8.075127930073133e-05, 0.00010554751578896542, 1.5058766543630876e-07, 2.1267672395872652e-07, 7.516318236012718e-07, 4.585345084430333e-07, 1.0830945640720643e-06, 1.941086067870714e-07, 7.09359447699064e-07, 1.870007072721062e-07, 1.1380807887788584e-06, 7.2098491600722e-07, 6.794459880721981e-07, 3.7356463405908785e-09, 9.984625439376867e-07, 6.770370404496027e-07, 7.63144988681807e-07, 7.059261801845204e-07, 5.040314450025876e-07, 7.401686161735092e-07, 1.0240853029396995e-06, 3.6153646467929324e-07, 5.928097788869538e-07, 3.1517407699906366e-07, 6.834739615893835e-07, 1.5428198917574195e-06, 3.984338239736855e-07, 8.409408020727439e-07, 6.704200074206943e-07, 1.4063283015617832e-06, 3.4274896118462815e-07, 1.7692199934817597e-06, 1.0143992778305956e-06, 1.1195567900825554e-06, 7.359380063825531e-07, 1.1375813712784252e-06, 1.2908974037080838e-06, -3.22877987982414e-08, 9.76291086605217e-08, -8.71661926294979e-09, 5.0271922875920764e-08, -1.215063564627356e-07, 1.479274306173883e-07, 1.174065267870712e-07, 4.2948533395120776e-08, 1.3281237448503933e-07, -1.4883715688606196e-07, 8.105522909626683e-08, -5.374099342419462e-08, 1.5427917866184833e-08, 1.9382823131424516e-08, -5.9093498493252225e-08, 3.526073186095581e-08, 5.262813542738696e-08, -5.436595529333144e-08, 1.1008919719689612e-07, 7.256724098721707e-08, -7.354322027585379e-08, -8.436140802820222e-08, -3.156922030627924e-08, 2.0312659947966358e-08, 1.1173320984506182e-08, 1.1763790953634073e-07, -5.456450894705895e-08, 6.84033342755272e-08, 6.973235292895141e-08, 1.7593447169501514e-08, 1.213428284492008e-07, 1.938598924737211e-07, 1.0757176500532966e-07, 1.1454370872653819e-07, 7.090147778873138e-08, 7.335491955407297e-08, -2.499283126469916e-08, 4.987417054381843e-09, -7.468259624807213e-08, -6.941617357420288e-08, -3.238185391786023e-08, 1.195859986495544e-09, 4.091183985017452e-08, -2.727084007906341e-08, -2.040994883936334e-08, 7.742053477502744e-08, 3.309132749924427e-08, 2.319954044905216e-08, -6.3244090248659274e-09, 2.706659379113879e-08, -5.936320393532469e-08, 2.8171822865298417e-08, 1.4574965486053302e-08, 4.6735968919683875e-08, 8.215984091399785e-08, -2.0906877936397357e-07, 3.418691623545859e-08, -3.6059696568864974e-08, -6.102234994244369e-08, -2.900041365763004e-08, -1.1003088317192098e-08, 2.2572155647119942e-08, -1.3210832327554843e-07, 3.9420872685148584e-09]}