{"L": 7, "J": 0.0283282086429988, "B": 0.141641043214994, "K": 19, "init_state": "ground state", "energy": -0.9806878633001013, "eigoccs": [0.9701045250291767, 0.00011779721000669253, 0.0008308703778354374, 0.0017044674530092537, 0.002150079531306549, 0.003261754425772035, 0.0036031133803377012, 0.0034855963806990735, 2.6473749972192783e-07, 1.9055798875680864e-06, 2.9888833969299064e-06, 1.1862948314276873e-05, 9.87827275623277e-06, 9.044174281934621e-06, 9.920860407292022e-06, 6.451248255693946e-06, 1.868372934854682e-05, 1.6845471252684149e-06, 4.84376935172881e-06, 5.1786244189859795e-06, 1.0702212900514055e-05, 9.459073779390433e-06, 8.666890969719452e-06, 7.757373630094627e-06, 9.5209455070471e-06, 1.0094022104628903e-05, 2.2255288328716645e-05, 1.928319385809806e-05, 1.892238194285026e-05, -1.626878070817405e-08, 4.102982486312426e-08, 1.2236492668519303e-07, 4.670261228384025e-08, -3.635534963688071e-08, 6.667840492678942e-08, -1.6410692847276935e-07, 7.736366858735862e-09, -2.9767511172524956e-08, -6.762442889517397e-08, -2.2553306795269194e-08, -2.2476165516744383e-07, -3.257371200568831e-07, -5.447140696090357e-07, -7.086129132368516e-08, -3.98849206717344e-07, -2.3609199988036424e-07, -4.239263944321117e-07, -2.2891157951911154e-07, -3.3774699955556974e-07, 7.269343831695957e-08, -1.9265822063679999e-07, 3.8735280294619836e-08, -5.21783189238117e-07, 3.274135741291083e-07, 3.194519467546641e-08, 1.905047826536315e-07, 6.681816036122211e-07, 4.4397882364432997e-07, 2.305333352716592e-07, 8.703312178797682e-07, 1.085127082431051e-06, 5.130927106463393e-07, 1.3120893840927987e-06, 2.487018989305734e-06, -6.48677981031084e-08, 2.7714684944069365e-08, -4.469977875020581e-07, 1.233671823589146e-07, -8.501745171487463e-08, 8.60224096088744e-09, -6.656517876356244e-08, 1.5239460222580402e-07, -4.820476890991913e-07, -2.7199176145339945e-07, -3.6328102350230924e-07, -1.2291886929702424e-07, -4.599392286953567e-09, 5.1492118874922725e-08, -1.1128796217353053e-07, -4.2696850239049506e-10, -2.783238867324474e-08, 1.5558907762214434e-07, -4.515128133152599e-08, 9.37716506693632e-08, 6.232049914525681e-08, 1.746735716743e-07, 4.262491833592499e-08, 1.0652440224452719e-07, 2.1336709511695857e-08, 3.4144924363875886e-08, -2.862600234164398e-07, 5.056466227972725e-07, -1.903882012380414e-07, 3.850022448641789e-07, -6.501622647409004e-08, 5.900083465383892e-07, 3.432817388946012e-08, -5.622401981824746e-07, 1.8225546332376658e-06, 1.306516797574324e-07, -2.7325120814581315e-07, 5.412562236727543e-08, -1.3321343013950504e-07, 1.028218471012708e-07, -1.213764524886939e-07, 3.177983143608352e-08, 2.031342710234018e-07, 4.446583272867556e-08, 2.6982754745837205e-08, 9.101939983752027e-08, 1.0969347004150799e-07, -2.249362549788116e-08, -4.385143366902034e-09, 1.0911648336249739e-07, -1.4250886894696615e-07, 6.000363600470497e-08, 1.0023228790536946e-07, -1.0995299297551541e-07, -3.400914768361505e-07, 5.583564954359285e-07, -9.40047089484572e-08, 2.428362984653537e-07, -1.0187385835541644e-07, -4.469479062487889e-09, -1.4300369249254277e-07, 3.347861222482673e-09, -5.087439208060289e-07, 6.208751986649294e-08]}