{"L": 7, "J": 0.1641957775205015, "B": 0.0328391555041003, "K": 30, "init_state": "ground state", "energy": -0.9901135624757134, "eigoccs": [0.4858039420205107, 0.4860344306920988, 0.0020455851281703987, 0.002027848763687611, 0.0005242041611296748, 0.0004902491393374989, 0.0018552717159412344, 0.0019101766848763826, 0.0023524331734350633, 0.002346664254373416, 0.0026153729046399015, 0.0026205289235506695, 0.0033819976026290043, 0.00336376072938998, 7.278909531109972e-05, 7.298801358983907e-05, 0.00019328139187307463, 0.0001930589966483792, 7.576721155711096e-05, 7.573346858019503e-05, 0.00017810667607659893, 0.00017751125469134344, 0.00010084790988201808, 0.00010075583792890682, 0.00015463844810151896, 0.00015449727208360607, 0.0004031449037910365, 0.00040263205935648277, 0.00010498588759489863, 0.00010522259788849784, 0.00015690963098915082, 0.0001569243061096711, 0.0001424578648734691, 0.0001415345088613351, 0.0001655747601731863, 0.00016582911382097908, 0.00021237734321592473, 0.00021337624322853127, 0.000171238388728868, 0.00017089782111548104, 0.0001580536265894691, 0.00015793592502489444, 0.00011847877532260619, 0.00011826302644334657, 7.599387744108592e-07, 8.505232875607695e-07, 1.0040849670063617e-06, 1.0552957969562018e-06, 9.432307989822646e-07, 9.718489985327162e-07, 1.948580639692025e-06, 2.5691468742425734e-06, 1.4350189767083119e-06, 1.4797300049067852e-06, 9.204460028908359e-07, 8.936187702081907e-07, 2.722867152749061e-06, 2.2008441055640066e-06, 3.1784836063299246e-06, 3.086820537917601e-06, 9.380291001290734e-07, 1.0655071385412658e-06, 2.1348521459537964e-06, 2.0925096557190262e-06, 1.2792130657131285e-06, 1.2769189433951695e-06, 3.050346564693035e-06, 3.0286437135435323e-06, 1.3776861938625414e-06, 1.3076915948892927e-06, 1.5271854343151342e-06, 1.4976255672261019e-06, 3.1465675669074564e-06, 3.099036649216176e-06, 2.2738608348200443e-06, 2.2605634305513982e-06, 1.5612510002796317e-06, 1.54811834159565e-06, 2.5465133070838226e-06, 2.533030298753347e-06, 2.6155218723299205e-06, 2.617555686035045e-06, 2.383412147720754e-06, 2.384183811305916e-06, 8.435693666499563e-08, 8.514392600956404e-08, 8.218619359038157e-08, 8.373255279969195e-08, 1.347458309180832e-07, 1.3475256124965898e-07, 1.0366511468959939e-07, 1.0372512560784221e-07, 1.893160407238231e-07, 1.87589828982462e-07, 1.5335812111620136e-07, 1.542980102621022e-07, 1.4348261664295108e-07, 1.4420392755604175e-07, 2.1637251000646357e-07, 2.188353826645136e-07, 9.50465893387188e-08, 9.392740367396835e-08, 1.1699349475922291e-07, 1.1668470608189057e-07, 2.3900438807563834e-07, 2.3560452931653175e-07, 1.1437873136185288e-07, 1.145295372565589e-07, 2.001533159124959e-07, 1.9947110873967117e-07, 1.1551942240579047e-07, 1.1544532658439098e-07, 1.6546087650293423e-07, 1.6541649745622468e-07, 1.888307627084528e-09, 1.9204400266441133e-09, 2.271719979621368e-09, 2.316065332810387e-09, 2.247571562528225e-09, 2.27095314634036e-09, 2.7861135942627443e-09, 2.8912340474015604e-09, 4.193696532336633e-09, 4.050504363447091e-09, 2.441070412147303e-09, 2.4332621866039785e-09, 1.9611866088407882e-10, 2.0030141809159402e-10]}