{"L": 7, "J": 0.1641957775205015, "B": 0.0328391555041003, "K": 32, "init_state": "ground state", "energy": -0.9931713220340945, "eigoccs": [0.4879532121715592, 0.4878080184408764, 0.00209432127511148, 0.0020639754090207322, 0.00036232309067019597, 0.00029862890427654557, 0.0017005316797657672, 0.0016940678616613387, 0.0025770059489331554, 0.0025434959649027564, 0.0022526952130328807, 0.0022490179620900034, 0.003339375343938587, 0.003315116009631703, 2.8160822749308537e-05, 2.7985533902197718e-05, 9.391763351164454e-05, 9.362938110000615e-05, 5.3225468256040895e-05, 5.331154494616572e-05, 0.00018513587395031875, 0.00018502790383845687, 9.226863002420467e-05, 9.27871353875112e-05, 0.0001423148233837904, 0.00014166678716940055, 0.0004046346281628428, 0.0004038761364901733, 0.00013273936379508205, 0.00013128232012988092, 0.00014276472518893866, 0.00014278887562225876, 9.424094465103396e-05, 9.386856569062561e-05, 0.00018021373594121623, 0.00017891058999258631, 0.0001790221338320568, 0.00018000514052234407, 0.00015864139208912842, 0.00015929795363880624, 0.00016783445977397034, 0.00016791311299100019, 0.00010930299357780269, 0.00010918736043486674, 4.5575812284751074e-07, 3.971627603922406e-07, 7.465802733956229e-07, 6.959045045620284e-07, 2.1170082676725313e-06, 8.229357333777256e-07, 1.458970268017005e-06, 1.6030844539988882e-06, 9.392660731946528e-07, 9.133855320247082e-07, 7.350922170364671e-07, 9.715178812675378e-07, 1.8035679133776805e-06, 1.5732611885189697e-06, 2.3564486474709605e-06, 2.2901750899356185e-06, 1.1320978166415523e-06, 9.861067921903307e-07, 2.153455350652095e-06, 2.429015376716672e-06, 9.484997529382911e-07, 9.60578802436486e-07, 3.2172228739019797e-06, 3.1054319898718864e-06, 1.3283110332677149e-06, 1.369859701303495e-06, 1.3239301250563938e-06, 1.300576736834592e-06, 2.734582353877974e-06, 2.854602420321012e-06, 2.1310867550329468e-06, 2.1253505152200187e-06, 1.459275579147043e-06, 1.4515334390027756e-06, 2.33497467607515e-06, 2.332508379790075e-06, 2.3823647459648084e-06, 2.360939055695451e-06, 2.2152429229576246e-06, 2.207805307362434e-06, 4.003187828556851e-08, 4.018464543521214e-08, 5.6812096772936004e-08, 5.485209514589611e-08, 7.272332339308135e-08, 7.280619026093805e-08, 9.321322064769863e-08, 9.168378760639706e-08, 1.314699289143215e-07, 1.3273101097486598e-07, 1.2737472412522243e-07, 1.2546108209341754e-07, 1.6846139709950382e-07, 1.6359690641158361e-07, 1.7895128277399286e-07, 1.795368747637932e-07, 9.631386303124771e-08, 9.918541135843505e-08, 9.461195320124995e-08, 9.633015768175443e-08, 2.0464676431253929e-07, 2.0317341643311345e-07, 1.0688820363252607e-07, 1.068381053703896e-07, 2.01144304939872e-07, 2.0287717480296108e-07, 1.0408192596200237e-07, 1.046799270661132e-07, 1.4916803796573326e-07, 1.4841098720336115e-07, 1.5295217740847127e-09, 1.3575264236511824e-09, 1.478359514394669e-09, 1.7146863094182115e-09, 1.8880191887488022e-09, 1.7237649662801893e-09, 2.393924789178804e-09, 2.4483517823178844e-09, 3.143996293607019e-09, 3.168370311149639e-09, 1.9339630752455258e-09, 2.068552421346188e-09, 1.4730084021934862e-10, 1.4298414817412813e-10]}