{"L": 7, "J": 0.0283282086429988, "B": 0.141641043214994, "K": 14, "init_state": "ground state", "energy": -1.0013084739562985, "eigoccs": [0.9890333235345228, 0.00020344650552733346, 0.00016713390340654264, 0.0017710014407120813, 0.0024818816810987247, 0.0037920239135693437, 0.0050370065188374506, 0.004171798094781678, 2.6503514996648967e-06, 3.0532348399265555e-06, 1.1041630078886743e-05, 2.7133424911281904e-06, 2.073114845149674e-05, 1.9016970563128783e-05, 2.406251120306014e-05, 7.072048395466401e-06, 8.418820947835571e-06, 1.4465961481276253e-05, 3.3354838021660786e-06, 8.952907770348801e-06, 3.4870014205655947e-06, 2.555903808773345e-05, 1.8146519081962627e-05, 1.2794391020828396e-05, 3.8749784153700324e-05, 2.261968203703619e-05, 2.5741929979769303e-05, 2.515297947673211e-05, 3.047383402390556e-05, -1.3200526399470358e-07, 1.2704770831281635e-07, -5.088786413294342e-08, -9.436227634209803e-08, 2.7638292261967186e-08, 7.211506702498455e-08, -1.9762063275700886e-07, 3.604909145253785e-07, 2.909234556839826e-07, 3.0429452125449224e-07, -6.511507002773841e-08, 1.8528029543510625e-07, 1.2955079033084747e-07, 1.3670695785735538e-08, 2.904077215035479e-09, -1.6945197572688907e-07, -2.753059847885203e-07, 2.448796294630092e-07, 8.360540291964256e-08, 2.9452598405936835e-07, 1.3185432292342565e-07, 1.58534141054104e-08, 1.9099961594199406e-07, -2.4976660780739654e-07, 8.135180275613561e-08, 3.509436842097304e-07, 5.2160993697268584e-09, 2.2436737845226526e-07, 1.4169338597181333e-07, 5.038899503240756e-07, 2.9861941989120436e-07, 3.3288170811841854e-07, 4.3977958170410355e-08, -4.171746551202424e-08, 1.6798855122954298e-06, 1.558806757904555e-07, -1.261144834171898e-07, -1.3245022037947378e-09, -1.9556129034410137e-07, 3.611147183339455e-07, -1.5928833456656913e-07, 3.181072898957337e-08, -7.137645100154852e-08, -1.425538277272882e-07, -2.0303290202282344e-07, 2.334135977195672e-08, 3.134166767069629e-07, 1.0394286897974557e-07, 5.748444087370568e-08, 6.828618874690991e-08, -2.443017338628701e-07, -4.8397347414306964e-08, 1.1542579159101594e-07, -1.0653667456126488e-08, 9.7518953519541e-08, 1.453766007108256e-07, -5.502697327710915e-09, -1.060550200184393e-08, -1.3177057435285504e-07, 3.154254990799558e-07, 2.11912239547063e-07, -2.718134105497725e-07, 1.5936539444293362e-09, 2.5681000665938635e-07, 1.4222087647763512e-07, 2.2871464053834834e-07, 8.706968562898735e-08, 9.584236658855798e-08, -1.2977918277172064e-07, 1.063105489473647e-06, 8.848630538162803e-08, 9.769423653993567e-08, 3.1613756932627216e-07, -2.1137299756759496e-08, -7.524511908300488e-08, 9.43623951379198e-09, 2.488213026519605e-08, -2.1247440581177318e-07, 2.5651499114008444e-08, 1.6127735127640493e-07, 1.6838785929347993e-07, 1.3313889733066097e-07, -7.828193205322398e-08, 3.3402771246797225e-07, -1.1433430450770972e-08, 1.6976739067673004e-07, 1.869456771769868e-07, 2.2084649569745234e-07, 8.002864684995265e-08, -2.0213540704552444e-07, -4.128624266645372e-08, -1.4867096538907272e-09, -2.118565148548848e-08, 2.682123232111423e-07, 8.244974031161622e-08, -4.795732327026797e-08, -1.3951099819812664e-08, 2.75410352293979e-08, 3.458317212354e-08]}