{"L": 7, "J": 0.1641957775205015, "B": 0.0328391555041003, "K": 12, "init_state": "ground state", "energy": -0.9728165749162703, "eigoccs": [0.4682786303247858, 0.46845243668678666, 0.005729660700108311, 0.005857013677127756, 0.0015858672183349286, 0.0015290490156486445, 0.0019716080940394374, 0.0018486989247704, 0.004271228777101332, 0.004271432494938972, 0.0044990016470787325, 0.004473842262209413, 0.006628763240791837, 0.0067070051221911715, 0.00017852790912348222, 0.0001784947279775278, 0.0002751113808713221, 0.00028182443305960366, 0.0001364203171925663, 0.00013600530360223002, 0.0005623430438446521, 0.0005599459307372688, 0.000402176262394585, 0.0004010273469396221, 0.0006295590984881224, 0.0006317245387955971, 0.0007586852612357155, 0.0007607236753296664, 0.00018051470551204746, 0.00018184245351899998, 0.00015779906299472293, 0.0001567738891901521, 0.00016864837654560462, 0.0001679310454665163, 0.0005061385247519185, 0.0005058322929850808, 0.0004906929187712004, 0.0004930922665877728, 0.00034282843063679856, 0.00034010722691656223, 0.0002779026945378706, 0.00027988870697451165, 0.0002753817753739237, 0.0002747164193999419, 2.954912591044282e-06, 3.197309963652354e-06, 7.793299963839918e-06, 7.886204655828963e-06, 6.033363234526794e-06, 5.0935025586498816e-06, 6.812815539374396e-06, 6.304888499145489e-06, 5.9170186642360226e-06, 6.184542451263343e-06, 5.1675948170030404e-06, 4.270972213712038e-06, 1.0410911662095366e-05, 1.0237139462477605e-05, 1.1020373664587825e-05, 1.0752376180992462e-05, 4.026598099889653e-06, 3.977363166690838e-06, 1.215963481137365e-05, 1.4383002120842013e-05, 4.241907154724061e-06, 4.170271888378167e-06, 1.629779774085672e-05, 1.6721547937664898e-05, 6.363411897562574e-06, 6.954754118517095e-06, 7.720726623301452e-06, 7.678761884566405e-06, 1.758833962648523e-05, 1.758996719747003e-05, 7.031229346116457e-06, 7.311995439825999e-06, 4.962189527772521e-06, 4.979365545185736e-06, 8.00994823818509e-06, 7.798415278441584e-06, 1.3040373225305588e-05, 1.2995845792993146e-05, 9.45930453109268e-06, 9.478257586601988e-06, 4.754462017039525e-07, 4.606431323082007e-07, 5.309111596802782e-07, 5.376868619362256e-07, 4.982471744155689e-07, 5.016112120918041e-07, 8.642357176439222e-07, 8.748329310993701e-07, 9.5661996092784e-07, 9.527926656712247e-07, 1.1816746380920284e-06, 1.1690032364204846e-06, 6.04029479680728e-07, 5.9690508915688e-07, 1.2522870531638746e-06, 1.247062495351798e-06, 8.293945791881346e-07, 8.375341965122751e-07, 6.208931757712775e-07, 6.127280774572756e-07, 1.5168909410446682e-06, 1.4924840599997678e-06, 6.958950756340162e-07, 7.107114846996758e-07, 1.2895428140890522e-06, 1.3119230931284766e-06, 5.936321107742078e-07, 5.978888563568395e-07, 8.09320653044751e-07, 8.215413268327411e-07, 2.769017976717116e-08, 2.783921167157409e-08, 2.4730682035313263e-08, 2.477144917760224e-08, 2.5146098587881858e-08, 2.530882573208303e-08, 3.547519431464579e-08, 3.5551763307161364e-08, 4.782901480480758e-08, 4.765214088963496e-08, 2.879814219251776e-08, 3.02145367539831e-08, 3.6137783160336845e-09, 3.6748207426588235e-09]}