{"L": 7, "J": 0.0283282086429988, "B": 0.141641043214994, "K": 3, "init_state": "ground state", "energy": -0.968698041067787, "eigoccs": [0.9093474928515946, 0.002724416558140233, 0.0033527964594831767, 0.006503009653373543, 0.012388496984817556, 0.021547214912650464, 0.016306124189852774, 0.015618031843251957, 7.207911009831282e-05, 0.0010909679706914144, 0.0002450699577721131, 0.00011201480139957364, 0.0022397363663144267, 0.0002588352377355834, 0.00010602694791584165, 0.00025222009715324904, 0.00011655937605914026, 0.00012183372967062642, 0.0005289527334747929, 0.0002825443344153411, 0.00015228446244564472, 0.0007067692733820964, 0.00035162927025648007, 0.0003424159670412387, 0.0018256774216864047, 0.0005062417617146027, 0.0009460406900115843, 0.0005410562145709275, 0.000529977137610118, 4.068337067903105e-06, 7.963408964555917e-06, 1.5949962207191612e-05, 5.240570560665925e-06, 1.4778898767950902e-05, 4.810977683596357e-06, 2.392834722787462e-05, 2.8907822121256757e-06, 8.76769723125547e-06, 1.2763997462998658e-05, 8.90385486004014e-06, 1.5972930491530176e-05, 1.4803335197983848e-05, 4.8253362044727586e-05, 1.1564622977351376e-05, 7.880907750441701e-06, 7.183585398200958e-06, 3.89683991670616e-05, 6.133795833489023e-06, 9.105322662757385e-06, 3.4452281036369545e-05, 1.0882751203147579e-05, 1.3851338823885144e-05, 1.1621207377909174e-05, 7.472099420585183e-06, 8.394424607761177e-06, 9.670617850286301e-06, 1.5217170772363805e-05, 1.3964152563554245e-05, 1.0705109983670002e-05, 5.347906376898838e-05, 1.675620741124711e-05, 2.2852007191847884e-05, 3.3494161760043153e-05, 2.382003919917866e-05, 2.2479025960419245e-06, 2.504492291309983e-07, 2.264418458466013e-07, 4.242954900628268e-07, 2.1503965710569978e-07, 4.684820626787096e-07, 4.7683145635894816e-07, 3.6393974590436087e-07, 8.766580584519672e-07, 1.8561049415983446e-06, 5.89335904394823e-07, 4.058689144941167e-07, 2.7529985505042354e-07, 1.0220949685183163e-06, 4.3739462231678896e-07, 4.6600917930901743e-07, 3.325937526348802e-07, 6.364425644290338e-07, 4.082221342040383e-07, 7.158055576121466e-07, 3.450425590077656e-07, 5.736172556117209e-07, 5.489339141243802e-07, 7.633945952801181e-07, 5.927567323423081e-07, 8.868300091878133e-07, 5.318264898169675e-07, 5.967554852512132e-07, 7.232441574354303e-07, 3.677059789282371e-07, 5.457405646663624e-07, 4.5402206111594637e-07, 4.833732998164637e-07, 3.7184938165332516e-07, 1.1849721216717984e-06, 1.0021478877655936e-08, -3.075299248657835e-08, 5.2560243195971445e-08, -2.462322010667312e-08, 1.841922075837414e-08, 3.635719251601653e-08, 8.286844061149952e-09, 2.078480729185138e-08, 7.261952761410961e-08, 2.8038218704356507e-08, 2.0198758282649433e-09, 4.4116089685489587e-10, 2.3560396429296475e-08, 2.668868835533412e-08, 1.104055509939447e-08, 3.727663947426422e-09, 1.3676674966097574e-09, 9.018490745556207e-09, 4.300137014912632e-08, 1.82635279434941e-08, 3.275206242993433e-09, -8.85930090870435e-09, -6.32646589669262e-09, -3.7120816521962375e-08, 1.3816990670537302e-08, 8.197507011631705e-09, -1.5132707004862978e-08, -1.4713583371379355e-08, -5.2268147662720695e-09]}