{"L": 7, "J": 0.0283282086429988, "B": 0.141641043214994, "K": 30, "init_state": "ground state", "energy": -0.9610752606128214, "eigoccs": [0.9539584555234214, 8.746806924580271e-06, 0.0003400587267550858, 0.0009134979575381578, 0.0016921605608528024, 0.0022342418454258917, 0.002538881008885405, 0.002505353881664255, 8.22027757117477e-06, 8.05066208336212e-06, 1.3003366537946744e-05, 7.366443082817995e-07, 4.00700993113699e-06, 1.301097021428252e-05, 3.153702354054837e-06, 9.113771540467791e-06, 4.252182767824908e-06, 1.9854559665755276e-06, 2.2976266545403485e-08, -2.8303616357007507e-07, 3.5805690415249376e-06, -1.3597624006838928e-07, 4.157916854916507e-06, 1.260965608728516e-06, 1.3254720529393779e-06, 6.893284714768626e-06, 2.072198278377961e-05, 1.550959234163114e-05, 1.0934749249125596e-05, 5.318268841297989e-08, 3.301932556985878e-07, 2.3094002808038454e-07, 5.251291169261445e-07, -4.10336208156044e-06, 6.792212580113586e-07, 5.959423843741765e-07, 1.8112661194269367e-07, 2.3140161375184846e-07, 1.3036731524330752e-06, 4.7530718309058386e-07, 1.6433051180870603e-06, 2.8533290352679295e-07, -2.585945057515951e-08, -8.763952574499145e-08, 4.619552744712199e-07, 5.611854086181011e-07, 1.0017538443158424e-07, -8.204620095097598e-07, 5.00646729726393e-07, 1.8850029592591976e-06, 3.560173675825924e-07, 7.414292833388452e-07, -1.200725079505984e-07, -1.9714675106833732e-06, 1.0668981966580277e-07, -1.6037039162377366e-07, 3.636762163485577e-07, 1.1815087888662794e-06, 1.2971943117446065e-07, 2.7471967862361207e-06, -1.137597527491472e-06, -1.791684374482379e-06, 4.109492841847698e-06, 4.334328137067078e-06, -2.262667116478757e-06, -1.1930947199934617e-06, -5.480948408931848e-07, -1.8398574447906336e-06, -4.811269039536394e-07, -6.327727637252754e-07, -5.410741972684853e-07, 2.4357924189663717e-07, -1.3309880145307263e-06, -7.199126122385229e-07, -6.423365138727728e-07, -1.2490603193301922e-09, -1.2946216097494286e-07, -5.82398364499685e-07, -6.663496716029269e-07, 1.0758800636965829e-06, 5.028282418642652e-08, -2.2613676264924847e-07, -8.790686470208687e-09, -3.428780477009115e-07, 3.1805807968504197e-07, -4.4116462559302763e-07, -1.219059803719368e-07, -4.5783681954804443e-07, 5.138528690297502e-07, -3.8910451365110223e-07, -7.922494965049716e-08, 1.0342889950795296e-06, 1.5651955737707938e-07, -1.2389046357744628e-07, -3.3034781259580096e-11, -1.7347085837885792e-06, -3.041419393367075e-07, 2.8163174809396026e-07, 1.8551855723893175e-06, -6.467212847783149e-07, -6.329237174030801e-07, -1.7272636998442073e-08, -1.2468550659126876e-06, -3.4212143134499144e-07, -5.702956312430097e-07, -1.0268109166861181e-07, 9.556032650745843e-09, -2.2261747133343198e-07, -1.3210995797180814e-07, -5.035283041537788e-08, 1.7785751763532584e-06, 1.008507218261985e-07, 3.0847264381937866e-08, -1.0902694215920859e-07, -1.3804427095398016e-06, 4.744379927697806e-07, 4.752557880003887e-07, 1.3865812090296836e-07, 3.043212257653886e-07, 2.331850959276131e-06, 1.2378046093042283e-06, -6.26805942354269e-08, -1.406111878466538e-07, -5.9228642254644235e-08, 5.599161318308081e-08, 1.4070313931659741e-08, -4.0406529648087604e-07, -3.5805037203532075e-08]}