{"L": 7, "J": 0.11673007904761218, "B": 0.11673007904761218, "K": 14, "init_state": "ground state", "energy": -0.9831165803819684, "eigoccs": [0.9096706396784491, 5.846774135711599e-05, 0.056878447407920696, 0.0011396354493270196, 0.008754300694456705, 0.0005341872953446149, 0.011157925670134763, 0.0003536777984276526, 0.002575476830106226, 0.004929304203959706, 0.0010287419447646765, 0.00028006779079955827, 5.496079344670894e-05, 0.0013664377920311471, 0.0022218468009970677, 3.478853608913483e-05, 0.00011629184551694918, 6.1001539508620986e-05, 0.0007767651686213715, 0.000663364578039989, 0.00014202161872873647, 4.121480307439606e-05, 2.0296518992441515e-05, 0.0004137077408713943, 0.0003428257784857668, 9.393922815209604e-06, 1.5327513190437832e-05, 2.3090386177224897e-05, 5.969592756000804e-05, 0.00011419043342604842, 0.00021914468129548704, 0.00013809072654198527, 7.440154578850317e-06, 2.768510950701995e-05, 8.571473851929355e-06, 9.148964653810327e-06, 4.24147184488131e-06, 4.668489564397496e-05, 4.405101250085105e-05, 6.5371025691883555e-06, 8.368991448362284e-06, 2.406477209451988e-05, 4.104195599138488e-06, 3.91114492289796e-06, 2.1509557920729585e-05, 2.0420066677121138e-05, 2.0455191595552676e-05, 1.4367839046847165e-06, 1.3476907088198745e-06, 1.98539709922793e-06, 4.017892465060894e-06, 1.745080718059843e-06, 3.0883464835338843e-06, 3.3506693722892052e-06, 8.211802076005771e-06, 1.3729769138105453e-05, 2.1289825926738137e-07, 5.226698914349188e-07, 3.696704067072441e-06, 9.622133697022182e-07, 4.324462957066628e-07, 2.6813587156795645e-06, 4.123136209736396e-06, 3.957117488629711e-07, 5.4595591070782584e-06, 1.7274455482369947e-07, 2.581830512539863e-07, 6.634196048903602e-07, 2.0305681899145247e-06, 2.638983737416053e-07, 1.8907770272261086e-06, 3.457257651960014e-06, 5.094542216005956e-08, 3.214438210395869e-07, 4.001189971635219e-07, 5.888036164153817e-07, 7.3881396305267e-07, 3.351444336204134e-07, -8.063335446831712e-08, 1.040513842870185e-06, 1.0788294330369464e-06, -4.093902046949672e-08, 2.3494507003347356e-08, 1.7723867880501023e-07, 7.843973139588127e-08, 1.8949016947614016e-07, 1.598182133218787e-07, 8.235980385853849e-08, 1.2712235237257877e-07, 1.243442483609853e-07, -2.111962818967164e-08, 8.514550248819099e-08, 5.865031275179146e-10, 2.714249874092915e-07, 1.5164597727853895e-07, 3.5039638351809747e-08, -4.852320837523108e-09, 3.767775432557433e-08, 3.7860038085703345e-08, 1.1108271324286311e-07, -1.5458655531889137e-08, 2.696306991207707e-07, 1.520082244666789e-09, 4.8072778457514965e-08, 2.5232250122955386e-08, 4.670704294911793e-09, -8.836702056017701e-08, 5.5217409836343205e-08, 9.051175727524287e-09, 8.654064278467924e-09, -1.7493416322224483e-07, -2.3801743441694055e-07, -1.1489568805650658e-07, 2.1235421105863387e-09, -5.358322348418726e-10, -4.6159818227526826e-08, 1.379829515842074e-07, -3.022883777362119e-08, -1.94789486181854e-08, -1.6884521529259615e-08, 4.639267785563646e-09, 7.0847727171261895e-09, 8.561282828615949e-08, -3.682372751286667e-09, -3.826572842294535e-08, -1.128287004391802e-08, 3.042704630669827e-09, 3.7841118874043194e-10]}