{"L": 7, "J": 0.0283282086429988, "B": 0.141641043214994, "K": 45, "init_state": "ground state", "energy": -0.9253851800890192, "eigoccs": [0.9196975578792377, 1.6429379457154962e-06, 0.00027182830587093416, 0.0010310715678601672, 0.0012317379863855298, 0.001912010146703352, 0.0016754389914227386, 0.0016213730655120935, -1.2090830435214063e-05, -6.472440589052053e-07, -8.603360050876417e-05, 4.715535201730837e-06, -1.2013590300163163e-06, -2.665571602955668e-06, 0.00023019389975697206, 6.815693615558147e-05, 1.3681431498533965e-06, -1.0188623684424853e-06, -4.227268447625313e-06, -9.277734115075029e-06, -1.5092497365181682e-05, 0.00012445272020602578, 0.00024844267908642054, 3.6153448589685456e-06, 0.0002409143043353273, 7.575023417027413e-05, -5.234552077556418e-06, 5.677618289594108e-05, 1.492772312258216e-05, 1.079339247308254e-06, -2.4035199182223876e-06, -2.1779532814015e-06, -2.225072322898838e-06, 4.534202030029453e-05, -1.2008277998896454e-06, -1.761863697695632e-06, -2.2629150659945766e-06, 9.160601243216912e-07, -1.334764927318052e-06, -3.1123406352950944e-06, -4.9877917735647995e-06, -9.217184837241663e-06, 1.8028609509527873e-06, 3.683591923740788e-07, -4.017777323553089e-06, -6.325861321644519e-06, -4.2935134842987e-06, -7.334067761825681e-07, -1.6362579360845548e-06, -1.1893362155881722e-06, -1.6778431433492422e-06, -5.3838083986617874e-05, -9.44068614403446e-06, -7.4016531257185515e-06, -4.661492294935398e-06, -6.528467062627163e-07, 8.208090244359393e-06, 1.1982314781271014e-06, -4.192826413256351e-06, -4.9646695400297735e-05, -9.76132025736263e-06, -0.00014662102031172506, -0.00011226087083034845, 8.533589282400855e-06, 3.282966099825554e-05, 2.4396244753868967e-07, -6.94894553632555e-06, 4.449498730450239e-06, 2.304515572500815e-07, -1.4849477170088836e-06, 9.041889089183224e-07, -2.415959145792942e-06, -0.00012055785486410178, 2.996483102439575e-07, -8.293175232528354e-07, -2.2008009760094502e-06, -1.144255712670165e-06, -9.131529068879935e-06, -7.617879273914142e-07, -1.4202017000397913e-05, 5.123107328515232e-07, -6.858026608819836e-07, -1.2365631426131134e-05, -8.45891894583983e-06, -3.6939597472894882e-06, 4.2884143079141594e-07, -7.16246353365846e-07, -1.6789522160519815e-07, -9.491384967711261e-06, -2.225456475356384e-06, -9.406865981572041e-07, -5.129282310301624e-05, -8.642104687384061e-07, 2.8266334348641106e-05, 8.148448914182204e-07, 1.057381940835112e-05, 1.9403436289425488e-06, -4.807251396168712e-06, 5.650803259989206e-05, -2.4193286875733e-06, -2.922673150238728e-06, -1.7239618124021788e-06, -8.273070537020305e-07, 1.3424794995276868e-06, 7.002479418374979e-07, 1.1131348529944721e-09, 4.986955239891929e-08, -9.468286207996491e-07, -9.297386690506059e-07, 3.967865887216941e-06, 3.466642699963151e-05, 1.9409230791102033e-05, 3.607444165740597e-07, 1.211348556584295e-06, 4.465442077024487e-06, 2.2687305447264237e-06, 3.880461948112351e-06, -5.606277413307069e-09, -2.1167541551591148e-06, 6.454977560095454e-05, 1.4504845213223311e-05, -4.73073999101317e-07, 3.91818357134061e-06, -1.888835627021912e-07, -9.477152778859736e-07, -7.910579410605105e-08, -4.449482441576157e-05, -1.2498999357554987e-06]}