{"L": 7, "J": 0.1641957775205015, "B": 0.0328391555041003, "K": 9, "init_state": "ground state", "energy": -0.9638545704799394, "eigoccs": [0.4543254248168714, 0.45425273555793233, 0.009852922542445932, 0.010042418070976524, 0.002087723163767823, 0.002037995588990028, 0.0024401617089518128, 0.0024151909867359397, 0.007769991856481621, 0.0073946607875614405, 0.007352933085801677, 0.007497822371798273, 0.00799046951413418, 0.008025266081305292, 0.00030261369270817416, 0.0003022485713179703, 0.00038676678802635443, 0.00038865123427375594, 0.00025807657551553116, 0.0002583856509853049, 0.0009389591138946457, 0.0009374644013125846, 0.0005285440494800177, 0.0005283525651419891, 0.0011169428728876932, 0.001117257169313619, 0.001500350685900423, 0.0014948064996637908, 0.00044974795462902027, 0.00046019368538050334, 0.00022406016950879995, 0.00021883157781354243, 0.00029676031344162115, 0.0002937212199693554, 0.0003201950478748821, 0.00031982129057506604, 0.00044029080752468517, 0.0004441192655790586, 0.0006686348635225382, 0.0006689416322978569, 0.0006622447945721307, 0.000651013524715327, 0.0003988746055042775, 0.0004006107323539388, 8.531715186293505e-06, 8.44356176078327e-06, 1.6515015766367548e-05, 1.6477895063244908e-05, 1.3594077018499274e-05, 1.367489208693962e-05, 1.3610881675488742e-05, 1.4471092317619982e-05, 1.3234542719649368e-05, 1.2936909784018435e-05, 8.282714258926787e-06, 7.35773184837274e-06, 2.0442976618184284e-05, 1.7135661730878648e-05, 2.0716688402257747e-05, 2.2190172320182255e-05, 8.915413481456182e-06, 8.79876802176354e-06, 3.283996852595335e-05, 3.269214860007966e-05, 9.330567703012238e-06, 9.519461676560647e-06, 4.367603272522705e-05, 4.5002306800006665e-05, 1.8157910570017695e-05, 1.7815905789700797e-05, 1.570359538210681e-05, 1.5276560999311114e-05, 4.3598777366819446e-05, 4.334316066966802e-05, 1.0328049056385092e-05, 1.058473815244581e-05, 1.3230832929282743e-05, 1.3581537235291848e-05, 1.2384878303333561e-05, 1.2048811604654241e-05, 1.442904692028127e-05, 1.4468312281790146e-05, 2.4981150099930285e-05, 2.4873404930082792e-05, 1.252335313508545e-06, 1.224989374717419e-06, 1.188692088228777e-06, 1.1796943366831415e-06, 1.281415256466673e-06, 1.2819452267493388e-06, 2.249659670653653e-06, 2.2466187666811923e-06, 2.6667148175959225e-06, 2.628181744930441e-06, 1.691475336148238e-06, 1.7038630947481442e-06, 2.0258581300812054e-06, 2.0332509160554416e-06, 2.425087262716918e-06, 2.4519200554888056e-06, 1.0986043621548538e-06, 1.125182169496606e-06, 1.0254198691650638e-06, 1.0125233517221593e-06, 2.489106411574762e-06, 2.4748588614903783e-06, 1.0731434326636003e-06, 1.0724838417389634e-06, 3.728232852889581e-06, 3.7450395231300103e-06, 1.347462949181224e-06, 1.3400914375051201e-06, 1.4477403989084184e-06, 1.4252760337423235e-06, 6.835972065121664e-08, 6.812898410355143e-08, 7.360152791019056e-08, 7.121269114837309e-08, 6.806948204472194e-08, 6.875057986718722e-08, 1.2461621508501193e-07, 1.2441651044419969e-07, 1.2316227025536071e-07, 1.227518401064504e-07, 5.8491598706597184e-08, 5.83620764151791e-08, 1.051108779189023e-08, 1.0513006651047193e-08]}