{"L": 7, "J": 0.1641957775205015, "B": 0.0328391555041003, "K": 35, "init_state": "ground state", "energy": -0.9754933861939667, "eigoccs": [0.47980336969140724, 0.47965356128443604, 0.001793284246989955, 0.0017878128927799968, 0.0010416639240887265, 0.0010292212484998191, 0.0011150001729152504, 0.0011196271010250054, 0.002037815536704835, 0.0019835748134804944, 0.0022640234362943656, 0.0022690391596112683, 0.0029890002992742563, 0.0029869523253939234, 3.987880229500787e-05, 3.9750693929064144e-05, 7.782801376555407e-05, 7.796153794963968e-05, 0.00012042113887938488, 0.00012085458985955529, 0.0001322199915470904, 0.00013223820187692307, 0.00012560659032788218, 0.00012479841892645252, 0.00016686509197348767, 0.00016660549932000668, 0.0002737072438212711, 0.0002731011764415829, 0.00014331584762594592, 0.0001424457604939215, 0.00015490389404276616, 0.00015497175922973605, 0.0001482316261816379, 0.00014782596422629703, 0.00015826160263132433, 0.0001584915059907952, 0.00012188546607762824, 0.00012125270020518451, 0.0001648763259890705, 0.00016474722249161473, 0.00013776145720781032, 0.00013792416179839027, 9.627629739005117e-05, 9.627180220901044e-05, 7.100061256024561e-07, 6.408309726543009e-07, 1.5291857694179399e-06, 1.1398128641577346e-06, 2.3717983387361805e-06, 9.732681857671715e-07, 1.2293921031080965e-06, 1.0812608646002313e-06, 8.29942281951559e-07, 7.45982752210436e-07, 1.1354032731751034e-06, 1.1715270727156065e-06, 1.457102899948798e-06, 1.4278713972191889e-06, 1.3677442994457726e-06, 1.277362532466892e-06, 1.3345318486628236e-06, 1.2103704953324118e-06, 1.6756881874547423e-06, 1.6258052891934807e-06, 1.3511290298573056e-06, 1.2230060067902438e-06, 2.035968564713574e-06, 1.978419834277397e-06, 1.540687795048875e-06, 1.5617275991682505e-06, 1.5602605007814753e-06, 1.5470076727974714e-06, 2.4220117897935802e-06, 2.3158700514980114e-06, 1.7438817345034702e-06, 1.7193630653729166e-06, 1.740584031916801e-06, 1.7001134267990829e-06, 1.6584980967998858e-06, 1.651464630968341e-06, 1.776360863573098e-06, 1.7807577928742728e-06, 1.905429821457722e-06, 1.905067822819347e-06, 5.498976235761708e-08, 5.4300925146993764e-08, 7.25626284777446e-08, 6.95500352327798e-08, 7.597497732198066e-08, 7.565498266900908e-08, 9.374298202581237e-08, 9.060954754590031e-08, 1.102005077535323e-07, 1.0626478138919362e-07, 1.1000973731321051e-07, 1.0970698268747119e-07, 1.4290747444956067e-07, 1.3779830939942186e-07, 1.1947397190300502e-07, 1.1870945649257587e-07, 1.0931599723089521e-07, 1.1038841604642042e-07, 1.0221018329104665e-07, 1.0314369249413682e-07, 1.535642925095274e-07, 1.517370351112244e-07, 1.1614236537272158e-07, 1.1559794165576542e-07, 1.4771210902797466e-07, 1.4715349928353325e-07, 1.1481119835576785e-07, 1.1502901879631646e-07, 1.2079700464832988e-07, 1.198342972453504e-07, 1.362252770352544e-09, 1.1861363904247703e-09, 1.2373893987076083e-09, 1.2440831816343859e-09, 1.688689922826859e-09, 1.4216961130895796e-09, 1.989042037576709e-09, 1.918487524077403e-09, 2.2866301794335376e-09, 2.112275213569093e-09, 1.9484609294808957e-09, 1.972058526853242e-09, 1.3354043046939572e-10, 1.2713404430617213e-10]}