{"L": 7, "J": 0.0283282086429988, "B": 0.141641043214994, "K": 6, "init_state": "ground state", "energy": -0.989082941741679, "eigoccs": [0.9650526897773333, 0.0004927976396028096, 0.0018252822890915741, 0.004177243005725666, 0.004455757904571081, 0.0072780241637856275, 0.008124201426837778, 0.007131836095278763, 1.4868222268961678e-05, 7.333161260198259e-05, 2.248222119330576e-05, 0.00011757058052077959, 0.00022089055707155892, 3.1275186732495536e-05, 0.00014204425002632036, 4.6071584241390354e-05, 1.6009960925704495e-05, 9.4607952932194e-06, 5.5478075504425174e-05, 0.00029232150675520253, 0.00011062212704135123, 0.00014218422096875177, 5.969333140292543e-05, 5.545654753837485e-05, 7.626171614386363e-05, 5.901147024989151e-05, 7.460330857189112e-05, 0.00012292554430155301, 8.671333525166105e-05, 1.724049776907948e-07, 6.248467943331877e-07, 7.46872016343002e-07, 3.1267573635421394e-07, 1.2162720079602557e-06, 7.6437546424918e-07, 1.4653957952839882e-06, 3.6619473956746036e-07, 1.0090710900905488e-06, 1.5725451150260777e-06, 1.0614719738115863e-06, 8.250421502932654e-07, 9.982562607713298e-07, 1.8540349050601553e-06, 1.7115700863151305e-06, 9.69340946876346e-07, 7.99191910302749e-07, 2.4023465812203787e-06, 1.6503277664037478e-06, 5.125739534487356e-07, 2.601785186046885e-06, 1.1487579861205436e-06, 1.648704711006669e-06, 9.980961062781877e-07, 1.7042746832613305e-06, 1.412767253935886e-06, 5.359508079043356e-07, 2.198940695413764e-06, 1.7127986744271634e-06, 1.9895286376896057e-06, 1.0994257893870691e-06, 1.3644723522116582e-06, 1.3279136563183307e-06, 1.0027936588269113e-06, 1.166959925714868e-06, 6.881827874791009e-08, 6.917154813721543e-08, -8.168145664539971e-08, 1.1064069981707761e-07, -4.313286802818394e-08, -1.7017260196485597e-08, -6.009552098743831e-08, 4.31594613965669e-08, 3.518624590381515e-08, -1.1140805134479538e-07, 7.006832205696926e-09, -1.2211492713428125e-07, 1.765529056559962e-08, -5.2576167588097534e-08, 4.0027852104289845e-08, -6.778705625279207e-08, 4.831529050849454e-08, 1.257285475730113e-07, 9.292790872015266e-10, -8.623233425545179e-09, 5.239768015669625e-08, -3.316144316232895e-08, -1.4253921569014603e-08, 7.495468989521657e-08, 1.1377409193248225e-07, -4.050693907135596e-08, -5.3523755488840146e-09, 2.2418734512521953e-08, 1.4089937921438348e-07, 4.079015064609312e-08, -2.3756202341468127e-08, -4.5109392482376856e-08, -4.2179953477089983e-08, 9.511402358683351e-08, -1.4693536578201532e-07, -2.4213346430889966e-08, -8.446979962140142e-08, -1.1507389400057957e-08, -1.7198320058598926e-08, 2.383136331147473e-08, -3.6443629904795614e-08, -4.989073452219561e-10, 2.5672448285955885e-08, -5.004578025341841e-09, 7.088762486829802e-08, 3.769227095712864e-09, 3.56252360320328e-08, 7.061079907254184e-08, -2.688334165186e-08, 2.8950525944067804e-08, -7.459439244139172e-08, -1.103178987806797e-09, -6.1589605516126215e-09, -2.2501027539123007e-08, -1.9895697751144802e-08, -1.8642162950843632e-07, 3.3537350790241344e-08, 7.64946963457156e-08, 1.4441186987137793e-08, 6.207917547974932e-08, 1.4783307133529924e-08, 1.667390786144448e-08, -6.908641341933577e-08, -2.096912641338661e-08]}