{"L": 8, "J": 0.10164717780328576, "B": 0.10164717780328576, "K": 10, "init_state": "ground state", "energy": -0.9743831384750172, "eigoccs": [0.8462940020004566, 0.003534351740675618, 0.08914493519863537, 0.0028841218636011597, 0.016904117229678033, 0.00331580839152294, 0.01057080083084903, 0.0007170629653771294, 0.004333689215552284, 0.007308238318317657, 0.0002535277507420466, 0.0004734846438660083, 0.004356901035397974, 0.0016340542818593898, 0.0011889001825880247, 0.00015067424631196778, 0.00037097263556788636, 0.0015439582628070333, 0.00109587021338715, 4.892126605102675e-05, 0.0010884182186360752, 4.416305413041277e-05, 0.00012351780337809828, 0.0007412572711928026, 6.738047157660366e-05, 0.0007397313324841682, 0.00019907766588014955, 5.959446378175993e-05, 0.00019427601045389768, 0.00011691143683858163, 0.0003631010373381896, 2.3265593949183085e-05, 0.00034151755434199527, 0.0003505509129889344, 1.0505907130084589e-05, 0.0001556822619162463, 4.069026740711851e-05, 1.2842861433620769e-05, 8.063389862337318e-05, 3.452312066018286e-05, 0.00017349826471757372, 0.00012232654316289993, 1.899472751714556e-05, 1.0320697537974614e-05, 5.953951894003558e-05, 2.2761847712796604e-05, 2.2242002452720232e-05, 8.529344667201796e-05, 4.271647285084159e-05, 0.000100033430589884, 6.661170601499991e-05, 1.5486181451889078e-05, 2.619597145339127e-05, 9.104852757410871e-06, 2.4347544405630367e-05, 4.887193473322018e-06, 1.4384768102995431e-05, 2.6059439057347705e-05, 1.5682512939086534e-05, 2.2107905932116742e-05, 3.169022473093807e-05, 3.0492444498772413e-06, 7.042759654610342e-06, 1.4227354673130078e-05, 4.1423352804524235e-05, 2.661539151238628e-06, 9.033540663006244e-06, 4.033905488384846e-06, 4.229813669022514e-06, 1.3852451534196103e-05, 8.722884241942868e-06, 1.5969367408686122e-05, 1.898509989058191e-06, 4.00257867327207e-06, 2.367417568489638e-05, 2.1845471045763506e-06, 6.205341248905338e-06, 1.264096966185156e-06, 5.74657271725099e-06, 1.7868403671669328e-06, 3.103329383309836e-06, 9.121101619997898e-06, 2.562302558551926e-06, 5.799493288305438e-06, 2.9418025959340496e-07, 6.356227287294195e-06, 1.0006679190700348e-05, 9.936450932021784e-07, 3.870426859794734e-06, 1.439305958461943e-05, 1.0205386649445106e-06, 8.129209374120836e-07, 3.961337970059567e-06, 3.777185810246174e-06, 7.554420724693e-07, 1.775588910216396e-06, 5.721813875938668e-07, 6.464480269984829e-07, 3.6614318776565917e-06, 5.285649569970269e-06, 1.1598243083897145e-06, 6.687945801337803e-06, 3.347831241697107e-07, 5.052352207715016e-07, 2.2501159165091595e-06, 1.2639474223453935e-06, 6.083754691121225e-07, 7.167372960098519e-07, 1.9164519781902193e-06, 1.835714453279785e-06, 1.6243597833737554e-07, 5.669885186868859e-07, 1.5594956528260193e-06, 2.496017897505623e-06, 4.0571471908054036e-07, 1.958402248939071e-06, 3.657824207245737e-07, 4.963024861172951e-07, 3.54488483744373e-07, 2.286215696684007e-07, 1.0931571139658007e-06, 6.970952324470512e-07, 1.955924362545004e-07, 3.678219425580657e-07, 4.084146136482622e-07, 7.703560849437895e-07, 6.583253389013345e-07, 9.587737479123797e-08, 1.8359000222628758e-06, 2.4935532305312853e-07, 1.5719467512998566e-07, 4.209848458960796e-07, 2.8285390731281467e-07, 7.429226593792559e-07, 1.399538662384277e-07, 1.448661320554527e-07, 4.982245899830454e-07, 4.473285591589006e-07, 3.3948719432560356e-07, 4.813271460479092e-07, 4.306796599347728e-08, 4.278019128753406e-07, 4.2637022396783704e-08, 9.310645138944376e-08, 1.6968930524665366e-07, 1.0795437652123078e-06, 6.796683472168739e-08, 8.33870488866199e-08, 1.2175366703026756e-07, 2.351598526470059e-07, 1.0939222190203699e-07, 6.884475778870423e-08, 2.3261964088312623e-07, 4.122486925993432e-07, 2.052574911746118e-08, 7.173176346857334e-08, 3.188865432613691e-08, 8.830263976468461e-08, 1.0445303960307355e-07, 3.708986870221383e-07, 7.325335952272266e-08, 2.2371408541586129e-07, 2.1485701038101357e-08, 3.6645756792486604e-08, 1.8257174157501654e-07, 1.494866899026135e-07, 1.042774685892373e-08, 4.661700400407964e-08, 1.6799661512742782e-07, 1.9782602100292163e-08, 8.414324516657119e-08, 6.825079156418072e-08, 2.098058311559415e-08, 6.14783450907163e-08, 4.9699854612424575e-08, 6.275594874925307e-08, 9.676760062616158e-08, 3.145303636394254e-08, 5.967042180016335e-08, -5.672378052037637e-08, 1.0318954693083154e-07, 1.7872873261471315e-08, -1.0878984802337708e-08, 3.650170632250509e-08, 2.8241713127881196e-08, 4.231240068777649e-12, 2.8480836122873527e-08, 1.7099032151620694e-08, 9.241448606555384e-09, 2.7815204072200592e-08, 5.1735261393643183e-08, -9.361916743970727e-09, 1.7461834138467505e-09, 2.934675682505741e-08, 8.95183867072162e-08, -2.377698542393284e-09, 1.5788193459646903e-08, 1.4251018599586438e-08, -1.3420703987579769e-08, 2.3101584776558976e-08, -5.929459584752707e-09, 1.0414430470986772e-08, 1.8117029216505534e-08, 2.3046481749962844e-08, 1.2280129618921439e-08, 1.6987765062061526e-08, 4.807915632546462e-10, 4.3553953097524185e-12, 8.280195737170625e-09, 1.28519341760501e-08, 2.1063451297387613e-08, 3.0041743931559003e-09, 6.113663361663869e-09, -3.5456310736309266e-08, 7.636517249781472e-09, 7.276342914498557e-09, 6.381437413490763e-09, 1.912417680831478e-08, -9.858314159001273e-09, -1.1268058578255873e-08, 6.065165059557551e-09, -5.7109409682031045e-09, 6.692530360268396e-09, -8.537499834104907e-10, 2.1673678924353922e-08, -1.2476674645313618e-08, -3.952768904901961e-09, -6.46147946247712e-09, 1.0488592738852565e-09, 1.75412647277232e-08, 3.016500946584976e-09, -1.8670090857055018e-08, 7.900918115554964e-09, 9.010775306365191e-09, -4.746839647425885e-08, 3.3593548368223737e-09, -1.2714504065936758e-08, 5.343831892061918e-09, -1.6009578079247993e-08, 7.397991303856271e-09, 4.826118028727764e-10, -8.776886046006887e-10, 7.873187074604647e-09, 1.9159677661349727e-08, 1.6512493910987274e-08, -1.9923593533022057e-08, 4.457063335164142e-09, -1.3250302444953264e-08, -4.338152450141133e-09, -8.834630649778992e-09, -8.666473945418681e-09, -2.750202308429358e-10, 1.1862451539592034e-08, -4.826405734650517e-10, 1.8845091870987602e-08, 8.116249610053877e-09]}