{"L": 8, "J": 0.14083900003351849, "B": 0.028167800006703696, "K": 2, "init_state": "ground state", "energy": -0.7524637334023615, "eigoccs": [0.23014189636072221, 0.2306197242702171, 0.028363842007108182, 0.028429347992356968, 0.0226339213752722, 0.022486838562220505, 0.018668807053747703, 0.018572608375657985, 0.017487718844975374, 0.01737077896786334, 0.018984586666574436, 0.018767236752663174, 0.01830006555371594, 0.01793527932061373, 0.01177270506803485, 0.0124608723770798, 0.008796838546903255, 0.0088042221581461, 0.007238818089114948, 0.007302619342138905, 0.005830865082636657, 0.005804800822883429, 0.0070416815475916, 0.007075231772111237, 0.005249431497313062, 0.005224357881580963, 0.0068573463168896094, 0.006892896205589758, 0.005613964588018342, 0.005577830954963267, 0.003754836857639955, 0.003739691068118063, 0.0072305994028438346, 0.007147659793860206, 0.00629102309145251, 0.006368864053416093, 0.005354920134196705, 0.0052956472148077355, 0.00394355168018575, 0.003927987322828662, 0.003854873454288147, 0.003872294331653127, 0.003650714544106464, 0.0036045387250072496, 0.003131409021284024, 0.0031132830657143815, 0.0025696139640206035, 0.0026065377709934686, 0.0030014982076732987, 0.00295030004443913, 0.00217371417652216, 0.0022182035899388, 0.0031512707091020326, 0.003085811941660855, 0.0024098806063409567, 0.002479082421125758, 0.002642592576932021, 0.00265383556807517, 0.0012929945546240784, 0.0012978052149319884, 0.001256300823839122, 0.0012588513550407046, 0.0013195043887522866, 0.001313973799003314, 0.0010075907200200267, 0.0010129512659522316, 0.0007993461382171509, 0.0007829918346443968, 0.0012877868396059325, 0.0012776932930567758, 0.0010397923086184415, 0.0010374218434636715, 0.0010321967827762691, 0.0010520384634824195, 0.0008475612173088352, 0.0008297540613694317, 0.0010036864371017658, 0.0009986325927628928, 0.0009821418873181564, 0.0009800454333447554, 0.0008231741063326077, 0.000850811221030649, 0.0008172385471327836, 0.0007993594732954498, 0.0007693882279928275, 0.0007530678415465621, 0.0009508072993941387, 0.0009398056295171968, 0.0005793154299262432, 0.000582955661974603, 0.0007814939388616675, 0.000805269186514361, 0.0007408014736497001, 0.0007246690630822175, 0.0005794597427915724, 0.000567526397047854, 0.001006397768826938, 0.00099367968492122, 0.0005289097681785181, 0.0005343257678055745, 0.0007940516065476484, 0.0008137631687595966, 0.0008008633594219416, 0.0007832861722136144, 0.000550239986998033, 0.0005368299920456099, 0.0005785595011479367, 0.0005897354706588425, 0.0004000551511816957, 0.0004112033983135863, 0.0007958220547502601, 0.0008107573533044735, 0.0005684470340830232, 0.0005528200772761467, 0.0005540807042807639, 0.0005617401233400688, 0.00041040987647570146, 0.00041883147182441736, 0.00046769975177119653, 0.00045453683298724685, 0.0004164335280046381, 0.0004226900252726072, 0.00034730215093922576, 0.00035789012261391775, 0.00036069624928115787, 0.00036504828028194325, 0.00038677838056157195, 0.0003920327004790912, 0.0002829166998844947, 0.00028488605813985495, 0.0002915536266318591, 0.00029294873021863514, 0.00031017658980573724, 0.00030839693354281353, 0.00027473075158411883, 0.00027508239642594, 0.0002549367388834262, 0.00025625703013091325, 0.0002838488677879004, 0.0002817608159163637, 0.00019314027363006892, 0.00019531202052808423, 0.00024260031013068162, 0.00024434295894463565, 0.00014252842067442257, 0.00013868516965170595, 0.00029605423822605577, 0.0002918344519259801, 0.00018741172704273468, 0.000187147956489526, 0.0002530360117307225, 0.000255415629350877, 0.00016725638229848834, 0.00017073599163286015, 0.0001549375071804446, 0.00015040505285112633, 0.00020181990961372242, 0.00020009762899418556, 0.00011779449059516126, 0.00011596816237999642, 0.0002522675333491958, 0.0002530250308027647, 0.00017661596525808668, 0.00018029881862721743, 0.00016059890360864442, 0.00015620944276049117, 0.0001812540536651933, 0.0001794647263737969, 0.00012257290872168153, 0.00012208869187561416, 0.00017546178815588736, 0.00017747984039936357, 0.00015592538007122846, 0.00016038153367934087, 0.0001380547057705075, 0.00013326913625998362, 0.0001305444180805935, 0.0001291429619033158, 0.00010628925577870114, 0.00010642242893874808, 0.00015503931034166737, 0.00015733338457845196, 9.720858752121237e-05, 9.410267542856319e-05, 0.00011170059006104197, 0.00011068921329223368, 7.794438081502357e-05, 7.856966585224063e-05, 0.00015483886143069554, 0.00015690862904260108, 0.00011294960757757128, 0.00011268710369276634, 7.855812307703817e-05, 7.842196589098148e-05, 8.261396094941969e-05, 8.244696871195766e-05, 6.689194748152962e-05, 6.728827039232558e-05, 5.097847631495383e-05, 5.088026113595634e-05, 5.1684870521836435e-05, 5.115375424840017e-05, 4.33650384504356e-05, 4.372874980983175e-05, 5.496806711572294e-05, 5.454552180264183e-05, 4.551297060579933e-05, 4.612060689373333e-05, 5.208056597163637e-05, 5.1409425660760784e-05, 4.550110802612086e-05, 4.564723498615738e-05, 4.294262063513054e-05, 4.34907809462218e-05, 3.5627467003410155e-05, 3.540715343425307e-05, 4.213347190640317e-05, 4.241998612306637e-05, 3.0628035132281875e-05, 3.156475832566993e-05, 2.943518148168181e-05, 2.7960592971198724e-05, 2.1444335209907405e-05, 2.1064388842917778e-05, 4.4856480695647206e-05, 4.521678363489486e-05, 3.015421539800495e-05, 3.0735546660293065e-05, 2.2571119516504286e-05, 2.2108482698382417e-05, 3.143742071956145e-05, 3.190439230231864e-05, 2.3686316710568134e-05, 2.3458171734819817e-05, 2.8155823387996223e-05, 2.869883307975324e-05, 2.0743686540701813e-05, 2.0573280564992904e-05, 1.4837158892818913e-05, 1.4828392567440353e-05, 8.278384892818352e-06, 8.167311159022334e-06, 7.886641674225231e-06, 7.915950334254383e-06, 8.781102019574029e-06, 8.71627101272673e-06, 9.293680482609376e-06, 9.311976659076124e-06, 8.405362313382299e-06, 8.434768517773875e-06, 5.657425783788366e-06, 5.783144882677389e-06, 3.866639477142477e-06, 3.6944702995081087e-06, 1.6642826806548415e-06, 1.6574981172354909e-06]}