{"L": 9, "J": 0.09001252049949561, "B": 0.09001252049949561, "K": 3, "init_state": "ground state", "energy": -0.8165564169199674, "eigoccs": [0.3711632865362214, 0.006812361893829448, 0.11744769554038467, 0.006308544551929009, 0.05631725616821375, 0.012449763718211155, 0.05042364278212241, 0.014987883024052214, 0.023447548355763327, 0.03089734179138163, 0.004675297481279031, 0.01182274140000783, 0.028205039742486476, 0.0154598539677839, 0.006354972617268666, 0.0051359801681477735, 0.01834411083008517, 0.010505226942230566, 0.011205130445304095, 0.01118081114053079, 0.002852954867181224, 0.007228498594807162, 0.003693958515501937, 0.0013713477520282025, 0.003433845517157628, 0.009126272032911735, 0.0006928974319103105, 0.007847305665407922, 0.002367611615231053, 0.0063186878612797315, 0.0029440244500557374, 0.006803724677003433, 0.0037205547677506817, 0.0061264731410954655, 0.0012988522590005424, 0.005900018517012819, 0.0033225190254721902, 0.001973760575684976, 0.0007241937296806004, 0.001623822751139092, 0.004235758154077251, 0.002260075143911431, 0.0003748513866768889, 0.0028251901948101593, 0.004949183870049721, 0.0023163702505544235, 0.0012431725459457622, 0.001908534883537967, 0.0013989739137837175, 0.0020604801091241623, 0.0030815340676737966, 0.0007247672292553019, 0.0028211441736951536, 0.003466754938052626, 0.0025474052944737093, 0.00042301703043955033, 0.001959245619993069, 0.0010914548602195219, 0.0010249426431527286, 0.0019597780605965245, 0.001506555221863532, 0.0013203320820100147, 0.0010455304803446328, 0.0021810301894454884, 0.0006344301051555892, 0.0018197866552488182, 0.0011013858268004379, 0.0006512953896409418, 0.0004029679237262905, 0.0012863023862470294, 0.0017775152819334765, 0.0009341336322426847, 0.0009026849560326905, 0.0009095903437827021, 0.000709090596653232, 0.0019040755749826978, 0.0012480501014802575, 0.00031664246624003633, 0.0004753379649753861, 0.0005702172048419437, 0.0013002456025770753, 0.0002092056073037093, 0.0011244209924544603, 0.0015763473938165684, 0.0007493187353762308, 0.000312366596941042, 0.0006554606114753161, 0.0005135046597226002, 0.000762374053721229, 0.0006226516983788155, 0.0005629944527246256, 0.0009147205816318279, 0.00038110163794286987, 0.0005924820982027448, 0.000287984171075838, 0.0007984765892640356, 0.000988082459813868, 0.00021093540668834217, 0.00021285108465257815, 0.000534366307817949, 0.0010035840007393674, 0.0005186138226977343, 0.0010307895481405137, 0.0003375814237114184, 0.000588929041811261, 0.00022822522954401176, 0.0003888980159447318, 0.0003881134175901057, 0.0007708799072113778, 0.00033152275320249294, 0.000441673256852166, 0.00012785065694623487, 0.0004300261073404481, 0.00020259260110140097, 0.00031987202973258295, 0.0007183949933693777, 0.00021443171872556025, 0.0004980492313817103, 0.0006495670328419932, 0.0001415925571776102, 0.00028897288310533113, 0.0008586776445368546, 7.342345161147472e-05, 0.00015014728613151773, 0.0003539696702686123, 0.00042290815208569587, 0.0002588511320547651, 0.00014922081122221482, 0.00030866579346036985, 0.0002892366778957373, 0.0006112964596251852, 0.0003215127671252351, 0.0004971451769519515, 0.0002691960820672356, 0.00010020940483128514, 0.000542455382187109, 0.00016488344896553955, 0.0002665344889896086, 0.0004367416561587803, 0.0003740755150976368, 0.00029909693139404587, 0.00012631866844402072, 0.00023578882486767987, 0.00010562927654176528, 0.00018073922675994965, 0.00033997177609214574, 0.0002766026318770839, 0.00014289924181719432, 0.0002362308531046508, 0.00021815655152942896, 6.244920686496763e-05, 0.00020786053357282745, 0.0003376873398361163, 0.00024120185734153235, 0.00046719604556861287, 0.00011421810851946267, 0.00010958649973805026, 0.0002449654285127095, 0.00013089828405639777, 0.00040919973200065417, 8.935565939465268e-05, 3.344528905244759e-05, 7.591769494413997e-05, 0.00018595349313290115, 0.00017636853612471097, 0.0002777051684187647, 0.00013490930145935174, 9.7099168832737e-05, 0.00019361927854816518, 9.216693909780309e-05, 0.0001308244241521677, 0.00029489175461570584, 0.0002005302020756103, 0.00010475106914703566, 0.00014578838401685512, 0.0003480966704424098, 0.00028061870720741936, 5.9924140534954026e-05, 8.12216107360239e-05, 0.00010305900236709029, 0.0001842362429175614, 0.0001761344132879531, 5.738937207903715e-05, 0.00012170561784498966, 7.576911526884137e-05, 0.0002021506286519296, 0.00013625924366147824, 0.0003375973319655087, 0.00015020527335167776, 3.3542645940450635e-05, 0.0001262497995512209, 0.00011287973458183032, 9.805205574673156e-05, 0.00012873435470254292, 7.465558011893994e-05, 0.000108973875639516, 0.00021292100839069577, 6.980339384370074e-05, 0.00012440975087328406, 8.321772768714595e-05, 7.070422916744917e-05, 4.752945178709814e-05, 0.00010383076912394541, 6.460758628446458e-05, 0.00013014560933909946, 4.811439866350353e-05, 0.00023280755561405387, 9.05991196766081e-05, 0.00012749510142384687, 5.025289858178631e-05, 4.324108843577478e-05, 8.977653771172474e-05, 7.992272134169917e-05, 4.8399491205673564e-05, 2.6573281519148923e-05, 8.608271178426157e-05, 0.00012437651812180093, 5.039901715527328e-05, 5.5638149009895824e-05, 6.925885687610424e-05, 0.00017617911862231986, 3.28743555680331e-05, 5.379401630542741e-05, 4.56984516968281e-05, 8.577999549679767e-05, 0.00012159834650381528, 0.00019493645429754993, 8.61335716153471e-05, 3.650621234212485e-05, 3.362597003952961e-05, 4.356464734944145e-05, 7.487440216176543e-05, 8.995927835572275e-05, 6.044554312978111e-05, 0.00016082700329512892, 1.490290204558539e-05, 5.983634866137592e-05, 0.00010448072438535536, 1.9912809485441275e-05, 3.0580018467690154e-05, 3.668519531469798e-05, 5.990572293415155e-05, 7.259840735142093e-05, 3.72245640113161e-05, 4.4315299681364385e-05, 7.441661074520747e-05, 3.575645847224982e-05, 2.7282743504711642e-05, 3.897347994726109e-05, 2.6685420385203867e-05, 5.1715489302958653e-05, 0.0001405927769581237, 6.576761386004536e-05, 0.00010370079315297876, 3.9624257713393945e-05, 7.100872937185716e-05, 2.6075891395268e-05, 4.353147551636614e-05, 1.5950201994877003e-05, 2.8149621383534028e-05, 1.4045081546201607e-05, 3.3287987211464847e-05, 7.125654641574323e-05, 4.895289301914213e-05, 5.9359390282007936e-05, 4.666652811834538e-05, 2.5672429895253592e-05, 3.6187077372340364e-05, 4.774593117304957e-05, 2.362815968551859e-05, 2.9957548062790102e-05, 4.150748256773445e-05, 6.820029064933273e-05, 7.614003329326268e-05, 1.7448841672642904e-05, 2.891465377987906e-05, 0.00011011345614287915, 1.1104145735437572e-05, 2.7508430313960847e-05, 2.036859952786331e-05, 2.2951036579436248e-05, 3.9946050704881334e-05, 5.442953176014048e-05, 4.687908719835358e-05, 1.9787132546138526e-05, 9.508811592386427e-06, 1.596466821374945e-05, 2.100167310263399e-05, 3.5826614425763556e-05, 3.233235090547171e-05, 5.945242731901368e-05, 1.0891318835407574e-05, 2.3852214289683445e-05, 3.182621367446245e-05, 2.4578967580135867e-05, 1.4815756492823726e-05, 1.9446945337223984e-05, 6.451982961314654e-05, 3.894072443488596e-05, 2.1056412208374967e-05, 1.871588299469654e-05, 4.266903814885085e-05, 3.308237660830666e-05, 1.4081963399803641e-05, 1.820246648575483e-05, 7.89718913171556e-06, 4.288461424175543e-05, 1.383010765075353e-05, 3.236944376161772e-05, 1.705733754901647e-05, 3.615581456341521e-05, 2.4906478240112264e-05, 2.3467583657733957e-05, 1.392215632513338e-05, 2.752558849012387e-05, 8.412712032725153e-06, 1.9027939081153953e-05, 2.2820175340720183e-05, 1.4029786666443325e-05, 1.841984650879625e-05, 1.4309180715908073e-05, 1.598028764814536e-05, 5.5531925766097944e-05, 1.290817909852018e-05, 5.926350565862776e-06, 1.3616537496565309e-05, 9.634801930375932e-06, 2.6324227812938612e-05, 1.6950333468891225e-05, 3.603241275047117e-05, 1.1698367126560393e-05, 9.991619327332245e-06, 1.82498132080588e-05, 2.4060009682659053e-05, 3.1263826021174626e-05, 6.316551411132582e-06, 5.493297538024432e-06, 1.297211827166409e-05, 1.5970761003883788e-05, 