{"L": 9, "J": 0.12329955564675057, "B": 0.024659911129350114, "K": 5, "init_state": "ground state", "energy": -0.8861422442362954, "eigoccs": [0.332288097509653, 0.3328145844253747, 0.028782877179558672, 0.02890579052172388, 0.01543969635828659, 0.015278588082232255, 0.011534952015567559, 0.012044994642464169, 0.009971054621760612, 0.009849453412753617, 0.011557888949838085, 0.01145581153766414, 0.012994065968344366, 0.012958795181042749, 0.010105480053281686, 0.00993798492022402, 0.010513198124048934, 0.010587396356339322, 0.002085122569370261, 0.00207821445600551, 0.0016105112620841823, 0.0016730488209515952, 0.000932751310035006, 0.0009738737236966288, 0.0019193295694628159, 0.0019183743883120132, 0.0012672264128860394, 0.0012572921806505615, 0.002565435739487947, 0.0025440201421380627, 0.0011205515113170516, 0.0011278306191567305, 0.0016460685876249605, 0.001651040700677001, 0.0034698974254430415, 0.0034480815111164716, 0.0021745782305393445, 0.0021617561636462536, 0.0031326531224882023, 0.0031417496261626748, 0.0014918101973599664, 0.0015084653928253626, 0.0037761597138186824, 0.003789429720538231, 0.0026607488582817427, 0.0026738809529343478, 0.0022205139891439195, 0.0022485928010604166, 0.001159351810392447, 0.0011430908575711957, 0.002522917622713763, 0.002512728543300183, 0.0019127653304747134, 0.001927895467617249, 0.0012719524114015342, 0.0012609792942420363, 0.0014190836768687542, 0.0014402433269739014, 0.0014858107262480237, 0.001481408441447321, 0.0010364018284119147, 0.0010223026854012864, 0.0008660288858187487, 0.0008636524717665482, 0.0008486191383925788, 0.000840518943009279, 0.0007368084392823181, 0.0007338501744216241, 0.0007197203559910228, 0.0007160050963105411, 0.000693948020762183, 0.0006947162243590918, 0.0005632761009022193, 0.0005616449780280473, 0.00011620685421390145, 0.0001232704405815033, 0.00015310197726427612, 0.00015255128338092724, 0.00012860083168913735, 0.00013201381243412434, 0.00020721147628432356, 0.0002071826986130507, 8.229362927386714e-05, 8.3317165946381e-05, 0.0002705721478199586, 0.00026820095724579816, 0.00017983089114633667, 0.00018304701848573406, 0.00029622023641535396, 0.0002976579992993558, 0.00010366057758074526, 0.00010694941949783421, 0.00026914856347047463, 0.00027669356530245323, 0.00016484955105708284, 0.00016206265648962864, 0.0003319617313343287, 0.0003308574499407854, 0.0001423331452363915, 0.0001491611107234935, 0.00022191570252816267, 0.00022537304569677637, 0.00011275862005217498, 0.00011159025153955856, 0.00019776156355493, 0.00019497670129987483, 0.000223879559566119, 0.000230342126186549, 0.00014067224122018445, 0.0001456791351534751, 0.0001312839312351021, 0.0001295158742031596, 0.0002076699282161815, 0.00020789194301992203, 9.826854431962558e-05, 9.871765915225292e-05, 0.0001379527814683888, 0.00014500371219741608, 0.00021421342433126128, 0.0002108645122363075, 0.0001793402964916669, 0.00017805979884503566, 0.00014818001957691293, 0.00014871184564338685, 0.00012486040601327895, 0.00012643395474303047, 0.00013967183423051465, 0.00013884855069595052, 0.0001839389653123802, 0.0001829155957733841, 0.00013319464830485663, 0.0001322731943252521, 0.00018953912708042145, 0.00018976622296523337, 0.00011810580743015446, 0.00012018964365868428, 0.00014419081942203968, 0.00014488881522624385, 0.0002033326396609669, 0.00020112376206936458, 0.00013610738927678437, 0.00013661375290835155, 8.870445690371476e-05, 9.01861999474206e-05, 0.00013777340236274016, 0.00013975918043007343, 0.00021660006999120343, 0.00021556058431948557, 0.0001646761862712971, 0.00016468933230112507, 0.00011396176273364434, 0.0001141295758606265, 9.26252507621598e-05, 9.084506074766568e-05, 0.0001592519433110842, 0.00015758471989699288, 0.00018471592702501573, 0.0001848840040361287, 9.607426462095804e-05, 9.693674885870795e-05, 0.00014225292453938493, 0.00014353518421524058, 9.24738796490338e-05, 9.121248966148377e-05, 0.00015260431575200828, 0.0001532059163729199, 0.00012944217972988485, 0.00013072123540643744, 6.493095545242648e-05, 6.41969164828682e-05, 9.743899214072294e-05, 9.718719704574576e-05, 0.00010001804200191714, 0.00010112015206214652, 6.874618199194453e-05, 6.850635176057809e-05, 6.259202766836959e-05, 6.193717117559063e-05, 7.362367516196313e-05, 7.380105758938624e-05, 5.339097403185221e-05, 5.2597856929349526e-05, 4.350217568965776e-05, 4.3304497357940345e-05, 3.804103776939442e-05, 3.7868701087943814e-05, 1.269158462670218e-05, 1.2923067399464144e-05, 1.695408972595067e-05, 1.7364434774066784e-05, 2.3860350430346618e-05, 2.4876037700370024e-05, 1.9575322557647365e-05, 1.9363166051503613e-05, 2.3930236427517825e-05, 2.4590182148138064e-05, 2.401020211583508e-05, 2.3935374603523067e-05, 1.7455973066345973e-05, 1.7465785015346093e-05, 2.568269041791914e-05, 2.6665428808548297e-05, 2.7319926543142104e-05, 2.7626369557595354e-05, 1.1475258282527972e-05, 1.1607416423417608e-05, 2.4237713730871156e-05, 2.470963174742752e-05, 2.9460927136979964e-05, 2.932879757683414e-05, 2.8991152820060514e-05, 2.900050940086991e-05, 1.4830813293296026e-05, 1.5103880429875133e-05, 2.2921534795768677e-05, 2.317024481572991e-05, 3.22783182273009e-05, 3.2199471520754944e-05, 3.109612508222305e-05, 3.107303214307361e-05, 2.0949707048365374e-05, 2.124994136609163e-05, 3.479896772200118e-05, 3.5102217903599506e-05, 1.5575873750588638e-05, 1.5830570355937944e-05, 3.9757996016021374e-05, 3.9894445806120977e-05, 1.7769711143115565e-05, 1.8141842175299246e-05, 2.651362463085232e-05, 2.6421081430852814e-05, 1.5169061053518117e-05, 1.540451211685398e-05, 2.1914054141814588e-05, 2.159841925227404e-05, 4.3400254580164497e-05, 4.3054901201101386e-05, 2.7124097334550853e-05, 2.736833475904339e-05, 1.7803138081163886e-05, 1.8046282896930006e-05, 3.809288054898041e-05, 3.853296809041671e-05, 1.6425017756141432e-05, 1.6232966835663758e-05, 2.254686172256939e-05, 2.2476821678548613e-05, 4.4449026904463826e-05, 4.4709886494938785e-05, 1.7113357502080162e-05, 1.746545205648172e-05, 3.973203372282025e-05, 4.025329144042946e-05, 1.9684098540698445e-05, 1.954047407562283e-05, 2.4495609149948346e-05, 2.5028584593551137e-05, 1.761647374839876e-05, 1.776626639790376e-05, 2.7670394464555642e-05, 2.763895838241482e-05, 1.4388098297874894e-05, 1.4419016706767252e-05, 2.4003959291313713e-05, 2.4490941000616984e-05, 3.27766184721024e-05, 3.309088407005354e-05, 1.7153712129592796e-05, 1.7143337825047763e-05, 2.25005825004802e-05, 2.2363696602311105e-05, 1.936667855058587e-05, 1.9383762009468587e-05, 1.4244291944146119e-05, 1.4335254981669968e-05, 2.1158184372062705e-05, 2.1591409176238807e-05, 1.9353842773855365e-05, 1.9171076267837233e-05, 1.7691140920520747e-05, 1.7627078070792973e-05, 2.574483403502492e-05, 2.580165397255129e-05, 1.0909213947639639e-05, 1.087677065812754e-05, 1.9648701781301988e-05, 1.937249600859395e-05, 1.6551417658988765e-05, 1.6700255238079613e-05, 1.4931393293318878e-05, 1.4911095012176095e-05, 1.8616564169203988e-05, 1.868240361126623e-05, 1.329940425931258e-05, 1.3353554199999849e-05, 1.463709003834263e-05, 1.4483287534374137e-05, 1.5927225544202047e-05, 1.594807681029191e-05, 1.3142560510023368e-05, 1.3126453842929271e-05, 1.1572057436811973e-05, 1.1708884516810356e-05, 1.260337765640263e-05, 1.2633593613307678e-05, 1.576354185912675e-05, 1.5728080182215044e-05, 1.1405533362131864e-05, 1.1359455671698791e-05, 8.907331605148388e-06, 8.855627925255252e-06, 1.3363524229858214e-05, 1.3351341004854055e-05, 9.247238470552599e-06, 9.315237883236036e-06, 6.665893751855837e-06, 6.573545532134519e-06, 1.0211453829327552e-05, 1.0275853160409462e-05, 6.396301086598706e-06, 6.397397388432713e-06, 6.602066520062869e-06, 6.615276299433984e-06, 3.83629250297879e-06, 3.806368955714429e-06, 1.5566628888028167e-06, 1.565107486243299e-06, 2.2118786337736933e-06, 2.262934601176279e-06, 2.178058862323994e-06, 2.2089387447769038e-06, 2.703210272330113e-06, 2.76371413872e-06, 2.294011515857918e-06, 2.3467810965787532e-06, 2.7421415270689747e-06, 