{"L": 9, "J": 0.02202606540662166, "B": 0.1101303270331083, "K": 3, "init_state": "ground state", "energy": -0.9673300645654959, "eigoccs": [0.8831791363179483, 0.002134127551472363, 0.0036598214237745915, 0.0038353918070758303, 0.005516694066632749, 0.014056366864202696, 0.014101208448917194, 0.02028699919772274, 0.013822729533886701, 0.019979656111687845, 8.738722903239076e-05, 3.779735103666067e-05, 4.1513360398143234e-05, 0.001014737962156821, 0.0011361765864034972, 0.0012404780932106542, 6.376675743256793e-05, 0.0002323446759357736, 0.001543551596853307, 0.0011841542107884973, 0.00024975477385349586, 0.00027359720699003545, 0.00014047810452342353, 0.00031164549206108203, 0.0005605784335464023, 0.0002459125048743632, 0.00017482338532162682, 0.00022894879539065108, 0.0004742317548812675, 0.00021833848150679312, 0.0001368134349407729, 0.00014176477249476776, 0.00030931595072937533, 0.00012349093235915367, 0.00032349351832813627, 0.0003006028230428, 0.000895990532488247, 0.0002806990176396243, 0.0007787479639861743, 0.0017073761141375042, 0.00035300955987813414, 0.0008336677686254948, 0.00040051878329863515, 0.0003966130328247825, 0.0006165490254933331, 0.00046726116345555005, 9.940592883591173e-07, 5.934118064197333e-06, 4.384317029813218e-06, 4.095330284354527e-06, 5.1216059683270876e-06, 6.111961351063666e-06, 9.6301190120678e-06, 6.753361170696858e-06, 1.2655884577474483e-05, 7.598388400814021e-06, 4.184245786653227e-06, 1.5829061520869667e-05, 3.848812102527982e-06, 3.638141107918503e-06, 7.0507119026093185e-06, 2.126414720732869e-05, 3.356990679470315e-06, 7.600421040288002e-06, 4.523430363658537e-06, 8.89756819004035e-06, 1.7568112162169907e-05, 1.8895808327009373e-05, 5.914032066898795e-06, 3.458838049159403e-05, 3.413761956433365e-06, 7.296423964956265e-06, 2.1126508514163734e-05, 2.7219762513861177e-06, 1.629499326335199e-05, 9.932925157391379e-06, 1.8149923976083696e-05, 1.350040072473227e-05, 1.585133098823896e-05, 8.028614289249257e-06, 2.568952813072977e-05, 1.2166349784321357e-05, 2.1366496051603404e-05, 1.798692009475617e-05, 8.139388093339286e-06, 3.2855832775177935e-05, 2.1833856432461773e-05, 9.282942144351382e-06, 2.7589916241126098e-05, 5.965276249906654e-06, 7.410137640086673e-06, 1.256506143973888e-05, 7.230981979878733e-06, 1.7902310740544223e-05, 1.8857566321717378e-05, 2.8235377508648073e-05, 7.631096228784302e-06, 6.937596581704177e-06, 1.5817204879948423e-05, 2.5583968524753862e-05, 1.0252257856345108e-05, 1.0605436565905335e-05, 1.0813205567803688e-05, 9.010866871656387e-06, 1.016589289118006e-05, 1.4883622613740857e-05, 9.335087320946902e-06, 7.75087031174807e-06, 9.671300704988041e-06, 1.2129464930822684e-05, 8.357546846758581e-06, 9.547538763851102e-06, 8.799075075999533e-06, 6.842495862464208e-06, 1.0842379471199754e-05, 2.0937143647194826e-05, 8.339292479840319e-06, 1.292225602422664e-05, 6.972962127269246e-06, 2.2026368747992114e-05, 1.3295637013632046e-05, 1.2288376665907408e-05, 2.8966535703571916e-05, 1.1582281102352579e-05, 2.5761139955829376e-05, 3.3196710179677515e-05, 2.1458417360289134e-05, 2.615846577335604e-05, 1.8475223121044347e-05, 1.621066292623692e-05, 1.2032677252591628e-07, 2.80235282381816e-07, 1.3819795002821372e-06, 1.0879336151235718e-07, 1.6859695540616612e-06, 8.203774566385989e-08, 1.7380569250393987e-06, 1.5131351391332635e-06, 5.661041557124855e-08, 3.055836756132531e-07, 6.026543174492326e-07, 6.602165475892982e-08, 8.76781408314765e-07, 6.239615234210026e-07, 4.284656124519052e-07, 6.077098982808516e-07, 2.108261269604828e-06, 8.365165786744423e-07, 2.982011943993581e-07, 4.861720455528813e-07, 1.7457368214810866e-07, 2.275889336028274e-07, 5.451986511125378e-07, 4.4015084904618907e-07, 1.4380628606010452e-07, 6.213224980088841e-07, 2.0629252823195705e-07, 1.135649898565105e-06, 2.3567503023988288e-07, 8.912478502018945e-07, 2.0108683773554962e-07, 3.849733532998771e-07, 3.5356568228372387e-07, 3.0400438795886946e-07, 1.298637871216118e-06, 1.8078498280401705e-06, 5.401865882439355e-07, 2.8133745554153536e-07, 2.6184605288550895e-07, 3.812860360709596e-07, 1.144244946243971e-06, 6.30006838993694e-07, 2.479406482054351e-07, 7.838248921477993e-07, 3.3700578964143025e-07, 2.2785646182232238e-07, 1.3406158819893337e-06, 5.152186079458024e-07, 3.888676446047948e-07, 1.461781022185075e-07, 6.459215118862576e-07, 2.240783533496283e-07, 5.050495374348227e-07, 4.119709203514183e-07, 1.5639033488219837e-06, 4.1261524557351077e-07, 2.3967990864934654e-07, 7.341448598515539e-07, 1.8101346807758233e-07, 2.5915197583730944e-07, 4.517792650657266e-07, 1.7583210721006503e-06, 4.233098014766727e-07, 2.6641928333262266e-07, 8.984352461988724e-07, 4.516935521317805e-07, 2.9183821085490137e-07, 2.0132732433250156e-07, 4.046126294759664e-07, 9.964894581591094e-07, 2.826260783609632e-07, 4.6579649781980883e-07, 2.134319789702111e-06, 4.842542640070319e-07, 2.990143553823201e-07, 6.469445407979219e-07, 8.777628199368856e-07, 1.8104055952472683e-07, 3.8304496225070536e-07, 4.286980444674213e-06, 3.246817972569392e-07, 6.600054394217868e-07, 3.771831930651352e-07, 3.614837038862849e-07, 3.8078112674170965e-07, 5.444893451713743e-07, 6.044367750156498e-07, 5.761745366458092e-07, 7.465486278276812e-07, 5.287711011269855e-07, 2.565271058385969e-07, 5.911019591920407e-07, 6.784824593940973e-07, 3.298406157100631e-07, 1.3390716055213941e-06, 5.508660969375629e-07, 9.129347975128138e-07, 3.0653269010198885e-07, 7.427289787106277e-07, 3.518857070563786e-07, 8.95493516974099e-07, 2.6104284059939714e-07, 9.115497918531875e-07, 2.425613050474596e-07, 7.194686531836407e-07, 5.957431294952069e-07, 5.285071511518639e-07, 1.0548698588484428e-06, 6.391612960800264e-07, 4.01443843404155e-07, 3.2836164929223485e-07, 5.036078214101455e-07, 5.244491552443512e-07, 3.979544920028846e-07, 4.3002126784672947e-07, 4.0334358298928856e-07, 4.832821758723816e-07, 4.801752176505539e-07, 3.9938569524549533e-07, 2.9724113033083273e-06, 3.3388547976736706e-07, 6.904623393603356e-07, 5.793824294292431e-07, 7.92332579835112e-07, 8.132999336486607e-07, 3.2738288053010125e-08, 1.038250217241686e-06, -9.141151918270254e-09, 1.0848033024544142e-08, 3.249489907978191e-08, 1.1795765050749337e-08, 2.5065874077112027e-08, -9.190411815643657e-09, 2.0821003755085247e-08, 1.1859345235536375e-08, 2.728304446710887e-08, 2.8192237641123904e-08, 2.6500516484601623e-08, 8.539480249862562e-09, 3.8291677125561824e-08, 2.8439236861617657e-08, 6.295193417777187e-10, 3.704815557066932e-08, 3.61617029308351e-08, 1.6618907644109467e-08, 1.793537960393633e-08, 2.80876480031407e-08, 1.3039543730715618e-08, 1.613053839227136e-08, 2.4349263407432704e-08, 2.9342841132595953e-08, 1.585260476099022e-08, 1.0008869890777772e-08, 3.601960469797474e-08, 4.390957677139409e-08, 3.1802449034235355e-08, 5.180373308686853e-09, 2.9155619576510834e-08, 2.2090571504330254e-08, 2.6452792029899904e-08, 7.237426577388795e-11, 2.341669666651314e-08, 6.1173571037314e-08, 1.932668484818052e-08, 2.110129036829484e-08, 1.2131086801721592e-08, 2.0384205286139954e-08, 1.652640241930331e-09, 2.422495953016562e-08, 1.949405900517179e-08, 2.1255379955461e-08, 2.6547110067197815e-08, 2.5321777688936975e-10, 1.0313617638998157e-08, 2.2745061879537905e-08, 2.2090415911143453e-08, 5.438096542524923e-08, 2.3812020210510843e-08, 1.065670222612039e-09, 9.451018345986169e-09, 1.0659629232704771e-08, 1.3188691942323786e-08, 1.5404296183034716e-08, 1.784295182160372e-08, 1.1096666712885088e-08, 2.9331188324892014e-08, 1.2625823304870822e-08, 2.1216692403194405e-08, 1.8735054162692162e-08, 1.580731443812021e-08, 1.4641485900773417e-08, 2.0944875093113584e-08, 4.042821810688774e-08, 2.4308463302425246e-08, 2.0266136722759358e-08, 3.5767474003694226e-08, 4.1829325141497315e-08, 1.050673376063832e-08, 1.1104211919573425e-08, 8.078983147066476e-09, 2.444211613090818e-08, 4.3636318718490427e-08, 4.8231303222090796e-09, 3.635019566784569e-08, 9.385927813305216e-09, 1.0336882777566856e-08, 1.80047004038164e-08, 