{"protocol": "Iterative LogSweep (all k<K)", "L": 2, "J": 0.09950371902099898, "B": 0.4975185951049949, "K": 5, "init_state": "maximally-mixed state", "energy": -0.9962220829388568, "eigoccs": [0.9965466250942077, 0.0002631545066833445, 0.003230035305023191, 2.9326482024963005e-05]}