{"protocol": "Iterative LogSweep (all k<K)", "L": 2, "J": 0.44721359549995826, "B": 0.44721359549995826, "K": 37, "init_state": "maximally-mixed state", "energy": -0.988239983934037, "eigoccs": [0.9897331234866021, 0.0007480382919311636, 0.0024507567286491446, 0.0007316607183574094]}