{"protocol": "Iterative LogSweep (all k<K)", "L": 2, "J": 0.9284766908852597, "B": 0.18569533817705194, "K": 6, "init_state": "maximally-mixed state", "energy": -0.9607742785402209, "eigoccs": [0.5079259911132384, 0.4884372823871673, 3.2368116080761998e-06, 0.000651338924713075]}