{"protocol": "Iterative LogSweep (all k<K)", "L": 2, "J": 0.44721359549995826, "B": 0.44721359549995826, "K": 41, "init_state": "maximally-mixed state", "energy": -1.0186129984141545, "eigoccs": [1.0201900687868692, 0.0008290112018585032, 0.0024922788143158046, 0.0008332344834703449]}