{"protocol": "Iterative LogSweep (all k<K)", "L": 2, "J": 0.9284766908852597, "B": 0.18569533817705194, "K": 8, "init_state": "maximally-mixed state", "energy": -0.9631441168845786, "eigoccs": [0.4561983381941595, 0.5465833134949207, 7.515773177144977e-07, 0.0005433896944247235]}