{"protocol": "Iterative LogSweep (all k<K)", "L": 2, "J": 0.9284766908852597, "B": 0.18569533817705194, "K": 12, "init_state": "maximally-mixed state", "energy": -0.9658255138240889, "eigoccs": [0.49104036292218756, 0.5119838695973159, 1.983717083933857e-07, 0.0005797539449375684]}