{"protocol": "Iterative LogSweep (all k<K)", "L": 2, "J": 0.44721359549995826, "B": 0.44721359549995826, "K": 36, "init_state": "maximally-mixed state", "energy": -0.9838349853988837, "eigoccs": [0.9853996027881161, 0.0005559027194977076, 0.002461194992065429, 0.0007125447815400799]}