{"protocol": "Iterative LogSweep (all k<K)", "L": 2, "J": 0.09950371902099898, "B": 0.4975185951049949, "K": 29, "init_state": "maximally-mixed state", "energy": -0.9573954125956744, "eigoccs": [0.9576879657020061, 7.748603820861888e-07, 0.0024463236331939498, 4.921190839080828e-05]}