{"protocol": "Iterative LogSweep (all k<K)", "L": 7, "J": 0.0283282086429988, "B": 0.141641043214994, "K": 11, "init_state": "maximally-mixed state", "energy": -0.9779480295659887, "eigoccs": [0.9607874209660503, 0.0001035851754971749, 0.0008093204489023299, 0.0017377717252352238, 0.0032633166059624534, 0.004932175981759261, 0.005721062836054688, 0.008000960269506967, 9.58690506675143e-06, 1.5095041189345219e-05, 1.6218524868681815e-05, 2.172917609037409e-05, 0.00011961315531275319, 3.636863525680902e-05, 3.538120518078712e-05, 3.9638807615271766e-05, 6.693009745572542e-06, 1.1250274802809118e-05, 1.8243541315217783e-05, 3.295923345653768e-05, 9.983990427216765e-06, 3.466839450788498e-05, 3.0008841349739276e-05, 3.332244965298128e-05, 3.122101373065506e-05, 3.24998467990413e-05, 3.603034430181179e-05, 4.7958511509618764e-05, 6.0582059719439474e-05, -9.044993167951606e-08, 5.620600592848709e-08, 1.0025812245823706e-07, 2.2078835863577e-07, 2.1249089082616011e-07, -2.848202189448008e-08, 9.918086480688425e-08, 4.031940032593791e-07, 3.683432404213908e-07, -3.8729628557963e-08, -1.5292019108424656e-07, 1.9076363587444177e-07, 3.7890268224796124e-07, 3.446436048318872e-07, 4.076222218355282e-07, 9.894517767384488e-08, 3.646286349949041e-07, 6.973277777432167e-07, 2.742602971981025e-07, 4.805447448867154e-07, 1.1081389396155638e-06, 2.2546824346267576e-07, 2.907612135615505e-07, 9.692052371824359e-08, 4.141175707210859e-07, 2.3231414296800718e-07, 1.232705304156074e-07, 4.164073385916203e-07, 2.7694030326881165e-07, -1.2427916668632607e-07, -2.048414878328411e-07, 6.882200114398582e-08, 2.6960392248355265e-07, 4.807200662021616e-07, 1.394147712845613e-07, -7.199382409596579e-08, -9.009538580687303e-08, 2.1126378311454804e-08, 1.374748679612992e-07, 7.746790495596955e-08, 1.0180849149237521e-07, 1.1893688123931158e-08, 3.036605207245472e-08, -2.6020278762497e-07, -1.3898321737361844e-07, -1.7226857535187057e-07, 6.889916005742578e-08, -1.742169443718346e-07, 8.609916660477647e-08, -1.0106169400107021e-07, 1.7896944536991545e-08, -6.028852655015033e-09, -4.4237822294131044e-08, 2.0906314494443397e-07, 2.4520931882202946e-08, 9.355288319103906e-08, -8.071957377528802e-10, -1.5280033917222547e-08, -3.372428055193918e-08, -3.2262997828808654e-08, 1.0625943633605597e-07, 1.564559645883769e-08, -2.8848068304290205e-07, -1.4154916560213021e-07, -8.952845011921906e-08, -5.781946200169017e-08, 5.568590675705495e-07, 1.0180483128149498e-07, 2.224371936149376e-07, -2.6901450768577756e-07, 2.071022743842042e-08, -8.907063852216516e-08, -3.08032415699865e-08, 1.667485259358494e-08, -1.2298015114841e-07, -4.037774637417868e-08, -1.2956288577037336e-07, -5.018846146977855e-08, 1.0441954471438162e-07, 9.813667029720107e-08, 1.115490056219258e-07, -2.370081789765041e-07, 9.502750080335189e-08, 9.751766345370538e-08, -1.7026196939025655e-09, -1.1878583689045666e-07, 1.5061924382092772e-08, 1.509088391848616e-07, 2.1859281402632382e-07, 2.0267475064048272e-07, 1.0422624058735831e-07, -1.341949299704431e-07, 1.1857771233923834e-07, 1.9095535371289698e-09, 1.4010475503775838e-07, 5.552911629263795e-08, 4.4825518592865484e-08, 1.002794738456312e-07, -3.595924498683715e-08]}