{"protocol": "Iterative LogSweep (all k<K)", "L": 7, "J": 0.11673007904761215, "B": 0.11673007904761215, "K": 11, "init_state": "maximally-mixed state", "energy": -0.964565287249344, "eigoccs": [0.8595549309764547, 0.004917669286310598, 0.0798826232107549, 0.003198954784693957, 0.010686369065464718, 0.0014900146246982866, 0.010924320113305514, 0.0004446399357333498, 0.0035717015501118866, 0.007892806627202615, 0.00030574461071736355, 0.0001584555103305011, 0.0017368417931034772, 0.00147513082644964, 0.002303555655002465, 6.033417989226934e-05, 0.00010991425438135226, 0.00015519308841443704, 0.0010476226882122856, 0.0007492739141482912, 0.0002477344257842474, 8.72793423717504e-05, 3.754055866831302e-05, 0.00036931532217733933, 0.0005534023549076883, 1.585647819947491e-05, 1.5495430691065304e-05, 4.678557688281587e-05, 0.00011869732888872424, 0.00012633340693748781, 0.00031116059273945387, 0.00019849880833330597, 1.3565567162092652e-05, 4.548139066928031e-05, 2.1570736426932983e-05, 1.783072900275602e-05, 1.1417961070882746e-05, 8.604111103063533e-05, 5.087908260499859e-05, 1.3274799826513826e-05, 4.106853179216069e-05, 9.823210613442641e-06, 1.77570012379642e-05, 7.934357458654828e-06, 2.827729773423813e-05, 3.4101586067978996e-05, 3.193660149173912e-05, 3.532828925160876e-06, 3.7144395461016148e-06, 6.312404446744711e-06, 9.860084296515964e-06, 2.722223352004669e-06, 6.387765262945013e-06, 6.87710665675011e-06, 1.0741013364565283e-05, 2.282243640599899e-05, 1.441717074492959e-06, 5.098960154869749e-07, 7.654661305230115e-06, 1.668346869986944e-06, 1.7533954071531118e-06, 5.9421106835552125e-06, 6.7201136320121775e-06, 1.123963432980721e-06, 7.926540307948544e-06, 5.140753182597631e-07, 1.5079398464603805e-06, 6.843113855168585e-07, 4.59205330330745e-06, 7.413933890432228e-07, 3.5075390908444516e-06, 7.3294862969219455e-06, 2.0067610520933167e-07, 5.208349118417871e-07, 1.7756775043884293e-06, 8.710096448449913e-07, 9.750487717191259e-07, 1.180115482501443e-06, 4.892677238740764e-07, 1.4772129939609883e-06, 1.5016782403547014e-06, 2.300781454281535e-07, 1.2616484985861345e-07, 1.2599418173938422e-07, 1.1264430666217909e-06, 3.2545124586737435e-07, 9.927042128076194e-08, 1.9658720780109615e-07, 3.347814876242385e-07, 2.2228358507861393e-07, 5.88061336799893e-08, 2.638100077993845e-07, 4.885513707200512e-07, 1.0701286358798572e-07, 2.1532813262520943e-07, 4.2248980237783105e-07, 3.820989655246832e-08, 2.493024520836337e-08, 4.107955156919294e-08, 1.4099128726180354e-07, 5.536616216181923e-08, 5.258822056930229e-07, 3.534770636163577e-07, 4.235091731029511e-08, 4.062656155841608e-08, 8.776171838298519e-08, 1.1197894861834318e-07, 3.508876807161625e-08, -2.136670713185245e-08, 1.285891627567208e-08, 7.928831862337681e-08, 2.109639142013679e-07, 3.202419695149468e-08, 2.358784700056525e-08, 6.4696102777196446e-09, -2.2371005909038962e-08, 7.59065866397358e-08, 5.406833782313717e-09, 2.3252547576960966e-08, 2.3256308558952005e-08, 1.3729776366064433e-08, 1.5594941705548977e-08, 4.14314008790058e-08, 2.1859230007976155e-09, 5.386364785593324e-08, 7.068452710559961e-09, -5.7422107639919006e-08, 5.843250515510459e-09]}