{"protocol": "Iterative LogSweep (all k<K)", "L": 7, "J": 0.11673007904761215, "B": 0.11673007904761215, "K": 16, "init_state": "maximally-mixed state", "energy": -0.9622460727170635, "eigoccs": [0.9026629767182974, 0.006272669810512485, 0.0397205485506106, 0.0009383049988176656, 0.005668961886072611, 0.000269597348061828, 0.011254386252513106, 0.0003176726651980307, 0.0015881682621871718, 0.0039998108455661496, 0.00010870468680031911, 3.865141170851308e-05, 0.0004433162808467235, 0.0009984993342297584, 0.001826554909437984, 2.4135454176154542e-05, 5.594173906429722e-05, 7.739319692235719e-05, 0.0005766355477272, 0.0005162356950199691, 9.670932312939418e-05, 3.428569765915748e-05, 1.9417459702940943e-05, 0.00026304138871374673, 0.0002653499174977153, 6.76454276171415e-06, 7.051780145650516e-06, 1.910940220306813e-05, 5.171791206506839e-05, 7.73521186232855e-05, 0.00017021948174891216, 9.094970851790239e-05, 5.9520732500491875e-06, 1.899438221272876e-05, 8.915068070073309e-06, 6.189326851228079e-06, 3.6606727172447967e-06, 2.9497791811921825e-05, 4.227380596682932e-05, 5.675819548600188e-06, 1.9038904072865602e-05, 2.5897457138711497e-06, 4.8210570019513566e-06, 2.521757129014536e-06, 1.3104722464341405e-05, 1.5103826195338763e-05, 1.4383658754626626e-05, 9.372456022159441e-07, 1.0392363656442e-06, 2.4267460492214395e-06, 2.838682320592221e-06, 8.444456633612118e-07, 2.7569965545571715e-06, 2.3704198592124506e-06, 4.8274647597220826e-06, 9.348044854230267e-06, 3.573312763801147e-07, 7.866204745211526e-08, 2.7303724744097785e-06, 5.369369530754298e-07, 5.042351773912543e-07, 1.5764576509909154e-06, 2.979673463047676e-06, -9.611577931978382e-09, 3.750806620504328e-06, 6.99576073299736e-08, 4.922404674128588e-07, 1.6875702354340444e-07, 9.89107019629153e-07, 1.4596230278341509e-07, 1.094598146427668e-06, 1.6500201461432209e-06, 7.20053314893276e-08, 1.6453361775557332e-07, 6.065151065369321e-07, 1.725393413901729e-07, 2.9002031882787347e-07, 3.4660902441985286e-07, 9.306887711483493e-08, 6.939523583142335e-07, 7.764000122498566e-07, 1.1382212004429978e-07, -2.294684102711165e-08, -8.827848333354411e-10, 8.57483144268785e-08, 1.5806266218519536e-07, 2.08235262930889e-08, 5.6707211201025076e-08, 6.757146656054723e-08, 3.0958425066505584e-08, -2.2684105655564058e-08, 9.571173331561182e-08, 1.2483039124279048e-07, 4.153236049169038e-09, -1.919712752500081e-08, 2.669695692737079e-08, 4.108529624228272e-09, 1.6940109682672702e-08, 1.3007101637104061e-08, 1.876962035511639e-08, 1.916124643866005e-08, 2.601641932008601e-07, 2.876855484995839e-07, -2.115558140526873e-08, 3.028158237833762e-08, 4.155274064029762e-08, 5.036367964660156e-08, 5.992519465008313e-08, 2.4649789351390766e-08, 1.5929393134938492e-08, 2.0644770717249173e-08, 2.400510092297211e-07, -4.346486032593266e-08, -2.991762573493806e-08, -4.364245261719878e-08, -3.1619909022337035e-08, -9.573975123895263e-08, -1.7793269259720123e-08, -2.6475607370266535e-08, -2.6476286196914213e-08, -4.2398020347584966e-08, -1.4019218850355418e-09, -9.553610887772951e-09, -4.762084774218361e-09, -1.9980983975665465e-08, 4.684711442050181e-09, -5.410857556400968e-10, 8.744809383071772e-09]}