{"protocol": "Iterative LogSweep (all k<K)", "L": 7, "J": 0.1641957775205015, "B": 0.0328391555041003, "K": 25, "init_state": "maximally-mixed state", "energy": -1.0621702978690126, "eigoccs": [0.5192864593869717, 0.519412450746922, 0.003306533587686471, 0.0032585541493013, 0.0003650123595976358, 0.00040103006705112553, 0.0021569432761008845, 0.002153644865536628, 0.0027105198906120084, 0.0027389686740980955, 0.0030166933369473094, 0.003039644633334452, 0.00491422468538971, 0.0049266059992128085, 7.87964241211912e-05, 7.891633700773056e-05, 0.00013256012336016252, 0.00013235953882074496, 8.071278223634167e-05, 8.145550040032752e-05, 0.00022984711131275397, 0.0002286772156655407, 0.00011188673123975473, 0.00011155612059200703, 0.00023969717428997848, 0.00023939771053790737, 0.00044186186149603205, 0.0004407509588022706, 0.00018730150274034102, 0.00018625327380850733, 0.00024386913016246036, 0.00024283550817693405, 0.00010595917717094527, 0.00010561333007265066, 0.0002004397693342356, 0.00020021811254428948, 0.0002688902383432745, 0.0002685752004193959, 0.00019941888698038834, 0.00019878657720537007, 0.00022999499782025076, 0.00023024475004772854, 0.00013442377723209102, 0.0001344995978960364, 9.576230971452566e-07, 9.6980393859456e-07, 2.590617165060633e-06, 1.675958242083794e-06, 3.7073698165631656e-06, 2.014842719325246e-06, 3.1169779425234e-06, 2.873103491444571e-06, 1.9058769486732661e-06, 1.8796263514092704e-06, 1.4233430544799396e-06, 1.3091527652309928e-06, 2.725512880275065e-06, 2.4605487247230745e-06, 3.4971465802957178e-06, 3.5166010926155753e-06, 1.6574473012030714e-06, 1.7073710577775308e-06, 3.584602315484167e-06, 3.5813299061496455e-06, 1.5642043055442052e-06, 1.540036891669481e-06, 5.013049663083978e-06, 4.994515666514895e-06, 1.8947563178595257e-06, 1.9338029005634903e-06, 1.7532914789981947e-06, 1.7870673278963542e-06, 4.905775287110758e-06, 5.0078520976034145e-06, 3.0946116125153956e-06, 3.1634436511932655e-06, 2.610056285387013e-06, 2.644936439494994e-06, 3.922093654678813e-06, 3.903806620231997e-06, 3.779610165031028e-06, 3.809378059871359e-06, 3.5681765569165507e-06, 3.6578310144467332e-06, 1.0428676042682597e-07, 1.0208902868085414e-07, 1.212794592112992e-07, 1.1984021068886216e-07, 1.7458518176017868e-07, 1.7457566335467936e-07, 3.0317243149930735e-07, 3.0442065159409726e-07, 1.8526634393537498e-07, 1.8292915270133868e-07, 2.3916566834317757e-07, 2.3497528409550442e-07, 2.885663487324989e-07, 2.82294402440626e-07, 3.3757826500998735e-07, 3.327048079626532e-07, 1.8593061335089766e-07, 1.8321389562418478e-07, 1.5996794025671217e-07, 1.5867303808741236e-07, 3.0353806241581174e-07, 3.0366820615299365e-07, 1.9365341236754653e-07, 1.9345925434513541e-07, 2.8586089017470297e-07, 2.8551132099287025e-07, 1.747358148889904e-07, 1.756531709147287e-07, 2.5895789033305537e-07, 2.5817421297949404e-07, 4.546065082366113e-09, 4.566376412823907e-09, 3.875067754142115e-09, 3.6681364718269147e-09, 4.373012204558004e-09, 4.340500731133317e-09, 5.858777237031078e-09, 5.800816812330988e-09, 6.487993701926614e-09, 6.33021039123696e-09, 4.357051807425262e-09, 4.35508384784075e-09, 4.626335674012156e-10, 4.662725731509013e-10]}