{"protocol": "Iterative LogSweep (all k<K)", "L": 7, "J": 0.1641957775205015, "B": 0.0328391555041003, "K": 21, "init_state": "maximally-mixed state", "energy": -1.2826466154474614, "eigoccs": [0.6255452945512208, 0.6257322039583733, 0.004412794432807509, 0.004319721004253027, 0.00043074503934836556, 0.0005283557691209414, 0.002362290147390608, 0.002399634721639638, 0.0034981455024261365, 0.003545745894403724, 0.0038714371587030326, 0.0038677824772335428, 0.00737926897239642, 0.007390031758395141, 0.00015927711441241911, 0.0001579306328894097, 0.00011334785501778482, 0.000113659526727897, 0.0002291114490604891, 0.00023065444836870081, 0.0003284004357315886, 0.0003287449128140813, 0.00013166679892125696, 0.0001326947682666944, 0.0003393365623281145, 0.0003377340356050486, 0.0008023766338309707, 0.0008001297125364264, 0.00023551160981953985, 0.0002382606259971468, 0.00030151074846906814, 0.00030139153265820175, 6.600512323622612e-05, 6.745726960574879e-05, 0.0002955027476830066, 0.00029345754317548284, 0.0002611338693861361, 0.0002618921753989385, 0.000235931726967249, 0.00023634423876037355, 0.0003210780593034345, 0.0003219824877408493, 0.00021036117834981257, 0.00021092162915815654, 2.2950364051644145e-06, 2.3929089402812253e-06, 2.031941082824347e-06, 2.1675125397974157e-06, 2.65087219157934e-06, 5.276218744949256e-06, 3.170818158524224e-06, 3.2148882367509447e-06, 2.821840293445017e-06, 2.749799322334738e-06, 1.83425270255785e-06, 2.281426600087028e-06, 4.537510315705203e-06, 4.139963040090244e-06, 5.355890929095461e-06, 5.108313139898061e-06, 2.1080576262750896e-06, 2.1807170028423787e-06, 4.9232672730541425e-06, 5.45216754382118e-06, 2.5673486721916327e-06, 2.5918713140893273e-06, 7.284544779089479e-06, 7.405339942807824e-06, 2.692023937423533e-06, 2.3180113904848786e-06, 2.324682365090692e-06, 2.3257014174493645e-06, 9.083489132079752e-06, 9.104398475641492e-06, 4.6105436855028675e-06, 4.501902350914871e-06, 3.467213297882006e-06, 3.5000298467696527e-06, 5.518394256359456e-06, 5.5006551284238e-06, 5.695638916010423e-06, 5.744189642297967e-06, 5.28753433337571e-06, 5.344485225767291e-06, 2.5704273135373095e-07, 2.546702614098727e-07, 2.072741605646342e-07, 2.1532465619454674e-07, 3.082274758214284e-07, 3.1273616656591213e-07, 2.857246836079102e-07, 2.9032296792153636e-07, 3.002745081484965e-07, 3.014021821055163e-07, 3.260411816518867e-07, 3.264635527812285e-07, 4.6251197573374467e-07, 4.836503606051733e-07, 6.381449084086978e-07, 6.321913450262109e-07, 2.9023800617013753e-07, 2.899191243341911e-07, 2.0265355708895732e-07, 2.077468428623732e-07, 5.496205143725917e-07, 5.476087876357237e-07, 2.4233516830491966e-07, 2.4212949622726506e-07, 5.601339182252452e-07, 5.635389335091647e-07, 2.098199003876439e-07, 2.0610038964682714e-07, 3.7396812011602924e-07, 3.716989294512312e-07, 5.78300567702732e-09, 5.521543625872104e-09, 6.145658985400376e-09, 6.120455686366306e-09, 6.969713475138131e-09, 7.55356146179449e-09, 8.326061466800306e-09, 8.340971439058786e-09, 1.2085469749824607e-08, 1.2139110670042292e-08, 5.918363645350763e-09, 5.918980308191444e-09, 7.187037023096004e-10, 7.179357017762766e-10]}