{"protocol": "Iterative LogSweep (all k<K)", "L": 7, "J": 0.11673007904761218, "B": 0.11673007904761218, "K": 12, "init_state": "maximally-mixed state", "energy": -0.9630524428711096, "eigoccs": [0.8753154488932003, 0.01026085113286228, 0.059464576247126685, 0.0019454879400875292, 0.008778924712906939, 0.0012438090054986126, 0.012242928932695192, 0.0004878113612580693, 0.004476859774866201, 0.004602028340248572, 9.675609153732392e-05, 0.0004034889454045138, 0.0005727867819219771, 0.0012698972884258143, 0.001219883054594935, 6.769771697475229e-05, 0.00010364201179517899, 0.00012906784448956038, 0.0008111631910900112, 0.000688342178869926, 0.00015263281616360988, 5.763563931215084e-05, 3.532428891203503e-05, 0.0003043062102493273, 0.00047527322870322456, 1.4931352466349638e-05, 1.537401262288917e-05, 6.487890868146912e-05, 4.9623348442383964e-05, 0.00012019359777647214, 0.00026779448412741027, 0.00015190272814424714, 1.0708699367322982e-05, 2.8398520124944062e-05, 2.5361917708908218e-05, 6.543181000892177e-06, 8.871776985261351e-06, 6.560922631952538e-05, 3.581945189073229e-05, 1.0372840115910199e-05, 6.905164450116076e-06, 3.411692891706916e-05, 1.1292376512342693e-05, 4.669924815798024e-06, 2.3210080826446084e-05, 2.8406191842639863e-05, 2.440224062258211e-05, 1.956550195119094e-06, 2.110742903053615e-06, 1.7627971717344516e-06, 5.924643810294916e-06, 2.0160906079371924e-06, 5.11858501541576e-06, 5.755127834179766e-06, 7.451270004711725e-06, 1.9498824237527408e-05, 1.099520552573118e-06, 3.7935417364497304e-07, 5.744368564331649e-06, 1.2349460337046889e-06, 4.28763958001302e-06, 1.1350712885638586e-06, 5.361417006533304e-06, 8.505815422192533e-07, 6.373595383722424e-06, 4.236191694649849e-07, 7.353654940246605e-07, 6.246603080999004e-07, 3.272117231137578e-06, 5.103131484816493e-07, 2.754550211367488e-06, 5.279930569438477e-06, 1.124377080225235e-07, 4.622998666446761e-07, 4.4889950842475067e-07, 6.090386072939525e-07, 4.446235667161766e-07, 2.0080472290030648e-06, 1.6947806940848226e-07, 1.0231830004368165e-06, 1.068109497507099e-06, 1.1224162824967168e-07, 1.4283725573162762e-07, 7.967608948990481e-08, 6.580854555384476e-07, 2.256889238660191e-07, 1.622121516497054e-07, 1.221746927308804e-07, 1.5036512232136833e-07, 1.0002528183825763e-07, 8.002644831424916e-08, 1.0487281762813474e-07, 4.0798797162514535e-07, 9.213240904958155e-08, 1.4768321941077184e-07, 1.882853449915075e-07, 3.32901815801473e-08, -1.5690595909140068e-08, 3.658373424878107e-08, 2.2453354374116976e-08, 1.435081571476422e-08, 2.837235014239006e-07, 2.3286493914224966e-07, 6.972045052495556e-09, 2.193200303627571e-09, 1.2464352640391424e-07, 8.898094767834998e-08, 2.9932591225243265e-08, -6.7242630088559816e-09, 1.6729158285220396e-08, 9.247985697964024e-09, -3.84944740980501e-08, 1.1459546315049651e-07, 1.310428580479278e-08, -3.960731427201393e-08, 5.0037838329416946e-08, -5.0482314345858954e-08, 3.4244990740194806e-08, -1.546524210663623e-09, -1.5456846647874996e-09, 2.5161205758988695e-08, 4.129927243755059e-09, 2.2947141180794043e-08, 6.216391703870644e-10, 7.665612938770645e-09, -1.2187800285604097e-08, 3.3196616998399594e-08, -1.6131939972072036e-08]}