{"protocol": "Iterative LogSweep (all k<K)", "L": 7, "J": 0.11673007904761218, "B": 0.11673007904761218, "K": 14, "init_state": "maximally-mixed state", "energy": -1.0370907878304507, "eigoccs": [0.9595948799487038, 6.211300493069038e-05, 0.060019015055486416, 0.0012029692950016493, 0.009237251272044864, 0.0005641643169395374, 0.011772720514665973, 0.0003734827655016948, 0.003905925409641475, 0.004008434082246824, 5.7166719202677937e-05, 0.0005393784095755582, 0.0008422775945854361, 0.0014395709719411467, 0.0023469865649990464, 3.660668159758104e-05, 8.163013680507247e-05, 0.00010583800503605631, 0.0008196495041487195, 0.0006987715755311726, 0.00014929762066175678, 4.3493566080754996e-05, 2.145071883745456e-05, 0.00043613398255461146, 0.00036067049763689865, 9.837276854621593e-06, 1.6189953142506013e-05, 4.998904298852634e-05, 3.700291771785355e-05, 0.00011826550673738544, 0.00023969241396492577, 0.00013824926006450412, 7.724074481721713e-06, 2.3249010096502113e-05, 1.9768839136124937e-05, 4.493631364684522e-06, 5.10906481487766e-06, 4.9239168804867214e-05, 4.6280603140965094e-05, 6.737206179679851e-06, 4.451358778352257e-06, 2.5169562966321132e-05, 8.391957828196342e-06, 4.126885264960328e-06, 2.3037493897938874e-05, 2.340476338394467e-05, 1.9885648063200116e-05, 1.3460996691359836e-06, 1.5049338885863216e-06, 1.2057303709811538e-06, 4.645469285956615e-06, 1.423412877673327e-06, 4.212791633183935e-06, 3.6397159077049485e-06, 8.03350260332003e-06, 1.4536959434741787e-05, 5.424437855754764e-07, 1.827361852170244e-07, 4.023393397067176e-06, 8.382964605350986e-07, 2.930211586267205e-06, 5.713857237772812e-07, 4.1121319561950915e-06, 4.712938778326002e-07, 5.8190881768387365e-06, 9.72912820723811e-08, 4.3411149407405533e-07, 3.7751752275824634e-07, 1.8921642032064703e-06, 2.773350419988162e-07, 2.0892684961684724e-06, 4.238237510526357e-06, 3.8564723513908014e-08, 1.8952654983978389e-07, 2.505340532532124e-07, 4.494851845453328e-07, 2.1731037429910863e-07, 1.361368272253392e-06, 1.211059517933411e-07, 1.189632457914051e-06, 1.06270197543164e-06, 1.0008011171694516e-07, 1.286556233078869e-08, 6.6470223525093066e-09, 8.340225282744783e-08, 1.370953580635997e-07, 1.51631859325074e-07, 1.704009315020184e-07, 3.229120069980121e-08, 2.6319967616316564e-10, 2.413569247328559e-08, 3.1106993803936006e-08, 4.0471853742275465e-07, 6.92971229227182e-08, 4.774904272348083e-08, 1.450870501563898e-07, -2.5419773419235904e-09, 1.7665851540556968e-08, 8.702917393702354e-08, -2.6238704065895073e-08, -7.26157057356932e-09, 4.685364628030424e-07, 1.715186139746221e-07, -6.0644736603214275e-09, 3.515873567200551e-08, 1.3217897227026962e-07, 5.939857115545459e-08, -1.128279776615499e-08, 1.3408019346220619e-08, -2.766912906310566e-08, 4.539430941588914e-08, 8.954751815104675e-08, 9.598660799984238e-08, -5.7393313605921634e-09, 1.331795559151498e-08, -2.9037102711195686e-08, 6.384240265706065e-09, 5.606749014203722e-08, 1.0382664101497291e-11, 8.939261813005971e-12, -1.857389011870341e-08, -3.129566112326152e-09, 2.200282941554394e-08, -3.4650350990846286e-08, 7.966121096099045e-09, -3.00441768592083e-09, -8.363906971004626e-08, -2.077201652022765e-09]}