{"protocol": "Iterative LogSweep (all k<K)", "L": 7, "J": 0.11673007904761215, "B": 0.11673007904761215, "K": 35, "init_state": "maximally-mixed state", "energy": -0.9224953064268733, "eigoccs": [0.8823287778725083, 0.0001549647472051318, 0.028903324499568457, 0.0001200873668803005, 0.009838907542237686, 0.0001301292511631874, 0.006311996419300061, 4.452235113747146e-05, 0.0007599114675622204, 0.002306624148120129, 2.0691538483451672e-05, 9.508883067997577e-06, 0.00020293338367845162, 0.0005464050432543845, 0.0006705497398771622, 3.626328411873446e-06, 8.14467247124679e-06, 1.1633649602764263e-05, 0.00024945463402330735, 0.0002988278301011448, 2.6490023006791597e-05, 6.585625715908895e-06, 4.256351822110437e-06, 0.00014217531935648714, 0.00014136219600918666, 1.260100084039951e-06, 1.536766608800946e-06, 4.978472790101064e-06, 1.7923482424723448e-05, 5.302475617808692e-05, 9.833327924198397e-05, 5.036976445026151e-05, 8.105731497038368e-07, 6.816638514497305e-06, 3.4444501845936824e-06, 2.147703734782877e-06, 1.6603698757396003e-06, 1.4455668041571483e-05, 1.6836127951813942e-05, 2.4663158334253822e-06, 1.2314163813282405e-05, 1.0174517875058906e-06, 5.210486785241477e-07, -2.5984207151991565e-08, 8.085500847731657e-06, 8.802844212151945e-06, 8.25062322067219e-06, 4.887577464241156e-07, 5.907986438823796e-07, 1.3141711887228733e-06, 7.143269323602541e-07, 4.055784026684015e-07, 1.6526522729816806e-06, 1.2405104559072004e-06, -5.416736095844434e-07, 5.278157110977153e-06, 2.1413601075880344e-07, 9.289509906956189e-08, 2.083223540720126e-06, -1.188665710350361e-06, 4.56373550166161e-07, 1.2504573895807758e-06, 2.4406727203561896e-06, -1.2325401897917044e-07, 1.927451773903227e-06, 5.126824387073864e-07, 7.194401471856797e-07, 1.9708928546450755e-07, -1.356741740074857e-07, -1.2818693850926942e-07, 3.917191856871607e-07, -1.694083237516572e-06, 8.494042698083679e-09, 1.7876100549411e-07, -4.904851189212999e-07, -2.569736537904372e-07, -3.297252016880733e-07, -4.774805817747151e-07, -3.7767732250183674e-07, 1.6864022270781725e-06, 1.7335719902035607e-06, -2.309051230068195e-07, -4.599277589008582e-07, 6.461092903421966e-08, -1.1418368528747378e-06, -5.389776694293348e-09, 7.563597702837296e-08, 1.4863954591156863e-07, -2.8002267798561925e-07, -1.7782026362198285e-07, 2.5645456765192007e-08, 2.090070210363686e-07, 8.471081565778959e-07, -1.8494969487445424e-07, -2.1517783396191282e-07, -3.382117729171966e-07, -3.38144341590738e-08, -6.55798234165046e-08, -2.2569479402427202e-08, 2.2325763407728495e-07, 1.8403592160205582e-07, 1.3413818426974367e-06, 6.916051147168097e-07, -2.6687877785033783e-08, 6.537877065393922e-08, 1.3486282453592072e-06, 1.434756185942265e-08, 1.360259108802168e-07, -8.275598057850408e-08, -8.37747743921899e-08, 2.249389624287729e-08, 6.091810379316222e-07, 1.1041294767753544e-06, 1.0107907620525296e-07, 2.603325478659753e-08, -4.419468913746023e-08, 5.917388456392872e-07, -2.906620079389037e-07, -3.380167415067563e-08, -3.380315796026939e-08, -3.454265326629029e-07, -1.6170851473606543e-07, 7.00436259426662e-07, 1.6573939181237536e-07, 2.6195313588696926e-07, -3.6344203383144257e-09, 1.2019971845662682e-07, -1.5296558618111433e-08]}