{"protocol": "Iterative LogSweep (all k<K)", "L": 7, "J": 0.11673007904761218, "B": 0.11673007904761218, "K": 22, "init_state": "maximally-mixed state", "energy": -1.29052675463512, "eigoccs": [1.2175928885850877, 0.0002327357849449591, 0.05765107871998023, 0.0008631026785750361, 0.01054087034835399, 0.00019188654162035566, 0.010468127375543477, 0.00010302182219200143, 0.003580402691362226, 0.003696442219263133, 1.3289924151665913e-05, 0.00014402586071804154, 0.00022542015909436655, 0.0010603113070382303, 0.001449936730366108, 1.1974222637288723e-05, 3.859497089875545e-05, 4.954212438095613e-05, 0.0006374956694967795, 0.0005845951842641969, 7.930818266405256e-05, 2.60361386176206e-05, 6.2474296129992566e-06, 0.00030552334968995444, 0.00031729310892770736, 6.032925779069633e-06, 9.471784142079007e-06, 2.739035887352378e-05, 2.000302972137598e-05, 8.938510003586727e-05, 0.00019251611497494685, 9.570691920117723e-05, 2.711713184041405e-06, 1.0652282603405201e-05, 9.395267383872632e-06, 1.8059791931076816e-06, 2.32360169211777e-06, 3.457533239216449e-05, 4.024948798511765e-05, 4.821719576369434e-06, 2.2291932103419336e-06, 2.4406243768543155e-05, 4.095878889961097e-06, 2.4244403449945554e-06, 1.5878429444468877e-05, 1.5637087463412224e-05, 1.3804709135192379e-05, 4.482042305557648e-07, 4.929006439911536e-07, 6.69941359814997e-07, 3.0453760991203857e-06, 1.288275319335455e-06, 3.0960811997448164e-06, 2.0132201582873285e-06, 5.386214498585381e-06, 9.08760610257102e-06, 3.0259154149555206e-07, 7.035609264933362e-08, 3.1646675315745776e-06, 3.884018923673644e-07, 7.2417441204975e-07, -1.2931615749542796e-07, 2.93432029893743e-06, 5.782191139492058e-07, 4.533303748037621e-06, 6.850829317308511e-09, 2.3079746083724604e-07, 1.8393840010142448e-07, 1.1855593107898628e-06, 2.9399824910272134e-07, 1.4253769702289613e-06, 2.1736975253702756e-06, 2.317621260476356e-08, 8.97081620268037e-08, 1.3923997638561152e-07, 4.154224908281192e-07, 3.3656403279752594e-07, 9.213329073583984e-07, 3.979892831184282e-08, 1.3469050025747437e-06, 1.0944363683817923e-06, 1.3738417700054926e-07, -1.232955866502102e-07, 1.5695210678697773e-07, 8.576865152962433e-07, 4.75390402871506e-08, 1.3004038640298047e-07, 1.387135013382371e-07, 1.541027638217388e-07, 3.835883054103811e-08, -1.0107721357289086e-08, 9.40432578284675e-08, 2.575633449061104e-07, 7.408911338495541e-08, 1.6731060561454374e-07, -2.6440396100035663e-07, -3.4818097771931237e-08, -4.908980325283081e-08, 8.060726934143281e-08, -1.1106137421487128e-07, 4.928160833395583e-08, 3.9830944539688975e-07, 4.709356350143699e-07, -2.2140138810834276e-08, -2.146801758993212e-08, -1.0180779907950031e-08, 9.352903710035029e-08, 1.174489311216445e-07, -2.658038127286673e-08, 7.676226163408561e-08, 1.3518312101816665e-07, 3.118364646060241e-07, 5.377893764824708e-07, 1.6415743227791796e-09, -9.244959946169548e-08, 1.1614879496229356e-07, 2.859340544468826e-07, 6.13907080351056e-08, 8.734005161220388e-08, 8.734865809188355e-08, 3.325883791466597e-07, 9.39025393512335e-08, 5.0832158627233237e-08, 8.856394525508319e-08, 2.8034317035691935e-07, 3.107514224743445e-08, 3.7339949201572517e-07, 2.1682317621254817e-08]}