{"protocol": "Iterative LogSweep (all k<K)", "L": 7, "J": 0.16419577752050152, "B": 0.032839155504100305, "K": 27, "init_state": "maximally-mixed state", "energy": -0.9996325999875496, "eigoccs": [0.48929550855759507, 0.4895899245327159, 0.002970485194779473, 0.0029922122232043935, 0.00044366891600732233, 0.00048447548297996066, 0.0013577821188544047, 0.001340971677472496, 0.0024024467151447125, 0.002450506465547979, 0.0033221077459306713, 0.003328098997155701, 0.00409961946002434, 0.004108472346312294, 4.443592819468937e-05, 4.4234714456297404e-05, 9.169226545213583e-05, 9.192714957106425e-05, 9.775895501943962e-05, 9.703532776992972e-05, 0.00013456233692300584, 0.00013417281805566805, 0.00012917156609734953, 0.0001295225473968001, 0.0002457296693962215, 0.0002453515579216908, 0.0003452098267848656, 0.0003446316866322649, 0.00010944980646008555, 0.00010967909282540866, 0.00020699726612112443, 0.00020786188941074633, 0.0001344695540681262, 0.00013431155303399338, 0.00014828398886167075, 0.0001478887200304915, 0.00021319444348850925, 0.0002134755100568136, 0.0002474809029344409, 0.0002489633967528626, 0.0001656932414140642, 0.00016685975167971977, 0.00014111286664171904, 0.000141299843275185, 1.2801091556857664e-06, 7.803986844233369e-07, 1.5199971398733134e-06, 1.6611553629187298e-06, 1.2693504456747234e-06, 1.3357296434170814e-06, 1.841603854840649e-06, 1.7544718613854046e-06, 1.8097078035215837e-06, 1.829973225933983e-06, 1.1647626897314065e-06, 1.026181201033764e-06, 2.0765797641431117e-06, 2.15473035457045e-06, 2.7908608445320926e-06, 2.732409864523642e-06, 1.12903781201593e-06, 1.0874781594715731e-06, 3.3386472626662433e-06, 3.152219347411573e-06, 1.2511475518973166e-06, 1.2580445022653821e-06, 3.2857536283269614e-06, 3.3251570618971607e-06, 1.7243053120283504e-06, 1.6651823046888198e-06, 1.7552663663248815e-06, 1.7774755303179248e-06, 4.4850215756160965e-06, 4.5180492849403085e-06, 2.668731636068401e-06, 2.5827387491941528e-06, 1.994094463901859e-06, 1.933881722087982e-06, 2.9093066520345e-06, 2.9073311095665246e-06, 2.8396154406202776e-06, 2.8545813389412078e-06, 3.3392162536600726e-06, 3.352239588054154e-06, 7.195182599768184e-08, 7.229217030884193e-08, 1.171555211341957e-07, 1.1432599801936236e-07, 1.2832369683542414e-07, 1.272936235593783e-07, 1.3985313619134481e-07, 1.4087579866816035e-07, 1.5125187311046045e-07, 1.5333700816787607e-07, 1.6600141287856265e-07, 1.6648238032272286e-07, 1.977832113031803e-07, 1.9692436798969866e-07, 2.0359888034768067e-07, 2.0426333667706222e-07, 1.234873197961975e-07, 1.2336065333623981e-07, 1.295023396700759e-07, 1.2961085049697188e-07, 2.2649648543126784e-07, 2.264328103660146e-07, 1.220203685448486e-07, 1.212859644996027e-07, 2.4511698137769863e-07, 2.4447564512496225e-07, 1.3860593451766463e-07, 1.3845321782433283e-07, 2.004691294710649e-07, 1.995717187146993e-07, 2.498328034791649e-09, 2.4017451167804386e-09, 2.367744384247909e-09, 2.455780125101307e-09, 3.1071871436156027e-09, 2.981926693560113e-09, 3.589971673115445e-09, 3.4861586955318395e-09, 4.377924536821867e-09, 4.40710556138349e-09, 3.0696426922744373e-09, 3.034435070446487e-09, 2.319734521079532e-10, 2.2898022196049707e-10]}