{"protocol": "Iterative LogSweep (all k<K)", "L": 7, "J": 0.11673007904761215, "B": 0.11673007904761215, "K": 26, "init_state": "maximally-mixed state", "energy": -0.9248471394712896, "eigoccs": [0.8811949924148355, 0.0004591177792717657, 0.031449093459819846, 0.00033998542305400286, 0.008248705968577881, 0.00020685321957193865, 0.007278400912291802, 0.00011850130467443409, 0.0010520322513762575, 0.0030767496247469024, 4.329495880508681e-05, 1.5352209180501108e-05, 0.0003776161169980671, 0.0006474246398419592, 0.0012180441534534027, 5.40608804454391e-06, 1.4176013989582514e-05, 2.138712627404284e-05, 0.0003528316763540076, 0.000358096852453257, 4.400353031865612e-05, 1.2795440453289962e-05, 5.402733285826915e-06, 0.00017522477342484617, 0.00019974600845756372, 1.793406321842824e-06, 2.6372055193255623e-06, 9.25074258817913e-06, 2.7245674763869536e-05, 6.251924426778574e-05, 0.00013657160617268994, 6.122591977447998e-05, 2.2010049063202157e-06, 1.1025973312460305e-05, 5.6351869132491904e-06, 2.9974887441300606e-06, 1.5393143474938372e-06, 2.0062948259213416e-05, 2.2964119047776227e-05, 1.8154124466779618e-06, 1.2566906850755223e-05, 1.173215248803242e-06, 1.6336247807881189e-06, 5.754127447468839e-07, 8.387490405230415e-06, 7.690949680264396e-06, 7.246283718160855e-06, 3.055871875472633e-07, 3.45574098940971e-07, 1.407803448057551e-06, 1.2397659149196527e-06, 5.616308289760595e-07, 1.5351014017050476e-06, 7.534673415722856e-07, 1.5978541266271006e-06, 5.968723647831292e-06, 6.038754142642615e-08, 2.0295914068134805e-08, 6.153372798017348e-07, -3.997185117364926e-07, 1.633450526106869e-07, 4.82271858429657e-07, 1.6372815965851144e-06, -5.723233211311921e-07, 2.2075139319452954e-06, 9.032443487516711e-10, 3.4900466975400275e-07, 1.928874559810367e-07, 7.599871332216482e-07, -1.1424015145527005e-07, 3.382663036004652e-07, 2.0664849863175306e-06, 6.33793679458702e-08, 1.9905806724077162e-07, -2.2416743157438021e-07, -4.4020383879048774e-08, -5.28533097251344e-08, -7.19739347392019e-08, -2.587865498004811e-07, 6.042162982820287e-07, 3.5104799745108824e-07, -1.2930918621296462e-07, -3.491926905332671e-07, -8.303065565300886e-08, -1.3710111819372537e-06, 5.087496295296296e-09, 1.0490663278542685e-07, -7.259186342185494e-09, -2.0458010634629482e-07, -2.691135676505012e-07, 5.9480772463443054e-09, 1.3614545752221648e-07, 3.8945452493626536e-07, -7.535694111103833e-09, 2.2649468378164643e-07, -4.241550460571829e-07, -1.4127932662419192e-08, -3.009280610508011e-08, -1.9218134532557914e-08, 1.4544118467412215e-07, -1.6163881352752823e-08, -2.1027549842602705e-07, -1.0997355107919314e-07, -2.800583168355381e-08, -6.899608235045853e-08, 2.8389713351129166e-07, -7.464063565937166e-10, 1.1203019466456527e-08, 2.4501752400709516e-08, -5.552994902200082e-09, -1.1565535630410692e-07, 2.1525948640552594e-07, 1.6935125065859363e-07, -8.408688691225785e-09, 9.504984252253178e-09, -5.718428838568971e-08, 2.9446495406781714e-07, -9.809270671563448e-08, -1.14217624117758e-08, -1.1433454949452143e-08, 8.540406008534163e-08, -1.1611037295209032e-08, 3.1989855021485365e-07, 5.491630729716723e-08, -7.038968963304674e-08, -1.2743279996354961e-08, -8.471382523589047e-08, -3.454494533933913e-08]}