{"protocol": "Iterative LogSweep (all k<K)", "L": 7, "J": 0.16419577752050152, "B": 0.032839155504100305, "K": 28, "init_state": "maximally-mixed state", "energy": -1.005977978441349, "eigoccs": [0.4926308758200425, 0.4930199500766457, 0.0027515800751219, 0.00276037563659104, 0.0005557646756394036, 0.0005323312423832604, 0.0016095987363798356, 0.0016585173572371955, 0.0024831755125972765, 0.00246193780161455, 0.002820226906048386, 0.002821151679864795, 0.004138390993361605, 0.004135579630269651, 2.4412124602011322e-05, 2.4489810384304416e-05, 8.933917479006669e-05, 8.984130190330716e-05, 0.0001172083688642536, 0.00011714645446085046, 0.0001608701103004733, 0.00015985874703936334, 0.00011806296767457575, 0.0001171787481562572, 0.00023313975299112853, 0.0002331450916101579, 0.0003688606773689716, 0.0003684011988175701, 8.892887717655118e-05, 8.844990911020685e-05, 0.00016535878072179637, 0.00016543751859395797, 0.00015394788069769376, 0.0001533698504371635, 0.00014911268019740978, 0.00015038556743491308, 0.0001994675046385441, 0.0002011322241988413, 0.00016871492621118428, 0.000168519890646114, 0.00017266784551812827, 0.00017298351246951068, 0.000146447237828029, 0.00014631349429696118, 9.18888730192783e-07, 1.028454616907556e-06, 1.7963955076795277e-06, 1.2448888401723251e-06, 9.436549371855187e-07, 9.590653096062241e-07, 1.6176566576635842e-06, 1.6681272416664965e-06, 1.8860677968421287e-06, 2.0779361734676552e-06, 1.222797675855644e-06, 1.1865038550477207e-06, 2.077186544879868e-06, 2.109004873063312e-06, 2.5977086734347457e-06, 2.9943259650394374e-06, 1.1426750873418994e-06, 1.2133661633676054e-06, 2.7535472761053137e-06, 2.9047013313646343e-06, 1.525472307965867e-06, 1.5291570259828195e-06, 3.377630621000634e-06, 3.3619119074263227e-06, 1.385768023040052e-06, 1.3694670641263745e-06, 1.853667031490909e-06, 1.8354175074230886e-06, 4.363722816903195e-06, 4.304919741443733e-06, 2.164329479604322e-06, 2.1634226355019326e-06, 1.7971459571162725e-06, 1.791912376836809e-06, 2.7492669567145766e-06, 2.7528841211203298e-06, 2.7079896033464786e-06, 2.7160051797120754e-06, 2.857507006437481e-06, 2.8663121817913075e-06, 7.635647485188819e-08, 7.588227299021709e-08, 9.58609821821646e-08, 9.707162607337484e-08, 1.2059230074457428e-07, 1.2404186833611177e-07, 1.5056810288748965e-07, 1.462430441908899e-07, 1.6644919529517886e-07, 1.62140649809275e-07, 1.7640895190551807e-07, 1.7762582033404207e-07, 2.8170663649514785e-07, 2.7810900252583104e-07, 1.9449679522228587e-07, 1.9413895942436795e-07, 1.088738057110293e-07, 1.0941324169224848e-07, 1.2539998680086356e-07, 1.247155853480381e-07, 2.2873004675845974e-07, 2.3282746126748067e-07, 1.1600148709296941e-07, 1.1596420300764086e-07, 2.392955505166124e-07, 2.392922880703617e-07, 1.2974514629623426e-07, 1.2930313110686742e-07, 1.7328757791330286e-07, 1.7349110913673806e-07, 2.436841098229756e-09, 2.1566014084509795e-09, 2.481699561738891e-09, 2.407448717181503e-09, 2.9816464289382996e-09, 2.9210768429052858e-09, 4.16206000641237e-09, 3.94502291196849e-09, 4.450595771815038e-09, 4.545837510163654e-09, 2.8438130579981025e-09, 2.8939069812095835e-09, 2.774626219115051e-10, 2.702029792567305e-10]}