{"protocol": "Iterative LogSweep (all k<K)", "L": 7, "J": 0.0283282086429988, "B": 0.141641043214994, "K": 29, "init_state": "maximally-mixed state", "energy": -1.1159261383901176, "eigoccs": [1.101981846990131, 7.739436267736157e-05, 0.0005396745511712521, 0.0013161662790604602, 0.0021997692712386442, 0.0027365024879878854, 0.0054213410111615444, 0.007978747253995402, 2.8454038275859303e-06, 1.3417693799021185e-06, 6.914991971778626e-06, 6.156643281766979e-06, 2.5820670657108195e-06, 1.985534605774289e-06, 3.214955985473346e-06, 5.915692005410941e-06, 8.53221268303181e-06, 2.91485272242218e-06, 8.400703035084671e-06, 3.904750234655428e-06, 7.519469390398131e-06, 7.43861928718059e-06, 7.430597633470017e-06, 7.041330088414924e-06, 2.167363652700173e-05, 2.4154901039998913e-05, 2.276371492274309e-05, 2.95711843402788e-05, 4.2827083280168794e-05, 1.14503894893677e-07, -1.84179615626579e-07, -2.274825516708568e-07, 6.002508244096402e-07, 1.3755895229623522e-06, 1.4382673195357663e-06, 1.7048024024588128e-07, 1.2240951272305669e-06, 4.537333576996626e-06, 1.1311300803381583e-06, -1.0499306978464336e-07, 1.8362580836482614e-06, 5.658343846548672e-06, 2.467388834312e-06, 9.667853619764589e-07, 6.596072784748773e-06, 2.4087819238259896e-06, 3.022665623578079e-06, 4.037355849489326e-06, 1.1382520998652172e-06, 1.6059537160081277e-06, 1.238634754260883e-06, -1.167235696499876e-06, 1.9716090776166257e-07, 7.248045003655462e-07, 1.2713865553912477e-06, 3.444860120863386e-07, 2.787092474092632e-07, 2.123687140729404e-06, -9.488929348701941e-07, 4.072662736551648e-06, -8.942048094720141e-07, -5.044970999185155e-07, -4.225548816044597e-06, -6.779235519784868e-08, -5.582059938571699e-07, -8.06705677354307e-07, 6.471109625227022e-07, -6.236480482058476e-08, -5.507121278037792e-07, -5.4125671065886685e-08, 2.0673517508832984e-07, 1.237952044455047e-07, -3.81514376621487e-06, -1.0256373287988781e-06, 9.379667864878805e-08, 7.019287718329168e-07, 1.7741976593273289e-07, 1.8219012238872329e-06, 8.139905936109094e-07, -7.770232702827308e-07, 3.801823833698102e-07, 1.1987867765141678e-06, -3.5404606966384993e-06, 4.121840165938994e-08, -1.3366695381255621e-06, 1.4554365679343174e-08, 1.7306985170455998e-07, 2.81546387714757e-07, -2.2553570937710504e-06, -9.59523420438031e-07, -2.5561806363162953e-07, -3.2338442417908418e-06, -2.1681636219093797e-07, 1.2227472413726633e-06, -1.1350922673062799e-07, 1.2725681648019014e-06, 6.905988624300536e-07, 7.457563995121398e-08, 2.5066641165888505e-06, -6.325481694428937e-07, -1.8688643236630621e-06, -4.974413308128372e-06, -1.3637561700762967e-06, -1.124489506680917e-06, -2.50321524065533e-06, -2.25918468350837e-07, -2.002911257740934e-06, -6.039290305355615e-07, -1.0477080401173613e-07, -9.12095326767027e-07, 1.2975930045090322e-06, 5.208817265280895e-06, -3.5946592422416035e-07, -5.379617317219976e-07, 2.884032918543133e-09, -8.414480500213527e-07, 2.5639922660669923e-06, -3.127199284668823e-07, -6.050921344425925e-07, 1.1438024991662343e-06, 1.8783650705020167e-06, 4.3084554362205147e-07, 1.3427256156134934e-06, 3.485885874679976e-07, -4.621103469869025e-07, -1.265668439498928e-07, 3.5852000657934585e-08, -7.736244163713281e-07]}