{"protocol": "Iterative LogSweep (all k<K)", "L": 7, "J": 0.11673007904761215, "B": 0.11673007904761215, "K": 27, "init_state": "maximally-mixed state", "energy": -0.9234375903944851, "eigoccs": [0.8752936192111601, 0.0002558208926468014, 0.035110554982932266, 0.0005551380638768825, 0.010411352650094022, 0.00022475478111339572, 0.007127017989240513, 9.637313238223711e-05, 0.001088005179439539, 0.0030218323474700388, 3.765584198823754e-05, 1.7103827494837113e-05, 0.00034934274022234494, 0.0006560718105285425, 0.0008684195158695472, 5.811646463432335e-06, 1.688740106705696e-05, 2.4124748203777466e-05, 0.0003761192000937394, 0.00040393854311126436, 4.275095263646777e-05, 1.1467167373087094e-05, 5.147897164998549e-06, 0.0001616194003627473, 0.00021154947562488816, 3.048479058760112e-06, 2.935376566409607e-06, 1.0581931297118312e-05, 3.200447894434585e-05, 6.866021929124712e-05, 0.00015128057985175515, 6.368467601334998e-05, 1.1914079731564306e-06, 1.0981872876311196e-05, 5.214558199094493e-06, 2.986618181878034e-06, 1.6850314718748723e-06, 2.095607104272641e-05, 2.2158569527766114e-05, 2.186854653794853e-06, 1.4101788172355363e-05, 1.4960864068937144e-06, 2.455916947302412e-06, 4.311390822445177e-07, 9.067292979638547e-06, 8.833888476385493e-06, 8.271652909360087e-06, 4.3977820122405257e-07, 4.976654517289877e-07, 1.5230459721503297e-06, 1.3818121061791942e-06, 5.029281215571185e-07, 1.6040103748564485e-06, 9.925034697315883e-07, 1.942314678819629e-06, 7.916955501977152e-06, 1.6124372022587417e-07, 7.714264869647023e-09, 1.5688908333029244e-06, -3.9874408420798156e-07, 3.123895198931402e-07, 1.1553111943502739e-06, 2.0713329299353923e-06, -1.209249109695789e-07, 3.153183186113225e-06, 1.0450858622182152e-07, 4.502160847477814e-07, 2.248954628538279e-07, 1.2276237671159732e-06, -8.97536925183954e-09, 1.1960633913880387e-06, 9.118476823511279e-07, 2.3928499723619616e-08, 1.3185273185500185e-07, 1.1704126285993759e-07, 1.0468884877235772e-08, 1.5810544790241226e-07, 1.1517112105208993e-07, -2.6994177231309955e-07, 7.216890577277061e-07, 8.151248358337007e-07, -4.048748172070788e-08, -1.64114220447017e-07, 9.508397894511204e-09, 3.1951337247000014e-07, 4.41382541072559e-08, 1.8065012157986675e-07, 1.1211612976117602e-07, -2.7708376525385748e-08, 4.810282604664671e-09, -3.7186080277837506e-08, -5.616368189675895e-09, 6.158191999762376e-08, -4.8713962178244064e-08, 6.411068941171018e-08, -6.398451886185483e-08, -3.257438800810983e-08, -6.447355002410299e-08, -3.162092412844143e-08, -2.2370362690763222e-09, -3.684685620344341e-08, -3.673966501881882e-08, -4.776756325172977e-08, 3.964756191571532e-09, -3.265499972082339e-08, 5.249957944532926e-07, 4.135668909497093e-08, -4.214294511260858e-09, -4.878573939947073e-09, -2.301233120818341e-08, 1.9735029307877132e-07, 6.054772923346554e-07, 7.632489908654947e-07, 9.999700434348963e-09, 8.561014517917127e-08, 3.635509685138649e-08, 2.8201023709116106e-07, -8.916292559792099e-08, -1.583687054293686e-08, -1.5841077267386197e-08, 3.394095138977256e-08, -1.2059540647043652e-08, 6.838103263981028e-07, 7.51188115221448e-08, 1.7641701456842386e-07, -7.260221411411246e-09, 2.0529026432825757e-07, -2.4800729457862873e-08]}