{"protocol": "Iterative LogSweep (all k<K)", "L": 7, "J": 0.1641957775205015, "B": 0.0328391555041003, "K": 2, "init_state": "maximally-mixed state", "energy": -0.6026044139276958, "eigoccs": [0.13067168638193494, 0.13074739412141212, 0.05598826508310797, 0.055926965207970254, 0.03763182097092903, 0.03781178531815139, 0.026852880251564487, 0.02696579649473333, 0.024793924719949335, 0.024989975313700882, 0.025527384171562875, 0.02549030224631918, 0.01890812869975419, 0.018837581863267262, 0.015826109199372277, 0.01577727181217782, 0.011949666086514071, 0.011874674597019488, 0.008170967285560781, 0.008249826975365528, 0.011783201429425863, 0.011766557185801087, 0.007976161486099535, 0.008075992994029842, 0.012531800899092019, 0.012523242327567847, 0.00982325390238695, 0.009761024524447149, 0.008811675492316724, 0.008864714521355812, 0.005938561539592163, 0.00600650425085259, 0.006586377923884527, 0.006586881881413643, 0.006120250638925464, 0.006151651901869728, 0.004770261659409227, 0.004790001627217096, 0.005680830511422213, 0.005714763586508754, 0.004414266858850416, 0.004418015191384879, 0.0042746061781945895, 0.004274499496433935, 0.003448435109167097, 0.0034021695608007618, 0.003568945492207127, 0.0035459591230291103, 0.0038952361794552396, 0.003881722457522608, 0.0026161988182021503, 0.0025914186345524963, 0.0031931513853876927, 0.003165338295377151, 0.0017627668223405978, 0.0017963253221041408, 0.002823184277492131, 0.0028052131186804257, 0.00234686753905357, 0.0023252618528186017, 0.002024030093194235, 0.002052201947080841, 0.002774489446951808, 0.002770708877054172, 0.0016346673611245394, 0.0016531817208432415, 0.0022768998861055698, 0.0022532062224013567, 0.0019358738251981913, 0.0019626166739131557, 0.0016095295213513182, 0.0016271964843177483, 0.002314569607795843, 0.0023046358671371314, 0.0013737728137147337, 0.0013932363361322908, 0.0016773459446087343, 0.0016830915591571206, 0.00121007042089207, 0.001221616172079304, 0.0011919158766834513, 0.0011970348037081946, 0.001102991033942785, 0.001105069808437503, 0.000714125171318375, 0.0006982948882626531, 0.0008385393699780644, 0.0008271445307363865, 0.0007379161428613025, 0.0007279679728042644, 0.0008677833561631418, 0.0008607059631314177, 0.0007760334295430929, 0.0007680949618299124, 0.0006042134934194526, 0.0005973538540456232, 0.0008111933890093161, 0.0008047762510411644, 0.0005620689972622282, 0.0005535580287947099, 0.0003994612370610095, 0.00040904073849369594, 0.00036884279623191236, 0.0003784716643980682, 0.0005891111755674319, 0.0005844144177399252, 0.0004171863260261448, 0.00042299710901693354, 0.0005667531894881656, 0.0005607016230700069, 0.00040496342035500476, 0.0004099432694806369, 0.00028797386152027717, 0.00029125327932288426, 0.00015474186329444278, 0.00015029326216394438, 0.0001573370125049634, 0.00015426352099726386, 0.00018294184814790653, 0.00018037845283572736, 0.00019063759053231924, 0.0001888455508648503, 0.0001323521387678893, 0.00012969240114988026, 8.204306920735251e-05, 8.471521027372671e-05, 3.317603997958175e-05, 3.237268790385402e-05]}