{"protocol": "Iterative LogSweep (all k<K)", "L": 7, "J": 0.0283282086429988, "B": 0.141641043214994, "K": 20, "init_state": "maximally-mixed state", "energy": -0.9995660716040344, "eigoccs": [0.9858965650060133, 9.917224103626581e-06, 0.000457679625994314, 0.0012465800931388742, 0.002329957784657767, 0.00301457619035553, 0.005825591545201611, 0.006968709790634967, 1.450099268553272e-06, 6.9853554104122025e-06, 7.572916793816615e-07, 3.563347578071204e-06, 1.1113966317884583e-05, 4.774732311053789e-06, 6.548619963135427e-06, 4.91925184984378e-06, 3.894712064304635e-06, 4.684789836890002e-06, 6.616342749705834e-06, 2.2374818792928613e-05, 5.000908635402175e-06, 1.004807567952536e-05, 1.7729197796701157e-05, 9.799756659338395e-06, 1.8447082913940546e-05, 2.1003651594091392e-05, 2.2092080934297436e-05, 2.4829236917143458e-05, 4.3610871999536825e-05, -5.773541154776062e-07, 2.2065909221355718e-07, 3.280978963315628e-07, 1.3683514390713894e-08, 6.472256336474871e-07, -4.689019753247529e-08, 1.714237361372451e-07, -2.9941392435715255e-07, -3.2875852453526615e-08, -1.3911096424250827e-07, -3.8313843283271836e-07, 1.0256336625566807e-07, -1.250444115533692e-07, 3.783729403450124e-07, -2.2239223267791993e-07, -6.586241319869973e-07, -4.64001873797315e-07, 8.032657205695972e-09, 1.480012776015949e-07, 4.505216092890074e-08, -2.0266519470752973e-07, -7.99549322399496e-08, -8.488194773914606e-07, -3.1735173732517433e-07, 1.194189302745078e-07, -1.0325704012507727e-07, 4.815262496287694e-08, 1.4996187195778368e-07, -5.077454803916866e-07, 6.203235334345833e-07, 1.0367113647980108e-06, 5.286630551616887e-07, 3.005112493579683e-07, -3.401773356730098e-07, -4.008198746078901e-08, -7.573312451950506e-08, 4.7003935809683523e-08, -2.136856490790685e-07, 1.5236995906894662e-07, 1.783200829673776e-07, 5.573965641909704e-07, 1.984398315215276e-08, -5.1153285036711854e-08, -7.100669449995427e-07, 2.3232216369681874e-07, 7.115785532874103e-07, 7.868209241624589e-08, 2.1843063424050908e-08, 1.6337880119679796e-07, -7.264145620209016e-08, -1.7039857331543867e-07, -3.2033209342882354e-07, 1.516891643411485e-07, -2.1907017301560786e-07, 3.0771289741898026e-07, -2.1408561776489443e-07, -2.3459651929623495e-07, 9.667876582611961e-08, 2.8745532498624275e-07, -7.570670769543937e-07, 4.273168036768694e-07, -5.4839027662479845e-08, -6.875069025233108e-07, 5.051183381090259e-07, -8.678360524512153e-07, -5.7930641172247755e-08, -8.065704341894112e-07, -1.0743924029141585e-07, -6.168613575798605e-07, -5.588638093385976e-07, -2.0486958172514564e-07, -1.7669458794690305e-07, -2.8436609443785146e-07, 1.205865437038294e-07, 2.9059707602868075e-07, 5.387357749157315e-08, 8.230710732811447e-08, 1.7851902031047313e-07, 1.9684928255655002e-08, 8.712344053436322e-08, -2.260590059426591e-07, -2.2383490437993582e-07, 1.8737279185772438e-07, 5.405765340693855e-08, -1.3528460423688198e-07, 2.556541675420433e-07, -5.4789710461389146e-08, -2.3806851721671828e-07, 3.410293301835664e-08, -6.921338178777163e-08, 2.538834855268033e-07, -5.052437654068459e-09, 5.962709104019883e-09, 1.5899354066963084e-07, -2.0519347670914253e-07, -4.067220276580218e-08, 7.289935052757872e-08, 3.7123082268861654e-07, 3.4022219991930035e-08]}