{"protocol": "Iterative LogSweep (all k<K)", "L": 7, "J": 0.11673007904761215, "B": 0.11673007904761215, "K": 15, "init_state": "maximally-mixed state", "energy": -0.9638398181584622, "eigoccs": [0.8895849723731629, 0.0032085046997588117, 0.057383633954875564, 0.0015662671091430833, 0.007277908417839422, 0.00037695159215160666, 0.011314762533157056, 0.0003213042403355656, 0.0019838577461979067, 0.004601194226070356, 0.0001041489814695496, 5.178708957897543e-05, 0.0008447029366529155, 0.0011071707238975055, 0.0011505351792406794, 2.269287002664695e-05, 5.1376602784105e-05, 7.586930830484295e-05, 0.0006098282571609188, 0.0005073387830491692, 8.519220527419782e-05, 3.2297542069511286e-05, 1.836469663846965e-05, 0.00027923582225174127, 0.0003305115734259018, 5.2658495542938895e-06, 1.0887411796526157e-05, 1.981616640445999e-05, 5.999877864373443e-05, 8.05196505044212e-05, 0.00019551948835890335, 0.00011095800291980367, 6.52404221963969e-06, 2.4207756413952284e-05, 1.1035682447457219e-05, 7.77311786593928e-06, 4.679721427742537e-06, 4.0365991630488034e-05, 4.545169077476449e-05, 7.1115112047460454e-06, 2.3265554308130038e-05, 3.1477991225422702e-06, 7.08502246063736e-06, 4.094033818933165e-06, 1.7609380819265384e-05, 2.0880516651925137e-05, 2.006300232056552e-05, 9.338783515840854e-07, 9.510558125078499e-07, 3.7458112541001364e-06, 3.909282594187288e-06, 1.4748119901461165e-06, 4.328770693622934e-06, 3.2645859034795658e-06, 6.809433167889238e-06, 1.2286811048968815e-05, 3.720029850039216e-07, 1.961709039293065e-07, 2.860529777389124e-06, 5.687933324743919e-07, 6.414619315263552e-07, 2.2201520711640167e-06, 3.7206628241760503e-06, 1.1656970288354795e-07, 4.5496437155462455e-06, 1.4080669509677548e-07, 6.437970327103319e-07, 2.903639876327042e-07, 1.6626957707383051e-06, 2.576773927861006e-07, 1.8802566315717078e-06, 3.9565754116759545e-06, 5.158267758671111e-08, 1.6226320314794857e-07, 6.307390253433685e-07, 3.335257651377605e-07, 3.6837134577396483e-07, 5.037488882151108e-07, 1.8721786472108448e-07, 9.495415203479963e-07, 9.421346205897821e-07, 1.7550406811601706e-07, -4.6242759980483966e-08, 5.711137887469831e-08, -6.97770804352819e-08, 2.0443811028683304e-07, 1.2626664651721546e-07, 1.5127087403178216e-07, 1.1533045282352817e-07, -4.117073715745483e-08, 3.055634078755428e-08, 1.9251424826872467e-07, 3.355435263147221e-07, 7.880722982890484e-08, 1.617068586077953e-07, 3.8625960773533376e-08, 2.8397265901417566e-08, -4.617518782661981e-09, 3.405496955495561e-08, 4.8869440624051094e-08, -6.999175049403982e-08, 1.1313002485439855e-07, 8.867758432271003e-08, -1.2022297441107545e-08, 2.1520827183770474e-08, 1.673857247099409e-07, -4.450123735885285e-08, 2.9340233357305392e-08, 5.1317354514858504e-08, 1.2003308421767454e-08, 1.2227021799402633e-08, 1.6611979286732282e-07, 9.630481083038823e-08, -3.992601989309706e-08, 2.6765321833576484e-09, -3.905011547332618e-08, 7.13464939754487e-08, -5.3977562463921535e-08, -2.144871368013263e-08, -2.1442860375869422e-08, 4.557445499993912e-08, -2.2167891056022917e-08, 8.438569881010631e-08, 1.3846900114010412e-08, 1.0298591025243605e-07, -3.581882208417779e-09, -7.014756836584239e-08, 4.8406913066319745e-09]}