{"protocol": "Iterative LogSweep (all k<K)", "L": 7, "J": 0.16419577752050152, "B": 0.032839155504100305, "K": 16, "init_state": "maximally-mixed state", "energy": -0.9777743740168512, "eigoccs": [0.4737332464705549, 0.4743485208496377, 0.004658129753379104, 0.004643662943788138, 0.0006552101323373826, 0.0005996613226395939, 0.0022008432817070506, 0.002178517196461914, 0.002786213884462256, 0.00278539350390424, 0.00426775859866527, 0.0043354608715254865, 0.005992299128469618, 0.005998998253291615, 6.522089571018972e-05, 6.314806110658142e-05, 0.0003456455185545175, 0.0003442139198939033, 0.00014210205287730813, 0.00013857221412322507, 0.0002953997336264817, 0.00029115548675577466, 0.0001922575949389984, 0.00018893287953772824, 0.000467729835855281, 0.0004690768827591407, 0.0006358425219973758, 0.0006349299715105762, 0.00012239161130670606, 0.0001223542211160303, 0.0002467005891543586, 0.0002499200851976298, 0.00012013315131641838, 0.00012020086880714853, 0.0004477102483670043, 0.00044808923008809396, 0.0002965914515859578, 0.0002960253854258928, 0.00029978753435300405, 0.0002983745116435279, 0.00026112222388017576, 0.00026044285312332366, 0.00021403362006182586, 0.00021453899462930764, 2.237966688777168e-06, 2.143392173900584e-06, 4.274401095866566e-06, 2.856239777521742e-06, 2.286115561598881e-06, 2.73550517530955e-06, 5.911396309376371e-06, 4.995449286546352e-06, 2.54600975689951e-06, 2.5545970341219555e-06, 3.6607266020881207e-06, 2.6695716105047935e-06, 8.484663417351882e-06, 8.650731907617148e-06, 9.767729745309065e-06, 9.23600699920075e-06, 3.5310963700783414e-06, 3.3968043648961994e-06, 7.392250421081387e-06, 7.683812906786275e-06, 3.3943673979004115e-06, 3.5229559415541257e-06, 9.13869145827311e-06, 8.984484605781164e-06, 2.9592117346430128e-06, 2.9425840079138585e-06, 3.5243291326692294e-06, 3.3862499757009477e-06, 1.2000028815950589e-05, 1.2019689207603865e-05, 5.904171551213237e-06, 6.041064834668761e-06, 2.5713776163575442e-06, 2.544556729867864e-06, 5.347604279732075e-06, 5.3779484553563534e-06, 8.324487652321312e-06, 8.3755246673938e-06, 6.567531644982799e-06, 6.49429030235877e-06, 2.9090854030764417e-07, 2.6957057166273033e-07, 3.279361488002385e-07, 3.4409074185790715e-07, 3.813644496380427e-07, 3.8064128629562694e-07, 2.950127388102687e-07, 2.9701258544996666e-07, 3.998228227006273e-07, 3.9024302914529215e-07, 6.675119536130257e-07, 6.611359224855061e-07, 3.3325183172498696e-07, 3.4292774674628636e-07, 5.940740353727334e-07, 5.882445286854128e-07, 3.486023932215989e-07, 3.4311445830420127e-07, 3.660596831116758e-07, 3.6515218144207495e-07, 8.231495426330332e-07, 8.280831193168214e-07, 3.666758756714206e-07, 3.716287713690161e-07, 7.503124822910018e-07, 7.619905124883158e-07, 2.538904630279964e-07, 2.531565947364785e-07, 5.137631041566819e-07, 5.136586203094494e-07, 1.1233996722883003e-08, 1.1113863681361087e-08, 1.2517288505020894e-08, 1.1888371104165504e-08, 1.2622791136569299e-08, 1.4467339540430294e-08, 1.2164299865608539e-08, 1.2900240134853343e-08, 2.3658285160073422e-08, 2.333429006196988e-08, 1.0774436558726445e-08, 1.1630574953559606e-08, 1.292885038125547e-09, 1.30141786238487e-09]}