{"protocol": "Iterative LogSweep (all k<K)", "L": 7, "J": 0.0283282086429988, "B": 0.141641043214994, "K": 8, "init_state": "maximally-mixed state", "energy": -0.9929806337521373, "eigoccs": [0.9735608739441854, 0.00023297112524536606, 0.0015181102771266016, 0.0020548936748183526, 0.0038277765368232813, 0.005911130028469443, 0.006673130039023498, 0.007116186807912703, 8.014033695004418e-05, 5.408316467423027e-05, 0.00013432721438084885, 9.168965509734876e-05, 5.323078821401671e-05, 5.947178784631762e-06, 6.74313635018929e-05, 7.656976360633091e-05, 4.163716080151595e-05, 3.0741372560907834e-05, 2.8233087147851014e-05, 1.6625381542447028e-05, 7.022555024264364e-05, 4.003214751160052e-05, 9.88256189087627e-05, 4.58105446528719e-05, 5.305871675301849e-05, 4.290616314538617e-05, 6.39876649326214e-05, 8.447019259804391e-05, 7.32068245314723e-05, 1.6226201063316683e-07, 3.130394999479347e-07, 4.1505860083300874e-07, 2.9438562129307306e-07, 5.663876037748471e-07, 2.628698141955034e-07, 4.759917292631845e-07, 6.827917260129252e-07, 1.2499155924315145e-06, 5.142401908831038e-07, 5.032942428884035e-07, 1.2882618984414008e-06, 4.57405673558722e-07, 3.981433989002045e-07, 6.916892003025419e-07, 7.14276125947385e-07, 9.167550270436225e-07, 4.3294858187459356e-07, 1.101486310988053e-06, 7.226032967466654e-07, 6.455943239024632e-07, 4.1709609713255534e-07, 1.073981325727597e-06, 1.1183939528029197e-06, 7.061654315233084e-07, 8.553896820032885e-07, 5.944230231673699e-07, 3.6474490747115576e-07, 5.230766276671159e-07, 3.973018946458102e-07, 1.0725664205078575e-06, 8.207928292768959e-07, 7.929562056596054e-07, 6.758319620580269e-07, 6.563516566074152e-07, 2.712175059117633e-08, 5.384142182309326e-08, -4.209795021618384e-08, 8.348128830415952e-09, 6.030442342372342e-08, 4.168592306366241e-08, -5.430537219137072e-08, -3.5315739633611485e-08, 6.6334537072090325e-09, 9.878931720938137e-09, 8.215310378281881e-08, -1.0471238923529366e-07, 7.061149130520808e-08, 4.413065156467043e-08, 8.486499316151964e-08, 7.601378905258405e-08, -1.1090009831991106e-07, -3.282912075487343e-08, 8.54293188539781e-09, 1.109241502562558e-07, 2.9203824836238966e-08, 4.218275985173136e-08, 5.934164229767202e-08, -9.352646903162251e-09, 8.899212918430823e-08, 1.1174106551955086e-07, -7.516139410275418e-08, -9.223781157054266e-08, -8.97417206456285e-09, -1.9849110875263784e-08, 1.0041369227241171e-07, -2.1279207437263557e-07, 1.1995474917177752e-07, -3.217061437654565e-07, -4.670785025419261e-07, 6.541802329169513e-08, -9.582559672868258e-08, -5.161456793855104e-08, -6.089013025930289e-08, -6.6224531319459785e-09, 1.0282722942426481e-07, -4.228672745669993e-08, 5.962125317111216e-08, 1.8847238734045564e-08, -9.494431919290045e-08, -1.734893971219922e-08, -3.9446605101575406e-09, -2.9590554023137125e-08, 5.640483290269232e-08, 7.813465055932935e-09, 2.9506213719329907e-08, -1.2637302865110257e-07, -1.24916356818317e-07, 1.9554269687975094e-09, 4.348068876709117e-08, -2.3229257586459106e-07, 4.8480440225685605e-08, 9.226756388916973e-09, 3.6899797122083445e-08, 5.515280281434929e-08, -3.600970101840684e-08, -1.882597499122902e-08, -7.625729420013941e-08, 1.0232678822967341e-08]}