{"L": 11, "J": 0.07324052344033093, "B": 0.07324052344033093, "K": 5, "init_state": "random computational-basis state", "energy_avg": -0.9179345882898359, "energy_std": 0.07836856663034789, "gsf_avg": 0.4770713562841842, "gsf_std": 0.4483543312043257, "norm_check_samples": [0.9969995617866516, 0.9969688653945923, 0.9970113635063171, 0.9969997406005859, 0.9970239996910095, 0.9970013499259949, 0.9970164895057678, 0.996991753578186, 0.9970080256462097, 0.9970114231109619, 0.9970157742500305, 0.9970077276229858, 0.9970020651817322, 0.9970176815986633, 0.997014582157135, 0.9970008134841919, 0.9969984889030457, 0.9969977736473083, 0.9970110058784485, 0.9970071315765381, 0.9970086216926575, 0.9969987273216248, 0.9969737529754639, 0.9970045685768127, 0.9970157742500305, 0.9970042109489441, 0.997006893157959, 0.9970083832740784, 0.9970065951347351, 0.9970107078552246, 0.9970121383666992, 0.9969934821128845, 0.9969849586486816, 0.9969847798347473, 0.9969950914382935, 0.9969952702522278, 0.9970037937164307, 0.9970051646232605, 0.9970094561576843, 0.9970051050186157, 0.9969874024391174, 0.9970077872276306, 0.997002124786377, 0.9969921112060547, 0.996988832950592, 0.9970162510871887, 0.9970177412033081, 0.9969983100891113, 0.9969947934150696, 0.9970080256462097, 0.9970088601112366, 0.9970113039016724, 0.99696946144104, 0.9970116019248962, 0.9970042109489441, 0.9970012903213501, 0.9969990253448486, 0.9970172047615051, 0.9970040321350098, 0.9970079064369202, 0.997008740901947, 0.9970195293426514, 0.9970065355300903, 0.9969794154167175, 0.9970043897628784, 0.997011125087738, 0.9969955682754517, 0.9969966411590576, 0.9969896674156189, 0.9969950318336487, 0.9970031976699829, 0.9970081448554993, 0.9970013499259949, 0.9969909191131592, 0.9970133304595947, 0.9970011711120605, 0.9970099329948425, 0.9969998002052307, 0.9969909191131592, 0.9970088005065918, 0.9970007538795471, 0.9969937205314636, 0.9969874024391174, 0.9970171451568604, 0.9969878792762756, 0.9970097541809082, 0.997012197971344, 0.9969919919967651, 0.9970108270645142, 0.9970229864120483, 0.996993362903595, 0.997001051902771, 0.9969830513000488, 0.9970093369483948, 0.9970042705535889, 0.9970134496688843, 0.9969724416732788, 0.9970111846923828, 0.9969966411590576, 0.9970061779022217, 0.9970122575759888, 0.9969895482063293, 0.9969972968101501, 0.9970042109489441, 0.9969858527183533, 0.9970108866691589, 0.9969950914382935, 0.9970015287399292, 0.997022807598114, 0.9969982504844666, 0.9970117211341858, 0.9970147013664246, 0.9969726204872131, 0.9969842433929443, 0.9970189332962036, 0.9969950318336487, 0.9970245361328125, 0.9970043301582336, 0.9969930052757263, 0.9970110058784485, 0.9970117211341858, 0.9970104694366455, 0.9969853758811951, 0.9970053434371948, 0.9969922304153442, 0.9970109462738037, 0.9970070719718933, 0.997005820274353, 0.9970101714134216, 0.996999204158783, 0.9970146417617798, 0.9970024228096008, 0.9970205426216125, 0.9970054626464844, 0.9970070719718933, 0.9969919919967651, 0.9970101118087769, 0.996989369392395, 0.9970056414604187, 0.9970132112503052, 0.9970030784606934, 0.9969988465309143, 0.9969720244407654, 0.9970025420188904, 0.9970089197158813, 0.9969971179962158, 0.9970078468322754, 0.9970123767852783, 0.9969978332519531, 0.9969929456710815, 0.9970093369483948, 0.9970139861106873, 0.9970038533210754, 0.9970143437385559, 0.9970088601112366, 0.9969902634620667, 0.9969934225082397, 0.9969807267189026, 0.9969976544380188, 0.9970110654830933, 0.9970096945762634, 0.9970153570175171, 0.9970129728317261, 0.996994137763977, 0.9970178008079529, 0.9969936609268188, 0.9969694018363953, 0.9970220327377319, 0.9970115423202515, 0.9970089793205261, 0.9969770908355713, 0.9970026612281799, 0.9970114231109619, 0.9970093369483948, 0.997005820274353, 0.9969885945320129, 0.9970123767852783, 0.9970026612281799, 0.9969998002052307, 0.9969940185546875, 0.9969791173934937, 0.9970113039016724, 0.9969863295555115, 0.9970188736915588, 0.9970121383666992, 0.997008204460144, 0.996993899345398, 0.9970042705535889, 0.9969939589500427, 0.9969944357872009, 0.9969984889030457, 0.9970129728317261, 0.9970039129257202, 0.9970070719718933, 0.9969990253448486, 0.9969872832298279, 0.9970057010650635, 0.9970027208328247, 0.9969759583473206, 0.9970081448554993], "energy_samples": [-0.9638108308869745, -0.7478237801245669, -0.731732325941997, -0.8484177303380197, -0.9144624485100705, -0.8677474242272093, -0.8470992032688436, -0.9973253191351761, -0.9978132005620353, -0.7829360086358133, -0.9978749828007748, -0.9252583789947388, -0.7382035484401119, -0.869127448544458, -0.9914045651454919, -0.7666798378974939, -0.9939329094445011, -0.876750832767691, -0.9766953474437935, -0.9150585574101142, -0.9852021474299433, -0.902537515376436, -0.8201229560702733, -0.9910935229886615, -0.9334794201932234, -0.9544812890675932, -0.9936028529876164, -0.867261683422757, -0.9996019826582668, -0.9683543845818011, -0.9883510194331948, -0.9528650556273717, -0.9112553204890561, -0.9979532231373714, -0.9968430497170063, -0.8280546016935836, -0.9125033338408961, -0.8978341458502516, -0.9661623347725504, -0.9968062803938017, -0.9301184134848349, -0.9029492639722442, -0.7961590206473196, -0.8093496202297412, -0.9905830962899173, -0.9853301477099352, -0.8627659858152038, -0.9963965171131417, -0.7468922393944787, -0.7409006373924819, -0.9951459456621523, -0.8892083230196621, -0.9938108045941244, -0.8945873209451123, -0.9754893172300932, -0.9966612023453264, -0.9035645697673266, -0.7586129815717796, -0.9853872307622825, -0.9741622498749182, -0.9979459221816323, -0.9300552792032206, -0.9903376001592401, -0.8647263185861318, -0.9344358769584316, -0.9106434119686596, -0.8453024225398906, -0.996676469844594, -0.9976470690837629, -0.9314913418610188, -0.9456661403795622, -0.9955996321023921, -0.9946049626003937, -0.8881968982983687, -0.8710808721114143, -0.8188440367577678, -0.9983675118116888, -0.9302587992620799, -0.9858569516529964, -0.8915397939796808, -0.739121360383351, -0.9989578290891961, -0.9602903206723988, -0.8117034469579466, -0.9905682012044059, -0.9979709120107841, -0.8623207264459101, -0.8800972489810048, -0.7814162075841131, -0.8699170128757246, -0.9906665371811934, -0.9358522780471095, -0.9200722972758565, -0.9976227075350238, -0.8694585408328136, -0.937357134002896, -0.9951873066663626, -0.9113659785010157, -0.8831651457692019, -0.9984746375507639],