{"L": 12, "J": 0.08976334678684839, "B": 0.017952669357369676, "K": 2, "init_state": "random computational-basis state", "energy_avg": -0.7203638593256605, "energy_std": 0.18766949485698936, "gsf_avg": 0.2897912139139591, "gsf_std": 0.3939537954343417, "norm_check_samples": [0.9997652173042297, 0.9997808933258057, 0.9997747540473938, 0.999799370765686, 0.9997562766075134, 0.999772310256958, 0.9997787475585938, 0.9997943043708801, 0.9997559189796448, 0.9997642636299133, 0.9997690916061401, 0.999799370765686, 0.9997299909591675, 0.9997521042823792, 0.9997866749763489, 0.9997389912605286, 0.9997331500053406, 0.999768078327179, 0.999756395816803, 0.9997430443763733, 0.9997496604919434, 0.9997801780700684, 0.9997780323028564, 0.9997640252113342, 0.999774158000946, 0.9997789263725281, 0.9997714161872864, 0.9997712969779968, 0.9997944831848145, 0.9997761249542236, 0.9997825622558594, 0.9997768998146057, 0.9997724294662476, 0.9997677803039551, 0.9997904896736145, 0.9997351765632629, 0.9997709393501282, 0.9997703433036804, 0.9997559189796448, 0.9997677206993103, 0.9997478723526001, 0.9997724890708923, 0.9997759461402893, 0.9997720718383789, 0.9997616410255432, 0.9997689723968506, 0.9997913241386414, 0.9997898936271667, 0.9997755885124207, 0.9997370839118958, 0.9997574090957642, 0.999778687953949, 0.9997318387031555, 0.9998000860214233, 0.9997333288192749, 0.9997276067733765, 0.9998071789741516, 0.9997527599334717, 0.9997671842575073, 0.99980229139328, 0.9997411370277405, 0.9997790455818176, 0.9997627139091492, 0.9997792840003967, 0.9997817277908325, 0.9997768402099609, 0.9997897148132324, 0.9997838139533997, 0.9997674822807312, 0.9997670650482178, 0.999748170375824, 0.9997894167900085, 0.9997743368148804, 0.9997548460960388, 0.9997787475585938, 0.9997905492782593, 0.999792218208313, 0.9997830986976624, 0.9997917413711548, 0.9997609853744507, 0.9997555613517761, 0.9997735023498535, 0.9997882843017578, 0.9997552633285522, 0.999779224395752, 0.9997475147247314, 0.9997775554656982, 0.9997817277908325, 0.9998014569282532, 0.9998037815093994, 0.999778687953949, 0.9997920393943787, 0.9997779130935669, 0.9997475743293762, 0.9997747540473938, 0.9997645616531372, 0.9997842907905579, 0.9997881054878235, 0.9997768998146057, 0.9997937083244324, 0.9997820258140564, 0.9998099207878113, 0.999800443649292, 0.9997539520263672, 0.9997766017913818, 0.9997743964195251, 0.9997822642326355, 0.9997767210006714, 0.9997473955154419, 0.9997363090515137, 0.999779462814331, 0.9997532963752747, 0.9998077154159546, 0.9997795224189758, 0.9997593760490417, 0.9997981190681458, 0.9998027682304382, 0.9997851252555847, 0.9997690320014954, 0.9997987151145935, 0.9997471570968628, 0.9997521042823792, 0.9997446537017822, 0.9997466802597046, 0.9997726678848267, 0.9998047947883606, 0.9997496008872986, 0.9997744560241699, 0.999767005443573, 0.9997803568840027, 0.999748945236206, 0.9997633099555969, 0.9997796416282654, 0.9997959136962891, 0.9998136758804321, 0.9997614622116089, 0.9997919201850891, 0.9997437596321106, 0.9997403621673584, 0.9997738003730774, 0.9997649788856506, 0.999802827835083, 0.999742329120636, 0.999787449836731, 0.9997579455375671, 0.9997879266738892, 0.9997619390487671, 0.9997905492782593, 0.9997649788856506, 0.9997526407241821, 0.9997538328170776, 0.9997795224189758, 0.9997486472129822, 0.9997773766517639, 0.9997434616088867, 0.9997684359550476, 0.9997586607933044, 0.9997906684875488, 0.9997822046279907, 0.9997636079788208, 0.9997830390930176, 0.9997638463973999, 0.9997559189796448, 0.9997690916061401, 0.9997503161430359, 0.9997749924659729, 0.9997991919517517, 0.9997466802597046, 0.9997705221176147, 0.9997938871383667, 0.999792754650116, 0.9997838735580444, 0.9997864365577698, 0.999744713306427, 0.9997463822364807, 0.9997913837432861, 0.999794065952301, 0.999790608882904, 0.9997461438179016, 0.9997842311859131, 0.9997466802597046, 0.9997722506523132, 0.9997587203979492, 0.9997543096542358, 0.999825656414032, 0.9997864961624146, 0.9997884035110474, 0.9997465014457703, 0.999804675579071, 0.9997602105140686, 0.9997730851173401, 0.9997785687446594, 0.9997478723526001, 0.9997499585151672, 0.9997870922088623, 0.9997766017913818, 0.9997856616973877, 0.999743640422821, 0.9997454881668091, 0.9997469782829285], "energy_samples": [-0.4812974140548936, -0.41903677040514503, -0.5314919876970484, -0.9841052282459147, -0.6476066693700128, -0.6490387791144229, -0.7057874596083163, -0.6021402609116123, -0.9872811263140695, -0.9804186996586577, -0.4517261619989852, -0.7386109990199237, -0.48650157551059825, -0.716450566963176, -0.7777080222552689, -0.5661402809769026, -0.27089813786108924, -0.5545533645159966, -0.6146053164066327, -0.4172553113585132, -0.98734539082673, -0.9833969925384296, -0.8151696145955388, -0.9808340260171334, -0.7747723957952551, -0.4941487375256361, -0.9821910321919309, -0.8244223970323027, -0.8328800449486469, -0.6682037812318294, -0.9803397040727911, -0.7644706899948281, -0.5480686470425051, -0.6527866456993949, -0.4422297280249605, -0.6436882266625813, -0.5185495192590153, -0.9899682128428854, -0.9854754929384739, -0.6219355478657633, -0.786361690421012, -0.41196037414731634, -0.9829698618485248, -0.565792361923832, -0.8197783221529514, -0.5627424397561158, -0.6560095076461047, -0.565227832538562, -0.8221696002691925, -0.6549113726308119, -0.9885696860192998, -0.7204801521544351, -0.9824292896257811, -0.7502045148870276, -0.984611145359702, -0.7763138043880488, -0.752885389332139, -0.5636402099586612, -0.6942745304710947, -0.6093671136719723, -0.6527999575597576, -0.6501238327826819, -0.6703073853264724, -0.7297223673585087, -0.8396959757606878, -0.5934159160380987, -0.5929035078583224, -0.9884053462683433, -0.7821407066131083, -0.5849511368109008, -0.6145180776398982, -0.6434555113663117, -0.6340886309711952, -0.9811059271598581, -0.9897616483618739, -0.5183020889586366, -0.5176328628549511, -0.6082428831255334, -0.9819119174366848, -0.5017159885164486, -0.9854784949381228, -0.791730107405565, -0.8513257297302055, -0.9544090333422198, -0.29172647376196836, -0.7398745119697222, -0.6463808468002779, -0.9894785873222267, -0.5336291187820427, -0.6756282489351421, -0.635982097144398, -0.6369175891150157, -0.9811806822857173, -0.7268431314888419, -0.5254263894614687, -0.7878431926319759, -0.5254667722845613, -0.9828922361989064, -0.9879961736589241, -0.9867446879840704],