{"L": 13, "J": 0.06173436287790912, "B": 0.06173436287790912, "K": 5, "init_state": "random computational-basis state", "energy_avg": -0.9317089306412859, "energy_std": 0.06988559448929095, "gsf_avg": 0.5076492144356729, "gsf_std": 0.4559234256398534, "norm_check_samples": [1.0048679113388062, 1.0048702955245972, 1.004865050315857, 1.0048606395721436, 1.0049114227294922, 1.0048747062683105, 1.0048537254333496, 1.0048941373825073, 1.0049105882644653, 1.0048706531524658, 1.0048835277557373, 1.004900574684143, 1.0048764944076538, 1.0048600435256958, 1.0048748254776, 1.0048816204071045, 1.0048866271972656, 1.004870057106018, 1.0048826932907104, 1.0048627853393555, 1.0048778057098389, 1.0048768520355225, 1.0048930644989014, 1.004863977432251, 1.004868745803833, 1.0048795938491821, 1.0048588514328003, 1.0048673152923584, 1.0048748254776, 1.0048646926879883, 1.0048823356628418, 1.004880666732788, 1.0048515796661377, 1.004886507987976, 1.0048736333847046, 1.004876732826233, 1.0048941373825073, 1.0048508644104004, 1.0049231052398682, 1.0048656463623047, 1.0048754215240479, 1.0048828125, 1.0048662424087524, 1.0048623085021973, 1.0048950910568237, 1.0048977136611938, 1.004880428314209, 1.0048680305480957, 1.0048844814300537, 1.0048547983169556, 1.0049188137054443, 1.0049055814743042, 1.0048601627349854, 1.0048667192459106, 1.0048969984054565, 1.0048686265945435, 1.0048789978027344, 1.0048720836639404, 1.0048574209213257, 1.0048809051513672, 1.0049071311950684, 1.0048691034317017, 1.0048555135726929, 1.004868507385254, 1.0048630237579346, 1.004846215248108, 1.0048850774765015, 1.0048584938049316, 1.0048573017120361, 1.0048609972000122, 1.0048623085021973, 1.004860520362854, 1.0048638582229614, 1.0048829317092896, 1.004858374595642, 1.0048692226409912, 1.004878282546997, 1.0048750638961792, 1.0048519372940063, 1.0049227476119995, 1.0048543214797974, 1.0049017667770386, 1.004869818687439, 1.0048842430114746, 1.0048741102218628, 1.0048748254776, 1.0048682689666748, 1.0048717260360718, 1.004866600036621, 1.004856824874878, 1.0048707723617554, 1.0048846006393433, 1.0048547983169556, 1.00487220287323, 1.0049018859863281, 1.0048723220825195, 1.0048770904541016, 1.0048688650131226, 1.0048798322677612, 1.0048710107803345, 1.0048953294754028, 1.0049318075180054, 1.0048750638961792, 1.0048983097076416, 1.0048670768737793, 1.004861831665039, 1.0048869848251343, 1.004885196685791, 1.0048999786376953, 1.0048664808273315, 1.0049452781677246, 1.004868745803833, 1.0049035549163818, 1.0048664808273315, 1.0048729181289673, 1.0048702955245972, 1.0049138069152832, 1.0048859119415283, 1.0048707723617554, 1.0048772096633911, 1.0048611164093018, 1.004913091659546, 1.00489342212677, 1.0048671960830688, 1.0049411058425903, 1.004861831665039, 1.004874348640442, 1.0048702955245972, 1.0048681497573853, 1.0048929452896118, 1.0048764944076538, 1.0048644542694092, 1.0048747062683105, 1.004892349243164, 1.0049242973327637, 1.004893183708191, 1.004874348640442, 1.0048730373382568, 1.0049275159835815, 1.0048632621765137, 1.0048742294311523, 1.0048695802688599, 1.0049288272857666, 1.0048884153366089, 1.0049161911010742, 1.004867672920227, 1.0048794746398926, 1.0048768520355225, 1.0048798322677612, 1.0048736333847046, 1.00489342212677, 1.004866600036621, 1.004855751991272, 1.0049049854278564, 1.004884123802185, 1.004876971244812, 1.0048892498016357, 1.0048377513885498, 1.0048755407333374, 1.0048799514770508, 1.0049049854278564, 1.0048719644546509, 1.0048515796661377, 1.0048989057540894, 1.0048654079437256, 1.0048599243164062, 1.0048820972442627, 1.004861831665039, 1.004935622215271, 1.0048539638519287, 1.0048712491989136, 1.0049031972885132, 1.0048860311508179, 1.0048900842666626, 1.0048635005950928, 1.0048454999923706, 1.00487220287323, 1.004859447479248, 1.004892349243164, 1.0048915147781372, 1.0048789978027344, 1.0048835277557373, 1.0048737525939941, 1.0048599243164062, 1.0048859119415283, 1.0049078464508057, 1.0048599243164062, 1.004875659942627, 1.0048704147338867, 1.0048624277114868, 1.004883050918579, 1.0048410892486572, 1.0048805475234985, 1.004855751991272, 1.0048714876174927, 1.0048938989639282, 1.0048775672912598, 1.0048879384994507, 1.004921317100525, 1.0048649311065674], "energy_samples": [-0.9054065159797086, -0.8336111273654448, -0.973740490215503, -0.8068866716462977, -0.9291517826347016, -0.8608652521897887, -0.9330654104203308, -0.9981992894576929, -0.8776316443515694, -0.9915948779668703, -0.7641232053188816, -0.9882044665542922, -0.8949939755713947, -0.9752486933587095, -0.8194706384710436, -0.9840623211268479, -0.8532038663436136, -0.9988834783262643, -0.9814690815903839, -0.9981408139090814, -0.9986154971601879, -0.7959371900104725, -0.8816364540781788, -0.9981748299056744, -0.809675753641817, -0.9877893298593167, -0.9992764670456699, -0.9353333123147239, -0.9859258899429234, -0.9175029506903966, -0.9654225710099249, -0.998257791180394, -0.9981423847991996, -0.9981763036080503, -0.8222877369677094, -0.819507109886312, -0.8310808084132373, -0.8855779212215869, -0.8368454307121117, -0.9974950266451444, -0.934799550030737, -0.9199096612459531, -0.7230214188947586, -0.9123227812442176, -0.75973527223801, -0.9036578282323701, -0.9970905837502422, -0.9940503259574208, -0.9980199317487761, -0.9440370386664302, -0.970810330251252, -0.9948251201135246, -0.8631703410314714, -0.7724941327329565, -0.988895379796467, -0.9741185069717953, -0.9547624280205022, -0.9357435063460541, -0.9936326747840658, -0.9558848188567407, -0.9030565911928694, -0.9936251136461244, -0.9987015516893699, -0.9087678303794361, -0.9958120641623753, -0.9973943109153218, -0.8613979273989015, -0.9374419339428938, -0.8296473364352586, -0.8861646527513695, -0.9911047324778061, -0.9405343733151853, -0.8772027511293992, -0.9163487750760212, -0.9914123197243155, -0.9935820514138468, -0.989533431646773, -0.9091600804328197, -0.8631039040415165, -0.973226755614105, -0.9983179321194832, -0.9466102421002552, -0.9852580603029124, -0.8083793179565533, -0.9852962327938662, -0.8884565543087787, -0.9983624003085472, -0.9795982259239095, -0.8906992341381946, -0.9699436889320738, -0.9681283010443011, -0.9717076099102481, -0.9985170957824142, -0.9815258096999234, -0.9958129586148374, -0.9108575538595879, -0.9893020404605112, -0.9707983704253331, -0.86490801988431, -0.9895989353716426],