{"L": 13, "J": 0.06173436287790912, "B": 0.06173436287790912, "K": 10, "init_state": "random computational-basis state", "energy_avg": -0.9820181935766413, "energy_std": 0.039640253734251986, "gsf_avg": 0.8161512440288398, "gsf_std": 0.3657624073229933, "norm_check_samples": [1.025352954864502, 1.0252619981765747, 1.0251051187515259, 1.0252779722213745, 1.025310754776001, 1.025164008140564, 1.0251654386520386, 1.025307059288025, 1.0255862474441528, 1.0251985788345337, 1.0251246690750122, 1.0250778198242188, 1.025298833847046, 1.0253914594650269, 1.0253174304962158, 1.025325059890747, 1.0253472328186035, 1.025183081626892, 1.0252289772033691, 1.0252268314361572, 1.0251375436782837, 1.0251502990722656, 1.025210976600647, 1.0253241062164307, 1.0251820087432861, 1.0251609086990356, 1.0251474380493164, 1.0252313613891602, 1.0252264738082886, 1.0253485441207886, 1.0252954959869385, 1.0251845121383667, 1.0252268314361572, 1.0253907442092896, 1.025316596031189, 1.0253340005874634, 1.0251659154891968, 1.0252571105957031, 1.0253103971481323, 1.0256198644638062, 1.0251781940460205, 1.0253307819366455, 1.0252361297607422, 1.0251866579055786, 1.0253138542175293, 1.025307297706604, 1.0251561403274536, 1.02515709400177, 1.025107502937317, 1.0252605676651, 1.0251710414886475, 1.0252901315689087, 1.0253345966339111, 1.0253028869628906, 1.0253006219863892, 1.0252714157104492, 1.025221824645996, 1.0253008604049683, 1.0251929759979248, 1.0250904560089111, 1.025319218635559, 1.0251411199569702, 1.0251139402389526, 1.0250900983810425, 1.0251283645629883, 1.025343418121338, 1.0252628326416016, 1.0251506567001343, 1.0252695083618164, 1.0252373218536377, 1.0252189636230469, 1.025229573249817, 1.0252807140350342, 1.0253139734268188, 1.0252033472061157, 1.0252939462661743, 1.0253658294677734, 1.0251200199127197, 1.0251693725585938, 1.025391697883606, 1.0252883434295654, 1.025197148323059, 1.025339126586914, 1.0254535675048828, 1.0257766246795654, 1.025246262550354, 1.0253839492797852, 1.0252101421356201, 1.0252853631973267, 1.0253759622573853, 1.0252375602722168, 1.0252841711044312, 1.0251340866088867, 1.025630235671997, 1.0251826047897339, 1.0253297090530396, 1.025406837463379, 1.0252660512924194, 1.0253093242645264, 1.0251442193984985], "energy_samples": [-0.9981417236097889, -0.9988834913115987, -0.9551478495346784, -0.9991430499479389, -0.9994779009617407, -0.9949699725750976, -0.9994056925900535, -0.9988934615022966, -0.8614859513809391, -0.9991292579292671, -0.9974622769791543, -0.9939145331347141, -0.9996582113413519, -0.9997910545458849, -0.9991341380699492, -0.9790396884019207, -0.9994944871817997, -0.9996958688838598, -0.9991216074441345, -0.9982595300883252, -0.9940935197226592, -0.9950273867382631, -0.9984805437901222, -0.9534619779338172, -0.998950940430213, -0.950403552897332, -0.9935578198214243, -0.9469940501758283, -0.9969849710653167, -0.9984039095155552, -0.9976308325110743, -0.9975568460919376, -0.9995234358253274, -0.920041757968944, -0.9997584194489284, -0.9986336888617717, -0.9969872236229887, -0.999389744287193, -0.9995844745427203, -0.7984587682635502, -0.9996351849171867, -0.9986781225771546, -0.9957462844722627, -0.8841268744294771, -0.9996024484544425, -0.9868783158832242, -0.9998397091418127, -0.998686759332417, -0.999330934220355, -0.9984267597870629, -0.999273032497855, -0.999710897787167, -0.9992426423953473, -0.9941367498231393, -0.9817509874942175, -0.999806995023244, -0.9980100089713604, -0.9841738468615232, -0.9996821842587634, -0.9986899918600386, -0.9939146204603471, -0.9995729265726654, -0.9994985733517744, -0.9562088646912654, -0.998750252289698, -0.9985417241841819, -0.9456678357835648, -0.9986745392402506, -0.999844334024845, -0.9993454169445717, -0.9987267387823459, -0.9987417323391957, -0.9524139323608724, -0.8808230308033027, -0.9997384076323013, -0.9992278759889979, -0.999494768875389, -0.9937899355059155, -0.999630905152398, -0.9987396211789408, -0.9993738402220703, -0.9933055043609076, -0.9996462691671483, -0.9401549617674593, -0.856903210799434, -0.9981029016200821, -0.9977941231453502, -0.9987565296313957, -0.9768218548179214, -0.8037222068315267, -0.999159144236034, -0.9985050640127971, -0.9978904033435375, -0.9021510199015087, -0.998673358524121, -0.9955149779939932, -0.93257228615843, -0.9992743675064261, -0.9888853515773276, -0.9936636047663322], "gsf_samples": [0.9881666657683021, 0.9947071785333212, 1.7520558458378024e-29, 0.995728255735369, 0.9968213600950344, 0.977572360318326, 0.9962082016294549, 0.9941141758649857, 4.739456573856077e-30, 0.9955852860644998, 0.987652843787309, 0.9753323042912017, 0.9976241896624538, 0.9983170737837329, 0.9949355592513716, 2.570760847762411e-29, 0.9969386623721365, 0.9975809470437943, 0.9955398412401908, 0.9919168864938185, 0.961797605826324, 0.9662681361359544, 0.9894940607471362, 1.529254544563831e-29, 0.994787941609939, 1.2462089604725761e-29, 0.9583716988718555, 1.6160891166364398e-29, 0.9850059536212018, 0.9922667225440127, 0.9902197956285929, 0.9869548897008786, 0.9967758673968579, 1.1932079027076484e-29, 0.998057790240901, 0.9935122385379571, 0.9770420643259615, 0.9966777995406224, 0.9973965785104727, 6.257859365944521e-31, 0.9974525341453694, 0.9941199947796004, 0.9773255078380975, 0.3059403528779338, 0.9975306218730979, 0.9422896602925628, 0.9984776274796417, 0.9939909395158978, 0.9952153598866436, 0.9912123846213693, 0.9956854565656813, 0.9971094418520078, 0.9964135256979, 0.9618290020335997, 0.9291144027696769, 0.998262883666223, 0.9911507371059443, 0.9358632635820032, 0.9977126997849459, 0.9910784566212765, 0.9724764858336574, 0.9975713887079452, 0.9970270360634268, 1.657442780616912e-29, 0.9940373566381417, 0.9933440905975024, 0.5932651334406035, 0.9923382844182536, 0.9985125932125117, 0.9963986061551215, 0.9938102632719422, 0.9946283270189712, 1.792971429357498e-29, 9.533206145253404e-30, 0.9980728200089816, 0.9959850703241346, 0.9969370411291428, 0.9612634140124346, 0.9974671354043109, 0.9948143633490951, 0.9959924615428734, 0.9692473775769588, 0.9976096378232742, 7.657895342745823e-30, 2.215459444097825e-30, 0.9888213723002064, 0.9889467966122804, 0.99373457869378, 1.1667593888237383e-29, 0.003385439394006336, 0.9955521568940774, 0.9922866429785936, 0.9861755298242395, 1.7811170519356835e-29, 0.9919193247948431, 0.9818692464578328, 0.7041097415002187, 0.9957938003851066, 0.9521809783494536, 0.9624041200066151]}