{"L": 14, "J": 0.05723769491823595, "B": 0.05723769491823595, "K": 5, "init_state": "random computational-basis state", "energy_avg": -0.925849698481492, "energy_std": 0.07593788693997171, "gsf_avg": 0.49317622907419173, "gsf_std": 0.44761866308932347, "norm_check_samples": [1.0024443864822388, 1.0023847818374634, 1.0023887157440186, 1.0024062395095825, 1.0025123357772827, 1.0024207830429077, 1.0025519132614136, 1.0024328231811523, 1.0024714469909668, 1.0024409294128418, 1.002442717552185, 1.0024020671844482, 1.002418041229248, 1.0024089813232422, 1.0024206638336182, 1.0024948120117188, 1.0023910999298096, 1.0024257898330688, 1.002408742904663, 1.0024075508117676, 1.0026273727416992, 1.0024040937423706, 1.0025228261947632, 1.0024527311325073, 1.002402424812317, 1.0023868083953857, 1.0024017095565796, 1.0024218559265137, 1.002427101135254, 1.0025311708450317, 1.0023993253707886, 1.002489686012268, 1.002414345741272, 1.002606749534607, 1.0024335384368896, 1.0024703741073608, 1.0024840831756592, 1.0024172067642212, 1.0024683475494385, 1.0024139881134033, 1.002407193183899, 1.0024404525756836, 1.0024073123931885, 1.0024055242538452, 1.0024620294570923, 1.0025452375411987, 1.0024046897888184, 1.002383828163147, 1.0024161338806152, 1.002405047416687, 1.002420425415039, 1.0025982856750488, 1.0024855136871338, 1.0024075508117676, 1.0024694204330444, 1.002519965171814, 1.0024107694625854, 1.002433180809021, 1.0025564432144165, 1.0023995637893677, 1.0025378465652466, 1.0024341344833374, 1.002407193183899, 1.0024008750915527, 1.0024229288101196, 1.0024199485778809, 1.0024266242980957, 1.0024131536483765, 1.0025776624679565, 1.0024157762527466, 1.002407431602478, 1.0024596452713013, 1.002484679222107, 1.002415657043457, 1.002434492111206, 1.0024117231369019, 1.0024856328964233, 1.00247323513031, 1.0025010108947754, 1.0025463104248047, 1.0023850202560425, 1.0024354457855225, 1.0024833679199219, 1.00233793258667, 1.002422571182251, 1.002425193786621, 1.0024248361587524, 1.0023949146270752, 1.0023949146270752, 1.0024207830429077, 1.0024067163467407, 1.0025767087936401, 1.0024117231369019, 1.00240957736969, 1.0023969411849976, 1.0023945569992065, 1.0024374723434448, 1.0025228261947632, 1.002378225326538, 1.0024925470352173], "energy_samples": [-0.8249515422043188, -0.8679689644472292, -0.945073826063989, -0.9580653099013806, -0.770884645312574, -0.9995377249741546, -0.8878123745120136, -0.9983751467511959, -0.9769854587149719, -0.8447134037212778, -0.993845958568255, -0.9973217050094103, -0.9960093774728643, -0.9669766219338626, -0.976368426626385, -0.8448569677685337, -0.947948326292263, -0.9992242989299851, -0.9958099987863885, -0.9991683575908954, -0.7901503326226251, -0.9833291114525098, -0.841569605653069, -0.9541414470729244, -0.9315784595878327, -0.8951955867888344, -0.9977756305540086, -0.9990093048727814, -0.9976327016129652, -0.8556167628938589, -0.8885397280826564, -0.9286893054083694, -0.8732050509304685, -0.8319464863562089, -0.9840270705782395, -0.8986157882487997, -0.8035527557757818, -0.9985532475300201, -0.8059188159586825, -0.8612014311941092, -0.9942546689334291, -0.9257268939567029, -0.9608343633687445, -0.9960444424101016, -0.9941820350080797, -0.7366310355326049, -0.9962466503428759, -0.953038477198003, -0.9978967580995334, -0.9987430655208605, -0.9954515418527461, -0.8343603857491148, -0.9248464393955258, -0.9750003589494235, -0.965656187782795, -0.8033443102879025, -0.9667790322765597, -0.9359230329190434, -0.7980110466309583, -0.8840738139653528, -0.8936283161580986, -0.9973791691883549, -0.9111974696971094, -0.9811515585945234, -0.9974723537092847, -0.9966312548365283, -0.9898329737444912, -0.8576088716373123, -0.7028794724315985, -0.9976690224042966, -0.9984490968568719, -0.9117060480319752, -0.93553877312183, -0.9531646745533758, -0.9819465573554438, -0.9916704332552347, -0.919573701136107, -0.7870660632895926, -0.8533595232532142, -0.811919924885593, -0.933012396003649, -0.9103751814884947, -0.9408077764442083, -0.9163881284131119, -0.9981216146685191, -0.9136680841208542, -0.9960680076564072, -0.985544977833503, -0.9914899424571579, -0.9734805822321881, -0.9988443526012438, -0.7063214701019495, -0.9969411469121758, -0.9337552153100236, -0.9436611730325922, -0.9121884876326837, -0.8515862343460483, -0.7826034108241343, -0.9991939338605017, -0.8818808751318653], "gsf_samples": [0.12554799339906758, 0.0349317705174702, 2.6664648556228624e-29, 2.261683084976248e-26, 3.1944846330580878e-28, 0.996969244033044, 1.391422647296651e-28, 0.9920245649814796, 0.9005007966881452, 0.016552024523760055, 0.9676316048393285, 0.9813539717228217, 0.9788022477841695, 0.7897394909937899, 0.8611446426121483, 7.51537379692104e-30, 1.2003855403743613e-28, 0.9951905663997724, 0.9790698004247338, 0.9953084891185414, 8.898671519563974e-29, 0.929216292971978, 3.1225603570510114e-28, 5.01655994206256e-28, 1.1954439743847357e-28, 0.05122026449468202, 0.9883512749199737, 0.9943717633368897, 0.9878722352055479, 0.4257586614619976, 9.348232804930038e-30, 0.6848954286020089, 3.0759387229900276e-29, 8.631256700067826e-29, 0.9204296595882719, 3.115632024914934e-27, 0.0038388851255631512, 0.992739397982509, 0.06629269378553805, 1.038387851213302e-28, 0.9614576105489465, 5.383628171448775e-29, 1.966436835131391e-26, 0.975739594540095, 0.9723884551184157, 4.96334211539287e-30, 0.9788596091261405, 7.340164919114115e-27, 0.988336196536263, 0.9904319707629087, 0.9787010874175367, 1.261628550758262e-28, 0.6946761523709722, 0.8690627451358063, 0.8679441895041918, 8.838749060854069e-32, 0.8471130561496516, 0.6287564829143458, 1.315416733678919e-30, 9.533529211936655e-28, 1.2150570950097143e-30, 0.9867981479803231, 2.2295167040854523e-28, 0.8797524665394526, 0.9864741190366951, 0.9812957021962936, 0.9480820315395044, 0.18352972936886583, 0.0006506041876332339, 0.987247082797411, 0.9915446547518563, 0.4486849026915551, 0.7271545026452638, 0.7527386167786644, 0.9242794538212737, 0.9535017979059794, 2.6310824879532457e-28, 0.005264996840882811, 7.36494457737433e-29, 0.3373794127379084, 2.1536894487144226e-29, 0.542970048895866, 0.7387778732006817, 0.38878008393608465, 0.9890691258728835, 6.084202527695148e-29, 0.9786349421574152, 0.9210041475697572, 0.9570049707218172, 0.8400103313020558, 0.9920303993707531, 0.008089210400053637, 0.9837531113413609, 2.2000165858307152e-26, 4.6021623456227394e-27, 4.2255096641534866e-29, 0.007329611228618163, 0.009326105847137557, 0.9924769685116974, 0.4607668396049234]}