{"L": 2, "J": 0.44721359549995826, "B": 0.44721359549995826, "K": 10, "init_state": "random computational-basis state", "energy_avg": -0.9988931008984331, "energy_std": 6.803505588478338e-05, "gsf_avg": 0.9994465116987015, "gsf_std": 3.4005512967589416e-05, "norm_check_samples": [1.0000797510147095, 1.0000817775726318, 1.0000840425491333, 1.0000817775726318, 1.0000805854797363, 1.0000816583633423, 1.0000766515731812, 1.0000807046890259, 1.0000766515731812, 1.0000731945037842, 1.0000766515731812, 1.0000814199447632, 1.000077724456787, 1.0000766515731812, 1.0000818967819214, 1.00008225440979, 1.0000789165496826, 1.0000767707824707, 1.0000802278518677, 1.0000786781311035, 1.0000817775726318, 1.0000786781311035, 1.0000813007354736, 1.0000840425491333, 1.0000805854797363, 1.0000813007354736, 1.0000840425491333, 1.0000845193862915, 1.0000771284103394, 1.0000756978988647, 1.0000818967819214, 1.0000841617584229, 1.0000728368759155, 1.0000840425491333, 1.0000840425491333, 1.000077724456787, 1.0000802278518677, 1.0000784397125244, 1.0000801086425781, 1.000082015991211, 1.0000768899917603, 1.000072717666626, 1.0000792741775513, 1.0000832080841064, 1.0000804662704468, 1.0000770092010498, 1.0000779628753662, 1.0000766515731812, 1.000082015991211, 1.0000770092010498, 1.0000841617584229, 1.0000815391540527, 1.0000840425491333, 1.0000797510147095, 1.000077724456787, 1.0000766515731812, 1.0000755786895752, 1.0000797510147095, 1.0000766515731812, 1.0000766515731812, 1.000077724456787, 1.00007963180542, 1.000082015991211, 1.0000766515731812, 1.0000771284103394, 1.0000815391540527, 1.00007963180542, 1.0000852346420288, 1.0000768899917603, 1.0000786781311035, 1.0000817775726318, 1.0000766515731812, 1.0000817775726318, 1.0000770092010498, 1.0000840425491333, 1.000084638595581, 1.0000801086425781, 1.0000840425491333, 1.0000845193862915, 1.0000836849212646, 1.0000766515731812, 1.0000826120376587, 1.0000766515731812, 1.0000810623168945, 1.0000840425491333, 1.0000827312469482, 1.0000779628753662, 1.0000816583633423, 1.0000892877578735, 1.0000766515731812, 1.0000807046890259, 1.0000817775726318, 1.000082015991211, 1.0000852346420288, 1.0000810623168945, 1.0000840425491333, 1.0000840425491333, 1.0000840425491333, 1.0000826120376587, 1.0000771284103394, 1.0000783205032349, 1.0000799894332886, 1.000077724456787, 1.0000799894332886, 1.0000799894332886, 1.0000799894332886, 1.0000799894332886, 1.0000755786895752, 1.0000799894332886, 1.0000799894332886, 1.0000799894332886, 1.0000799894332886, 1.00008225440979, 1.0000799894332886, 1.0000799894332886, 1.0000799894332886, 1.0000799894332886, 1.0000799894332886, 1.0000799894332886, 1.0000799894332886, 1.0000799894332886, 1.0000799894332886, 1.0000799894332886, 1.0000799894332886, 1.0000799894332886, 1.000076174736023, 1.0000799894332886, 1.000079870223999, 1.0000842809677124, 1.0000799894332886, 1.0000799894332886, 1.0000799894332886, 1.0000879764556885, 1.0000766515731812, 1.0000799894332886, 1.0000827312469482, 1.0000799894332886, 1.0000799894332886, 1.0000799894332886, 1.0000799894332886, 1.0000799894332886, 1.0000842809677124, 1.0000799894332886, 1.0000823736190796, 1.0000799894332886, 1.0000799894332886, 1.0000799894332886, 1.0000799894332886, 1.0000799894332886, 1.0000799894332886, 1.0000799894332886, 1.0000799894332886, 1.00008225440979, 1.00008225440979, 1.0000799894332886, 1.0000839233398438, 1.0000799894332886, 1.0000786781311035, 1.0000799894332886, 1.0000799894332886, 1.0000799894332886, 1.0000799894332886, 1.0000799894332886, 1.0000799894332886, 1.0000799894332886, 1.0000799894332886, 1.0000783205032349, 1.0000839233398438, 1.0000799894332886, 1.0000799894332886, 1.0000799894332886, 1.0000799894332886, 1.0000799894332886, 1.0000799894332886, 1.0000799894332886, 1.0000799894332886, 1.00008225440979, 1.0000799894332886, 1.0000799894332886, 1.0000799894332886, 1.0000799894332886, 1.0000799894332886, 1.0000799894332886, 1.0000799894332886, 1.0000799894332886, 1.0000799894332886, 1.0000799894332886, 1.0000799894332886, 1.000078797340393, 1.00008225440979, 1.0000799894332886, 1.000078797340393, 1.0000766515731812, 1.0000799894332886, 1.0000855922698975, 1.0000839233398438, 1.0000836849212646, 1.0000799894332886, 1.0000799894332886, 1.0000799894332886], "energy_samples": [-0.998936178476508, -0.9989054668054698, -0.9988783509475518, -0.9989054668054698, -0.9989054668054698, -0.9989054668054698, -0.9989054668054698, -0.9989006953694858, -0.9989054668054698, -0.9989054668054698, -0.9989054668054698, -0.9989054668054698, -0.9989031451409461, -0.9989054668054698, -0.9989054668054698, -0.9989054668054698, -0.9989054668054698, -0.9989054668054698, -0.9989054668054698, -0.9989054668054698, -0.9989054668054698, -0.9989054668054698, -0.9989054668054698, -0.9989054668054698, -0.9989054668054698, -0.9988530618578342, -0.9989054668054698, -0.9988499863907659, -0.9989292926973126, -0.9989054668054698, -0.9989054668054698, -0.9989054668054698, -0.9989591831593805, -0.9988873303726628, -0.9989054668054698, -0.9988730779129855, -0.9989054668054698, -0.9989054668054698, -0.9989054668054698, -0.9989054668054698, -0.9989054668054698, -0.9988797441537813, -0.9989054668054698, -0.9988514424700637, -0.9989054668054698, -0.9989054668054698, -0.9989054668054698, -0.9989054668054698, -0.9989054668054698, -0.9989054668054698, -0.9989054668054698, -0.9989054668054698, -0.9990028225351798, -0.9989031451409461, -0.9989054668054698, -0.9988377753309414, -0.9989054668054698, -0.99826787140441, -0.9989054668054698, -0.9989054668054698, -0.9989054668054698, -0.9989054668054698, -0.9989054668054698, -0.9989054668054698, -0.9989054668054698, -0.9989054668054698, -0.9988426028309761, -0.9988377753309414, -0.9989054668054698, -0.9989054668054698, -0.9989054668054698, -0.9989054668054698, -0.9989054668054698, -0.9989054668054698, -0.9989054668054698, -0.9989054668054698, -0.998938024344894, -0.9989054668054698, -0.9989054668054698, -0.9989054668054698, -0.9989054668054698, -0.9989054668054698, -0.9989054668054698, -0.9989054668054698, -0.9989054668054698, -0.9989054668054698, -0.9989054668054698, -0.9989054668054698, -0.9988659974094545, -0.9989031451409461, -0.9989054668054698, -0.9988659974094545, -0.9988873303726628, -0.9989054668054698, -0.9988547226742447, -0.9988377753309414, -0.9987590720332801, -0.9989054668054698, -0.9989054668054698, -0.9989054668054698],