{"L": 5, "J": 0.03968214607433028, "B": 0.19841073037165138, "K": 3, "init_state": "random computational-basis state", "energy_avg": -0.9700814478719425, "energy_std": 0.09800071679970125, "gsf_avg": 0.9340473937287297, "gsf_std": 0.23601062848064178, "norm_check_samples": [1.000128984451294, 1.000130295753479, 1.0001319646835327, 1.0001296997070312, 1.0001300573349, 1.0001308917999268, 1.0001283884048462, 1.0001293420791626, 1.0001296997070312, 1.0001282691955566, 1.0001311302185059, 1.0001286268234253, 1.000129222869873, 1.0001260042190552, 1.0001332759857178, 1.0001312494277954, 1.0001291036605835, 1.0001276731491089, 1.0001317262649536, 1.0001317262649536, 1.0001301765441895, 1.0001261234283447, 1.0001320838928223, 1.0001276731491089, 1.0001311302185059, 1.0001286268234253, 1.0001314878463745, 1.0001301765441895, 1.0001327991485596, 1.0001286268234253, 1.000128984451294, 1.0001322031021118, 1.0001296997070312, 1.0001252889633179, 1.0001291036605835, 1.0001304149627686, 1.000127911567688, 1.0001301765441895, 1.0001301765441895, 1.0001286268234253, 1.000130295753479, 1.000128984451294, 1.000131607055664, 1.000129222869873, 1.0001338720321655, 1.0001317262649536, 1.0001287460327148, 1.0001291036605835, 1.0001293420791626, 1.0001282691955566, 1.0001317262649536, 1.0001318454742432, 1.0001308917999268, 1.000128984451294, 1.0001314878463745, 1.0001267194747925, 1.0001296997070312, 1.0001285076141357, 1.0001312494277954, 1.0001311302185059, 1.0001318454742432, 1.0001299381256104, 1.0001277923583984, 1.0001261234283447, 1.0001317262649536, 1.0001307725906372, 1.0001307725906372, 1.0001273155212402, 1.0001287460327148, 1.0001307725906372, 1.0001300573349, 1.0001275539398193, 1.0001314878463745, 1.0001322031021118, 1.0001260042190552, 1.0001301765441895, 1.0001285076141357, 1.000126838684082, 1.0001308917999268, 1.000128984451294, 1.0001311302185059, 1.0001294612884521, 1.0001312494277954, 1.0001317262649536, 1.0001282691955566, 1.0001320838928223, 1.000128149986267, 1.0001298189163208, 1.0001294612884521, 1.0001293420791626, 1.0001260042190552, 1.000131368637085, 1.0001282691955566, 1.0001291036605835, 1.0001301765441895, 1.0001322031021118, 1.0001308917999268, 1.0001317262649536, 1.000131607055664, 1.0001299381256104, 1.0001311302185059, 1.0001311302185059, 1.0001311302185059, 1.0001311302185059, 1.0001311302185059, 1.0001311302185059, 1.0001311302185059, 1.0001311302185059, 1.0001311302185059, 1.0001311302185059, 1.0001311302185059, 1.0001311302185059, 1.0001311302185059, 1.0001311302185059, 1.0001311302185059, 1.0001314878463745, 1.0001311302185059, 1.0001296997070312, 1.0001364946365356, 1.0001311302185059, 1.0001311302185059, 1.0001312494277954, 1.0001308917999268, 1.0001311302185059, 1.0001311302185059, 1.0001311302185059, 1.0001311302185059, 1.0001311302185059, 1.0001311302185059, 1.0001311302185059, 1.0001311302185059, 1.0001311302185059, 1.0001308917999268, 1.0001311302185059, 1.0001436471939087, 1.0001354217529297, 1.0001311302185059, 1.0001311302185059, 1.0001311302185059, 1.0001311302185059, 1.000130534172058, 1.0001311302185059, 1.0001311302185059, 1.0001311302185059, 1.0001311302185059, 1.0001286268234253, 1.0001311302185059, 1.0001311302185059, 1.0001311302185059, 1.0001311302185059, 1.0001311302185059, 1.000133752822876, 1.0001311302185059, 1.0001311302185059, 1.0001311302185059, 1.0001311302185059, 1.0001311302185059, 1.0001311302185059, 1.000131607055664, 1.000131607055664, 1.000127911567688, 1.0001311302185059, 1.0001314878463745, 1.0001311302185059, 1.0001311302185059, 1.0001311302185059, 1.0001311302185059, 1.0001311302185059, 1.0001311302185059, 1.0001311302185059, 1.0001311302185059, 1.0001311302185059, 1.0001311302185059, 1.0001311302185059, 1.0001322031021118, 1.0001291036605835, 1.0001310110092163, 1.0001330375671387, 1.0001354217529297, 1.0001317262649536, 1.0001311302185059, 1.0001306533813477, 1.0001311302185059, 1.0001311302185059, 1.0001311302185059, 1.0001311302185059, 1.000135898590088, 1.0001311302185059, 1.0001311302185059, 1.0001311302185059, 1.0001311302185059, 1.0001296997070312, 1.0001311302185059, 1.0001311302185059, 1.0001318454742432, 1.0001330375671387, 1.0001311302185059, 1.0001311302185059, 1.0001311302185059, 1.0001314878463745], "energy_samples": [-0.9956558210374825, -0.9956558210374825, -0.9956558210374825, -0.9956558210374825, -0.9956558210374825, -0.9956558210374825, -0.9956558210374825, -0.9956558210374825, -0.9956558210374825, -0.9956558210374825, -0.9956558210374825, -0.9956558210374825, -0.9956558210374825, -0.9956558210374825, -0.9956558210374825, -0.5727240638140323, -0.9956558210374825, -0.988579685441677, -0.9746337380807584, -0.9956558210374825, -0.9956558210374825, -0.6040107286273273, -0.9956513436633443, -0.9956558210374825, -0.9956558210374825, -0.9956558210374825, -0.9956558210374825, -0.9956558210374825, -0.9956558210374825, -0.9956558210374825, -0.9956558210374825, -0.9956558210374825, -0.5856106784815838, -0.9956558210374825, -0.548410797335342, -0.987833347930888, -0.9956558210374825, -0.9956558210374825, -0.9956558210374825, -0.9956558210374825, -0.9957618777293207, -0.9956558210374825, -0.9956558210374825, -0.9956558210374825, -0.9956558210374825, -0.9956613710284213, -0.9956558210374825, -0.9956558210374825, -0.9956558210374825, -0.9956558210374825, -0.9956558210374825, -0.9788969005792413, -0.9956558210374825, -0.9956558210374825, -0.9956558210374825, -0.9956558210374825, -0.9956558210374825, -0.9956558210374825, -0.9956522574508818, -0.9956522574508818, -0.6099119414051676, -0.9956558210374825, -0.9898163654065557, -0.9956558210374825, -0.9956558210374825, -0.9956558210374825, -0.9956558210374825, -0.9956558210374825, -0.9956558210374825, -0.9956558210374825, -0.9956558210374825, -0.9956558210374825, -0.9956542574551859, -0.9956558210374825, -0.9956694934567529, -0.9956613406807009, -0.9896087387321304, -0.9934140974709595, -0.987833347930888, -0.9956082317258754, -0.9956558210374825, -0.9950807134274314, -0.9956558210374825, -0.9956558210374825, -0.9956558210374825, -0.9956558210374825, -0.9924029916976506, -0.9956558210374825, -0.9956558210374825, -0.9956558210374825, -0.9956558210374825, -0.9955182353164601, -0.9956558210374825, -0.9956558210374825, -0.9956570671160204, -0.9934140974709595, -0.9956558210374825, -0.9956558210374825, -0.9956558210374825, -0.5765957055890625],