{"L": 6, "J": 0.19683820800041796, "B": 0.03936764160008359, "K": 3, "init_state": "random computational-basis state", "energy_avg": -0.8819160257677181, "energy_std": 0.1561093247001407, "gsf_avg": 0.7411348478359551, "gsf_std": 0.34736544868621855, "norm_check_samples": [1.0001068115234375, 1.000097393989563, 1.0001001358032227, 1.0001100301742554, 1.0001107454299927, 1.0001060962677002, 1.000111699104309, 1.000107765197754, 1.0001046657562256, 1.0001031160354614, 1.0001031160354614, 1.0001120567321777, 1.000112533569336, 1.0001180171966553, 1.000105857849121, 1.0001089572906494, 1.0001167058944702, 1.000105857849121, 1.0001119375228882, 1.0001012086868286, 1.0001014471054077, 1.0001076459884644, 1.0001074075698853, 1.0001078844070435, 1.0001107454299927, 1.0001031160354614, 1.0001139640808105, 1.0000998973846436, 1.0001041889190674, 1.000104546546936, 1.0001076459884644, 1.00011146068573, 1.0001128911972046, 1.000114917755127, 1.000119924545288, 1.0001144409179688, 1.00011146068573, 1.0001075267791748, 1.0001131296157837, 1.0001063346862793, 1.000105381011963, 1.0001145601272583, 1.0001063346862793, 1.0001113414764404, 1.0001072883605957, 1.000121831893921, 1.000113606452942, 1.000111699104309, 1.0001158714294434, 1.0001084804534912, 1.0001060962677002, 1.0000959634780884, 1.0000965595245361, 1.0001068115234375, 1.0001038312911987, 1.0000990629196167, 1.0001071691513062, 1.0001078844070435, 1.0001139640808105, 1.000107765197754, 1.0000998973846436, 1.0001059770584106, 1.0001001358032227, 1.0001153945922852, 1.0001158714294434, 1.0001145601272583, 1.0001091957092285, 1.000104308128357, 1.000109076499939, 1.0001155138015747, 1.0001076459884644, 1.000114917755127, 1.0001031160354614, 1.0001192092895508, 1.0001081228256226, 1.0001083612442017, 1.0000983476638794, 1.0001044273376465, 1.0000959634780884, 1.000104546546936, 1.00010085105896, 1.0001060962677002, 1.0000962018966675, 1.0001031160354614, 1.000109076499939, 1.0001158714294434, 1.0001096725463867, 1.0001158714294434, 1.0001039505004883, 1.0001105070114136, 1.0001132488250732, 1.0001097917556763, 1.000112771987915, 1.000115156173706, 1.0001031160354614, 1.0001108646392822, 1.0001100301742554, 1.0001158714294434, 1.0001057386398315, 1.0001177787780762, 1.0001126527786255, 1.0001018047332764, 1.0001049041748047, 1.0001143217086792, 1.0001049041748047, 1.0001018047332764, 1.0001143217086792, 1.0001018047332764, 1.0001063346862793, 1.0001018047332764, 1.0001143217086792, 1.0001112222671509, 1.0001018047332764, 1.0001057386398315, 1.0001049041748047, 1.0001165866851807, 1.0001044273376465, 1.0001018047332764, 1.0001047849655151, 1.0001009702682495, 1.0001013278961182, 1.0001100301742554, 1.0001018047332764, 1.0001102685928345, 1.0001035928726196, 1.0001112222671509, 1.0001013278961182, 1.0001018047332764, 1.0001049041748047, 1.000108003616333, 1.0001016855239868, 1.000114917755127, 1.0001018047332764, 1.0001164674758911, 1.0001047849655151, 1.0001040697097778, 1.0001047849655151, 1.0001120567321777, 1.0001071691513062, 1.0001134872436523, 1.0001049041748047, 1.0001044273376465, 1.0001018047332764, 1.0001018047332764, 1.0001044273376465, 1.0001018047332764, 1.0001071691513062, 1.000105381011963, 1.0001046657562256, 1.0001049041748047, 1.0001130104064941, 1.0001049041748047, 1.000102162361145, 1.0001137256622314, 1.0001096725463867, 1.0001018047332764, 1.0001044273376465, 1.0001049041748047, 1.0001049041748047, 1.0001018047332764, 1.0001062154769897, 1.0001039505004883, 1.0001161098480225, 1.0001049041748047, 1.0001167058944702, 1.0001018047332764, 1.0001040697097778, 1.000104308128357, 1.0001057386398315, 1.0001003742218018, 1.000110387802124, 1.0001012086868286, 1.000110387802124, 1.0001155138015747, 1.0001016855239868, 1.00011146068573, 1.0001132488250732, 1.000115156173706, 1.0001097917556763, 1.000110149383545, 1.0001051425933838, 1.000104308128357, 1.0001155138015747, 1.0001039505004883, 1.0001018047332764, 1.0001049041748047, 1.0001182556152344, 1.000112771987915, 1.0001046657562256, 1.000119686126709, 1.0001018047332764, 1.0001192092895508, 1.0001049041748047, 1.0001108646392822, 1.0001050233840942, 1.0001076459884644, 1.0001049041748047, 1.0001018047332764, 1.0001049041748047, 1.0001018047332764], "energy_samples": [-0.8052820167714312, -0.9820924096587307, -0.9905202498225845, -0.6378680228225986, -0.9905202498225845, -0.9820924096587307, -0.6378680228225986, -0.9820924096587307, -0.8002878351484219, -0.9820924096587307, -0.6378680228225986, -0.7579913417264982, -0.9820924096587307, -0.5328903085411671, -0.9905202498225845, -0.6460330817748579, -0.9815069516033282, -0.9820924096587307, -0.9882046032781788, -0.9802172926333432, -0.9910111400504349, -0.9001531448357339, -0.9820924096587307, -0.6540147167060206, -0.9794267132462093, -0.7409826699073433, -0.9910111400504349, -0.9820924096587307, -0.9905202498225845, -0.9287908197613151, -0.9825314217463621, -0.631227380113824, -0.9820924096587307, -0.6322759384171102, -0.9806804683114895, -0.9800295973035141, -0.9806804683114895, -0.7734405398129771, -0.9906204296563117, -0.9429293701041168, -0.9905202498225845, -0.9818286638435689, -0.9820924096587307, -0.9820924096587307, -0.987014294090651, -0.9820924096587307, -0.9906204296563117, -0.9873328911189354, -0.9909971724540149, -0.9905202498225845, -0.5970851157217917, -0.9905202498225845, -0.9848965143936037, -0.7616065070531697, -0.833203154342751, -0.9820924096587307, -0.9901026046106306, -0.9905202498225845, -0.9905202498225845, -0.9820924096587307, -0.9727508942050648, -0.9691835573939833, -0.5737679564874435, -0.9905202498225845, -0.6515237329538415, -0.9820924096587307, -0.6236922721031364, -0.9736906253439425, -0.9813189469037312, -0.9866324003719293, -0.8271843705042038, -0.984882928441601, -0.5926768077129971, -0.6396710241698328, -0.9881717672249717, -0.9279427340001277, -0.5827759406645248, -0.6269862891896881, -0.4592317496730501, -0.962532498365207, -0.9822531856727074, -0.9736906253439425, -0.6396710241698328, -0.9754516253559402, -0.9820924096587307, -0.9905202498225845, -0.5842156324361216, -0.5807008879693414, -0.9838554112996117, -0.596757541803071, -0.9820924096587307, -0.658037525933913, -0.9905202498225845, -0.9299382934609797, -0.9904720090971575, -0.8543922319227226, -0.9905202498225845, -0.9820924096587307, -0.9905202498225845, -0.9820924096587307],