{"L": 6, "J": 0.1370570864630454, "B": 0.1370570864630454, "K": 2, "init_state": "random computational-basis state", "energy_avg": -0.6422992929517938, "energy_std": 0.17135763689761718, "gsf_avg": 0.2665679412307347, "gsf_std": 0.3209160397282146, "norm_check_samples": [1.0000522136688232, 1.0000532865524292, 1.000052809715271, 1.0000501871109009, 1.000054121017456, 1.0000519752502441, 1.0000516176223755, 1.0000499486923218, 1.0000540018081665, 1.0000512599945068, 1.000051736831665, 1.000052809715271, 1.0000501871109009, 1.0000510215759277, 1.0000522136688232, 1.0000524520874023, 1.00005304813385, 1.0000512599945068, 1.0000507831573486, 1.0000518560409546, 1.0000548362731934, 1.0000523328781128, 1.000051736831665, 1.0000556707382202, 1.0000545978546143, 1.0000542402267456, 1.0000522136688232, 1.0000510215759277, 1.0000507831573486, 1.0000526905059814, 1.0000500679016113, 1.000052809715271, 1.0000535249710083, 1.000052809715271, 1.0000518560409546, 1.0000543594360352, 1.0000522136688232, 1.0000519752502441, 1.0000520944595337, 1.0000507831573486, 1.000051498413086, 1.0000492334365845, 1.0000523328781128, 1.0000518560409546, 1.0000512599945068, 1.0000536441802979, 1.0000523328781128, 1.0000524520874023, 1.0000518560409546, 1.0000543594360352, 1.0000524520874023, 1.0000523328781128, 1.0000512599945068, 1.000052809715271, 1.0000500679016113, 1.000052571296692, 1.0000526905059814, 1.000052809715271, 1.0000535249710083, 1.0000556707382202, 1.0000531673431396, 1.0000536441802979, 1.0000510215759277, 1.0000526905059814, 1.00005042552948, 1.000052809715271, 1.00005042552948, 1.0000512599945068, 1.0000518560409546, 1.0000511407852173, 1.0000518560409546, 1.0000542402267456, 1.000052571296692, 1.000052809715271, 1.000051736831665, 1.000051736831665, 1.0000543594360352, 1.000049352645874, 1.0000531673431396, 1.000051736831665, 1.0000512599945068, 1.0000512599945068, 1.0000500679016113, 1.000052809715271, 1.0000523328781128, 1.0000531673431396, 1.000052571296692, 1.0000531673431396, 1.0000520944595337, 1.0000532865524292, 1.000051498413086, 1.0000518560409546, 1.000053882598877, 1.000054121017456, 1.000051736831665, 1.0000512599945068, 1.000051498413086, 1.0000534057617188, 1.0000520944595337, 1.000052809715271, 1.000055193901062, 1.000051498413086, 1.000051498413086, 1.0000524520874023, 1.0000524520874023, 1.000052571296692, 1.0000523328781128, 1.0000543594360352, 1.000052571296692, 1.00005304813385, 1.000054121017456, 1.0000522136688232, 1.000050663948059, 1.0000566244125366, 1.0000512599945068, 1.0000523328781128, 1.0000522136688232, 1.0000534057617188, 1.0000536441802979, 1.0000520944595337, 1.0000518560409546, 1.0000536441802979, 1.0000519752502441, 1.0000532865524292, 1.0000487565994263, 1.0000522136688232, 1.0000534057617188, 1.0000534057617188, 1.0000561475753784, 1.0000522136688232, 1.0000544786453247, 1.0000512599945068, 1.000052809715271, 1.000051736831665, 1.0000567436218262, 1.0000512599945068, 1.0000535249710083, 1.0000499486923218, 1.0000531673431396, 1.0000537633895874, 1.0000547170639038, 1.0000572204589844, 1.0000487565994263, 1.000051736831665, 1.0000542402267456, 1.0000540018081665, 1.0000536441802979, 1.0000560283660889, 1.0000518560409546, 1.000054121017456, 1.000050663948059, 1.0000532865524292, 1.000053882598877, 1.0000520944595337, 1.0000519752502441, 1.00005304813385, 1.0000534057617188, 1.0000523328781128, 1.0000513792037964, 1.0000566244125366, 1.0000505447387695, 1.0000510215759277, 1.000053882598877, 1.0000534057617188, 1.00005304813385, 1.0000532865524292, 1.0000510215759277, 1.0000522136688232, 1.0000523328781128, 1.0000531673431396, 1.000051498413086, 1.0000524520874023, 1.0000524520874023, 1.000051736831665, 1.000052571296692, 1.00005304813385, 1.0000532865524292, 1.000050663948059, 1.0000505447387695, 1.0000513792037964, 1.0000516176223755, 1.0000526905059814, 1.0000518560409546, 1.0000516176223755, 1.0000526905059814, 1.0000536441802979, 1.0000498294830322, 1.0000523328781128, 1.0000531673431396, 1.0000556707382202, 1.000054955482483, 1.0000518560409546, 1.000052571296692, 1.0000542402267456, 1.0000520944595337, 1.0000501871109009, 1.000051498413086, 1.0000534057617188, 1.000050663948059, 1.0000520944595337], "energy_samples": [-0.9178331694995386, -0.6001506274506976, -0.6950309685931201, -0.5632229183331284, -0.647284331125034, -0.8791416667134699, -0.5953127708804665, -0.8770486329641778, -0.49558642240501144, -0.670426545244036, -0.7130950921722862, -0.6862125255493119, -0.33968627421975106, -0.9555746921371366, -0.46930823061364924, -0.6228685415476106, -0.6483085710153131, -0.6749820295189551, -0.933882748881699, -0.6913359282923267, -0.3854907910213883, -0.5923355912878409, -0.6147630503084345, -0.6208254354402652, -0.5157065267865221, -0.5713064358237386, -0.5021011870650056, -0.8162105155767901, -0.9820281210349125, -0.4706139675388996, -0.9236546741339696, -0.4204515788277677, -0.48859976830159657, -0.3305844656991358, -0.7477123270332072, -0.7184563340090947, -0.540296701184867, -0.35465826207962475, -0.8170899524033554, -0.9279518079952594, -0.7020524344503505, -0.9620591970771593, -0.7242781631789541, -0.6545794352275393, -0.6199963392897548, -0.49998948869968135, -0.818507338566843, -0.7040352309990503, -0.817999452661754, -0.7844863547918147, -0.2877298950919676, -0.8039760435173212, -0.2827061361718121, -0.5448155527500252, -0.739683371677005, -0.7111331388943225, -0.9472703700822912, -0.6959681807927482, -0.8596801080356048, -0.9670413375839148, -0.5378268768339203, -0.4983185095908501, -0.4002198863988324, -0.6058342935242611, -0.6578043439078516, -0.7715146958094852, -0.5663384978314744, -0.5383349042391898, -0.48862120951394805, -0.8020364783061514, -0.6309681663654348, -0.42071059666958416, -0.7046796793557262, -0.26039379745984104, -0.7328642350431481, -0.5743265559711617, -0.5398363643600427, -0.5843567178384582, -0.6455821171344047, -0.5672598682744824, -0.4647758991225166, -0.6442958530717002, -0.6316388845937347, -0.7032579943583831, -0.7922131680894368, -0.8004295458351907, -0.606631910580259, -0.5563481999753467, -0.6782605622568844, -0.9741991827209175, -0.6337473579088421, -0.5933542377825106, -0.3754725865886886, -0.7709416771437294, -0.6541123749627873, -0.3937061645325695, -0.599542372298362, -0.8014834107260942, -0.44407283273520526, -0.4384995352196728],