{"L": 7, "J": 0.028328208642998804, "B": 0.14164104321499402, "K": 2, "init_state": "random computational-basis state", "energy_avg": -0.9293641410251732, "energy_std": 0.1140264350381291, "gsf_avg": 0.7857461475294306, "gsf_std": 0.3840498347777986, "norm_check_samples": [0.9997109770774841, 0.9997101426124573, 0.9997113943099976, 0.9997119903564453, 0.999712347984314, 0.9997110962867737, 0.9997122883796692, 0.999711275100708, 0.9997099041938782, 0.9997113347053528, 0.9997106194496155, 0.9997103810310364, 0.9997116923332214, 0.9997110962867737, 0.999711275100708, 0.9997115731239319, 0.9997108578681946, 0.9997128248214722, 0.9997110962867737, 0.9997105598449707, 0.999712347984314, 0.9997127056121826, 0.999713122844696, 0.999710202217102, 0.999710202217102, 0.9997116923332214, 0.9997110962867737, 0.9997120499610901, 0.999710738658905, 0.9997128248214722, 0.9997118711471558, 0.9997121691703796, 0.9997105002403259, 0.999712347984314, 0.9997124075889587, 0.9997110962867737, 0.9997106194496155, 0.999710738658905, 0.9997109770774841, 0.9997121691703796, 0.9997121691703796, 0.9997130632400513, 0.999710202217102, 0.9997122287750244, 0.9997125267982483, 0.9997129440307617, 0.9997131824493408, 0.9997115731239319, 0.9997122287750244, 0.9997116327285767, 0.9997115135192871, 0.9997103214263916, 0.9997113943099976, 0.9997139573097229, 0.9997117519378662, 0.9997109770774841, 0.9997119307518005, 0.9997106194496155, 0.9997099041938782, 0.9997114539146423, 0.9997106194496155, 0.9997110962867737, 0.9997130632400513, 0.9997120499610901, 0.9997102618217468, 0.9997125267982483, 0.9997127056121826, 0.9997103214263916, 0.9997115135192871, 0.9997133016586304, 0.9997135400772095, 0.9997099041938782, 0.9997100234031677, 0.999713122844696, 0.999711811542511, 0.9997109174728394, 0.9997105598449707, 0.9997129440307617, 0.9997114539146423, 0.9997116923332214, 0.9997110366821289, 0.9997122287750244, 0.9997128844261169, 0.9997114539146423, 0.9997106194496155, 0.9997109174728394, 0.9997131824493408, 0.9997119307518005, 0.9997110366821289, 0.9997097849845886, 0.999710738658905, 0.9997120499610901, 0.9997133612632751, 0.9997120499610901, 0.9997120499610901, 0.9997140169143677, 0.9997107982635498, 0.9997099041938782, 0.9997098445892334, 0.9997117519378662, 0.9997105002403259, 0.9997099041938782, 0.9997078776359558, 0.9997074604034424, 0.9997091889381409, 0.9997087717056274, 0.9997106194496155, 0.9997097849845886, 0.999709963798523, 0.9997112154960632, 0.9997097849845886, 0.999709963798523, 0.9997087717056274, 0.9997088313102722, 0.9997085332870483, 0.999709963798523, 0.9997103214263916, 0.9997103214263916, 0.9997106194496155, 0.999709963798523, 0.9997091889381409, 0.999709963798523, 0.999708354473114, 0.9997100830078125, 0.999709963798523, 0.9997093081474304, 0.9997074604034424, 0.9997096061706543, 0.999709963798523, 0.9997104406356812, 0.9997103214263916, 0.9997103214263916, 0.9997093677520752, 0.9997090101242065, 0.9997097849845886, 0.9997090697288513, 0.9997098445892334, 0.999709963798523, 0.999709963798523, 0.9997093677520752, 0.999709963798523, 0.999709963798523, 0.9997092485427856, 0.9997087121009827, 0.9997097849845886, 0.999709963798523, 0.9997093677520752, 0.9997069835662842, 0.999709963798523, 0.999709963798523, 0.999709963798523, 0.99970942735672, 0.9997091293334961, 0.999709963798523, 0.9997100234031677, 0.999708890914917, 0.999709963798523, 0.9997087121009827, 0.9997087717056274, 0.999709963798523, 0.999709963798523, 0.9997100830078125, 0.999709963798523, 0.999710202217102, 0.9997095465660095, 0.999709963798523, 0.999709963798523, 0.9997096657752991, 0.999709963798523, 0.999709963798523, 0.9997114539146423, 0.999709963798523, 0.9997097253799438, 0.9997094869613647, 0.9997072219848633, 0.999709963798523, 0.9997099041938782, 0.99970942735672, 0.9997103214263916, 0.9997103214263916, 0.9997085928916931, 0.999709963798523, 0.9997096657752991, 0.9997111558914185, 0.9997072219848633, 0.9997087121009827, 0.9997097849845886, 0.9997079968452454, 0.999709963798523, 0.9997101426124573, 0.999709963798523, 0.9997087717056274, 0.9997081160545349, 0.9997093677520752, 0.9997085332870483, 0.9997092485427856, 0.9997096061706543, 0.999708890914917, 0.9997082948684692, 0.9997067451477051], "energy_samples": [-0.7100560048931336, -0.7373933008474335, -0.9866995750913302, -0.6793044108316281, -0.9952330243599186, -0.9175289389701192, -0.9950672712236484, -0.7102431187093291, -0.9952009247098266, -0.9951969419023385, -0.7102431187093291, -0.9952009247098266, -0.7044347714468061, -0.9693191944073696, -0.9886580610523931, -0.9952009247098266, -0.9951968804008364, -0.9951968804008364, -0.9950672712236484, -0.9952009247098266, -0.9952873066838634, -0.9952009247098266, -0.9707888951797382, -0.9935703603525089, -0.9952009247098266, -0.9951686817277543, -0.6941795155251501, -0.9950428950227137, -0.9952009247098266, -0.9948719216231396, -0.9938303212719456, -0.9938303212719456, -0.9707322130400116, -0.9936449849317823, -0.7102431187093291, -0.9942710689145795, -0.9910738709815509, -0.9952009247098266, -0.9952009247098266, -0.950378132301835, -0.9952009247098266, -0.9952009247098266, -0.7030977122206394, -0.9909392301410047, -0.7102431187093291, -0.989597113711519, -0.8399644041462428, -0.6942749116879947, -0.9952009247098266, -0.9952009247098266, -0.9952009247098266, -0.9707528909897518, -0.7054096237857175, -0.9952009247098266, -0.9947626351042268, -0.9942622815350429, -0.9952009247098266, -0.6820461143198885, -0.9119839993664418, -0.9952009247098266, -0.9952009247098266, -0.9935703603525089, -0.9952009247098266, -0.9953531444921546, -0.9897903707341753, -0.9952009247098266, -0.9952009247098266, -0.9943625448727921, -0.9952009247098266, -0.9952009247098266, -0.9950378486870478, -0.9952009247098266, -0.9821867291721025, -0.7923431433823932, -0.7157620177360831, -0.9952009247098266, -0.9927341784043929, -0.6846705700175081, -0.9951968804008364, -0.9951968804008364, -0.9779838337324902, -0.9952009247098266, -0.9779972989146238, -0.9942533594652835, -0.8354154179033116, -0.9684771139740671, -0.7033626747754305, -0.9857627180319708, -0.9952009247098266, -0.9947203425940365, -0.9952009247098266, -0.9779465863069383, -0.6934158473120581, -0.9946290380033408, -0.9786445491307622, -0.9941541733635385, -0.9931684942250634, -0.9488681875129313, -0.6999731181579371, -0.7167243808597992],