{"L": 9, "J": 0.12329955564675057, "B": 0.024659911129350114, "K": 3, "init_state": "random computational-basis state", "energy_avg": -0.8296571017398872, "energy_std": 0.15527969390760826, "gsf_avg": 0.5142272547374656, "gsf_std": 0.40457305824828615, "norm_check_samples": [1.000675916671753, 1.0006827116012573, 1.000687837600708, 1.0006768703460693, 1.000681757926941, 1.0006723403930664, 1.0006784200668335, 1.0006873607635498, 1.0006825923919678, 1.0006916522979736, 1.0006847381591797, 1.0006769895553589, 1.0006835460662842, 1.0006943941116333, 1.0006805658340454, 1.0006924867630005, 1.0006943941116333, 1.0006979703903198, 1.0006829500198364, 1.0006760358810425, 1.000686764717102, 1.0006829500198364, 1.0006927251815796, 1.0006762742996216, 1.0006948709487915, 1.0006963014602661, 1.0006872415542603, 1.000686764717102, 1.0006771087646484, 1.000680685043335, 1.000685691833496, 1.0006771087646484, 1.0006953477859497, 1.000685453414917, 1.0006823539733887, 1.0006815195083618, 1.0006744861602783, 1.0006972551345825, 1.0006802082061768, 1.0006916522979736, 1.000686764717102, 1.000689148902893, 1.0006777048110962, 1.000702142715454, 1.0006778240203857, 1.000684142112732, 1.0006840229034424, 1.0006850957870483, 1.0006910562515259, 1.0006839036941528, 1.0006972551345825, 1.000677466392517, 1.0006895065307617, 1.0006966590881348, 1.0006767511367798, 1.0006824731826782, 1.0006951093673706, 1.0006753206253052, 1.000676155090332, 1.0006850957870483, 1.0006901025772095, 1.0006896257400513, 1.0006771087646484, 1.000692367553711, 1.0006874799728394, 1.0006849765777588, 1.000695824623108, 1.0007044076919556, 1.0006945133209229, 1.0006855726242065, 1.0006823539733887, 1.0007078647613525, 1.0007010698318481, 1.0006812810897827, 1.000685691833496, 1.0006909370422363, 1.000689148902893, 1.0006822347640991, 1.0006864070892334, 1.0006897449493408, 1.0006834268569946, 1.000686764717102, 1.000688076019287, 1.0006884336471558, 1.0007070302963257, 1.0006932020187378, 1.0006858110427856, 1.0006837844848633, 1.0006965398788452, 1.0006704330444336, 1.0006778240203857, 1.0006877183914185, 1.0006895065307617, 1.0006844997406006, 1.0007001161575317, 1.0007033348083496, 1.0007070302963257, 1.0006965398788452, 1.0006859302520752, 1.000671625137329, 1.000697135925293, 1.000683307647705, 1.0006959438323975, 1.000693440437317, 1.000691294670105, 1.0006967782974243, 1.0007015466690063, 1.0007096529006958, 1.0006893873214722, 1.000680923461914, 1.0006890296936035, 1.00068998336792, 1.0007071495056152, 1.000678539276123, 1.0006871223449707, 1.0007022619247437, 1.000701904296875, 1.0006707906723022, 1.0006991624832153, 1.0006929636001587, 1.0007011890411377, 1.000712513923645, 1.0006959438323975, 1.0006991624832153, 1.000677466392517, 1.000689148902893, 1.0006991624832153, 1.0006853342056274, 1.0006873607635498, 1.0006760358810425, 1.0007084608078003, 1.0006991624832153, 1.0006963014602661, 1.0007023811340332, 1.0006935596466064, 1.0007096529006958, 1.0006763935089111, 1.0006927251815796, 1.0007036924362183, 1.000693678855896, 1.0007096529006958, 1.0007089376449585, 1.0007017850875854, 1.0006840229034424, 1.0006991624832153, 1.0006991624832153, 1.0007096529006958, 1.0006929636001587, 1.0006980895996094, 1.0006859302520752, 1.0006886720657349, 1.0007096529006958, 1.0006974935531616, 1.0006965398788452, 1.0006879568099976, 1.0006858110427856, 1.0006779432296753, 1.0006862878799438, 1.0006858110427856, 1.0006787776947021, 1.000695824623108, 1.0006897449493408, 1.000707745552063, 1.0006991624832153, 1.0006780624389648, 1.0006850957870483, 1.0006991624832153, 1.0006921291351318, 1.0006946325302124, 1.0006886720657349, 1.00068998336792, 1.0006821155548096, 1.0007022619247437, 1.0006991624832153, 1.0006828308105469, 1.00068998336792, 1.0006945133209229, 1.0006903409957886, 1.0007096529006958, 1.0006989240646362, 1.0006835460662842, 1.0007096529006958, 1.0007096529006958, 1.0006904602050781, 1.0007041692733765, 1.0006792545318604, 1.0006824731826782, 1.0006945133209229, 1.0007096529006958, 1.000685214996338, 1.0006848573684692, 1.000693678855896, 1.0006866455078125, 1.0006991624832153, 1.000707745552063, 1.0007038116455078, 1.00068998336792, 1.0007096529006958, 1.0006858110427856, 1.0006943941116333], "energy_samples": [-0.989011709680521, -0.975475968849057, -0.8982291952427767, -0.7921105462322859, -0.8725533430424857, -0.7784891380402964, -0.7003918122220647, -0.9912557047488842, -0.7850835991829702, -0.7285742314831143, -0.7766586335874858, -0.7852490217619706, -0.9863200770420817, -0.7488525066200634, -0.8320231504898559, -0.6329050690275452, -0.9763148469715647, -0.5037591908403168, -0.9921334860839454, -0.8546941241622312, -0.9350924734451762, -0.9646941610012296, -0.7929279881121267, -0.9921334860839454, -0.5804155452168468, -0.7325196359712177, -0.9921334860839454, -0.6120821505054374, -0.72325571479242, -0.5810433589613373, -0.9849317865917948, -0.9921334860839454, -0.9426156953327028, -0.9867273631118015, -0.7461157970803297, -0.9912557047488842, -0.5277717360985299, -0.5996483977232907, -0.9891004058655823, -0.7919041276864617, -0.9912557047488842, -0.9818571360614482, -0.9833500158323598, -0.7462081227934809, -0.9921334860839454, -0.9921334860839454, -0.9912557047488842, -0.7084546309829872, -0.9825996842661806, -0.7084446580995469, -0.7083251878185839, -0.9912557047488842, -0.991382602525376, -0.9333761812017266, -0.7476032997433368, -0.7465013678259511, -0.525976606694095, -0.8505062211908, -0.7294554929026442, -0.5225303078360042, -0.7376908593836399, -0.7484252068063201, -0.9808825738417949, -0.9921334860839454, -0.42988784284733267, -0.7870057477699854, -0.9921334860839454, -0.6354589572092413, -0.7449397342446811, -0.6901934260175242, -0.8217793786287638, -0.5754920859706054, -0.9657056401300522, -0.9921334860839454, -0.6660862025241776, -0.7489981633182823, -0.9063061985676236, -0.7674139628744837, -0.9912557047488842, -0.9916467189540148, -0.7390363750340155, -0.9912557047488842, -0.9912557047488842, -0.5691508929873791, -0.9461640599002488, -0.5937156168268236, -0.6363314745704937, -0.98034596854759, -0.9912557047488842, -0.6071720466000881, -0.9912783592103145, -0.7606555865416781, -0.7321615096106573, -0.9921334860839454, -0.9808825738417949, -0.9909825502793812, -0.761982112679158, -0.9912557047488842, -0.8560730923726508, -0.8138593298201305],