{"L": 9, "J": 0.09001252049949561, "B": 0.09001252049949561, "K": 3, "init_state": "random computational-basis state", "energy_avg": -0.83801766028485, "energy_std": 0.12349922253851772, "gsf_avg": 0.3951090106865383, "gsf_std": 0.4228510530981687, "norm_check_samples": [1.0018976926803589, 1.0019325017929077, 1.0019135475158691, 1.0019049644470215, 1.0019097328186035, 1.0018956661224365, 1.00191068649292, 1.001916527748108, 1.0019526481628418, 1.0019261837005615, 1.0019338130950928, 1.0019346475601196, 1.0019220113754272, 1.0019062757492065, 1.0019129514694214, 1.0019296407699585, 1.0019199848175049, 1.0019272565841675, 1.0019111633300781, 1.0019094944000244, 1.0019022226333618, 1.0019153356552124, 1.001938819885254, 1.0019035339355469, 1.0019148588180542, 1.001908779144287, 1.0018973350524902, 1.0019084215164185, 1.0019198656082153, 1.0019036531448364, 1.0019328594207764, 1.0019111633300781, 1.0019185543060303, 1.001906156539917, 1.001908302307129, 1.0019124746322632, 1.001913070678711, 1.0019079446792603, 1.0018974542617798, 1.0018974542617798, 1.0019283294677734, 1.0019288063049316, 1.0018984079360962, 1.0019302368164062, 1.0019129514694214, 1.0018996000289917, 1.0019084215164185, 1.0019102096557617, 1.0019117593765259, 1.0019134283065796, 1.0019193887710571, 1.0019043684005737, 1.001940369606018, 1.0019320249557495, 1.0019007921218872, 1.0019125938415527, 1.0019112825393677, 1.0018949508666992, 1.0019196271896362, 1.0018963813781738, 1.0019073486328125, 1.0018956661224365, 1.001906156539917, 1.001899003982544, 1.0019210577011108, 1.0019025802612305, 1.0019177198410034, 1.0019183158874512, 1.0019186735153198, 1.0019174814224243, 1.001912236213684, 1.0019309520721436, 1.001909613609314, 1.0018935203552246, 1.0018998384475708, 1.0019030570983887, 1.001921534538269, 1.0019099712371826, 1.0019054412841797, 1.0019270181655884, 1.0019077062606812, 1.0019112825393677, 1.0019093751907349, 1.0019320249557495, 1.0019230842590332, 1.0019315481185913, 1.0019015073776245, 1.00191330909729, 1.0019112825393677, 1.0019091367721558, 1.0019112825393677, 1.0019041299819946, 1.001907229423523, 1.0019183158874512, 1.0019252300262451, 1.00193452835083, 1.001908540725708, 1.0018994808197021, 1.0018972158432007, 1.0019052028656006, 1.0019444227218628, 1.0018963813781738, 1.0019145011901855, 1.0018895864486694, 1.0019192695617676, 1.0018996000289917, 1.0019261837005615, 1.0019296407699585, 1.0019055604934692, 1.0019069910049438, 1.0018887519836426, 1.0019301176071167, 1.0019351243972778, 1.0019166469573975, 1.0018945932388306, 1.0018892288208008, 1.0019100904464722, 1.001894474029541, 1.0018996000289917, 1.0019158124923706, 1.0019012689590454, 1.0018938779830933, 1.0019336938858032, 1.001900553703308, 1.00191068649292, 1.001909852027893, 1.0018963813781738, 1.001903772354126, 1.001896858215332, 1.0019208192825317, 1.0019029378890991, 1.0019075870513916, 1.0019062757492065, 1.0019292831420898, 1.0019123554229736, 1.001896619796753, 1.0018967390060425, 1.001893401145935, 1.001894235610962, 1.0019081830978394, 1.0019110441207886, 1.0019396543502808, 1.0019240379333496, 1.0019041299819946, 1.0019252300262451, 1.0019004344940186, 1.0019177198410034, 1.0019224882125854, 1.001914620399475, 1.0018973350524902, 1.001909613609314, 1.0019115209579468, 1.001909613609314, 1.0018959045410156, 1.0018980503082275, 1.0019080638885498, 1.0019117593765259, 1.0019004344940186, 1.001922607421875, 1.0018941164016724, 1.001924991607666, 1.0018943548202515, 1.0019031763076782, 1.001907229423523, 1.0019372701644897, 1.0019261837005615, 1.0019171237945557, 1.001916766166687, 1.001931071281433, 1.0019162893295288, 1.0019055604934692, 1.0018985271453857, 1.0019073486328125, 1.0019041299819946, 1.0019054412841797, 1.0019036531448364, 1.0019054412841797, 1.0019086599349976, 1.0019229650497437, 1.001934289932251, 1.0018928050994873, 1.001893162727356, 1.0019129514694214, 1.0018928050994873, 1.0019012689590454, 1.0019201040267944, 1.0019114017486572, 1.0019240379333496, 1.0019042491912842, 1.0019053220748901, 1.001923680305481, 1.0018950700759888, 1.0019233226776123, 1.0018903017044067, 1.0019179582595825, 1.0019184350967407, 1.001904845237732, 1.001908302307129, 1.0019193887710571, 1.001921534538269], "energy_samples": [-0.6483961505029657, -0.9909812258427397, -0.9697708442253148, -0.9671026111270565, -0.841412293060418, -0.8101566069035478, -0.6456355129247032, -0.8079330775653726, -0.9676494942016503, -0.9204125972358677, -0.9939105137646678, -0.7228143998956696, -0.5395824989686014, -0.5870172304705512, -0.990835381812774, -0.9951174244445506, -0.9480585588927416, -0.9600611011585626, -0.9939487645261472, -0.8650798805763433, -0.7557704958720556, -0.85197283948761, -0.701579556334223, -0.9665536005815688, -0.8205824445812318, -0.9496879945800096, -0.9858896708754985, -0.9808960011248707, -0.9845289930705841, -0.8325468030876615, -0.7684031774298353, -0.8445608420516474, -0.9473918835412184, -0.5960868785518069, -0.7455116726638672, -0.982129129118328, -0.9628596856154507, -0.9858307888595419, -0.8697090358376631, -0.9595941380698197, -0.8568353594408288, -0.6136380980561321, -0.7351443908505447, -0.7818597482117434, -0.6882652688641253, -0.8111709213366618, -0.8321485649584325, -0.74764369030727, -0.690359604669942, -0.9855524214522078, -0.892533992811468, -0.7750289921978596, -0.8403434679645834, -0.7749777539754178, -0.8985425282381381, -0.906857029910666, -0.8413146360205088, -0.8809166956892303, -0.6053559998146636, -0.9891816820185168, -0.7707027630723299, -0.991559686234138, -0.837050254112427, -0.8702496928213109, -0.5837083495710048, -0.6844787624667725, -0.8835923904573388, -0.7654020035553752, -0.5500478052072957, -0.8841151333902355, -0.8433599669451671, -0.9139603848089638, -0.8949812877338812, -0.9712672414156353, -0.829021729004485, -0.7720876676240148, -0.8641383856852085, -0.9192642976073501, -0.7626983276275049, -0.7409961634963996, -0.991431611956967, -0.9903833294233043, -0.8024010736375203, -0.9914551981176222, -0.8888305678927622, -0.7146700199648269, -0.7939779391203602, -0.8886407812120584, -0.9169629114024208, -0.7739811832245435, -0.6859631834778461, -0.990218943070705, -0.6449241502569515, -0.9940621735117209, -0.7317062031495867, -0.8368205088371136, -0.9290271077797349, -0.7593723487161568, -0.7306608629401561, -0.6079609917321452],