{"L": 9, "J": 0.12329955564675057, "B": 0.024659911129350114, "K": 5, "init_state": "random computational-basis state", "energy_avg": -0.865928576890835, "energy_std": 0.14739964512884, "gsf_avg": 0.6221671695518288, "gsf_std": 0.40087323168509503, "norm_check_samples": [1.000883936882019, 1.000864028930664, 1.0008794069290161, 1.000894546508789, 1.0008186101913452, 1.0008450746536255, 1.000851035118103, 1.0009022951126099, 1.0008504390716553, 1.000839352607727, 1.0009105205535889, 1.0009037256240845, 1.0009366273880005, 1.0008399486541748, 1.0009198188781738, 1.0008659362792969, 1.000954508781433, 1.0008896589279175, 1.0008472204208374, 1.0008808374404907, 1.0008891820907593, 1.000907063484192, 1.000875473022461, 1.00086510181427, 1.0008331537246704, 1.00081205368042, 1.000864863395691, 1.0008405447006226, 1.0008561611175537, 1.0009254217147827, 1.0008176565170288, 1.0008794069290161, 1.0008916854858398, 1.0008413791656494, 1.0008935928344727, 1.0008533000946045, 1.0008684396743774, 1.0008198022842407, 1.0009063482284546, 1.000885248184204, 1.000874638557434, 1.000850796699524, 1.0008111000061035, 1.0009101629257202, 1.0009092092514038, 1.0008655786514282, 1.000911831855774, 1.0009119510650635, 1.000880241394043, 1.0008267164230347, 1.0009242296218872, 1.000915765762329, 1.0008635520935059, 1.000882625579834, 1.000810146331787, 1.0009115934371948, 1.0008963346481323, 1.0008876323699951, 1.0008015632629395, 1.0008662939071655, 1.0008670091629028, 1.0009124279022217, 1.0008628368377686, 1.0008437633514404, 1.0008549690246582, 1.0008410215377808, 1.0008859634399414, 1.0009199380874634, 1.0008749961853027, 1.0009329319000244, 1.0008656978607178, 1.000863790512085, 1.0008963346481323, 1.00090491771698, 1.0009256601333618, 1.000860333442688, 1.000902533531189, 1.0008641481399536, 1.0009255409240723, 1.0008944272994995, 1.0009129047393799, 1.0009430646896362, 1.0008784532546997, 1.000854730606079, 1.0009011030197144, 1.0008951425552368, 1.0008900165557861, 1.0008795261383057, 1.0008465051651, 1.0008798837661743, 1.0008858442306519, 1.0009022951126099, 1.000828504562378, 1.0008869171142578, 1.0008783340454102, 1.0008913278579712, 1.0009163618087769, 1.0008991956710815, 1.0009018182754517, 1.0008270740509033, 1.000811219215393, 1.0008490085601807, 1.0008563995361328, 1.000798225402832, 1.0008143186569214, 1.000832200050354, 1.000806212425232, 1.0008232593536377, 1.0008533000946045, 1.0008659362792969, 1.0008667707443237, 1.0008584260940552, 1.0008201599121094, 1.0009146928787231, 1.0008255243301392, 1.0007967948913574, 1.0009278059005737, 1.0008641481399536, 1.0008702278137207, 1.0008691549301147, 1.0008612871170044, 1.0008667707443237, 1.0008020401000977, 1.000859022140503, 1.0008620023727417, 1.0007998943328857, 1.0008456707000732, 1.0008856058120728, 1.0008143186569214, 1.0008938312530518, 1.0008972883224487, 1.000802993774414, 1.0008453130722046, 1.000846266746521, 1.0008411407470703, 1.0008409023284912, 1.0008188486099243, 1.0008043050765991, 1.0008481740951538, 1.0008729696273804, 1.0007914304733276, 1.0008469820022583, 1.0008265972137451, 1.0008310079574585, 1.0008457899093628, 1.000879168510437, 1.0008107423782349, 1.0008289813995361, 1.0009227991104126, 1.000807762145996, 1.000888466835022, 1.0008165836334229, 1.0008069276809692, 1.0008257627487183, 1.0008333921432495, 1.0008515119552612, 1.0008007287979126, 1.0008870363235474, 1.0008407831192017, 1.0008710622787476, 1.0008745193481445, 1.0008611679077148, 1.000851035118103, 1.0008591413497925, 1.0008879899978638, 1.0008885860443115, 1.0008735656738281, 1.000799536705017, 1.0008103847503662, 1.00089430809021, 1.0008021593093872, 1.0008273124694824, 1.0008320808410645, 1.0008336305618286, 1.0008692741394043, 1.0008063316345215, 1.0008128881454468, 1.0008296966552734, 1.0008671283721924, 1.0008598566055298, 1.000827431678772, 1.000855565071106, 1.000802993774414, 1.0008108615875244, 1.0008158683776855, 1.000815987586975, 1.000810146331787, 1.0008659362792969, 1.0008856058120728, 1.0008265972137451, 1.0008682012557983, 1.000839114189148, 1.0008174180984497, 1.0008903741836548, 1.000892162322998, 1.0008851289749146, 1.0008758306503296, 1.0008463859558105, 1.0008392333984375, 1.0008000135421753], "energy_samples": [-0.9931619824466712, -0.966548383214856, -0.7242145619914597, -0.9928270619800639, -0.9924659365382226, -0.6164932741250919, -0.9935751204088416, -0.9935674518733992, -0.9595326946117123, -0.6468550285403527, -0.8320922278148807, -0.9812014078664338, -0.993743267518806, -0.6171545424375334, -0.9943345791517214, -0.99312982369876, -0.49002998163167777, -0.8658160293252855, -0.6407033570306222, -0.7615801309280438, -0.6759742633596978, -0.9015122748795619, -0.9858843008425662, -0.928441420447055, -0.6583730234831227, -0.9923584834375104, -0.9778457268282805, -0.8451977916028977, -0.9909740441156117, -0.6829149141328327, -0.7866767315806831, -0.9942337122487608, -0.9516830106869894, -0.7642593810276014, -0.67061689743028, -0.7656787378798591, -0.9935104129531661, -0.9942714363950068, -0.9828101316966632, -0.5603219816944478, -0.9914550526529704, -0.5103337711727254, -0.9935849182298506, -0.9885188269110091, -0.8750964433372527, -0.6776598201112538, -0.993903583238274, -0.7419037028034192, -0.5723413908950654, -0.9933197444196309, -0.6306119930793695, -0.9925616096839126, -0.9928395450273115, -0.993624113525282, -0.9856210229250704, -0.7286004284692027, -0.9924871775096612, -0.6853697209292315, -0.6565426609775884, -0.7814159551318048, -0.9684017909786632, -0.9454433789438903, -0.9176144333571418, -0.982688816313572, -0.6780577764368251, -0.6097878380389845, -0.853772880599347, -0.9932675360234393, -0.9943120796642658, -0.6499081876719113, -0.9929073541369299, -0.7418679900105416, -0.9935928194563804, -0.9936214593110996, -0.9188179185978926, -0.9944309749763065, -0.9937976571885732, -0.9948263184805285, -0.7483558612168305, -0.7874771014409456, -0.9925601203147015, -0.9140051093437106, -0.755469302007649, -0.9922462813235813, -0.9941709101235204, -0.9955740695052662, -0.9936289873068533, -0.9813759286357452, -0.7827144530698215, -0.9907137114132021, -0.9408530950603745, -0.9935744160092032, -0.9006651402145577, -0.7612009959100535, -0.6557124483440041, -0.7128388225517062, -0.7651538618415262, -0.9900217170552144, -0.8034544364866875, -0.9936167088351375],