{"L": 10, "J": 0.01982125929328925, "B": 0.09910629646644625, "K": 10, "init_state": "random computational-basis state", "energy_avg": -0.9865352341346083, "energy_std": 0.023624096957060692, "gsf_avg": 0.9380219018889924, "gsf_std": 0.11185613995858948, "norm_check_samples": [0.9913734197616577, 0.9914892911911011, 0.9915277361869812, 0.9914697408676147, 0.9915019273757935, 0.9915036559104919, 0.9914202094078064, 0.9915193915367126, 0.9914590120315552, 0.9914900660514832, 0.991482675075531, 0.9914754033088684, 0.9914634823799133, 0.9915006160736084, 0.9914360642433167, 0.99144047498703, 0.9915233850479126, 0.991449773311615, 0.9914595484733582, 0.9914369583129883, 0.9913843870162964, 0.9913588166236877, 0.9914433360099792, 0.9914801716804504, 0.9914631843566895, 0.9915457367897034, 0.9914893507957458, 0.991438627243042, 0.9915286302566528, 0.9914432168006897, 0.9914517402648926, 0.9915077686309814, 0.9915378093719482, 0.9914763569831848, 0.9915004372596741, 0.9914752840995789, 0.9914982914924622, 0.9914917349815369, 0.9915724992752075, 0.9913747310638428, 0.9915086030960083, 0.9914883971214294, 0.9914298057556152, 0.9914966225624084, 0.9914534091949463, 0.9914606213569641, 0.9914065003395081, 0.9913976192474365, 0.9914578199386597, 0.9915003776550293, 0.9915887117385864, 0.9915391206741333, 0.9914533495903015, 0.9914570450782776, 0.9913657903671265, 0.9914252161979675, 0.9914642572402954, 0.9914464354515076, 0.9915474057197571, 0.9914972186088562, 0.9914353489875793, 0.9914577603340149, 0.9914575815200806, 0.9915875792503357, 0.9913700222969055, 0.9914902448654175, 0.991402268409729, 0.9914414882659912, 0.9914700984954834, 0.9914840459823608, 0.9915088415145874, 0.9915920495986938, 0.9914801120758057, 0.991522490978241, 0.9915333390235901, 0.9914635419845581, 0.9914634227752686, 0.991547167301178, 0.9914435744285583, 0.9915871024131775, 0.9914623498916626, 0.9914950728416443, 0.9914785027503967, 0.991513192653656, 0.9914602041244507, 0.9914517998695374, 0.991432249546051, 0.9914746284484863, 0.9914389848709106, 0.9914443492889404, 0.9914075136184692, 0.991573691368103, 0.9914920926094055, 0.9914101362228394, 0.9914444088935852, 0.9914028644561768, 0.9914553761482239, 0.9914892911911011, 0.991459310054779, 0.9914922118186951], "energy_samples": [-0.9933201379072756, -0.9977902516453168, -0.9986449406844895, -0.9974258202822079, -0.9959759057220836, -0.9943700258554823, -0.9752839164967174, -0.9969842761707673, -0.9758574709707024, -0.996916285429268, -0.9979215909034338, -0.9579050182980962, -0.994535575444251, -0.9894193683196915, -0.9963082012439198, -0.9756616377170295, -0.9940321701679936, -0.9995420960011285, -0.9695390063071593, -0.9992508210587535, -0.9670133320507955, -0.9841434152644969, -0.9984905503818369, -0.9933998512063815, -0.9937115194623722, -0.972561781064378, -0.9948765120270747, -0.9972823572915359, -0.9981819039452756, -0.9950511824014878, -0.9870856888368271, -0.9734861246889999, -0.9986808400110372, -0.9972980480821078, -0.9980629669404528, -0.999625516899452, -0.9144384149340318, -0.997248120602132, -0.9614381999053934, -0.9953060266167171, -0.9947312515158514, -0.9972737838908505, -0.9809377373397079, -0.9960728312053614, -0.8999135164854601, -0.9980663663217761, -0.9945767195630195, -0.9968840507864539, -0.9898277411424857, -0.9799722382660909, -0.8497148457661485, -0.9953539501802434, -0.9992721170847197, -0.9801816305941962, -0.999281923485113, -0.9978570054508941, -0.9988765743444478, -0.9988783695562886, -0.9961011369923071, -0.9884577452574397, -0.9944674024063542, -0.9989283118752075, -0.968870873492956, -0.9983714092649546, -0.9873583585675043, -0.999403333218088, -0.9958952079778107, -0.9063451145162021, -0.9941009166154544, -0.9984743517202814, -0.991019747107925, -0.9969882180200632, -0.9973434840863428, -0.9904017406916369, -0.9885918498517708, -0.9994639292503895, -0.9994778572873122, -0.9991094376157028, -0.9985889097615194, -0.994118616451209, -0.9983367436153219, -0.9839028077040544, -0.9968153489615994, -0.9922588378260067, -0.9931122379141928, -0.9990395662019832, -0.9978546338241904, -0.9993644552463663, -0.9980925781974443, -0.9826294809228812, -0.9813578362380044, -0.9153839978871138, -0.960789618872343, -0.9501907337533582, -0.9932339083913927, -0.987494215899796, -0.999555590724383, -0.9981859540766406, -0.9987072608192532, -0.9836001321384014], "gsf_samples": [0.9680695679402955, 0.9909884511842567, 0.9946713783730308, 0.9888633182613855, 0.9820711708006792, 0.9728346405597701, 0.8893257319297672, 0.9876232115836611, 0.8866158153402608, 0.9868357112566607, 0.9918256929214142, 0.793281410260596, 0.9770720002043152, 0.9496393573148744, 0.9843987192423098, 0.8951213853550699, 0.9734668869896915, 0.9985441745980662, 0.857416571525294, 0.9973704787091634, 0.8615872594660751, 0.9294588546687111, 0.9940154765811133, 0.9703477774862188, 0.9725497245416296, 0.8659839407403436, 0.9786956489556409, 0.9887054017098655, 0.9951896780387316, 0.9772590713510194, 0.9385798858317869, 0.8753454514862323, 0.9947283841571265, 0.9890606491288756, 0.9918733565714232, 0.99885589151995, 0.5948601663075009, 0.9871944199631588, 0.8038030512704404, 0.9798922261181464, 0.9745221563570485, 0.9884960571601964, 0.9093641061496687, 0.9830478861743259, 0.5737145187324968, 0.9922758609655626, 0.9766623533268439, 0.9865096061764564, 0.9578847809269421, 0.9021505685401131, 0.2631517190709072, 0.9778791482440565, 0.9972849277561519, 0.9058008464456612, 0.997320321143862, 0.9901935126302297, 0.9962526949234056, 0.9952365869317418, 0.9831920386011939, 0.947928267963716, 0.9760261738063859, 0.9958749445277052, 0.8557529555215547, 0.9935978874891535, 0.9525313414498241, 0.9983404987670337, 0.98187944227501, 0.5832101052686243, 0.9737776258898665, 0.9938958744573103, 0.958218681526002, 0.986422973609002, 0.9890263554274298, 0.9532051392604329, 0.957307174649937, 0.9982645188970624, 0.9982763470379211, 0.9968681553949136, 0.9942434819299825, 0.9750186357471756, 0.9931791947301785, 0.9246505936490385, 0.9861218456559139, 0.9642397635582217, 0.967334894927355, 0.9962328916885692, 0.990553854353064, 0.9979183913234179, 0.9925568324626584, 0.9190613690091896, 0.9170318269599188, 0.5764524155341341, 0.8211293664141952, 0.765173752236874, 0.9696007165249441, 0.9459202474297345, 0.9987106358678823, 0.9923849829014978, 0.9947636142771431, 0.9245447379978357]}