{"L": 10, "J": 0.0807657236752511, "B": 0.0807657236752511, "K": 10, "init_state": "random computational-basis state", "energy_avg": -0.9803576638107963, "energy_std": 0.043024782886609055, "gsf_avg": 0.8139448631782495, "gsf_std": 0.35245213611245835, "energy_samples": [-1.0027630411475144, -1.0036712853814402, -0.9110087742756392, -0.9275968241967483, -1.0022475548246788, -0.9962617806011297, -1.0017751788607692, -0.9976484182671383, -1.0005225611360182, -1.0026562315338687, -1.00010055938246, -1.0016398644798965, -0.9968223915805008, -1.0023127791722226, -0.9971808426832648, -0.8783571973526537, -0.8362044375612766, -1.0035507355566358, -0.9005614357803116, -1.0023117162463422, -1.0030925638181705, -1.0032163591606105, -0.9959998718345454, -0.8799671745559414, -0.9115416916549719, -0.9283507479127086, -1.0013272266651292, -0.99903633963962, -0.9188131420105379, -1.0028279002653973, -1.0031527337317672, -1.0034064075385243, -1.0020919745864116, -0.9518927108292297, -0.9022068660024058, -0.9960251802420268, -0.8918023819353786, -1.002176189212865, -1.0030320017979715, -0.9981636145590691, -1.0021843865182678, -1.002423595143116, -1.0030185404729028, -0.9826350760915601, -1.0029830431975508, -1.0032934342316766, -0.9018695216449575, -1.0030223162037908, -1.0024714155551724, -1.0014953016699684, -0.9983578916763536, -1.0033166085519851, -0.9940527744795078, -0.9426784737295586, -1.003177470862558, -1.0036007771678324, -1.0035978889743755, -1.0023840033795441, -1.0027184787829508, -1.002391011167909, -1.0004797661003555, -0.9892671962109052, -1.0017569906254076, -0.9982830707298023, -1.0010967108249282, -1.0012339791834062, -1.0032569606109052, -0.9702777505246883, -1.00352292413061, -0.991395267096962, -1.0025839211089378, -0.9776236827803196, -0.9078360057455364, -1.0026320961743675, -0.8206081102340333, -0.9947688021944145, -1.0027332641030415, -1.001791810062066, -0.9592418103597034, -1.0030599963559779, -1.002477409906434, -0.8818975796528545, -1.0026680102134358, -1.002623582993531, -0.9862449779819653, -1.0009862287445235, -1.0035296665271716, -1.0018297968389698, -0.9995613804294963, -1.0024787934815027, -0.9602888517057294, -1.0035527544295308, -1.0000468266216695, -1.0028738025331123, -0.9952951620464716, -1.001103457297944, -0.9950576502543137, -0.9992334407751938, -1.0030726211735626, -0.8325055748405183], "gsf_samples": [0.9974347562956682, 1.001872428897606, 0.002289248208280609, 8.036610203464401e-05, 0.9910319738818162, 0.9096610557537542, 0.9924123061959688, 0.9782996531538709, 0.97783602167829, 0.998412986630687, 0.9906591706967383, 0.9935747986807784, 0.9791106609206984, 0.9963756765237486, 0.9686169266383615, 0.002933685483752641, 0.04101764388905707, 1.001677890494712, 0.005993985422851342, 0.990593254498425, 0.9962618641010043, 1.0004287486615087, 0.9260464228246961, 0.40178280602483835, 0.5861607933028476, 7.115811488490717e-05, 0.9831484517509225, 0.9823403107643276, 0.003027934353771923, 0.9985828511465531, 0.9997510218442845, 1.0003220552579475, 0.990581833761834, 0.002948653212326851, 0.5575733934698506, 0.9744915095355391, 1.883202499184862e-06, 0.9967278162744921, 0.9991340263645687, 0.9812197307990352, 0.995667958552085, 0.9966941726934271, 1.0003598243692322, 0.815846913830142, 0.9989654156301213, 1.000231455003548, 0.00017646875015055842, 0.9991373387976824, 0.9955943186017275, 0.9937808636597035, 0.9718546046394559, 1.0003987889513721, 0.9739459596363629, 0.010086860999587308, 0.9954912831006558, 1.0009913992805641, 1.0015650261766145, 0.9968927248523771, 0.9972968181903803, 0.9970804081662513, 0.9876239439246282, 0.9294322960508291, 0.9946077486575459, 0.980547679012902, 0.992827387698558, 0.9902360331634952, 0.9967635143043276, 0.6093173819851814, 1.0005295374899374, 0.8571448891593731, 0.9969688759676371, 0.8550160823400746, 0.0034246445218694284, 0.9924141840441376, 0.0026425550321443106, 0.9461319191874342, 0.9925181762669921, 0.994647789514404, 0.8220853411220981, 0.999425791512418, 0.9966235218829417, 0.0018038688478219037, 0.9978862763116424, 0.9965833215709142, 0.912952945063287, 0.9916858947835989, 1.0012738298680792, 0.9906595487313256, 0.9676672491123027, 0.9902590354547874, 0.7873865532018663, 1.0009131692343158, 0.9748137511862536, 0.9977397531439871, 0.9500855626758147, 0.9931610272894527, 0.9570726455108234, 0.9804952995654856, 0.9996660501598009, 0.01890488457819309]}