{"L": 11, "J": 0.09871298654195385, "B": 0.01974259730839077, "K": 3, "init_state": "random computational-basis state", "energy_avg": -0.7355565202760245, "energy_std": 0.13330489381936528, "gsf_avg": 0.254263527699088, "gsf_std": 0.3172032901805724, "norm_check_samples": [0.9998537302017212, 0.9997366666793823, 0.9997894167900085, 0.9997880458831787, 0.9998533129692078, 0.9998146295547485, 0.9998180866241455, 0.9998498558998108, 0.9998371601104736, 0.9998189210891724, 0.9998255968093872, 0.9997450113296509, 0.9997851848602295, 0.9998599290847778, 0.9998072981834412, 0.9997855424880981, 0.9998089075088501, 0.9998720288276672, 0.9997802376747131, 0.9998363852500916, 0.9998487234115601, 0.9998078942298889, 0.9998001456260681, 0.9997985363006592, 0.9998278021812439, 0.999860942363739, 0.9997342824935913, 0.9998283982276917, 0.9997215270996094, 0.9998603463172913, 0.9997555017471313, 0.9998456239700317, 0.9998204708099365, 0.9997885227203369, 0.9998132586479187, 0.999855637550354, 0.9998173713684082, 0.9997861981391907, 0.9998344779014587, 0.9997707605361938, 0.999771773815155, 0.9998418092727661, 0.9998008608818054, 0.9998428821563721, 0.9998164176940918, 0.9998274445533752, 0.9998197555541992, 0.9998468160629272, 0.9998406767845154, 0.9998198747634888, 0.999732255935669, 0.9998459815979004, 0.9997802376747131, 0.9998446702957153, 0.9998179078102112, 0.9997820854187012, 0.9998998641967773, 0.9998295307159424, 0.9998494982719421, 0.9997969269752502, 0.9998651742935181, 0.9998765587806702, 0.9998027682304382, 0.9998080730438232, 0.9997556209564209, 0.9997342824935913, 0.9997960925102234, 0.9997809529304504, 0.999853789806366, 0.9998535513877869, 0.9998257160186768, 0.9998419880867004, 0.9997541904449463, 0.9998115301132202, 0.9998489022254944, 0.9998531341552734, 0.9999120235443115, 0.9998029470443726, 0.9998422861099243, 0.9998612403869629, 0.9998588562011719, 0.99977046251297, 0.9998300075531006, 0.9997844696044922, 0.9998013973236084, 0.9997621774673462, 0.9998010396957397, 0.999769389629364, 0.9998295307159424, 0.9998347759246826, 0.9998385906219482, 0.9997215270996094, 0.9998081922531128, 0.9998342990875244, 0.9998747706413269, 0.9998288154602051, 0.9998073577880859, 0.9998548030853271, 0.999862015247345, 0.999836266040802], "energy_samples": [-0.6571339078626456, -0.9894912433175236, -0.9856157474520777, -0.9201470921577546, -0.690699662027496, -0.7542522771041729, -0.8085213730927177, -0.6573483807889864, -0.5865262250986744, -0.783573473125332, -0.7578146830437059, -0.9807678433321905, -0.784364899950728, -0.6347337997922478, -0.752536089503914, -0.8366671781129588, -0.7800295821487555, -0.5451058048685061, -0.8073591756828372, -0.6017215053784174, -0.7937600109062791, -0.8444746610577218, -0.7633638276432632, -0.6991838817011269, -0.656243355268922, -0.5740068665826046, -0.9875178022496209, -0.6161298707183528, -0.9898749431976454, -0.6732705418154965, -0.7000406356995991, -0.6092502989847223, -0.705209918815323, -0.7913581735416614, -0.8466860722072813, -0.6481611874150145, -0.9209909844025675, -0.7417995492435965, -0.6256573656075795, -0.9360783922786892, -0.967160429180358, -0.6947118091720141, -0.8408870456489828, -0.5650775743200256, -0.6077307556291465, -0.692701929966447, -0.783270222868764, -0.6170829085689649, -0.760405322085983, -0.7897350144246105, -0.8919657353353833, -0.646228247110743, -0.8073591756828372, -0.5459166452518182, -0.7113551150607347, -0.9699361697720805, -0.5655722302182102, -0.768012488492928, -0.5857085999890148, -0.8159480555557189, -0.6036812358686031, -0.5190541478428048, -0.8380425998022569, -0.7792283583210644, -0.956674140399114, -0.9890746764840946, -0.7901292757693553, -0.9281606226868158, -0.6278006580147164, -0.5833334824339831, -0.698396441626273, -0.7386364062731315, -0.7053554583131268, -0.8831366672595129, -0.5761684737836688, -0.7291293902504535, -0.5174024525255081, -0.6999657341408934, -0.730294330805168, -0.6503912314898312, -0.6690319711130968, -0.7749235427908233, -0.6675041700183934, -0.9489476660236359, -0.7826176495777567, -0.9410032041605045, -0.5662727311924548, -0.6488172241229044, -0.7588531592736057, -0.6188302128798773, -0.7147734984467431, -0.9898749431976454, -0.7749574303203544, -0.6463550701616813, -0.5735237750895049, -0.6787189037264079, -0.6294927454996285, -0.4597330075131, -0.5341560388193961, -0.5689755420710955], "gsf_samples": [0.094316547104761, 0.9609966202344856, 0.9481286094259691, 0.7734093779980387, 0.24317738719029425, 0.006968782275096446, 0.49227805677147973, 0.23373342679847128, 0.004815634062252225, 0.16160070920070313, 0.30110069115104693, 0.9423765912249649, 0.0020439686413314243, 0.1004660353936617, 0.06894595281154192, 0.19325133450821746, 0.04509604854043738, 0.017056113250821413, 0.05689946287328858, 0.0019190959738295344, 0.4207489293125362, 0.597253204372383, 0.007179506239202889, 0.003547261273132581, 0.12378029645453222, 0.008855208907817193, 0.9504884060207958, 0.010566794911201823, 0.9627131873984355, 0.2006412622206066, 0.21441333914879537, 0.05968651414198625, 0.20053219840803424, 0.0015315677173098755, 0.6141003030054306, 0.13507138054756837, 0.7854392298750469, 0.0028516889108191725, 0.04961341940357021, 0.7207836616444209, 0.8921580983095452, 0.025916311151757247, 0.5753514900149279, 0.04611479648905031, 0.02622437090791656, 0.1575618477082292, 0.20855285527062442, 0.08063772226954137, 0.13842178706915229, 0.025953107480154985, 0.4753099947846275, 0.046172821376120284, 0.05689946287328858, 0.0059184876457867444, 0.0035771844421610224, 0.919057728236431, 0.08526010532260678, 0.42438646303023675, 0.010449323703126814, 0.5438059715522287, 0.021464090626711518, 0.0042699946833142455, 0.41129332545700564, 0.11511549997693386, 0.8448216721079498, 0.9619121191969272, 0.4201704678582481, 0.7941806903029374, 0.08300687451873613, 0.0008478951454554284, 0.00877927427523678, 0.016795609279480813, 0.168935918551448, 0.6854296103760843, 0.00913751008586654, 0.09187847143037775, 0.016225949831282248, 0.008311314695012565, 0.015769756288726323, 0.006943759216055416, 0.036732807023958675, 0.42683574986903433, 0.1726075665056561, 0.8613233247860546, 0.020549261428377208, 0.7695943365889822, 0.0004094565324492274, 0.0506522261321627, 0.3782047918429836, 0.031599796790496903, 0.16985284710954418, 0.9627131873984355, 0.02487674788906972, 0.1192974305674334, 0.02151302534004078, 0.20146076095069404, 0.005431113147586869, 0.0003132147031626119, 0.005011367284870937, 0.015976219132182203]}