{"L": 12, "J": 0.08976334678684839, "B": 0.017952669357369676, "K": 5, "init_state": "random computational-basis state", "energy_avg": -0.8207698303484464, "energy_std": 0.13403880865530107, "gsf_avg": 0.40166881434907276, "gsf_std": 0.3765065225185511, "norm_check_samples": [1.0014010667800903, 1.0013538599014282, 1.0013842582702637, 1.0013470649719238, 1.001328706741333, 1.0013521909713745, 1.0014046430587769, 1.0013607740402222, 1.0013378858566284, 1.0013542175292969, 1.001357078552246, 1.0013766288757324, 1.001346230506897, 1.001338243484497, 1.0013514757156372, 1.0013364553451538, 1.0012942552566528, 1.001326084136963, 1.0013889074325562, 1.0013810396194458, 1.0013214349746704, 1.0013328790664673, 1.0013763904571533, 1.0014113187789917, 1.0013593435287476, 1.0013246536254883, 1.0014029741287231, 1.0014057159423828, 1.0013558864593506, 1.0013233423233032, 1.0013271570205688, 1.0013141632080078, 1.0013518333435059, 1.0013633966445923, 1.0013453960418701, 1.0013258457183838, 1.0013623237609863, 1.0012876987457275, 1.0013446807861328, 1.0013295412063599, 1.001349925994873, 1.001371145248413, 1.001348614692688, 1.0013649463653564, 1.0013682842254639, 1.0013562440872192, 1.0013378858566284, 1.00136399269104, 1.0013461112976074, 1.0013798475265503, 1.0013419389724731, 1.0013179779052734, 1.0013511180877686, 1.001367449760437, 1.0013583898544312, 1.0013877153396606, 1.001360297203064, 1.0013327598571777, 1.0013480186462402, 1.0013715028762817, 1.00132155418396, 1.0013573169708252, 1.0013561248779297, 1.00138258934021, 1.001346468925476, 1.0013692378997803, 1.00135338306427, 1.0013312101364136, 1.00136137008667, 1.0013759136199951, 1.0014194250106812, 1.0013244152069092, 1.0014004707336426, 1.001347303390503, 1.0013586282730103, 1.0013991594314575, 1.0013738870620728, 1.0013585090637207, 1.001356840133667, 1.0013502836227417, 1.0013335943222046, 1.0013372898101807, 1.0013487339019775, 1.0013679265975952, 1.001363754272461, 1.001391887664795, 1.0013282299041748, 1.001375436782837, 1.0013682842254639, 1.0013573169708252, 1.0013542175292969, 1.0013900995254517, 1.0013519525527954, 1.0013542175292969, 1.0013655424118042, 1.0013773441314697, 1.0014015436172485, 1.0013704299926758, 1.0013294219970703, 1.0013463497161865], "energy_samples": [-0.7197174696511528, -0.8275051002904195, -0.7502383520176165, -0.8836354942414374, -0.879227341669663, -0.6140026210178877, -0.509011792730476, -0.8349472028242754, -0.7007945012810103, -0.8000098754565919, -0.9569832422866789, -0.793601406381817, -0.5417862902369422, -0.9751581902804322, -0.6477717023670627, -0.7340746424758119, -0.9461241088351507, -0.9734058279809367, -0.7615992782244031, -0.578483855216363, -0.963176846519575, -0.8293916237893251, -0.844276266600827, -0.8380040599303126, -0.8299111491863346, -0.9819921162727651, -0.7374699978107001, -0.8484820958936746, -0.9233672904364917, -0.9563453675257937, -0.9911621035816351, -0.9938928945969866, -0.8192171041948314, -0.6431777412543379, -0.9892198957832489, -0.8157961025065872, -0.9937450453994189, -0.9781924349707826, -0.7275623478940421, -0.9753102509239338, -0.7482467552842408, -0.842773092172622, -0.8178746962766128, -0.8770480520019723, -0.9943832306042285, -0.7915541414472818, -0.6656632062663196, -0.991408820521839, -0.7208822882464424, -0.7602388695582536, -0.5848483001691933, -0.9850753966891626, -0.9919325499242313, -0.9947960076597455, -0.7088851369108833, -0.8982157716852347, -0.6006987397647715, -0.9769218069308654, -0.8011560331509492, -0.9139214185116812, -0.8172414445196573, -0.7542145263204347, -0.9690452119609817, -0.8210626331351815, -0.7714051425317249, -0.8489578028555954, -0.9664710591351953, -0.9909007499066087, -0.9951450103368031, -0.796752129961464, -0.555321197408407, -0.706153540492467, -0.5494257909916594, -0.9618140334828114, -0.725720214347473, -0.964096056845539, -0.703812089918757, -0.9920792604437356, -0.6944171095380792, -0.7128918798146376, -0.8623143382469713, -0.9899439840366555, -0.6891137981826786, -0.5692290780211737, -0.697557459755166, -0.8654303386457637, -0.7633655132048551, -0.8411974529017603, -0.7839938693762802, -0.8716163278171348, -0.6608539955170635, -0.7555680754193396, -0.6236586181977116, -0.9072394649950819, -0.9331184864805907, -0.6123328688225763, -0.7252297663450482, -0.9952955714564884, -0.9475677061754413, -0.9111340929853614], "gsf_samples": [0.181430652889337, 0.01914576108066748, 0.10675744652503272, 0.5652463287689691, 0.478228296372341, 0.0544256057247001, 0.007332192560751182, 0.15431764182067895, 0.023058651764239345, 0.025527271036947775, 0.8655866225777162, 0.07330616885359621, 0.005678929685647949, 0.9158762580133448, 0.046253488503755574, 0.031301761829175614, 0.8341388083400582, 0.9069903282686008, 0.1641753509779911, 0.01087955951936574, 0.8788137566600004, 0.35590471687640524, 0.08585668289019177, 0.06743703510355945, 0.07845336906929827, 0.9416458377304735, 0.014760851222294124, 0.32749335938067564, 0.7562660262714245, 0.7609287878122333, 0.9600532788039405, 0.9720707877045923, 0.07079481386508013, 0.017251270688837316, 0.956231238099912, 0.46960412321899575, 0.9705245411653507, 0.9201561446562472, 0.1610400004865086, 0.9130353008324426, 0.16904123191231213, 0.08641048562695244, 0.03777526514841387, 0.36558509026435987, 0.9735688932109292, 0.009990669908341259, 0.04494097269866924, 0.9634554703533674, 0.07857958882154054, 0.20474185726046576, 0.0010326953971064277, 0.9501341322205095, 0.9684493859688408, 0.9773956479140685, 0.03189183327451388, 0.6802651125069572, 0.07249500873717994, 0.9085474314045202, 0.25960877805376587, 0.7404555827227012, 0.21240121842703064, 0.2622288769277542, 0.9020312366914184, 0.3772152626377809, 0.23758834660074118, 0.043530926663473836, 0.8798660866184957, 0.9644719048083046, 0.9775541427446551, 0.3770759725153238, 0.02862166659276237, 0.16571779370066445, 0.04531598303089028, 0.8581585322511457, 0.023221993181350885, 0.8601399967653333, 0.08448071437946819, 0.9666827243993705, 0.005891418879736835, 0.22004152124757875, 0.5854768236013661, 0.958892809829918, 0.03028132818546117, 0.025599392099428273, 0.16281421844852376, 0.22566510016742986, 0.01852493303178984, 0.283795260477156, 0.22224890766975858, 0.3934499599959138, 0.033511362273556354, 0.01696770253315007, 0.020269779061343147, 0.7133713081298253, 0.7510252931083238, 0.015464186719196383, 0.25951891165212454, 0.9757645331373903, 0.7543898758380695, 0.5552692488273724]}