{"L": 12, "J": 0.016514967374464822, "B": 0.08257483687232411, "K": 5, "init_state": "random computational-basis state", "energy_avg": -0.9773480622814043, "energy_std": 0.031217154740047135, "gsf_avg": 0.8833295761497233, "gsf_std": 0.16678423107606302, "energy_samples": [-0.9967893816696634, -0.9918388604770072, -0.9893409416290709, -0.9902924208684531, -0.9868410033082098, -0.9886644282912443, -0.9959133964166218, -0.9954220564797673, -0.973576611780436, -0.9816890913263823, -0.9940325926683105, -0.9932582924635596, -0.997251510695009, -0.9886285546936318, -0.9885554013316566, -0.934805717261993, -0.9950720310790002, -0.9962378250757145, -0.9973223214196605, -0.9887953867835839, -0.994843751869202, -0.9930936739290591, -0.99225656478767, -0.9919207229988033, -0.9881091787115124, -0.8903776544105173, -0.953756576477108, -0.9862274743828017, -0.9420946629212292, -0.9896056078464385, -0.9826953840567152, -0.9969400069660472, -0.8961423989053825, -0.9932497187144556, -0.9641778626455983, -0.9915086130549693, -0.9972967241331844, -0.9870056177451426, -0.9458820085384154, -0.9748628830505791, -0.8418166687732649, -0.9979066689441588, -0.9554807164937712, -0.9863880603433954, -0.9583176964119412, -0.9955749706961012, -0.9945671577957844, -0.9241939525002838, -0.9928657180089112, -0.865352084868097, -0.990300616768492, -0.9909735045023514, -0.9596766297126853, -0.9708287239987597, -0.995885401497232, -0.9948805025409031, -0.9982398362619672, -0.9964589954637336, -0.9963967433546534, -0.997329226488955, -0.980657013975238, -0.9970107210576855, -0.995434287186677, -0.9962720448888867, -0.90537269955557, -0.9941850070789302, -0.9957679299947211, -0.9934893451803468, -0.9737598706314764, -0.9027164054681347, -0.9939668340680159, -0.9851161454599091, -0.9874909135662677, -0.9971765627521811, -0.9850369849703458, -0.9957935899876202, -0.9899393049037444, -0.9581316839086796, -0.9958821204336058, -0.9941959173058348, -0.9935423100677414, -0.9136971417452747, -0.9905440734233915, -0.9967646053792457, -0.9917352058379151, -0.9926109805281486, -0.9670239429125091, -0.9595500692307961, -0.993063980498322, -0.9947969208505516, -0.9843571596092657, -0.9976128131686681, -0.8855613914420055, -0.9607137310245579, -0.9919951083225365, -0.9694283602288909, -0.9903701162234911, -0.98863189061035, -0.9945567401320963, -0.9410455172415424], "gsf_samples": [0.9867339575082155, 0.9604396146710281, 0.9454640858067707, 0.9516123197528433, 0.9338360398865746, 0.9409890822612847, 0.9807717144793638, 0.9767867627766769, 0.8601800904681823, 0.9049414393108964, 0.9715769995570628, 0.9670732673301001, 0.9885057003421648, 0.9440720946581426, 0.9419768757535901, 0.6478320745677252, 0.976709666974469, 0.9823317083638656, 0.9881977545259422, 0.9511035326251255, 0.975548544790207, 0.9664638215666992, 0.9632150119285701, 0.9619817109448836, 0.9396950234283368, 0.43626276047980217, 0.7497662454178484, 0.928124358354623, 0.6920105367628584, 0.9487593992864914, 0.9135908355139887, 0.9857993428716133, 0.45485479339355855, 0.9668449255850906, 0.837887942600355, 0.9575601233892541, 0.9885747183119998, 0.934832522329388, 0.7155370926159498, 0.8658658855296181, 0.07172977889637346, 0.9930836238976187, 0.786095632897075, 0.9357530705168928, 0.7751571137110762, 0.9788629725906631, 0.973497685171445, 0.597042056099633, 0.9655390715600192, 0.2933926296908281, 0.9500716918982633, 0.9529217004033992, 0.7867145716867746, 0.8499715754143421, 0.981119743205941, 0.9750602422040905, 0.9923106772901322, 0.9836020386029692, 0.9835203298420898, 0.9896822614066086, 0.8966477811562427, 0.987339617229251, 0.9785544220221334, 0.9826927427209088, 0.5469087097948296, 0.9709745494519565, 0.9805438368766863, 0.967901618117814, 0.864053740259025, 0.4893878890985121, 0.9701242400697412, 0.9231346684735221, 0.9360107703128334, 0.9880046949787912, 0.9220969103293712, 0.9802660660482377, 0.9498611386788826, 0.7817284826446556, 0.9811773218674616, 0.9723635367145445, 0.9692449376382766, 0.6211747058952134, 0.9515625544793733, 0.9855007521096131, 0.9597059107212391, 0.9668268935873157, 0.8306867779627652, 0.7835801225442557, 0.9656058285488787, 0.9741897171698632, 0.9209187634583645, 0.9894194698763581, 0.40757454156526407, 0.7978346355428834, 0.9601297545395509, 0.839771541904235, 0.9529480947405258, 0.9396707380969113, 0.9749470923224844, 0.6724532017161805]}