{"L": 12, "J": 0.08976334678684839, "B": 0.017952669357369676, "K": 10, "init_state": "random computational-basis state", "energy_avg": -0.9158477237621918, "energy_std": 0.10675450229300402, "gsf_avg": 0.6595322968152955, "gsf_std": 0.4084063917138727, "norm_check_samples": [1.0021041631698608, 1.0023020505905151, 1.002295732498169, 1.0023224353790283, 1.0023654699325562, 1.0021486282348633, 1.0022944211959839, 1.002197027206421, 1.0022982358932495, 1.0021684169769287, 1.002177357673645, 1.0022460222244263, 1.0023345947265625, 1.002159595489502, 1.0022016763687134, 1.0021865367889404, 1.0023701190948486, 1.0021288394927979, 1.001997709274292, 1.0023493766784668, 1.0021034479141235, 1.0024080276489258, 1.0023247003555298, 1.0021299123764038, 1.0022428035736084, 1.0022979974746704, 1.0022735595703125, 1.0022187232971191, 1.0021965503692627, 1.0022978782653809, 1.0022238492965698, 1.0022398233413696, 1.0021848678588867, 1.002318263053894, 1.0021663904190063, 1.0020462274551392, 1.0021836757659912, 1.0024149417877197, 1.0021412372589111, 1.0022320747375488, 1.0021432638168335, 1.0021800994873047, 1.002258062362671, 1.002517580986023, 1.002286434173584, 1.0023884773254395, 1.0021783113479614, 1.0022516250610352, 1.0023213624954224, 1.0019686222076416, 1.0021419525146484, 1.002279281616211, 1.0021432638168335, 1.0024583339691162, 1.002242088317871, 1.0021426677703857, 1.0021432638168335, 1.0022081136703491, 1.0024051666259766, 1.0024696588516235, 1.0022728443145752, 1.0023505687713623, 1.002431869506836, 1.002498984336853, 1.0023224353790283, 1.002177357673645, 1.002177357673645, 1.0021432638168335, 1.0023775100708008, 1.002169132232666, 1.0020852088928223, 1.002207636833191, 1.00236177444458, 1.0023729801177979, 1.0023447275161743, 1.0024490356445312, 1.0022598505020142, 1.0021566152572632, 1.0024583339691162, 1.0022058486938477, 1.0021917819976807, 1.0021319389343262, 1.0022180080413818, 1.0024304389953613, 1.0022107362747192, 1.0022125244140625, 1.002371072769165, 1.0021092891693115, 1.0022286176681519, 1.0022763013839722, 1.0021969079971313, 1.001997947692871, 1.0020588636398315, 1.0022591352462769, 1.0022025108337402, 1.0022623538970947, 1.00228750705719, 1.0022186040878296, 1.0023696422576904, 1.0022635459899902], "energy_samples": [-0.8423154811965393, -0.9981944520941861, -0.9870627650929548, -0.9991428159658406, -0.9950032460584685, -0.9989632258252441, -0.9986222987805877, -0.9993672219606146, -0.9934903528013038, -0.9928936592317141, -0.999819176515703, -0.8338657008678414, -0.8399838232103405, -0.9999575849880257, -0.9990938069523762, -0.9995923105232261, -0.9742416305791103, -0.9986703482858014, -0.6765095278392182, -0.9332939475513781, -0.9930506022094634, -0.9970436762581357, -0.9163340230771008, -0.6477578729792856, -0.9992336454369303, -0.6579195096823246, -0.8264994521220261, -0.8117280334572378, -0.684699938744609, -0.7108527598295162, -0.841505764696376, -0.9921605067242275, -0.9996472502512846, -0.8426748513781769, -0.9994432690748429, -0.7149970072987899, -0.9987351776388161, -0.9940457687900791, -0.8273184887422175, -0.8632329286606539, -0.9998169457743779, -0.9986989174678628, -0.8206901692146418, -0.9964668501053318, -0.9875648253983146, -0.9959064100119359, -0.9978151573170555, -0.9895309655613398, -0.8096713901211754, -0.6486535169794283, -0.9925561920653728, -0.9975430098269206, -0.9998169457743779, -0.9751676278290231, -0.7662512504637986, -0.9993795391756629, -0.9998169457743779, -0.999535927310067, -0.9267604109387382, -0.9936451384440277, -0.8685922975055891, -0.7950773145973594, -0.8030942944482921, -0.9215155089346095, -0.9991428159658406, -0.999819176515703, -0.999819176515703, -0.9998169457743779, -0.9099157746964924, -0.9965562884229652, -0.8210359766689015, -0.990922392560844, -0.9073600383352631, -0.9944345277940343, -0.8035145229685702, -0.9418706620192127, -0.8136867097967109, -0.9860183784209124, -0.8477347232075231, -0.983450030087335, -0.9988780548039916, -0.9988411569233243, -0.9818271946996023, -0.9286612134228964, -0.998988157695154, -0.9995134989581602, -0.9929598795240466, -0.9991647172858331, -0.9994943604334596, -0.7803120626589886, -0.9966490862152553, -0.6361601399466839, -0.8202143408348126, -0.9188997729721738, -0.7020117977624053, -0.7584868178326516, -0.968763954334491, -0.810096563780504, -0.7869083386116278, -0.8503116733604815], "gsf_samples": [0.15168801639996002, 0.9855898265605658, 0.9586594562997266, 0.9909439900843819, 0.9784387782603522, 0.9918164279157153, 0.9896419435623816, 0.9913057495998252, 0.9736489168243164, 0.9703371904481973, 0.993348432543584, 0.11507047913475107, 0.2365553693502497, 0.9949973222937836, 0.9911122466867741, 0.9922377477764479, 0.9242874945029049, 0.9902033380052959, 0.000165167619393725, 0.7687773314926113, 0.9710809103188147, 0.9856437955424148, 0.7652191352809676, 0.003014976695765132, 0.9928752664165397, 0.018476360860839213, 0.061899999647235575, 0.00813753180207843, 0.002891970879293752, 0.1912760050884642, 0.4144612685764988, 0.9674025433311495, 0.9925590561318534, 0.20593122629233418, 0.9923837635977703, 0.009914809158846627, 0.9885937873475262, 0.9734886632034232, 0.07021066268709107, 0.5166296848920009, 0.9935107876414088, 0.9907024752513667, 0.09634295580853643, 0.9832496596692485, 0.9468502246247684, 0.9789954169751547, 0.987325199257429, 0.9640563953313778, 0.0016519219785542211, 0.005279270030504928, 0.9700513271261315, 0.9835600203025021, 0.9935107876414088, 0.9187046847886065, 0.11295075928758053, 0.9930996480580158, 0.9935107876414088, 0.9936644007343428, 0.728946276896037, 0.9738297642823996, 0.3455775042676037, 0.039264641628874976, 0.005660042514793105, 0.7399398740820192, 0.9909439900843819, 0.993348432543584, 0.993348432543584, 0.9935107876414088, 0.7027626605210456, 0.9837524197548277, 0.0638823747607433, 0.968069208558093, 0.6952327523732952, 0.9760995627510606, 0.024789547229740593, 0.8207063611475696, 0.02259892304738828, 0.9480017483680289, 0.20211653946861566, 0.935250477023862, 0.9904503399140195, 0.9905451292420927, 0.8973769259447579, 0.7192785033877049, 0.9905860254151272, 0.9935560256066458, 0.9734621009136073, 0.990751295383776, 0.9931579499560287, 0.027908152712345556, 0.9841240683439624, 0.046898572517185905, 0.011527413576683866, 0.5940918016753947, 0.25946773169680126, 0.0010542758641629644, 0.8357933584539664, 0.002699474989618599, 0.2429521773149512, 0.23198267187130583]}