{"L": 12, "J": 0.016514967374464822, "B": 0.08257483687232411, "K": 10, "init_state": "random computational-basis state", "energy_avg": -1.0319337622509857, "energy_std": 0.02943150362256945, "gsf_avg": 0.9741921755986688, "gsf_std": 0.15563195030022994, "energy_samples": [-1.0440243482201261, -1.013650557286045, -0.8995865431294002, -1.0449936792427161, -1.0405971071799844, -1.0346797766678728, -0.9275839990730304, -1.0417251925413595, -1.0398362541196646, -1.0390457530347461, -1.0419990122323635, -1.0441270788433195, -1.044122712689949, -1.0350585519940423, -1.028415230413664, -1.0442959620095051, -1.0419814773022464, -1.0193340158980462, -1.0421306605563372, -1.0434236875915923, -0.874712777510315, -1.0431686910706657, -1.0439534644454147, -1.021162906073467, -1.043512267689934, -1.0445982139423542, -1.0416121924191621, -1.0420973104249427, -1.044525640736368, -1.0138334981221442, -1.0397524581577884, -1.042576062212087, -1.044747525283623, -1.042854213636891, -1.0416945091385315, -1.0378530252410982, -1.0417205152514035, -1.0446759365447709, -1.0428778131278533, -1.0441292911222169, -1.03547987523892, -1.005178767582068, -1.03967685154606, -1.0353585934983147, -1.0425169294926642, -1.0238010759917597, -1.0436127147617789, -1.0423701432354746, -1.0432462218401988, -1.0442019787721684, -1.0310283617112643, -1.0433362026361686, -1.044034057131994, -1.0361647063257262, -1.0401624183258291, -1.044176426346994, -1.0443893130910222, -1.0447595567054693, -1.044429562880833, -1.0388442892662009, -1.0326740265097927, -1.0423046751518703, -1.0402713427387738, -1.0311254421566285, -1.034237115229331, -1.0368776497402945, -1.0395604094364241, -1.0395097197802334, -1.0098963293301573, -1.0449111665168895, -1.0361650409943535, -1.0413416431237354, -1.0373126342781975, -1.0395598198781615, -1.04248637426157, -1.0345844451286679, -1.0369651806222677, -1.0431153334233123, -1.0404619924910818, -1.0447036873699527, -1.045124773894214, -1.0371175421864902, -1.044586440046386, -1.0414990372459956, -1.0444144309704373, -0.9550514568450431, -1.0442514958896343, -1.008520091158112, -1.044944415144907, -0.9968231003040325, -1.0437074531196964, -1.031044503337597, -1.035585942297194, -1.0427073997408627, -1.0437176837758135, -1.0437967049293186, -0.9080196277131107, -1.0432634856274166, -1.0436029649599385, -1.0340956891927293], "gsf_samples": [1.0386935198096583, 0.8769154399397546, 0.43101207843285605, 1.0430806344750694, 1.0211186678364548, 0.9875782316801329, 0.4086143277980893, 1.025383818233365, 1.0126853772187876, 1.0122552529060163, 1.0271223830933938, 1.0387860424590794, 1.0390017590630927, 0.9894500838951703, 0.9537800772122508, 1.0417031640707715, 1.026221248398035, 0.902147777432081, 1.0271495988234547, 1.0332476905079568, 0.07762097638377566, 1.0355795119307858, 1.0391989313196996, 0.9111134943994708, 1.03465040044427, 1.0424327976788084, 1.0245581698578792, 1.0271238347826401, 1.0427597564922613, 0.8728653509920825, 1.0162798195714733, 1.0295016628418703, 1.041581167840472, 1.0327005635310789, 1.0253508935033953, 1.0158218452915868, 1.0261922366775225, 1.0431321015321258, 1.0303626589854724, 1.0399103983220532, 0.9916222970632989, 0.8248607289231263, 1.0152113401759262, 0.9919128922276419, 1.0287617039987638, 0.927559352269616, 1.0377691213728037, 1.0303354135090783, 1.0321382396929986, 1.0409627064014537, 0.964965345181198, 1.032947850468795, 1.0389298665841475, 0.9962601488424654, 1.020539940833436, 1.0381984959398618, 1.0412819585655217, 1.0401966217454053, 1.0406682877271587, 1.0093506856234533, 0.9754566841984261, 1.0322842036981061, 1.0223463927825993, 0.9594501337737836, 0.9824488280898095, 0.9996967601830388, 1.013739861964284, 1.014254909698782, 0.8652984785512228, 1.0433619653459723, 0.9953948351490733, 1.0229306072407944, 1.002175849006091, 1.0137272872416712, 1.0297816711582253, 0.9920647628911778, 0.9987109404091868, 1.034303352912377, 1.0205320848248, 1.0425133749040383, 1.041898170417463, 1.0000998924180324, 1.0415947900951406, 1.0242371261544645, 1.0402702688484304, 0.5650030899614288, 1.0402017801346237, 0.8441581903666155, 1.0433225711780756, 0.7926853795257786, 1.038855331656606, 0.9701626427308713, 0.9930207606140621, 1.0306474522879707, 1.0368476579370285, 1.0381524242516027, 0.2756254976896416, 1.0321009350475603, 1.035088403350908, 0.9856154683667601]}