{"L": 13, "J": 0.06173436287790912, "B": 0.06173436287790912, "K": 10, "init_state": "random computational-basis state", "energy_avg": -0.9677064692228606, "energy_std": 0.053422570351519254, "gsf_avg": 0.7451945273751166, "gsf_std": 0.3675619159828287, "norm_check_samples": [1.0251657962799072, 1.0252529382705688, 1.0251548290252686, 1.025193452835083, 1.0252152681350708, 1.0252810716629028, 1.0251927375793457, 1.0252848863601685, 1.02521812915802, 1.0252015590667725, 1.0253069400787354, 1.0252424478530884, 1.0254580974578857, 1.025412678718567, 1.0251550674438477, 1.0254673957824707, 1.0251847505569458, 1.0252734422683716, 1.0252007246017456, 1.0250248908996582, 1.0251537561416626, 1.0251253843307495, 1.0252054929733276, 1.0252152681350708, 1.0252395868301392, 1.0252509117126465, 1.025395393371582, 1.0251905918121338, 1.025184154510498, 1.0252504348754883, 1.0251466035842896, 1.0256162881851196, 1.0252045392990112, 1.0251351594924927, 1.0250788927078247, 1.0253386497497559, 1.0252125263214111, 1.0252174139022827, 1.0252459049224854, 1.0252752304077148, 1.0253288745880127, 1.0253946781158447, 1.0251798629760742, 1.0251425504684448, 1.0252366065979004, 1.0251959562301636, 1.0252057313919067, 1.0252686738967896, 1.0251940488815308, 1.025194525718689, 1.0251336097717285, 1.025309443473816, 1.0251420736312866, 1.0251758098602295, 1.02543044090271, 1.025330662727356, 1.0256271362304688, 1.025220274925232, 1.0250740051269531, 1.025107979774475, 1.0252292156219482, 1.0252701044082642, 1.0252563953399658, 1.0251771211624146, 1.0253267288208008, 1.0252017974853516, 1.0252039432525635, 1.0252470970153809, 1.0251445770263672, 1.0251610279083252, 1.0253194570541382, 1.025162696838379, 1.0252599716186523, 1.0257240533828735, 1.0251929759979248, 1.0252177715301514, 1.0252927541732788, 1.025198221206665, 1.0254050493240356, 1.0252172946929932, 1.0252712965011597, 1.0251312255859375, 1.025261402130127, 1.0252326726913452, 1.0251762866973877, 1.0252935886383057, 1.0252656936645508, 1.0252044200897217, 1.025162696838379, 1.0252665281295776, 1.025178074836731, 1.0254610776901245, 1.0250667333602905, 1.0252087116241455, 1.0251364707946777, 1.0254333019256592, 1.0252865552902222, 1.0252048969268799, 1.0252928733825684, 1.0250537395477295], "energy_samples": [-0.9699246603560685, -0.9989220096625153, -0.9993086601096955, -0.9986957507248693, -0.9954414520116818, -0.9816652029489386, -0.9991946311014624, -0.9991090115920758, -0.9997652731931613, -0.9990603371004982, -0.9782033075491425, -0.9990978732280248, -0.7732109540808478, -0.9819591910201146, -0.9971739781034387, -0.8584381581677248, -0.9929472084010783, -0.9821953651888795, -0.9982458870793592, -0.9539880608579501, -0.9987209394226396, -0.9960522716184688, -0.8356190147856921, -0.9996476308097333, -0.9989682139694976, -0.997078229359961, -0.9501860828143639, -0.9955249158808499, -0.9961507963289407, -0.9993054113134321, -0.9948171256079568, -0.803733566218291, -0.9710553239778957, -0.9713973792561886, -0.9976982144477161, -0.9488515979851385, -0.9976286225878267, -0.9662695683207245, -0.9598890448435897, -0.998442622510607, -0.9988899390922216, -0.8335569977992973, -0.9883076303695767, -0.994972343018365, -0.9987327848761989, -0.9996112126115331, -0.9104498411987316, -0.8640370617076994, -0.9988600759514902, -0.8675930144634117, -0.9991505442056784, -0.9987754816719439, -0.9975723974466912, -0.9988189704353254, -0.8582426084095256, -0.9982678884011706, -0.8915984561811918, -0.9979363662929643, -0.9995403032856596, -0.87820042584027, -0.99756760168396, -0.9990498186172067, -0.9995536638365625, -0.9991405192617665, -0.9674990659734526, -0.9970448735171117, -0.9994301191911352, -0.9976469343391747, -0.9990765125520891, -0.9990262990849761, -0.9665067756072516, -0.9992777585906967, -0.9989428193073467, -0.8409077499591847, -0.9995317044970143, -0.9973931488248572, -0.9981039724665798, -0.9918186541956678, -0.9215173255376718, -0.9969650867560189, -0.9172819666060084, -0.9842166036490058, -0.9989224417035808, -0.996455508475535, -0.9052606929666148, -0.8353359563701293, -0.9995846870944649, -0.965843445986506, -0.985419751773573, -0.9995560085585619, -0.9964874473161092, -0.8379342505305133, -0.9029975847056395, -0.9996350618748227, -0.9965091975643466, -0.9740618758386441, -0.9991857887153235, -0.9962739609533674, -0.9741272299008735, -0.9328591701067072], "gsf_samples": [0.7024844385281773, 0.9932236597587133, 0.9951393984917223, 0.993420858583654, 0.9776988738110879, 0.7761378396789272, 0.994852310685258, 0.9934653707946987, 0.9976312932527263, 0.9951074027645171, 0.6561177498704427, 0.9942975855336393, 0.02798926802503768, 0.9080296426263762, 0.9837646987239558, 0.027599486333048987, 0.9539567760417547, 0.912877434261779, 0.9872562166345027, 6.9688461110418106e-06, 0.9921875011613523, 0.9698225977541798, 0.002234406249535517, 0.9970591061129266, 0.9863294589795178, 0.9812428600612702, 0.6309933594800023, 0.9641317037532348, 0.9774304869024419, 0.9932466957235716, 0.9659237865891784, 9.667561289311441e-05, 0.7687711431881272, 0.0005265007769337906, 0.9772950573930487, 0.7321151334527451, 0.9848257680015636, 0.45970753531777236, 0.22658482854770212, 0.9861968314438928, 0.9944153335114835, 0.11517018988052372, 0.8628906108041741, 0.9130460765162012, 0.9905649710095163, 0.9970389563217442, 0.3226352603805803, 0.006009301625484684, 0.9904765242753675, 6.530446424825611e-05, 0.9929200489292215, 0.9939276789120113, 0.9833430828110882, 0.99453354972496, 0.035601919343513956, 0.9921120918256572, 0.29461025678654723, 0.989113296909475, 0.9958968604224768, 0.05096526786252797, 0.9847979093243832, 0.990986297345729, 0.996625489218921, 0.9932697812203302, 0.5246517037425904, 0.9813637407160272, 0.9938622137718026, 0.9899502743670167, 0.9944628613350952, 0.9943029430029241, 0.5340936582407297, 0.9942814923260618, 0.9929038243798775, 0.03707359804378595, 0.996076105963426, 0.9482606224427902, 0.99150962202971, 0.8565936756869706, 0.6130060258440251, 0.9817707213603353, 0.14293747448454425, 0.9231044986042686, 0.9942437443003578, 0.978576353600114, 0.018864968465213898, 0.015597327695003351, 0.995549832670676, 0.41218418831863407, 0.7677215449498543, 0.9967437327903231, 0.9827561646239896, 0.08186806701327863, 0.2431524526488202, 0.9968525690278327, 0.9815315170899506, 0.8903531256406176, 0.9950520324451188, 0.9593864727701022, 0.7700166362879937, 2.1816576120969757e-06]}