{"L": 13, "J": 0.08230161513714379, "B": 0.01646032302742876, "K": 5, "init_state": "random computational-basis state", "energy_avg": -0.8434747022169996, "energy_std": 0.12042419092474221, "gsf_avg": 0.4339559734402457, "gsf_std": 0.3701758718469901, "norm_check_samples": [1.0005885362625122, 1.0004128217697144, 1.000390648841858, 1.0006273984909058, 1.0004984140396118, 1.0005824565887451, 1.0006129741668701, 1.0005269050598145, 1.0004998445510864, 1.0006778240203857, 1.000619649887085, 1.000589370727539, 1.000557541847229, 1.0006181001663208, 1.0004194974899292, 1.0006860494613647, 1.0004879236221313, 1.0004327297210693, 1.0006564855575562, 1.00054132938385, 1.0004756450653076, 1.0006059408187866, 1.0004558563232422, 1.0005320310592651, 1.0004165172576904, 1.000609278678894, 1.0005762577056885, 1.0007686614990234, 1.0004554986953735, 1.000550627708435, 1.0004069805145264, 1.0006552934646606, 1.0003689527511597, 1.0007380247116089, 1.0006184577941895, 1.0004706382751465, 1.0005072355270386, 1.0003913640975952, 1.000641107559204, 1.0005637407302856, 1.0005834102630615, 1.0004249811172485, 1.0005898475646973, 1.0005673170089722, 1.0005706548690796, 1.000543236732483, 1.0006179809570312, 1.0005505084991455, 1.0005319118499756, 1.0004568099975586, 1.0005069971084595, 1.0004019737243652, 1.0004833936691284, 1.0006338357925415, 1.0005645751953125, 1.0005298852920532, 1.0004949569702148, 1.000438928604126, 1.0005722045898438, 1.0004103183746338, 1.0006306171417236, 1.0004856586456299, 1.0005316734313965, 1.0005145072937012, 1.0006028413772583, 1.000449538230896, 1.000516653060913, 1.0003241300582886, 1.0002987384796143, 1.0006078481674194, 1.0006768703460693, 1.000501036643982, 1.0007413625717163, 1.0005033016204834, 1.0006002187728882, 1.000555396080017, 1.0005650520324707, 1.0005972385406494, 1.000756859779358, 1.0004866123199463, 1.0006217956542969, 1.0004686117172241, 1.0005813837051392, 1.0005849599838257, 1.0005165338516235, 1.000529408454895, 1.0005385875701904, 1.0005438327789307, 1.0005760192871094, 1.0006269216537476, 1.0006190538406372, 1.0005145072937012, 1.0005398988723755, 1.0005395412445068, 1.000352144241333, 1.0003330707550049, 1.0004795789718628, 1.0006647109985352, 1.0004067420959473, 1.0005755424499512], "energy_samples": [-0.7836673310235894, -0.5584633170630864, -0.7470851216989581, -0.9713793968368382, -0.6757108284612324, -0.8377894287437718, -0.9444279395299373, -0.8886212952929666, -0.8774868048511707, -0.9908703361242744, -0.8249239495636986, -0.9265720495422317, -0.9489765027360163, -0.8521624725911287, -0.8466433597356975, -0.9638720077327039, -0.8146547615702774, -0.8151159223983987, -0.8432587392520342, -0.8330304974796201, -0.8493246369940197, -0.9811309446329348, -0.7382584934144178, -0.6420627048508827, -0.6542216426141545, -0.6124698906089432, -0.8501944431891257, -0.993339381710707, -0.6594799628517376, -0.9650002404156537, -0.6608628325757256, -0.9693869110372686, -0.6565005420475624, -0.9945456744469984, -0.9294931400930839, -0.8148998797971926, -0.8741445838293205, -0.5735115806010206, -0.9853359493780159, -0.9505572293523651, -0.9881576224022759, -0.7240950657757024, -0.8603319517906813, -0.752416072564017, -0.9208446110258689, -0.8185723443498119, -0.9240932947147936, -0.9398967717771995, -0.9332456000161529, -0.883257559782915, -0.7483396214420387, -0.7541296124183541, -0.8686712575413433, -0.96728498699191, -0.8177187598192937, -0.8465874493660793, -0.7812390622020075, -0.8345257733616861, -0.9671971415611655, -0.8029765512596251, -0.71235647487095, -0.8436903924453899, -0.7768190745276583, -0.7654533404261168, -0.9821011598460889, -0.7998654368025847, -0.9438922650920368, -0.5064438751414695, -0.7162688381136351, -0.9543353827484022, -0.9873861885895618, -0.6529345236002918, -0.9938361962005174, -0.8520249509570971, -0.9078964946368631, -0.9454776855052188, -0.8350155042573771, -0.9759661991914061, -0.9930327894768896, -0.7059527510280605, -0.955705384453547, -0.725770461899183, -0.7460005350559968, -0.9084049032232234, -0.7726646147141307, -0.824855103030444, -0.949020462357929, -0.8140433886020212, -0.9588227661607286, -0.9813458950558043, -0.9735119126115689, -0.9626658651822281, -0.9578269891758102, -0.8579239872125859, -0.5594115111834222, -0.6282040967503288, -0.8084669599861122, -0.9787357758551145, -0.7388202300142954, -0.9615060188862039], "gsf_samples": [0.22467939132006673, 0.006494044708391592, 0.07699589381953387, 0.8997101732725571, 0.026290701065695934, 0.043991845629868236, 0.6975966145858256, 0.5628679433588909, 0.37837711673391144, 0.9618780354311338, 0.46783270255832576, 0.7226376863027953, 0.8218986015705432, 0.05315711680823091, 0.3298536083551909, 0.8601943134008335, 0.08746699695894283, 0.03767140763314903, 0.1071196616914359, 0.1649006366443976, 0.3272025193340398, 0.9281474765120139, 0.1342435957613757, 0.014356449769823683, 0.03386539989994755, 0.012487510667226299, 0.468215063881082, 0.9732636825685439, 0.0030639545120571487, 0.8760903967513799, 0.046029852097768095, 0.8999682960738303, 0.027652531140264894, 0.9767973789051329, 0.6868739475963052, 0.003007696884666078, 0.6356689335189731, 0.0163836094183936, 0.9455510489300833, 0.8360835858885566, 0.9574405033172456, 0.002813802116473806, 0.15741002973847318, 0.17474782572189732, 0.7375757790162676, 0.27510181407518847, 0.5816773217929654, 0.7749556406807064, 0.7139581337479959, 0.6531439830048962, 0.010873951823357986, 0.02034165460119513, 0.6078529540063681, 0.8882409663950497, 0.039099465329585845, 0.4880781153885991, 0.004706581475327761, 0.008921862843193127, 0.8825012041741127, 0.3619352932387686, 0.07822826710927182, 0.22654347074900974, 0.29747145750560816, 0.01704967606910772, 0.9317263735066015, 0.36022018075093, 0.7999262459559742, 0.016131615803812043, 0.18487342203345292, 0.842038698491137, 0.9479223981312309, 0.020132851897699082, 0.975127930382606, 0.3321746045633245, 0.47844154911838166, 0.8085220003959128, 0.055655764839107086, 0.9097102676992002, 0.9702878647670182, 0.0030382442174051883, 0.8379965066706738, 0.018570828877451852, 0.20369855155563313, 0.6784799070574787, 0.029984344833877453, 0.21182362504189206, 0.8102980968597063, 0.1407816997559434, 0.8533359229735313, 0.921041855296691, 0.9061961954636284, 0.8718440470224716, 0.8428397798135067, 0.18660108824538, 0.005531941419059347, 0.0015268041651366382, 0.01597422336672442, 0.9150427142115253, 0.12224611242704722, 0.8486159105315673]}