{"L": 13, "J": 0.08230161513714379, "B": 0.01646032302742876, "K": 2, "init_state": "random computational-basis state", "energy_avg": -0.6358497724446339, "energy_std": 0.16958477821140674, "gsf_avg": 0.13295316258470172, "gsf_std": 0.26522917954854325, "norm_check_samples": [0.9989461898803711, 0.998954176902771, 0.9989602565765381, 0.9989745020866394, 0.9989690780639648, 0.9989588856697083, 0.9989582300186157, 0.9989600777626038, 0.9989632368087769, 0.9989702105522156, 0.9989549517631531, 0.9989579319953918, 0.9989690184593201, 0.9989572167396545, 0.9989625811576843, 0.998975932598114, 0.9989529252052307, 0.9989689588546753, 0.9989485740661621, 0.9989530444145203, 0.9989603757858276, 0.9989539980888367, 0.9989565014839172, 0.9989576935768127, 0.9989516735076904, 0.9989488124847412, 0.9989555478096008, 0.9989492893218994, 0.9989670515060425, 0.9989525675773621, 0.9989618062973022, 0.998958170413971, 0.9989650845527649, 0.9989444017410278, 0.9989646673202515, 0.9989659190177917, 0.998955488204956, 0.9989697933197021, 0.9989693760871887, 0.9989668726921082, 0.9989505410194397, 0.998958945274353, 0.9989612102508545, 0.9989618062973022, 0.9989540576934814, 0.9989627599716187, 0.9989662766456604, 0.9989496469497681, 0.9989576935768127, 0.998956024646759, 0.9989715814590454, 0.9989737272262573, 0.99896639585495, 0.9989539384841919, 0.9989526867866516, 0.9989572167396545, 0.9989761710166931, 0.9989516735076904, 0.9989495277404785, 0.9989575743675232, 0.9989641308784485, 0.9989393353462219, 0.9989631175994873, 0.9989534616470337, 0.9989688992500305, 0.9989641308784485, 0.9989643096923828, 0.9989670515060425, 0.998971700668335, 0.9989628195762634, 0.9989553689956665, 0.9989656805992126, 0.998949408531189, 0.9989571571350098, 0.9989532232284546, 0.9989644289016724, 0.9989597797393799, 0.9989675283432007, 0.9989662766456604, 0.9989571571350098, 0.9989619851112366, 0.9989486932754517, 0.998967707157135, 0.9989415407180786, 0.9989627599716187, 0.9989869594573975, 0.9989533424377441, 0.9989582300186157, 0.9989717602729797, 0.9989577531814575, 0.9989606738090515, 0.998971164226532, 0.9989557266235352, 0.998985230922699, 0.99897301197052, 0.9989781975746155, 0.9989631772041321, 0.9989694356918335, 0.998964786529541, 0.9989773631095886], "energy_samples": [-0.296482990919861, -0.5118565264869478, -0.525443237252523, -0.9368047557369081, -0.6316036975489824, -0.6514328410208828, -0.5755563418980163, -0.5119053061932137, -0.5997995377563101, -0.7444387884480732, -0.5715444614296797, -0.645376248292912, -0.7975206519947481, -0.45457919208706377, -0.5491730666109116, -0.9123371442383816, -0.6166260211575303, -0.9670869008508842, -0.40757911379262335, -0.40525050219700887, -0.6050066336013679, -0.601678720122582, -0.7183348828071452, -0.5736425259306063, -0.3471975778146381, -0.338877663229561, -0.6389096356809343, -0.41161465157427085, -0.40947716591581806, -0.6497634065713989, -0.6777779211883377, -0.6347265049697871, -0.7055801594784394, -0.37655792522160836, -0.883455147471141, -0.7483933639242365, -0.4555958630524492, -0.734361532823837, -0.8318528173632043, -0.8966103265940593, -0.3336867764593724, -0.5957051492871372, -0.5125540960075993, -0.5169435052383682, -0.5419328079915738, -0.6347862323359058, -0.8104722651699817, -0.2548783261800805, -0.5916609936355245, -0.6137275781050918, -0.7786671633022869, -0.9732369118009068, -0.8248682752950393, -0.6149100721141009, -0.44188295667767546, -0.6637465631377549, -0.7017121243759178, -0.5720856749809335, -0.5973044696785699, -0.46634870100303744, -0.6317247694522271, -0.3869997958461027, -0.7354102398114944, -0.48897656288060615, -0.8648336622480005, -0.6197581770167345, -0.6725635245127897, -0.6168023568260098, -0.8644762080675094, -0.5880436584033872, -0.6335716279000906, -0.6912679253966971, -0.5040566450458153, -0.6653186054094957, -0.5766762385451641, -0.7067252167758048, -0.7212951058946846, -0.590565928046595, -0.9194674072303217, -0.5087779699046386, -0.6083975728251793, -0.3746065843081983, -0.7270592031032161, -0.42404677033385363, -0.6857740255157756, -0.9771768746433966, -0.5737184450979012, -0.6895845775924454, -0.7958374788506393, -0.5476851480778392, -0.5491850050537934, -0.6071150647094798, -0.654932837346208, -0.9829710622949845, -0.9753841045798652, -0.9801764549103575, -0.6274321192177578, -0.6504970131642014, -0.586041145595085, -0.9871217380033108], "gsf_samples": [0.0004758421275730228, 0.008524568593110151, 0.003039668150757882, 0.6375618769031004, 0.006886365795516991, 0.014198987191144792, 0.00555670388452751, 0.000738609389460588, 0.042274057092748625, 0.16300730328417948, 0.017784096898182326, 0.02305860162437328, 0.3946971299378849, 0.008698462896201447, 0.06487089935197042, 0.6758071891377101, 0.1680634199329258, 0.8750873762034156, 0.004071863057295668, 0.003099082881966243, 0.007076752574224884, 0.0040832697369783885, 0.0027049000989430453, 0.014942454662178988, 0.002341421048200119, 0.0009380155280301542, 0.010811651969828548, 0.0006907121682710283, 0.004375534489407278, 0.06420753820728804, 0.0014598509157676828, 0.0014059859144040124, 0.05945241287648143, 0.005256445837281667, 0.6275207045747933, 0.015385528081829851, 0.0006281629290229969, 0.002169489321821903, 0.177842527276636, 0.6827954152875372, 0.006473243907278546, 0.008163612224008156, 0.013795507078603789, 0.004201036435464501, 0.006661417332635374, 0.02891205139355419, 0.015167104397501175, 0.00010192121290267958, 0.02098771332190389, 0.026746649984323707, 0.18192318459465698, 0.9003384509153248, 0.05994898773009571, 0.0028951892853246704, 0.0021057554803025993, 0.009865062058558745, 0.0010728985303512719, 0.029093259247684196, 0.008300021958266715, 0.003329823252278405, 0.04975668131808358, 0.0006449036312603117, 0.01338117064050076, 0.0015785032528840438, 0.13276464067515797, 0.0019797645653940503, 0.045360767601474554, 0.008971132791471811, 0.3871308756389697, 0.04305340120202378, 0.003924576207546637, 0.04287175148028271, 0.003174968696399894, 0.003142570154343666, 0.03256767710131268, 0.06463760419183597, 0.0079388922229081, 0.058501144346850074, 0.7265759103179278, 0.004828662234628186, 0.07638593783617, 0.00339421840136356, 0.2639793350634382, 0.00053007960255725, 0.058138295982020374, 0.9214144981994451, 0.0012796492050183713, 0.020113959755411647, 0.36465169848703227, 0.0036892164110495737, 0.006323972474893363, 0.05749310191983989, 0.004465458031871448, 0.9288627603392131, 0.9003013165746472, 0.9151186504940602, 0.01260633493226988, 0.03328150746874673, 0.00021103355678073663, 0.9566158672890931]}