{"L": 13, "J": 0.015243609622590108, "B": 0.07621804811295053, "K": 3, "init_state": "random computational-basis state", "energy_avg": -0.9456790368059724, "energy_std": 0.05191647755468329, "gsf_avg": 0.7533051036972636, "gsf_std": 0.27820765570578443, "norm_check_samples": [0.9924783706665039, 0.9924989938735962, 0.9925106167793274, 0.9925385117530823, 0.9925427436828613, 0.9925202131271362, 0.9924871921539307, 0.9925022125244141, 0.9925264120101929, 0.9925302267074585, 0.9924824833869934, 0.9925253987312317, 0.9925203919410706, 0.9925025701522827, 0.9924858212471008, 0.9924988150596619, 0.9925244450569153, 0.9925230741500854, 0.9925095438957214, 0.9925196766853333, 0.9925079941749573, 0.9924905300140381, 0.9924927949905396, 0.9924942255020142, 0.9925042986869812, 0.9925216436386108, 0.9925118684768677, 0.9925025105476379, 0.992481529712677, 0.9925163388252258, 0.9925317168235779, 0.9924834370613098, 0.992487907409668, 0.9924840331077576, 0.9924894571304321, 0.9924712777137756, 0.9925235509872437, 0.9925168752670288, 0.9925243258476257, 0.9925356507301331, 0.9925203323364258, 0.9925314784049988, 0.9924827814102173, 0.9925203323364258, 0.9925324320793152, 0.9925411343574524, 0.9925174117088318, 0.9925140142440796, 0.9925187230110168, 0.9925289154052734, 0.9924741983413696, 0.9925011396408081, 0.9925320744514465, 0.9924860000610352, 0.9925181269645691, 0.9925521612167358, 0.9925044775009155, 0.9925022125244141, 0.9925128221511841, 0.9925092458724976, 0.992494523525238, 0.9925159811973572, 0.9925088286399841, 0.9924965500831604, 0.9924958944320679, 0.992510974407196, 0.9924710988998413, 0.9924752712249756, 0.9925006031990051, 0.9925297498703003, 0.9924920797348022, 0.9924930334091187, 0.9925218224525452, 0.9925039410591125, 0.9925165772438049, 0.9925217032432556, 0.9925152063369751, 0.9925159215927124, 0.9925180077552795, 0.9924988150596619, 0.9925005435943604, 0.9925053119659424, 0.9925314784049988, 0.9925078749656677, 0.9925331473350525, 0.9924644827842712, 0.9925244450569153, 0.9924761652946472, 0.992508590221405, 0.9925224781036377, 0.9925440549850464, 0.9924920201301575, 0.9925329089164734, 0.9924712777137756, 0.9925743341445923, 0.9925034046173096, 0.9924558997154236, 0.9925419688224792, 0.9925084710121155, 0.9924923777580261], "energy_samples": [-0.9778907179380383, -0.9843219041072995, -0.9760908697632192, -0.9544148139938304, -0.9388147108976432, -0.968981418752834, -0.9217128514039508, -0.9733465140282811, -0.9824986081409216, -0.9644769363807641, -0.9631237614418494, -0.9216329015274898, -0.9843369258133453, -0.9852202659094622, -0.9837898739235706, -0.9739519536400759, -0.8176372382392161, -0.966008830049088, -0.913063273125819, -0.9530947504772065, -0.9806818857605875, -0.972287419929676, -0.9479276877892066, -0.9758762686352438, -0.985344423723194, -0.9613224029071527, -0.9671559407346304, -0.95433050632908, -0.9764126690790902, -0.9808893212100275, -0.9290725453921111, -0.8503058846136039, -0.965337919870191, -0.9824009898134067, -0.9847021940621019, -0.9546620964708675, -0.9849447348210612, -0.9107818580132911, -0.8199606854907204, -0.7934242786413702, -0.9212295821899393, -0.7884619004458039, -0.9824077790587826, -0.9690369436013795, -0.9157432962618259, -0.9710712848741577, -0.9701878459662269, -0.9760891518857086, -0.9614292881484687, -0.9396161337187918, -0.8401883148008331, -0.8309402222673347, -0.9652106417436062, -0.9827634943297882, -0.9691372006039304, -0.9417313031993364, -0.9465266542846539, -0.980635998627172, -0.8369535918414076, -0.9806589751824061, -0.9605436286312038, -0.9798081702547518, -0.9841057591520799, -0.9864779605771111, -0.9845745006289114, -0.9862885482582969, -0.9844028820322352, -0.9836892072576738, -0.959764770407076, -0.9680724856394773, -0.8319868014180569, -0.9801469411178281, -0.9060882732571063, -0.9643937419172445, -0.9636925262649815, -0.9320543050261615, -0.9743146139455493, -0.9688379289574254, -0.9830608425713175, -0.9805410028427675, -0.9752305610212172, -0.9079252170708214, -0.7981597556748843, -0.9784688199366444, -0.8813420751042065, -0.974137937963026, -0.9809443770175783, -0.8378372159306011, -0.9678819512466765, -0.9705119980105947, -0.8911076537997084, -0.9599964395838158, -0.9679863556346583, -0.9778133904765616, -0.8594910095136848, -0.9789862443087006, -0.9813433596847478, -0.8293693418714781, -0.9612729170166503, -0.9730017337016451], "gsf_samples": [0.9226605381223973, 0.9597002365292402, 0.9196077415088896, 0.8617394405936921, 0.797932477782883, 0.8731850386144376, 0.6316993343486197, 0.8984983319985899, 0.9517108887893553, 0.8453014590424645, 0.8724179088245907, 0.6096278129719778, 0.9582292876146021, 0.9632658429936393, 0.9553821387589, 0.9003507550617386, 0.025669240796223965, 0.8635797218432235, 0.5825276472571811, 0.7903912893123668, 0.9411106357835108, 0.8856223686405086, 0.7576921449612364, 0.9115989084847198, 0.9644358301606463, 0.8271660286237357, 0.8655064038109294, 0.7836440331700915, 0.9155994139100609, 0.936458395207647, 0.6513679570706516, 0.1653587842588541, 0.8550204795258349, 0.9463375168653098, 0.9613758371694513, 0.8330087025653744, 0.961327059999232, 0.5323154470438214, 0.04235716184799977, 0.17424786015197913, 0.5875427992767112, 0.07556858232782294, 0.949075657344196, 0.8764422807444453, 0.6254192878177685, 0.8837338955542395, 0.8800245797468839, 0.9124077778120052, 0.8565592161669835, 0.816366389393619, 0.08008300714980357, 0.030852695964714887, 0.84615848420463, 0.9487900948379632, 0.8665934136299132, 0.7573988996670735, 0.7373859664611738, 0.9381222624137928, 0.19548150776114848, 0.939050771696602, 0.8349113550371806, 0.9309703469632656, 0.9555747251870874, 0.9712570589841966, 0.9607481909746909, 0.9706058533028477, 0.960244560294375, 0.9564397380369725, 0.832873125775203, 0.8777957433143162, 0.008924164052149729, 0.9345034554025125, 0.5434190051558839, 0.8650522865793433, 0.8470657751339197, 0.6551833476705298, 0.9035454798577857, 0.8725636245410868, 0.9522732010615071, 0.9385300719071188, 0.9060275670156871, 0.5085977403225066, 0.19873279218069925, 0.9223886803022562, 0.4307249706993559, 0.9016460609140435, 0.9402191674603985, 0.09412972418995869, 0.8721124957607616, 0.8819091007147137, 0.5662992892790962, 0.8195913420600752, 0.8691983638611479, 0.9239545155143035, 0.23593417999616464, 0.928756267386839, 0.9412404027986256, 0.004417877399842904, 0.8206108890805888, 0.8934521615692324]}