{"L": 13, "J": 0.06173436287790912, "B": 0.06173436287790912, "K": 10, "init_state": "random computational-basis state", "energy_avg": -1.0304359002491599, "energy_std": 0.03924551861966165, "gsf_avg": 0.8542846316716414, "gsf_std": 0.35420390907243143, "energy_samples": [-1.0499839166483287, -0.9969112168477331, -1.0490892130747818, -1.0473144105908627, -1.0492232714870093, -1.0497149207377399, -0.898608952304417, -1.049471346239101, -1.0210199443654688, -1.0491041770805098, -0.9164719676318519, -1.038545366090728, -1.03222448931653, -1.0505419115655317, -1.0509254532939463, -1.0507602994725591, -1.048968616983867, -1.0440653762073562, -1.0479565890793388, -0.9664233270147029, -1.0498895208575416, -1.0487918115147121, -1.0488520528163208, -1.050174011888227, -0.980193559275965, -0.9613084944854108, -1.050277395280442, -1.050388597306729, -1.0322316621478733, -1.0506514930964135, -1.0507697576064572, -1.0502398395222647, -1.0487321228357742, -1.0492465049397575, -1.0498729440590169, -0.8971435633681223, -1.0504259931981772, -1.0502553198436122, -1.0481763510674174, -0.9583849986768509, -0.8753798877684554, -1.0504024630198217, -1.0357733560413855, -1.0009019403353228, -1.0503959288144333, -1.0208787530198133, -1.0458948425604069, -1.0505874659824326, -1.049314557390459, -1.0506453417954793, -1.049198599152306, -1.0501274789291979, -0.9505363103425373, -1.0454293513929476, -1.0500574019843032, -1.0508581096758038, -1.0480482487359595, -1.0462613868611075, -0.9513518941320519, -1.0493391817648159, -1.003184766481335, -1.0505881400634118, -1.0507657280772025, -1.0106214651633842, -1.048620006656643, -1.0487645493675957, -1.050384229766307, -1.0496720844628706, -1.050403765402815, -1.0506813014188339, -0.9387298502290331, -1.0482187357670287, -1.0485275142258699, -1.050338362621326, -1.050426316603271, -1.050318305186159, -1.0489907125917108, -1.0501716600677409, -1.0497888150753818, -0.954540132381686, -1.0502679515402586, -1.0273343630172336, -1.0428448191568895, -1.0401517492196195, -1.0270918400468494, -1.0260708913361127, -1.0485522786101895, -1.0505714773859136, -1.0491618821417252, -1.0508048465189939, -1.0446601811620844, -1.048897174132093, -1.0494960939252844, -1.0487709293898055, -1.0490975410392402, -0.9801827809589871, -0.9498686204006799, -1.0499097387450655, -1.0506676403212691, -1.0507375247395925], "gsf_samples": [1.0400833947024124, 0.0012248809499736098, 1.0405944426394031, 1.0212348661245652, 1.0200635852681728, 1.0419264649503464, 0.16977798972979566, 1.0383511583740197, 0.8326347848376239, 1.040604581390033, 0.0017297962722890377, 0.9719893026216719, 0.8497168983882246, 1.047292274975054, 1.0492398916835617, 1.0492389434914628, 1.0273989009057543, 0.9208728139703503, 1.0326403479245734, 0.0004478878519541364, 1.0442429460345652, 1.033290629249541, 1.036544750020947, 1.0455524369909108, 0.00264446682217867, 0.006109160811891146, 1.0472373326091118, 1.0475233091722436, 0.9127058724981774, 1.0469041410648436, 1.048613748050744, 1.0462278268648637, 1.0378208029352836, 1.0396339127980414, 1.0441784577027995, 0.018491318770149597, 1.0473699883944485, 1.0444885422364878, 1.013783579820233, 0.027281259385116562, 0.0068648926323388645, 1.0459810880250977, 0.9358841849474937, 0.48636830367579365, 1.0460208704236635, 0.7277494981053645, 1.0163641201051001, 1.0470210149096897, 1.0425082019847394, 1.0485933034879709, 1.0304648896604782, 1.0464182059511835, 0.0006240223957423796, 1.0224774720646572, 1.045529664644315, 1.0486307886210142, 1.0161935690889312, 0.9521413994946686, 0.35330889588508785, 1.0411904297996024, 0.05370537028173272, 1.0475540866414212, 1.0482852425897842, 0.4374367696569289, 1.0378761362135358, 1.0250359941018325, 1.0470653003719803, 1.0429790042476963, 1.0440123424411059, 1.0477427002876476, 0.3178531930954886, 1.0073137065718285, 1.0373061316639915, 1.0446426701920024, 1.0473657453275946, 1.0444396277500534, 1.0379734988733196, 1.0390731277322505, 1.0440008577577524, 0.5544743826483847, 1.0448368046160053, 0.9098622464377795, 0.9836704522447144, 1.0049834598084313, 0.632007992738589, 0.0011174263621207459, 1.0372461512684288, 1.0436956279261675, 1.0335649155406765, 1.0490642845741522, 1.0185397507865612, 1.0403694384669855, 1.0414265690253095, 1.0390333797966127, 1.0412843369552436, 0.0017876094433541478, 0.6096924196993431, 1.0452640329364877, 1.0486455177444438, 1.0481923571596483]}