{"L": 13, "J": 0.015243609622590108, "B": 0.07621804811295053, "K": 2, "init_state": "random computational-basis state", "energy_avg": -0.892731487496538, "energy_std": 0.05091428412077281, "gsf_avg": 0.506050580602452, "gsf_std": 0.22815560121467263, "norm_check_samples": [0.9979847073554993, 0.9979838132858276, 0.9979850053787231, 0.9979842305183411, 0.997986376285553, 0.9979833960533142, 0.9979811310768127, 0.9979866743087769, 0.9979844689369202, 0.9979844093322754, 0.997985303401947, 0.9979844689369202, 0.9979820847511292, 0.9979840517044067, 0.9979838728904724, 0.9979841113090515, 0.9979851245880127, 0.9979830980300903, 0.9979879856109619, 0.9979839324951172, 0.9979849457740784, 0.9979872107505798, 0.9979837536811829, 0.9979860782623291, 0.997983992099762, 0.9979836344718933, 0.9979850649833679, 0.9979861974716187, 0.9979869723320007, 0.9979844689369202, 0.9979844689369202, 0.997982919216156, 0.9979869723320007, 0.9979831576347351, 0.9979839324951172, 0.9979884624481201, 0.9979820251464844, 0.9979822635650635, 0.9979882836341858, 0.9979867339134216, 0.9979842901229858, 0.9979869723320007, 0.9979839324951172, 0.9979841113090515, 0.9979881644248962, 0.9979837536811829, 0.9979866743087769, 0.9979851245880127, 0.9979853630065918, 0.9979882836341858, 0.9979846477508545, 0.9979851841926575, 0.9979857206344604, 0.9979857206344604, 0.9979854822158813, 0.9979864358901978, 0.9979854822158813, 0.9979856014251709, 0.9979863166809082, 0.9979836940765381, 0.9979841113090515, 0.9979860782623291, 0.9979810118675232, 0.9979845285415649, 0.99798583984375, 0.9979845285415649, 0.9979870915412903, 0.9979835152626038, 0.997984766960144, 0.9979826807975769, 0.9979862570762634, 0.9979835152626038, 0.9979860782623291, 0.9979830980300903, 0.9979844093322754, 0.9979845881462097, 0.9979848265647888, 0.9979832172393799, 0.9979826211929321, 0.9979856610298157, 0.9979854822158813, 0.9979881048202515, 0.9979849457740784, 0.9979857802391052, 0.9979866147041321, 0.9979851245880127, 0.9979859590530396, 0.997982382774353, 0.9979839324951172, 0.9979849457740784, 0.9979873895645142, 0.9979855418205261, 0.9979843497276306, 0.9979838132858276, 0.9979872107505798, 0.9979854226112366, 0.9979863166809082, 0.9979828596115112, 0.9979869723320007, 0.9979833960533142], "energy_samples": [-0.9480063905478783, -0.9452220826334601, -0.965948118416584, -0.8254624414461932, -0.8883343115829244, -0.8284245564980681, -0.8229114864227695, -0.8685261531677851, -0.8157451754012361, -0.8114034562415475, -0.8655156986085588, -0.9281781355242898, -0.9148055057833604, -0.9542043345262159, -0.9636214262171537, -0.8427371813365477, -0.9286861162316353, -0.8299385570582419, -0.8901220756254759, -0.958670656693942, -0.9634035170245159, -0.8427815571230922, -0.8691418154017849, -0.9318756434574785, -0.7888459807356117, -0.9079731879928783, -0.9490999540424419, -0.9418759314199183, -0.8774664598637137, -0.881962237592048, -0.8184424894843008, -0.8809165839688555, -0.8565793980814462, -0.8031111183344878, -0.8147923206720686, -0.8773703104216957, -0.8551391375704752, -0.9457849970227467, -0.8996216367915453, -0.944070735218928, -0.9156040391929384, -0.9418156606812628, -0.8771819299973705, -0.8715354063234406, -0.932754249108741, -0.8654699995026521, -0.9449842742619396, -0.907929359375808, -0.8855486598473851, -0.9786460357955106, -0.8393140751872863, -0.8846740742770252, -0.9049404509092613, -0.9557806831786441, -0.8910856433680099, -0.9200849164639034, -0.7891446434688325, -0.9580860532934103, -0.9163901438700877, -0.8739139197806299, -0.8712167021674007, -0.8464637004381925, -0.888151477566315, -0.9170094135320619, -0.8881726057350064, -0.9368625430704169, -0.9057360096463611, -0.8627306625333387, -0.9016193467131567, -0.8553549743466359, -0.8193422935450132, -0.9252703763190173, -0.9655590611380491, -0.8711124693396437, -0.7661030789185094, -0.844240274937076, -0.8180082738343774, -0.8007034640784194, -0.7897977483553248, -0.9535454083998771, -0.9128724048079675, -0.8666104531121754, -0.8518150706817287, -0.9635062013062288, -0.9399960277155489, -0.9117449604867244, -0.916630898841628, -0.9032149173291518, -0.9236103176333474, -0.9512425495011257, -0.9147551403141451, -0.9216569693463277, -0.9080087700705047, -0.9018960363060736, -0.8646612759132346, -0.9502984422323982, -0.9627223657989533, -0.9394213326184602, -0.9780745292780479, -0.8618071116777871], "gsf_samples": [0.7573688075057766, 0.7540681969166642, 0.8190881941971113, 0.16695796029988116, 0.49470589944875737, 0.23100911514336056, 0.19239524481483816, 0.2514603706857, 0.13649348869217798, 0.10004204023918267, 0.533899227874328, 0.6422879354231668, 0.616766947423276, 0.803187834063093, 0.831550287024408, 0.2917922090713763, 0.6751782372024246, 0.42506884885586965, 0.3764117412697747, 0.796840707226746, 0.8413412332220874, 0.16162564395115295, 0.3364129515301314, 0.6698213062121948, 0.3013084915427134, 0.5247370021186827, 0.7703195482097775, 0.7029761204870931, 0.5535903400224432, 0.4957936670755189, 0.20709796695491509, 0.47812283275618345, 0.27109539396919113, 0.08199026042802633, 0.05986995251426007, 0.2977655226539083, 0.3700036416620813, 0.7850685601732946, 0.4206055510066044, 0.7264982782901017, 0.5199612140629745, 0.7263065408765427, 0.37400183990630376, 0.3604528900889502, 0.6676531893879583, 0.3672640774757957, 0.734288409483191, 0.620415720358553, 0.5099399886538272, 0.9199850565747115, 0.26270918487467365, 0.42818646728836596, 0.6202961239832474, 0.7568218695247386, 0.42006465977550467, 0.6706372059147836, 0.1745624378327213, 0.7916525869586826, 0.6475435432915775, 0.52827703617761, 0.35866318688498083, 0.1340289056379775, 0.4424444769453442, 0.5842551636281536, 0.5136217300654439, 0.6856257940890562, 0.552575609635958, 0.29322782391087177, 0.47150446108105537, 0.36224988443966477, 0.26871325250322736, 0.7316869692461124, 0.8150795937719796, 0.464413201792456, 0.10293289906284471, 0.4742702662921987, 0.13608710515484376, 0.10434055398397306, 0.013690011223298411, 0.7659020600909221, 0.5877914372827124, 0.3784541530656086, 0.27546969265137394, 0.8187730275945172, 0.6776772127200383, 0.590118916369397, 0.6177668491762449, 0.562940409812906, 0.6157775701493362, 0.8028976369680834, 0.4881452823150495, 0.5847287581027273, 0.630892219670427, 0.6081079420557554, 0.41846359257468746, 0.7416182846720722, 0.8352177106985946, 0.7436832920584295, 0.9006020739114183, 0.39698144830647386]}