{"L": 14, "J": 0.01415400392143646, "B": 0.0707700196071823, "K": 5, "init_state": "random computational-basis state", "energy_avg": -0.9529644239290791, "energy_std": 0.042128127328978186, "gsf_avg": 0.7992218715379619, "gsf_std": 0.2439267043616189, "norm_check_samples": [0.9847158193588257, 0.984738826751709, 0.9847604036331177, 0.9847108125686646, 0.9847190976142883, 0.9847131967544556, 0.9847332239151001, 0.9847061038017273, 0.9847365617752075, 0.9847234487533569, 0.9847458004951477, 0.9847601056098938, 0.9847516417503357, 0.9847257137298584, 0.9847195148468018, 0.9847428202629089, 0.984741747379303, 0.9847447276115417, 0.9847287535667419, 0.9847580790519714, 0.9847347140312195, 0.9847619533538818, 0.9847421646118164, 0.9847655892372131, 0.9847556352615356, 0.9847295880317688, 0.9847605228424072, 0.9847424626350403, 0.9847477674484253, 0.9847490787506104, 0.9847198128700256, 0.9847345352172852, 0.9847597479820251, 0.9847134351730347, 0.9847497344017029, 0.9847578406333923, 0.9847370386123657, 0.9847603440284729, 0.9847375154495239, 0.9847512245178223, 0.9847219586372375, 0.984775185585022, 0.9847214818000793, 0.9847314357757568, 0.9847351908683777, 0.9847287535667419, 0.984734833240509, 0.9847105741500854, 0.9847689867019653, 0.9847521781921387, 0.9847413301467896, 0.9847187399864197, 0.9847456216812134, 0.984752357006073, 0.98473060131073, 0.9847621321678162, 0.9847517013549805, 0.9847192168235779, 0.9847109317779541, 0.9847360849380493, 0.9847306609153748, 0.9847636818885803, 0.9847201108932495, 0.9847577214241028, 0.9847342371940613, 0.9847383499145508, 0.9847438931465149, 0.9847466945648193, 0.9847995638847351, 0.9847235679626465, 0.9847553968429565, 0.9847164750099182, 0.9847577810287476, 0.9847493171691895, 0.9847313761711121, 0.9847466945648193, 0.9847152233123779, 0.9846575856208801, 0.9847399592399597, 0.9847415685653687, 0.9847133755683899, 0.9847440123558044, 0.9847242832183838, 0.9847589135169983, 0.9847275018692017, 0.9846790432929993, 0.9847383499145508, 0.9847114086151123, 0.9847188591957092, 0.9847345352172852, 0.9847238659858704, 0.984715461730957, 0.9847568869590759, 0.9847224950790405, 0.9847316741943359, 0.9847090840339661, 0.9847625494003296, 0.9847464561462402, 0.9847320914268494, 0.9847747087478638], "energy_samples": [-0.8762684957073383, -0.964215544769856, -0.9474448380970572, -0.9227408931678194, -0.9812429805648425, -0.9814611630775532, -0.9603005585258002, -0.9826124772136788, -0.9368827445945758, -0.9305642661473409, -0.95672271835977, -0.9444837947946985, -0.9693990243655795, -0.9609389334437536, -0.9686065563259684, -0.9751421482103378, -0.9806581300995192, -0.9612809268448245, -0.9782451966551607, -0.975527314988706, -0.9675629569041683, -0.968483948785861, -0.9770692893719048, -0.8213046021748667, -0.9436300035275085, -0.9500679479742618, -0.9815729903921068, -0.9779951297824041, -0.9758011290493168, -0.9632276286958805, -0.977998360482966, -0.9482707564844555, -0.944387742663286, -0.9734407712946452, -0.9756236552589036, -0.9725914792073681, -0.975156434229527, -0.975476352405583, -0.979867559804552, -0.9593167209905659, -0.8350468416660229, -0.8287212519832398, -0.9684189352060639, -0.9665846066314729, -0.9656367774011445, -0.9785636164496637, -0.9757957596467051, -0.9735073117444938, -0.9743352061133851, -0.9737035122611917, -0.9397323573526948, -0.9649071202190628, -0.9730282387028715, -0.9624307327054699, -0.9737379477367775, -0.9795636253200005, -0.937709061382022, -0.9777372340103714, -0.9766967090119437, -0.8383192979305397, -0.9769544837921786, -0.9811527429860127, -0.979668704395073, -0.9522465382599125, -0.9800544471444492, -0.9718693957026974, -0.9792497571101176, -0.9691849444905163, -0.7898177660562254, -0.9591516673015119, -0.9687932174982263, -0.9646684328388919, -0.9267455225880401, -0.8440571299775183, -0.9628823656730768, -0.9714316823691942, -0.9783844931266993, -0.9632701027769696, -0.9783674697925371, -0.9513203814634754, -0.9733110057448139, -0.9782535002830959, -0.9793539231674386, -0.9237624345012814, -0.9800561533325778, -0.9263883206123066, -0.8328375755160152, -0.9713800769652043, -0.9351330520537854, -0.9799780734535144, -0.9596270398730651, -0.981459039397381, -0.9627027006735899, -0.9741235482828157, -0.9486213088204344, -0.9752668917683855, -0.8475052203661388, -0.972016902162364, -0.9724889323533354, -0.845145139327605], "gsf_samples": [0.31071305891598344, 0.85398641926107, 0.7534138100351375, 0.6085500459179536, 0.9674324312409005, 0.9681557090246516, 0.8428690665295747, 0.9761781721301857, 0.6973023971297108, 0.6503722398757189, 0.8197490425055175, 0.7530421882823352, 0.8877504254135891, 0.8397254345123027, 0.8875715817926867, 0.9287672328493374, 0.9638496811254287, 0.8445845058850648, 0.948098101299585, 0.9325212564880485, 0.8824471247946097, 0.8941165041525838, 0.9380402578322381, 0.21587750149950516, 0.7405347071563338, 0.7767071245915669, 0.9689536354418854, 0.9492675562670082, 0.9317557620490671, 0.8558340721432994, 0.9473605762846525, 0.7798879160691532, 0.7275932918905287, 0.9166934122704615, 0.9309985744244943, 0.9146005169229527, 0.9272564315169847, 0.9287152390728058, 0.9568454977581459, 0.8330138854746849, 0.18270922327496564, 0.016749045409208733, 0.8876713195194113, 0.8731493967179117, 0.8673984010839519, 0.9501444931084876, 0.9328337628141147, 0.9199947733643165, 0.9227009347113768, 0.9217465904818156, 0.7378465786177841, 0.8654811963423469, 0.9158365970414251, 0.8490680186997649, 0.9226144730910563, 0.9582514810768211, 0.6957428367305265, 0.9517118897420795, 0.9409123163140349, 0.00847067838374358, 0.9430339755785418, 0.9655829982294407, 0.9607546743479114, 0.7775748786989267, 0.9596493317262923, 0.9072884371757822, 0.9538533976207222, 0.8911989360849515, 0.1752909613212113, 0.8706561169574034, 0.8891219257209354, 0.8651284078189091, 0.6420548413592316, 0.04102838407614788, 0.8614650113872132, 0.9086007988329703, 0.9496613549401645, 0.8882618115089959, 0.9504148627789132, 0.779174996569339, 0.9158179754172788, 0.9477567604489563, 0.9543062368300852, 0.6194301267495147, 0.9622782685193187, 0.607544916136646, 0.08692471166469472, 0.9098580609444316, 0.6774325270345515, 0.9597263060932223, 0.8342545228368136, 0.967914124268587, 0.8767233571764782, 0.9285498725754611, 0.7826643341451369, 0.9280731560299998, 0.14067921808362935, 0.9041804144731806, 0.9125596893744704, 0.05355007790684064]}