{"L": 14, "J": 0.01415400392143646, "B": 0.0707700196071823, "K": 5, "init_state": "random computational-basis state", "energy_avg": -0.9480641630232707, "energy_std": 0.02352906567692819, "gsf_avg": 0.8416933534141776, "gsf_std": 0.14419035623084717, "energy_samples": [-0.9555921614276897, -0.9532563163373723, -0.8773825084289459, -0.9652779457323724, -0.9614941470401792, -0.9356596473675944, -0.9631633642566342, -0.9470514923989392, -0.9141689602331956, -0.9623943110089916, -0.9637707183562275, -0.9296251186961064, -0.9660072119161736, -0.9406150572230811, -0.9498469108519371, -0.9667047961844845, -0.957088458457503, -0.964830498720449, -0.9510636947287887, -0.9647262473246729, -0.953124203993163, -0.9564501006097124, -0.962150225608543, -0.8712518458806788, -0.9617100370305982, -0.9385357851262527, -0.9403618996541094, -0.9519500546861863, -0.9627764220739844, -0.9579540120564098, -0.9553284462724944, -0.9642328372547091, -0.9303805764181263, -0.9627231611680098, -0.9639971058216168, -0.9633087163935324, -0.9236572214128047, -0.9553232051028695, -0.9546118677091164, -0.9573234917517031, -0.9216865912023093, -0.9109395952728379, -0.9616370796047751, -0.9661582076737791, -0.9619689053734034, -0.9290798314326609, -0.9599756141912997, -0.9124253318833035, -0.9661751994939483, -0.9657510994997647, -0.9676012125770681, -0.9256419419599318, -0.9327002633570143, -0.9664320193656595, -0.9623459813472479, -0.9626430481333201, -0.9314830931614786, -0.962903916961852, -0.9663217832257653, -0.92277226122145, -0.9508922097353819, -0.8836161387971726, -0.8557547984864976, -0.9642946558576939, -0.9502079278044365, -0.944317061475153, -0.8821460032493523, -0.9653333035020377, -0.9466324609563015, -0.9593736239176445, -0.9575439382350356, -0.9611488020246077, -0.8939332757709835, -0.9290264656674767, -0.9648293449131923, -0.9575225853760463, -0.9583777656128695, -0.9537651553457129, -0.963616319357598, -0.9435775476836461, -0.9637439149119855, -0.9021221830392117, -0.9632055862399579, -0.9649936727922797, -0.9344178786229729, -0.9617640803087874, -0.9611115307069551, -0.9646677415689707, -0.9598279849168817, -0.9641180396142104, -0.9665713068552639, -0.9523071242319128, -0.9534903717344534, -0.9527079027880423, -0.9144227911057855, -0.9615522185135603, -0.9632142230805656, -0.9607825030232531, -0.9598488011981778, -0.962123303650173], "gsf_samples": [0.8908119177465255, 0.8692748410194098, 0.41334484407322014, 0.9488316532640423, 0.9212719529913407, 0.7690489543493547, 0.931855073005102, 0.8406770191035631, 0.6528568606820505, 0.9274890388252691, 0.9371867737996911, 0.7435640216983026, 0.9505810785738785, 0.7954481738859506, 0.8483888708010732, 0.9550611791045638, 0.8968689279716011, 0.943452774017283, 0.8645540678143083, 0.9426249919337578, 0.8646672895243578, 0.8935328464054623, 0.9275806873953791, 0.3566439975107403, 0.9246057464864912, 0.7779178751727688, 0.795086551480587, 0.8580896988534722, 0.9289348314188764, 0.8987817421111525, 0.8788759278652087, 0.9384292361256706, 0.7353237923979813, 0.9303150915790244, 0.9384077646950433, 0.9345315408512492, 0.6960676401974359, 0.8897533707156822, 0.8801821019310939, 0.8956996618869439, 0.6691879839211535, 0.6229401994423105, 0.9250069901671011, 0.9519462767200064, 0.9254966891713352, 0.7198772223680034, 0.9136013912085394, 0.6248197019495123, 0.9512891455883942, 0.949740529809341, 0.959820947038986, 0.7332612600620853, 0.7472978407996942, 0.9531788454062595, 0.9275880376054626, 0.9308676250420276, 0.7367234280959809, 0.9316347705660621, 0.9524872617277668, 0.6843418765900181, 0.8643101733071631, 0.44234508998309885, 0.26213237509248016, 0.9443412158357726, 0.8545678743723063, 0.8248376655766056, 0.419876970973029, 0.9471074291513166, 0.829922793123549, 0.9086941500382647, 0.9018061342855802, 0.9253926382233059, 0.49905953554769733, 0.7147822746237744, 0.9438393725461732, 0.9026515940603095, 0.9049877366311515, 0.8806858419770663, 0.9362155282185132, 0.8132496740170799, 0.9367902891747825, 0.5539712775794416, 0.931299458177515, 0.9437404031084012, 0.770257090218865, 0.9227136194739849, 0.9193793506199913, 0.9412117363589578, 0.9120165904839298, 0.9392664318324473, 0.9535564302040329, 0.8678820462580272, 0.8677636855917764, 0.8642788747639973, 0.7151566304693789, 0.9229571951218664, 0.9331114633815336, 0.9185501783931653, 0.9125614401891825, 0.924336649887305]}