{"L": 14, "J": 0.05723769491823595, "B": 0.05723769491823595, "K": 5, "init_state": "random computational-basis state", "energy_avg": -0.9265529999435356, "energy_std": 0.06924490702613317, "gsf_avg": 0.4968489276326985, "gsf_std": 0.41885366989821365, "norm_check_samples": [1.0024317502975464, 1.002422571182251, 1.0024603605270386, 1.0024086236953735, 1.0024306774139404, 1.0024431943893433, 1.0024149417877197, 1.0024091005325317, 1.0024124383926392, 1.0024980306625366, 1.002403974533081, 1.0024083852767944, 1.0024213790893555, 1.002418875694275, 1.0024632215499878, 1.0024765729904175, 1.0024101734161377, 1.0024094581604004, 1.0024914741516113, 1.0025330781936646, 1.0024454593658447, 1.0024352073669434, 1.0024102926254272, 1.0025298595428467, 1.0024360418319702, 1.0023444890975952, 1.0024174451828003, 1.0024346113204956, 1.0023884773254395, 1.0023598670959473, 1.0024904012680054, 1.0024096965789795, 1.0024316310882568, 1.0025060176849365, 1.0024136304855347, 1.0024839639663696, 1.0024042129516602, 1.0024168491363525, 1.0023739337921143, 1.0025687217712402, 1.0024335384368896, 1.002495527267456, 1.0024577379226685, 1.0024763345718384, 1.0024057626724243, 1.0025192499160767, 1.0024359226226807, 1.0024633407592773, 1.0025726556777954, 1.002436876296997, 1.0024548768997192, 1.0024421215057373, 1.0024422407150269, 1.0024082660675049, 1.0024704933166504, 1.0024226903915405, 1.0024091005325317, 1.0024091005325317, 1.0024372339248657, 1.0025546550750732, 1.0024213790893555, 1.0024354457855225, 1.0024775266647339, 1.0025386810302734, 1.0024182796478271, 1.0023999214172363, 1.0024681091308594, 1.002436637878418, 1.002488136291504, 1.0026440620422363, 1.0024265050888062, 1.0023906230926514, 1.0024714469909668, 1.0024943351745605, 1.002402901649475, 1.0024051666259766, 1.0024044513702393, 1.0024478435516357, 1.0024622678756714, 1.002400279045105, 1.0024333000183105, 1.0024194717407227, 1.0024501085281372, 1.0024127960205078, 1.0025187730789185, 1.002519130706787, 1.0024356842041016, 1.0023959875106812, 1.0023293495178223, 1.0024243593215942, 1.0024045705795288, 1.0024534463882446, 1.0025354623794556, 1.0024234056472778, 1.0024036169052124, 1.0023990869522095, 1.0024051666259766, 1.0024117231369019, 1.002416968345642, 1.0025039911270142], "energy_samples": [-1.001349251081488, -0.9989359374091263, -0.9494211893008431, -1.0012180377995423, -0.9721408717706707, -0.9637977000086214, -0.9942278842144022, -0.9970677414869973, -0.8758494679007686, -0.964003138804245, -1.0014687731612375, -0.8161683056421823, -0.9642807212113215, -0.988171925187362, -0.9769349389614526, -0.9080590898008416, -0.9940306253708593, -0.9843343667187117, -0.8846174746020331, -0.8446634677881071, -0.9145705890920992, -0.9333453029938406, -0.9953797771605651, -0.8067422216241589, -1.0002071963478765, -0.8538820622254462, -1.0009171954982832, -0.858736128354699, -0.8623937664693231, -0.994858841099597, -0.9452841352484557, -0.9519885493764273, -0.9978833862571171, -0.8924045219398085, -0.9478835923668898, -0.895420894348669, -0.9943594538550588, -1.0010580327062824, -0.9990001710589845, -0.8575581685795076, -1.0008463066387978, -0.9233828887393998, -0.875685825529715, -0.8866648462694686, -0.9855277134412964, -0.8063668347893852, -0.9461294690588624, -0.9419988571064298, -0.8858110239275996, -0.9787987150431156, -0.8345564581008672, -0.9037025039098926, -0.9304650467983537, -0.994116633218948, -0.9381912312305781, -0.9991687570557015, -0.8873563494842772, -0.9061837333205383, -0.9994597273378862, -0.8113407166520349, -1.000364542703791, -0.8820977231736544, -0.8333918090010027, -0.7927731726479057, -1.000095497587949, -0.9917191636549766, -0.9384588285935442, -0.89025537892373, -0.780451945713406, -0.7326855270890265, -0.9702620381422897, -0.9938411867064431, -0.8393280614458348, -0.8746598142042364, -0.9247937254315047, -0.997541030182347, -0.9382578967399053, -0.9493831056445087, -0.7951619097957651, -0.8746937675491355, -0.932219260826543, -0.9113316433840948, -0.9008486059110856, -0.9993982203727316, -0.8891459535547315, -0.7816839578043392, -0.8988663310873833, -0.9803083225464551, -0.9279294339693992, -1.000778038703091, -0.952501674245268, -0.8160453933105263, -0.8161533761894966, -0.9987649971965767, -1.001193835829742, -0.829108745313124, -1.001499905704244, -0.9991662426410131, -0.9744562157334992, -0.8233151826222155], "gsf_samples": [0.9959604113887135, 0.9841203382166918, 0.5264828379055182, 0.9932703678133367, 0.8718525440669992, 0.7912842356711023, 0.9674890522567259, 0.9698382712825044, 0.030527084175625007, 0.8184553647257835, 0.9948084420105574, 0.024487388242824735, 0.8467504775134935, 0.9191802128306965, 0.8784216087055613, 0.020237982606797215, 0.951649573110838, 0.9164122280189159, 0.08156919971843848, 0.13691767872227353, 0.0013411398938412654, 0.621869811776385, 0.9639243324312373, 0.052665063724865444, 0.9896844505286341, 0.027031726171106617, 0.9914436369483435, 0.009032189883451957, 0.02828925559728747, 0.9571120137066517, 0.6297066632597874, 0.18746982084668426, 0.9745973887184701, 0.012049896994896435, 0.14445501726840052, 0.04925360052228048, 0.9670388273875932, 0.993723002694996, 0.9826921869390356, 0.3863917836527217, 0.9922656071430799, 0.5462692356984109, 9.397967844703851e-05, 0.17029322775766628, 0.9286048241328927, 0.00735588220487475, 0.0940791033962074, 0.7123334143032505, 0.5095162652189931, 0.8939092845149668, 0.05748007099810804, 0.29743768496073275, 1.749860899506923e-05, 0.9500561973528964, 0.7372144951939927, 0.9826440054172378, 0.0009615135395282426, 0.00016041363497005018, 0.9859821993095995, 0.006779095482370436, 0.9903634794089733, 0.06734775991639512, 0.025125797437668365, 0.02629808946251614, 0.9877524706141884, 0.9479640568175852, 0.6291999821546236, 0.0008112349637726603, 0.0006980642642528125, 0.00728261874489262, 0.7946644643102091, 0.9510478347074397, 0.02095620598054215, 0.036218313416828886, 0.36849675604680493, 0.9726803775402475, 0.02187642618531887, 0.5348435801732242, 0.010228252505628603, 3.613105043006755e-05, 0.4800636119861528, 0.10825855221238458, 0.5443973716959009, 0.9762651472978111, 0.40571953851140946, 0.0005971715316202046, 0.20962803929158533, 0.8667545559429516, 0.36805771563991596, 0.9937027452271362, 0.689011390105167, 0.0003954317049646959, 0.04357320732127866, 0.9743043345328625, 0.9917706289447294, 0.06192875632110431, 0.9960097264665169, 0.9831580954251498, 0.003374587904183997, 0.03108915302819992]}