{"L": 14, "J": 0.01415400392143646, "B": 0.0707700196071823, "K": 3, "init_state": "random computational-basis state", "energy_avg": -0.9537189628735472, "energy_std": 0.048232533562686974, "gsf_avg": 0.7636755484701675, "gsf_std": 0.26271314836420034, "norm_check_samples": [0.997391402721405, 0.9973995685577393, 0.9974486231803894, 0.9974059462547302, 0.9974713921546936, 0.9974064230918884, 0.9974228739738464, 0.9974172711372375, 0.9974225163459778, 0.9974421262741089, 0.9974082112312317, 0.9974536895751953, 0.9974253177642822, 0.997469425201416, 0.9974346160888672, 0.9974400997161865, 0.9974554181098938, 0.9974589347839355, 0.9974380135536194, 0.9974460601806641, 0.9974254369735718, 0.9974008202552795, 0.9974117875099182, 0.997432291507721, 0.9974275231361389, 0.9974137544631958, 0.9974738955497742, 0.9974761605262756, 0.9973949790000916, 0.9973875284194946, 0.9973958134651184, 0.9974560737609863, 0.9974833130836487, 0.9974437355995178, 0.9974395632743835, 0.9974836111068726, 0.9974249601364136, 0.9974634051322937, 0.9974653124809265, 0.9974832534790039, 0.9974406361579895, 0.9974384903907776, 0.9974410533905029, 0.9974136352539062, 0.9974353909492493, 0.9974077343940735, 0.9974177479743958, 0.9974236488342285, 0.9974631667137146, 0.997410237789154, 0.9974985718727112, 0.9974332451820374, 0.9974514842033386, 0.9974058866500854, 0.9974619150161743, 0.997471034526825, 0.9974526166915894, 0.9974573850631714, 0.9974192380905151, 0.9974781274795532, 0.997480034828186, 0.9974067211151123, 0.9974343180656433, 0.9974219799041748, 0.9974110126495361, 0.9974521398544312, 0.9974744319915771, 0.9974397420883179, 0.997480571269989, 0.9974488019943237, 0.9974918365478516, 0.9973859786987305, 0.9974250197410583, 0.997418224811554, 0.9974194765090942, 0.9974542856216431, 0.9974588751792908, 0.9974361062049866, 0.9974777102470398, 0.9974120855331421, 0.9974474906921387, 0.9974142909049988, 0.9974422454833984, 0.997430682182312, 0.9974362850189209, 0.9974334836006165, 0.9974366426467896, 0.9974371194839478, 0.997459352016449, 0.9974629282951355, 0.9974024891853333, 0.9974722266197205, 0.9974631667137146, 0.9974406361579895, 0.9974533915519714, 0.9974408149719238, 0.9974700212478638, 0.9974624514579773, 0.997433066368103, 0.997494637966156], "energy_samples": [-0.8393565981677212, -0.9391720328148927, -0.9741573436041236, -0.8352196797107543, -0.9742475004656037, -0.8473379235398938, -0.839859437332112, -0.9867624521722411, -0.8510926839953823, -0.988401948255474, -0.9891384689396375, -0.952600225366387, -0.9717919829382388, -0.8315670459425352, -0.9779281399219406, -0.982035323039589, -0.9764038720477357, -0.9597234537603421, -0.9710799351829215, -0.9438587032466095, -0.9783012171810864, -0.8549435389522992, -0.9844499835325581, -0.9765966443744593, -0.9750818022109652, -0.9852868404919198, -0.9752279343299209, -0.986055137952493, -0.9717811678711854, -0.8280245983749331, -0.9675153890082029, -0.9813031972108763, -0.936644405296414, -0.9875775307753866, -0.9852675156841117, -0.98372394263902, -0.8814425472883021, -0.9730213900607173, -0.982465978400777, -0.9864003059651767, -0.9411969044457131, -0.9861815476476551, -0.9753526936640617, -0.9204371553956735, -0.9771530259967744, -0.8420302753908362, -0.929765021432769, -0.9889251700140234, -0.9866006984371872, -0.9240194092209139, -0.9798672262430189, -0.9671566302084559, -0.9704544556647101, -0.8442770741972756, -0.9712358538404141, -0.8270563042124005, -0.992020033207063, -0.9887692506708938, -0.9433677932774867, -0.9787912349192343, -0.9865922577609781, -0.9773961755905971, -0.9619471494409576, -0.9796080508216619, -0.9654643872347671, -0.9765928032714145, -0.8893489228966043, -0.9796199697464224, -0.9062436074744649, -0.9773336322228166, -0.9867730644319265, -0.9678379157773557, -0.9280766064995374, -0.9892599555635665, -0.9726047026238497, -0.9826048569840898, -0.9660722126591924, -0.877037897192586, -0.9707229352519496, -0.942291284533915, -0.978468674403024, -0.9647452655375367, -0.9804980041404655, -0.9848949594140435, -0.9837225495025257, -0.991364392481041, -0.9728787498575497, -0.9771008419898499, -0.9741237992613532, -0.9876333329383568, -0.8203747389366733, -0.9706558581314969, -0.9820616454176065, -0.9904613510537328, -0.9743911970832786, -0.9745670834035917, -0.9849089042422101, -0.9850658693534486, -0.9836706179903708, -0.9793764881064166], "gsf_samples": [0.0064244306279691524, 0.7396263320830196, 0.8768219264472669, 0.14631326576761347, 0.892657737365654, 0.17841594134018798, 0.10337023491656144, 0.9446205379860233, 0.11587155934309823, 0.9538860492434441, 0.9569060051775026, 0.7231178479702987, 0.8459658223957783, 0.0040342386157608875, 0.8903994259824491, 0.9146250916802019, 0.8817162987965573, 0.7774988813165805, 0.8451531991270715, 0.7954138817075502, 0.8932486235966816, 0.270706926919111, 0.9348695108885007, 0.8849702486692594, 0.8726812243042124, 0.9336787955628791, 0.8671313280332716, 0.9409956213982489, 0.8481153406559739, 0.15685946183280233, 0.8646924969200971, 0.911509358344962, 0.628527604423736, 0.9483862899465679, 0.9333186706348847, 0.9255162486640978, 0.3652399622242759, 0.8657011316878075, 0.9183229040477414, 0.9414799024432701, 0.6756872567424517, 0.9420701299787996, 0.8840316565977608, 0.604639687659628, 0.8845284782578164, 0.04454114840063756, 0.5934825454679928, 0.953755725569393, 0.941126776345213, 0.5819406339894825, 0.9020901938245892, 0.8203359455678665, 0.8435208528123938, 0.15478353783548654, 0.8458683574569648, 0.4277422559266585, 0.9744128975243281, 0.9554194639725484, 0.7487573327551879, 0.8952387085922917, 0.9413184465623995, 0.8865307957357031, 0.7937521641849669, 0.9070060020168749, 0.8552320993206467, 0.8830161189136592, 0.3296117163529662, 0.9012477073360831, 0.43736442990039504, 0.8835042267750668, 0.9419909881087125, 0.860419035430359, 0.6058334429823524, 0.9601404413797827, 0.8627526644618396, 0.9204419363129114, 0.830172816212723, 0.26652301006514656, 0.8418521129501765, 0.8064705215949095, 0.9071974976950271, 0.8347568720056212, 0.9069558085280786, 0.927992212361153, 0.9239104134090093, 0.9706525060138989, 0.8588928142346015, 0.8810042995829869, 0.8689941446043083, 0.950562969682915, 0.26207960126859103, 0.8434978199899938, 0.916003518441073, 0.9660358399922794, 0.8950440267242521, 0.8733460267084348, 0.9322717213872695, 0.935128555551438, 0.9254242704094336, 0.8998593074622342]}