{"L": 2, "J": 0.44721359549995826, "B": 0.44721359549995826, "K": 5, "init_state": "random computational-basis state", "energy_avg": -0.9737340618789904, "energy_std": 0.12666666847317307, "gsf_avg": 0.9820369994460898, "gsf_std": 0.08770000346005132, "energy_samples": [-0.9972422184323465, -0.993532116021135, -0.9936659610080087, -0.9726328340356223, -0.9961693087887173, -0.9980328730194762, -0.9966151437470036, -0.997659157896693, -0.9829211478487434, -0.9865534597800762, -0.9978746756830793, -0.993532116021135, -0.9911447060738664, -0.9963212678177995, -0.9941471875011477, -0.9766074497846331, -0.9911447060738664, -0.9982885519030236, -0.9963212678177995, -0.9967551318513608, -0.9980727658845572, -0.9911447060738664, -0.9982461410189276, -0.997659157896693, -0.996068759051683, -0.6122200759319625, -0.9979839535746577, -0.9953406485471427, -0.9962360621349138, -0.997659157896693, -0.9972362644118331, -0.993532116021135, -0.9980328730194762, -0.9911447060738664, -0.99466365556946, -0.9969063718117512, -0.99797053599368, -0.9941471875011477, -0.9911447060738664, -0.9911447060738664, -0.9982534178494953, -0.9876143194810385, -0.9911447060738664, -0.9970652576325189, -0.9983052227439011, -0.9936590316395817, -0.9984761384901485, -0.9969569266497766, -0.9948084178013703, -0.9969063718117512, -0.9965484779588798, -0.9980503608190223, -0.9852321523530467, -0.993532116021135, -0.9367862756134133, -0.9897769490656174, -0.9980328730194762, -0.9911447060738664, -0.9911447060738664, -0.993532116021135, -0.9980328730194762, -0.9911447060738664, -0.9962238955611307, -0.993532116021135, -0.9911447060738664, -0.9932500893877795, -0.9985403739049405, 0.20305125813128688, -0.9984613854749217, -0.993532116021135, -0.9983616101545248, -0.9961693087887173, -0.9911447060738664, -0.8829128554029341, -0.9209694426068615, -0.997659157896693, -0.9911447060738664, -0.9457013917781066, -0.997659157896693, -0.9962238955611307, -0.7898261517141499, -0.9980328730194762, -0.9981478673720527, -0.993532116021135, -0.9876797559243229, -0.9941471875011477, -0.9983844946287335, -0.9976700438761019, -0.9969063718117512, -0.9911447060738664, -0.993532116021135, -0.9980503608190223, -0.9980328730194762, -0.993532116021135, -0.993532116021135, -0.9980681485371882, -0.993532116021135, -0.9970064407525241, -0.9971359631918965, -0.996068759051683], "gsf_samples": [0.9986091315346537, 0.9957929018767994, 0.9958980363258506, 0.9813882799371048, 0.9976510382018419, 0.9989456426070988, 0.9979862143804836, 0.9986885367479874, 0.9884881047749617, 0.9909306156240788, 0.998848142406445, 0.9957929018767994, 0.9941243005231915, 0.9977573382429249, 0.9962631101103026, 0.9840249925082781, 0.9941243005231915, 0.9991372686875175, 0.9977573382429249, 0.998071819476749, 0.9989783777057716, 0.9941243005231915, 0.9990929544181784, 0.9986885367479874, 0.9975764573657124, 0.7317848752954097, 0.9989114100784037, 0.9970715386323726, 0.9976924592020701, 0.9986885367479874, 0.9986010124452648, 0.9957929018767994, 0.9989456426070988, 0.9941243005231915, 0.9966281779404267, 0.9981596014619317, 0.9989298057534362, 0.9962631101103026, 0.9941243005231915, 0.9941243005231915, 0.9991085284872725, 0.9917282118912514, 0.9941243005231915, 0.9982888622996946, 0.999133768590711, 0.9961711081721328, 0.9992267858667663, 0.9981940237355463, 0.9967587111789471, 0.9981596014619317, 0.9978954797403282, 0.9989743553147958, 0.9901201673564625, 0.9957929018767994, 0.956556735530193, 0.9850056035695427, 0.9989456426070988, 0.9941243005231915, 0.9941243005231915, 0.9957929018767994, 0.9989456426070988, 0.9941243005231915, 0.9977054761862463, 0.9957929018767994, 0.9941243005231915, 0.9956430664133333, 0.9992643512485601, 0.16728154771241374, 0.9992185033831715, 0.9957929018767994, 0.9991568895613413, 0.9976510382018419, 0.9941243005231915, 0.9193030772660727, 0.9456042080684269, 0.9986885367479874, 0.9941243005231915, 0.9627304086997057, 0.9986885367479874, 0.9977054761862463, 0.8548180061203619, 0.9989456426070988, 0.9990140125267357, 0.9957929018767994, 0.9917924484248007, 0.9962631101103026, 0.999181653814222, 0.9987352323610706, 0.9981596014619317, 0.9941243005231915, 0.9957929018767994, 0.9989743553147958, 0.9989456426070988, 0.9957929018767994, 0.9957929018767994, 0.9990122718256882, 0.9957929018767994, 0.9982378834601765, 0.9984761456080328, 0.9975764573657124]}