{"L": 2, "J": 0.44721359549995826, "B": 0.44721359549995826, "K": 5, "init_state": "random computational-basis state", "energy_avg": -0.9620018540804497, "energy_std": 0.13670837750772957, "gsf_avg": 0.9671150965411777, "gsf_std": 0.13042486327134914, "norm_check_samples": [0.9999918341636658, 0.9999938607215881, 0.9999949932098389, 0.9999948143959045, 0.9999953508377075, 0.9999912977218628, 0.999994158744812, 0.9999927282333374, 0.9999944567680359, 0.999994695186615, 0.9999910593032837, 0.9999949932098389, 0.9999949932098389, 0.9999942779541016, 0.9999929070472717, 0.9999925494194031, 0.9999958276748657, 0.999991774559021, 0.9999948740005493, 0.999991774559021, 0.9999955296516418, 0.999994695186615, 0.999993622303009, 0.9999958276748657, 0.999991774559021, 0.9999929070472717, 0.9999929666519165, 0.9999929070472717, 0.999991774559021, 0.9999953508377075, 0.9999919533729553, 0.9999919533729553, 0.9999929666519165, 0.999991774559021, 0.9999960660934448, 0.9999919533729553, 0.9999955296516418, 0.9999939203262329, 0.9999919533729553, 0.9999948143959045, 0.9999945163726807, 0.999994158744812, 0.9999945163726807, 0.9999937415122986, 0.9999955892562866, 0.9999945759773254, 0.9999950528144836, 0.999991774559021, 0.999997079372406, 0.9999947547912598, 0.9999912977218628, 0.9999927878379822, 0.9999958276748657, 0.999991774559021, 0.9999949932098389, 0.9999958276748657, 0.999993085861206, 0.9999960064888, 0.999994695186615, 0.9999949932098389, 0.9999926090240479, 0.9999948143959045, 0.9999958276748657, 0.9999918341636658, 0.9999911189079285, 0.9999913573265076, 0.9999948143959045, 0.9999948143959045, 0.9999929070472717, 0.9999949932098389, 0.9999948740005493, 0.9999940991401672, 0.9999951124191284, 0.999991774559021, 0.9999948143959045, 0.9999929070472717, 0.9999949932098389, 0.999991774559021, 0.9999938011169434, 0.9999925494194031, 0.999994158744812, 0.999994695186615, 0.9999948143959045, 0.9999939799308777, 0.9999947547912598, 0.9999949932098389, 0.999991774559021, 0.9999949932098389, 0.999991774559021, 0.999991774559021, 0.9999933838844299, 0.999993622303009, 0.9999948740005493, 0.9999948143959045, 0.9999947547912598, 0.999993085861206, 0.9999949932098389, 0.9999950528144836, 0.9999921917915344, 0.9999935030937195], "energy_samples": [-0.9971113949621658, -0.9982482820120138, -0.9911496685522752, -0.9952202237090403, -0.701375722885167, -0.9797906164036796, -0.9962297147931206, -0.9778202884389511, -0.9982589514304233, -0.9975574558940006, -0.9921855621449758, -0.9911496685522752, -0.9911496685522752, -0.9972790979562655, -0.9977670852369144, -0.9981339663495128, -0.9602187807576812, -0.9935402883281369, -0.9971358729185394, -0.9935402883281369, -0.9957902113893141, -0.9802684706984782, -0.9209753163083652, -0.9835524403444049, -0.9935402883281369, -0.9947141784927389, -0.9884744342125157, -0.9974297742578168, -0.9935402883281369, -0.789829823761184, -0.9906150773516194, -0.9906150773516194, -0.9497900085393626, -0.9935402883281369, -0.995808245411604, -0.9906150773516194, -0.9950934941506204, -0.993980867964034, -0.9906150773516194, -0.9980380484496677, -0.9960742211514942, -0.9962297147931206, -0.997925050709573, -0.9963233313204877, -0.9772619027545041, -0.41524299850424856, -0.9961742370474747, -0.9969743241627398, -0.9940802835324597, -0.9871803506521752, -0.99762229607892, -0.9962981592405304, -0.9976633204724406, -0.9935402883281369, -0.9805463402202326, -0.9835524403444049, -0.9973015909918461, -0.9043461353066766, 0.1213070006039519, -0.9911496685522752, -0.9969642951889075, -0.9978380732078023, -0.9976633204724406, -0.9971113949621658, -0.7225248444907661, -0.9978145237684922, -0.9980380484496677, -0.9980380484496677, -0.9865604574067642, -0.9911496685522752, -0.9969114819794602, -0.9983340994360699, -0.997241138508546, -0.9935402883281369, -0.9980380484496677, -0.9977670852369144, -0.990189108409995, -0.9935402883281369, -0.927221327873782, -0.9981339663495128, -0.9968811440544307, -0.9911969449116063, -0.9980380484496677, -0.5838947286879486, -0.9983819821304939, -0.9911496685522752, -0.9935402883281369, -0.9911496685522752, -0.9935402883281369, -0.9935402883281369, -0.997798638278291, -0.9979994996435826, -0.9969114819794602, -0.9980380484496677, -0.994152402038016, -0.9978007095206638, -0.9911496685522752, -0.9961742370474747, -0.9812562192020123, -0.9971032050249191], "gsf_samples": [0.998313228506629, 0.9990859891826085, 0.994129277919879, 0.9970101575122482, 0.7935493406713167, 0.9863294446819033, 0.9977113040725774, 0.9849181881772457, 0.9991140668083034, 0.9985856570374005, 0.9949050919285022, 0.994129277919879, 0.994129277919879, 0.9984258182741498, 0.9987550430553389, 0.9990338098854836, 0.9727990113777374, 0.9958010927799148, 0.9983256804167678, 0.9958010927799148, 0.9974030937115252, 0.9866540592866262, 0.9456102388840021, 0.9889101218862244, 0.9958010927799148, 0.9966387875432465, 0.9923152139715782, 0.9985270600198035, 0.9958010927799148, 0.8548219803264796, 0.9937763044651953, 0.9937763044651953, 0.9654723717527568, 0.9958010927799148, 0.9974096213149259, 0.9937763044651953, 0.996891630240626, 0.9961825498841994, 0.9937763044651953, 0.9989508227705766, 0.9975819277332246, 0.9977113040725774, 0.9988741755282902, 0.9977717321044239, 0.9844539934618868, 0.006846204384282771, 0.9976559737910257, 0.9983911947149867, 0.9962091545635356, 0.9914501657376433, 0.9986579807444604, 0.9977476179495278, 0.9986927036186561, 0.9958010927799148, 0.9867300861684104, 0.9889101218862244, 0.9984763745754301, 0.8349884669035164, 0.22388947054665406, 0.994129277919879, 0.9982014014180997, 0.9988542994264918, 0.9986927036186561, 0.998313228506629, 0.8082942208187593, 0.9988285103445176, 0.9989508227705766, 0.9989508227705766, 0.9909376442979465, 0.994129277919879, 0.9981647180537282, 0.9991552807544878, 0.9986058932123267, 0.9958010927799148, 0.9989508227705766, 0.9987550430553389, 0.9934826975835828, 0.9958010927799148, 0.9499468682483089, 0.9990338098854836, 0.998149913670949, 0.9942135904011458, 0.9989508227705766, 0.7121044401055874, 0.9991640431235989, 0.994129277919879, 0.9958010927799148, 0.994129277919879, 0.9958010927799148, 0.9958010927799148, 0.9987821199371582, 0.9989425373130864, 0.9981647180537282, 0.9989508227705766, 0.9962683357456849, 0.9987851713452007, 0.994129277919879, 0.9976559737910257, 0.9873762872412276, 0.9982425968477229]}