{"L": 2, "J": 0.44721359549995826, "B": 0.44721359549995826, "K": 10, "init_state": "random computational-basis state", "energy_avg": -0.970261450675193, "energy_std": 0.09161938060578416, "gsf_avg": 0.973690050598662, "gsf_std": 0.10856535877643929, "norm_check_samples": [1.0000797510147095, 1.0000817775726318, 1.0000840425491333, 1.0000817775726318, 1.0000805854797363, 1.0000816583633423, 1.0000766515731812, 1.0000807046890259, 1.0000766515731812, 1.0000731945037842, 1.0000766515731812, 1.0000814199447632, 1.000077724456787, 1.0000766515731812, 1.0000818967819214, 1.00008225440979, 1.0000789165496826, 1.0000767707824707, 1.0000802278518677, 1.0000786781311035, 1.0000817775726318, 1.0000786781311035, 1.0000813007354736, 1.0000840425491333, 1.0000805854797363, 1.0000813007354736, 1.0000840425491333, 1.0000845193862915, 1.0000771284103394, 1.0000756978988647, 1.0000818967819214, 1.0000841617584229, 1.0000728368759155, 1.0000840425491333, 1.0000840425491333, 1.000077724456787, 1.0000802278518677, 1.0000784397125244, 1.0000801086425781, 1.000082015991211, 1.0000768899917603, 1.000072717666626, 1.0000792741775513, 1.0000832080841064, 1.0000804662704468, 1.0000770092010498, 1.0000779628753662, 1.0000766515731812, 1.000082015991211, 1.0000770092010498, 1.0000841617584229, 1.0000815391540527, 1.0000840425491333, 1.0000797510147095, 1.000077724456787, 1.0000766515731812, 1.0000755786895752, 1.0000797510147095, 1.0000766515731812, 1.0000766515731812, 1.000077724456787, 1.00007963180542, 1.000082015991211, 1.0000766515731812, 1.0000771284103394, 1.0000815391540527, 1.00007963180542, 1.0000852346420288, 1.0000768899917603, 1.0000786781311035, 1.0000817775726318, 1.0000766515731812, 1.0000817775726318, 1.0000770092010498, 1.0000840425491333, 1.000084638595581, 1.0000801086425781, 1.0000840425491333, 1.0000845193862915, 1.0000836849212646, 1.0000766515731812, 1.0000826120376587, 1.0000766515731812, 1.0000810623168945, 1.0000840425491333, 1.0000827312469482, 1.0000779628753662, 1.0000816583633423, 1.0000892877578735, 1.0000766515731812, 1.0000807046890259, 1.0000817775726318, 1.000082015991211, 1.0000852346420288, 1.0000810623168945, 1.0000840425491333, 1.0000840425491333, 1.0000840425491333, 1.0000826120376587, 1.0000771284103394], "energy_samples": [-0.998898540774307, -0.9730106908865124, -0.9954591426695125, -0.9671679007880478, -0.8519665044311311, -0.9584651147720383, -0.9954030852356164, -0.9780289344899098, -0.9954030852356164, -0.9657751041517124, -0.9954030852356164, -0.9978500917971141, -0.9979337187447143, -0.9954030852356164, -0.9969509640206157, -0.9987616646360034, -0.9899330618992122, -0.9984293743309621, -0.9988739896389749, -0.9668616248542788, -0.9730106908865124, -0.9668616248542788, -0.9762121051148954, -0.9954591426695125, -0.9987837565627736, -0.9762121051148954, -0.9954591426695125, -0.9408128151661461, -0.35005330553414754, -0.9988625109292085, -0.9833367651886988, -0.9586992405178435, -0.9981830434989484, -0.9954591426695125, -0.9954591426695125, -0.9984824181023585, -0.9988739896389749, -0.9966428436678807, -0.9986122064834582, -0.9829970075486292, -0.9771076267055556, -0.9989632711920331, -0.9987936606093121, -0.9987606082005195, -0.9987438240489349, -0.9740876968700763, -0.998735289163612, -0.9954030852356164, -0.9863345999899505, -0.9986297780891735, -0.9586992405178435, -0.9989974832417066, -0.9954591426695125, -0.9945208461688396, -0.9984824181023585, -0.9954030852356164, -0.9926421405528888, -0.9848810251824854, -0.9954030852356164, -0.9954030852356164, -0.9988738254576752, -0.9787127391281268, -0.9829970075486292, -0.9954030852356164, -0.9504416993196054, -0.9988786405402468, -0.9787127391281268, -0.9633308089941576, -0.9677888584672244, -0.9668616248542788, -0.9730106908865124, -0.9902099240879975, -0.9730106908865124, -0.9740876968700763, -0.9954591426695125, -0.7083277808807752, -0.9656666604071483, -0.9954591426695125, -0.9408128151661461, -0.9809531160609539, -0.9954030852356164, -0.9987962662901373, -0.9954030852356164, -0.9987685174086314, -0.9954591426695125, -0.9983468247933875, -0.998735289163612, -0.9963037797183493, -0.40008757291457425, -0.9954030852356164, -0.9780289344899098, -0.9730106908865124, -0.9958429027980552, -0.9633308089941576, -0.9987685174086314, -0.9954591426695125, -0.9954591426695125, -0.9954591426695125, -0.9987359921275027, -0.9504416993196054], "gsf_samples": [0.9994491057715462, 0.9815505756431707, 0.9970116056688603, 0.9775033893555567, 0.897781798379359, 0.9714991877739593, 0.996971563542199, 0.9850168041599208, 0.996971563542199, 0.9758172914325673, 0.996971563542199, 0.9987127547026468, 0.9988105297124494, 0.996971563542199, 0.9980679442044383, 0.9993545784170833, 0.9932357369966892, 0.9991195622680361, 0.999436035150214, 0.977296553313559, 0.9815505756431707, 0.977296553313559, 0.9837167422717331, 0.9970116056688603, 0.9993904990247661, 0.9837167422717331, 0.9970116056688603, 0.9555853513062839, 0.0057808091171739455, 0.9994292928284461, 0.9886882027437007, 0.9716390739520883, 0.9989587324213185, 0.9970116056688603, 0.9970116056688603, 0.9991406704051808, 0.999436035150214, 0.9978879743193917, 0.9992647019625752, 0.9884275578649003, 0.9843368886034477, 0.9994790331339334, 0.9993795437749599, 0.9993344955751109, 0.9993218863721194, 0.9822951126226883, 0.9993342700637096, 0.996971563542199, 0.9907651397614781, 0.9992542518466749, 0.9716390739520883, 0.999497371918902, 0.9970116056688603, 0.996319156468048, 0.9991406704051808, 0.996971563542199, 0.9949710469119288, 0.989442249729637, 0.996971563542199, 0.996971563542199, 0.9994359904111098, 0.9854894221227581, 0.9884275578649003, 0.996971563542199, 0.9659461891775349, 0.999435580207779, 0.9854894221227581, 0.9748275155973849, 0.9779325771250924, 0.977296553313559, 0.9815505756431707, 0.9934272519679834, 0.9815505756431707, 0.9822951126226883, 0.9970116056688603, 0.7582900982031043, 0.9764704984938577, 0.9970116056688603, 0.9555853513062839, 0.9870245998381186, 0.996971563542199, 0.9993814443611252, 0.996971563542199, 0.9993350745519471, 0.9970116056688603, 0.999048984343022, 0.9993342700637096, 0.9976501985503867, 0.5855443048554584, 0.996971563542199, 0.9850168041599208, 0.9815505756431707, 0.9973532250618707, 0.9748275155973849, 0.9993350745519471, 0.9970116056688603, 0.9970116056688603, 0.9970116056688603, 0.9993369437374201, 0.9659461891775349]}