{"L": 3, "J": 0.06622517641798506, "B": 0.33112588208992527, "K": 2, "init_state": "random computational-basis state", "energy_avg": -0.9652683537118731, "energy_std": 0.08827688639654582, "gsf_avg": 0.9536804656373009, "gsf_std": 0.12258515333583918, "norm_check_samples": [1.000012755393982, 1.0000128746032715, 1.000014066696167, 1.0000132322311401, 1.0000139474868774, 1.0000112056732178, 1.0000133514404297, 1.0000122785568237, 1.0000121593475342, 1.0000128746032715, 1.000011920928955, 1.0000125169754028, 1.000012993812561, 1.000012755393982, 1.0000126361846924, 1.0000125169754028, 1.0000134706497192, 1.000012755393982, 1.0000134706497192, 1.0000121593475342, 1.000011920928955, 1.0000128746032715, 1.0000131130218506, 1.0000134706497192, 1.0000125169754028, 1.0000137090682983, 1.000012993812561, 1.0000128746032715, 1.0000122785568237, 1.000013828277588, 1.000012755393982, 1.000014066696167, 1.0000128746032715, 1.0000133514404297, 1.0000122785568237, 1.000012755393982, 1.0000128746032715, 1.0000114440917969, 1.000012993812561, 1.0000118017196655, 1.0000128746032715, 1.0000121593475342, 1.0000128746032715, 1.000012755393982, 1.0000145435333252, 1.0000134706497192, 1.0000135898590088, 1.0000135898590088, 1.0000134706497192, 1.0000131130218506, 1.0000125169754028, 1.0000139474868774, 1.0000128746032715, 1.0000126361846924, 1.0000128746032715, 1.0000121593475342, 1.000012993812561, 1.0000128746032715, 1.0000128746032715, 1.0000123977661133, 1.0000115633010864, 1.0000131130218506, 1.0000134706497192, 1.0000135898590088, 1.0000128746032715, 1.0000134706497192, 1.0000128746032715, 1.0000134706497192, 1.0000128746032715, 1.0000126361846924, 1.0000125169754028, 1.000011920928955, 1.0000139474868774, 1.0000128746032715, 1.000012993812561, 1.0000128746032715, 1.0000128746032715, 1.000012755393982, 1.0000115633010864, 1.0000128746032715, 1.0000125169754028, 1.0000134706497192, 1.0000133514404297, 1.0000134706497192, 1.0000132322311401, 1.000012755393982, 1.0000126361846924, 1.0000120401382446, 1.0000126361846924, 1.0000133514404297, 1.0000131130218506, 1.0000121593475342, 1.000012755393982, 1.0000126361846924, 1.000014066696167, 1.0000135898590088, 1.000013828277588, 1.0000132322311401, 1.000012755393982, 1.0000132322311401], "energy_samples": [-0.9908321109555512, -0.9934750814523123, -0.9826144619341219, -0.9936915453638575, -0.9430954055190801, -0.9569014016653707, -0.7650502718192658, -0.9936422654903769, -0.9929263491528852, -0.9946176745063723, -0.9935377999721184, -0.9944528872236643, -0.45854681720919643, -0.8357954534849608, -0.9699516857717108, -0.9944528872236643, -0.9558050144300825, -0.9955658469779685, -0.9882919370373373, -0.9931773108577331, -0.9732849456810636, -0.9927688463010801, -0.9947947385065588, -0.990999467851783, -0.9887109732761247, -0.9940659486560476, -0.9880718553141189, -0.9946176745063723, -0.9860827488317222, -0.9948879810895462, -0.9896274511471975, -0.9907212724877977, -0.9874764250424815, -0.9203848137799485, -0.995199975304394, -0.9896274511471975, -0.9934750814523123, -0.988892997580189, -0.992856193331352, -0.9808657116087859, -0.9946176745063723, -0.9915355859438956, -0.9688973173518337, -0.9854634306103048, -0.9909097282469865, -0.9848797044152112, -0.9888461566288176, -0.976542203419587, -0.98766526572778, -0.9947947385065588, -0.9944528872236643, -0.9771355987095284, -0.9917720734530633, -0.8453285508440349, -0.9927688463010801, -0.9906944348058552, -0.657255073624409, -0.9874764250424815, -0.9906043178934479, -0.9894500835563054, -0.4231385458750112, -0.9935706312136476, -0.9352261917687468, -0.9946970834625083, -0.9946176745063723, -0.9933079199620967, -0.9975162386140678, -0.9933079199620967, -0.9946176745063723, -0.9918676438090681, -0.9887109732761247, -0.9852847540767228, -0.9557885112704262, -0.9940240190484224, -0.9929139515164667, -0.9874764250424815, -0.9874764250424815, -0.9916033400784778, -0.9908146921969931, -0.9946176745063723, -0.9977393639781196, -0.9764320693597757, -0.9964662371613113, -0.9933079199620967, -0.9914867441943553, -0.9896274511471975, -0.9809604395884738, -0.9495152582517551, -0.9918676438090681, -0.9904627454408812, -0.8994556808291517, -0.9710645869091447, -0.9434969632359238, -0.9949245077343472, -0.9884133126990357, -0.9808823581954854, -0.9708324982388974, -0.9953020498752996, -0.9510658646910918, -0.9980265283960232], "gsf_samples": [0.9910213205839654, 0.9919611143195287, 0.977004997170648, 0.9949500681385759, 0.9224901909282645, 0.9635124933794332, 0.6830603368465229, 0.9948062520286242, 0.993731718353546, 0.9938634175845221, 0.9947984932879625, 0.9936429956003044, 0.27485114196897953, 0.7770027876450784, 0.957704641383242, 0.9936429956003044, 0.9406864022546055, 0.9949944959591362, 0.9861881780254101, 0.9916244786025464, 0.9643028161679836, 0.9905312778697888, 0.9938597245225564, 0.9884748264285296, 0.9854753431924315, 0.9931098703451045, 0.9843255025897379, 0.9938634175845221, 0.9821049815187229, 0.9952426394974013, 0.9867350063619096, 0.9882784606619694, 0.9841247905109418, 0.9039473005760745, 0.9942610416427532, 0.9867350063619096, 0.9919611143195287, 0.9847050601638014, 0.9910970940881628, 0.9748961044660562, 0.9938634175845221, 0.989670184773773, 0.9589538265549881, 0.9809792906013017, 0.9886022631352112, 0.9830703473222456, 0.9856631409727344, 0.9691859707305946, 0.9869739262507133, 0.9938597245225564, 0.9936429956003044, 0.9705900845795411, 0.9900491383113474, 0.7752009638924163, 0.9905312778697888, 0.9908108247592221, 0.5311207334245176, 0.9841247905109418, 0.9907401660525231, 0.9864780400681226, 0.17363033972346867, 0.9920692551953545, 0.9111195184297669, 0.9941305281258928, 0.9938634175845221, 0.9920159650418532, 0.9976503028469207, 0.9920159650418532, 0.9938634175845221, 0.9901772326461153, 0.9854753431924315, 0.981041349693113, 0.9404225919570268, 0.9926944135687094, 0.9909841023090609, 0.9841247905109418, 0.9841247905109418, 0.992086259744325, 0.9886685275296171, 0.9938634175845221, 0.9980477849910948, 0.9690973285109347, 0.9962621739834617, 0.9920159650418532, 0.9913304166810072, 0.9867350063619096, 0.975054825284585, 0.9313393601207299, 0.9901772326461153, 0.9878988224815971, 0.8560778429722834, 0.9609428917881027, 0.9263195753393144, 0.9940334465010219, 0.9850335714214861, 0.9749420313901322, 0.9616836424761005, 0.9944335015003912, 0.9305740281819586, 0.9983445811865893]}