{"L": 3, "J": 0.48596110151427596, "B": 0.0971922203028552, "K": 5, "init_state": "random computational-basis state", "energy_avg": -0.9729650055960007, "energy_std": 0.10745260690501152, "gsf_avg": 0.9788658979661686, "gsf_std": 0.11000275093302765, "norm_check_samples": [0.9999616742134094, 0.9999603629112244, 0.9999625086784363, 0.9999626278877258, 0.9999603629112244, 0.9999595880508423, 0.9999603629112244, 0.9999608993530273, 0.9999608993530273, 0.9999606013298035, 0.9999599456787109, 0.9999607801437378, 0.9999620914459229, 0.9999592304229736, 0.9999616146087646, 0.999958872795105, 0.9999625086784363, 0.9999625086784363, 0.9999595880508423, 0.9999580979347229, 0.9999622106552124, 0.9999625086784363, 0.9999608397483826, 0.999958872795105, 0.9999603629112244, 0.9999625086784363, 0.9999608993530273, 0.9999625086784363, 0.9999613761901855, 0.9999608993530273, 0.9999608993530273, 0.9999608993530273, 0.9999603629112244, 0.9999603629112244, 0.9999597668647766, 0.9999604821205139, 0.9999603629112244, 0.9999628067016602, 0.9999608993530273, 0.9999603629112244, 0.9999620914459229, 0.9999603629112244, 0.9999608993530273, 0.9999604225158691, 0.9999603629112244, 0.9999600648880005, 0.9999603629112244, 0.9999609589576721, 0.9999613761901855, 0.9999600052833557, 0.9999626874923706, 0.9999603033065796, 0.9999603629112244, 0.9999613165855408, 0.9999608993530273, 0.9999608993530273, 0.9999603629112244, 0.9999614953994751, 0.9999620914459229, 0.9999580979347229, 0.9999603629112244, 0.9999608993530273, 0.9999597668647766, 0.9999580979347229, 0.9999608993530273, 0.9999625086784363, 0.9999600052833557, 0.9999592900276184, 0.9999608993530273, 0.9999619126319885, 0.9999597668647766, 0.9999603629112244, 0.9999616742134094, 0.9999603629112244, 0.9999603629112244, 0.9999602437019348, 0.9999603033065796, 0.9999603629112244, 0.9999622106552124, 0.9999624490737915, 0.9999623894691467, 0.9999608993530273, 0.9999609589576721, 0.9999608993530273, 0.9999603629112244, 0.9999608993530273, 0.9999603629112244, 0.999961256980896, 0.9999608993530273, 0.9999595880508423, 0.9999603629112244, 0.9999603629112244, 0.9999580979347229, 0.9999614953994751, 0.9999603629112244, 0.9999613165855408, 0.9999608993530273, 0.9999622702598572, 0.9999604821205139, 0.9999603629112244], "energy_samples": [-0.9883606434930102, -0.9882305945070282, -0.9884708609407208, -0.9885087898924682, -0.9882305945070282, -0.9881415952929159, -0.9882305945070282, -0.9882219089455362, -0.9882219089455362, -0.9877341056994134, -0.9883438568130378, -0.9876987391542212, -0.9885444350901763, -0.9883774581638424, -0.9884719460772702, -0.9878725860707475, -0.9884708609407208, -0.9884708609407208, -0.9844424280404049, -0.9881995789356666, -0.9880194694425373, -0.9884708609407208, -0.9883138197774275, -0.9867382784326444, -0.9882305945070282, -0.9884708609407208, -0.9882219089455362, -0.9884708609407208, -0.9858628371686808, -0.9882219089455362, -0.9882219089455362, -0.9882219089455362, -0.9882305945070282, -0.9882305945070282, -0.9881760037638272, -0.38716061466381463, -0.9882305945070282, -0.9880263649634301, -0.9882219089455362, -0.9882305945070282, -0.9885444350901763, -0.9882305945070282, -0.9882219089455362, -0.9881271685817348, -0.9882305945070282, -0.9885334349643545, -0.9882305945070282, -0.9886234808177112, -0.9893068666477435, -0.9885917105493818, -0.9879499970547851, -0.9886361469455864, -0.9882305945070282, -0.9873311195815362, -0.9882219089455362, -0.9882219089455362, -0.9882305945070282, -0.9882612492296643, -0.9884338211498147, -0.9881995789356666, -0.9882305945070282, -0.9882219089455362, -0.9884999388653052, -0.9881995789356666, -0.9882219089455362, -0.9884708609407208, -0.9881508845350148, -0.9898186503571572, -0.9882219089455362, -0.988129735802439, -0.9881760037638272, -0.9882305945070282, -0.9883607260788189, -0.9882305945070282, -0.9882305945070282, -0.985163796349638, -0.9907696833089036, -0.9882305945070282, -0.9782753319948787, -0.9817645162118511, -0.9883279006639594, -0.9882219089455362, -0.9896278479011571, -0.9882219089455362, -0.9882305945070282, -0.9882219089455362, -0.9882305945070282, -0.9882055882022153, -0.9882219089455362, -0.9869924334301519, -0.9882305945070282, -0.9882305945070282, -0.9881995789356666, -0.9882612492296643, -0.9882305945070282, -0.9872728783756346, -0.9882219089455362, -0.08466328448065427, -0.9872837359204018, -0.9882305945070282], "gsf_samples": [0.9942331718205951, 0.9943346812312717, 0.9942957979189234, 0.9943162075253045, 0.9943346812312717, 0.994263463547244, 0.9943346812312717, 0.9943295674885786, 0.9943295674885786, 0.994328363390209, 0.9940554554769675, 0.993515085386715, 0.994376627721943, 0.9942652765309231, 0.9943394456523571, 0.9943198307475662, 0.9942957979189234, 0.9942957979189234, 0.9938444540469094, 0.9942816385329163, 0.9945553963696158, 0.9942957979189234, 0.9938876763230795, 0.994322041395842, 0.9943346812312717, 0.9942957979189234, 0.9943295674885786, 0.9942957979189234, 0.9939854502792136, 0.9943295674885786, 0.9943295674885786, 0.9943295674885786, 0.9943346812312717, 0.9943346812312717, 0.9942620811253411, 0.41786566895512034, 0.9943346812312717, 0.9942296151295227, 0.9943295674885786, 0.9943346812312717, 0.994376627721943, 0.9943346812312717, 0.9943295674885786, 0.9941945690274037, 0.9943346812312717, 0.9946241723143168, 0.9943346812312717, 0.9945037943463467, 0.9946755437015028, 0.9944106856460864, 0.9942368755529665, 0.9943653078772642, 0.9943346812312717, 0.9942579294992088, 0.9943295674885786, 0.9943295674885786, 0.9943346812312717, 0.9942973967541824, 0.9941894361264032, 0.9942816385329163, 0.9943346812312717, 0.9943295674885786, 0.9943394888925058, 0.9942816385329163, 0.9943295674885786, 0.9942957979189234, 0.9942688973352262, 0.9938989564877161, 0.9943295674885786, 0.9942461193917478, 0.9942620811253411, 0.9943346812312717, 0.9942927509183795, 0.9943346812312717, 0.9943346812312717, 0.9923954590599204, 0.99403103526589, 0.9943346812312717, 0.9848427210315747, 0.9890635811360492, 0.9942725058345165, 0.9943295674885786, 0.9949836002800694, 0.9943295674885786, 0.9943346812312717, 0.9943295674885786, 0.9943346812312717, 0.9942755311351055, 0.9943295674885786, 0.9940790939953421, 0.9943346812312717, 0.9943346812312717, 0.9942816385329163, 0.9942973967541824, 0.9943346812312717, 0.9945057786451055, 0.9943295674885786, 0.04483621452464999, 0.9934392309023902, 0.9943346812312717]}