{"L": 3, "J": 0.28620826421558143, "B": 0.28620826421558143, "K": 5, "init_state": "random computational-basis state", "energy_avg": -0.9714372214190086, "energy_std": 0.08684632951775104, "gsf_avg": 0.9640732025762269, "gsf_std": 0.1212255973172336, "norm_check_samples": [0.999955415725708, 0.9999573230743408, 0.9999587535858154, 0.9999554753303528, 0.9999560713768005, 0.9999567270278931, 0.999954104423523, 0.9999573826789856, 0.9999544620513916, 0.9999550580978394, 0.999951958656311, 0.9999547004699707, 0.999955415725708, 0.999956488609314, 0.9999563694000244, 0.9999555945396423, 0.9999551773071289, 0.9999580383300781, 0.9999588131904602, 0.9999567866325378, 0.9999583959579468, 0.9999554753303528, 0.9999558925628662, 0.999956488609314, 0.9999583959579468, 0.999955415725708, 0.9999560117721558, 0.9999574422836304, 0.9999560713768005, 0.999954104423523, 0.9999570250511169, 0.9999600052833557, 0.9999554753303528, 0.9999520778656006, 0.999955415725708, 0.999955415725708, 0.9999552965164185, 0.9999572038650513, 0.9999587535858154, 0.9999520778656006, 0.9999560713768005, 0.9999547600746155, 0.9999580979347229, 0.9999611973762512, 0.9999551773071289, 0.9999562501907349, 0.9999549984931946, 0.9999597072601318, 0.9999571442604065, 0.9999527931213379, 0.9999542236328125, 0.9999603033065796, 0.9999578595161438, 0.9999551773071289, 0.9999549388885498, 0.999954879283905, 0.9999544620513916, 0.9999555945396423, 0.9999574422836304, 0.999956488609314, 0.999957799911499, 0.999954342842102, 0.9999545812606812, 0.9999542832374573, 0.9999551177024841, 0.999955415725708, 0.9999552369117737, 0.9999575614929199, 0.9999544620513916, 0.9999551773071289, 0.999958336353302, 0.999955952167511, 0.9999560713768005, 0.9999544620513916, 0.9999555945396423, 0.9999573230743408, 0.9999566674232483, 0.9999526739120483, 0.9999570250511169, 0.9999556541442871, 0.9999572038650513, 0.9999555945396423, 0.9999573230743408, 0.9999570846557617, 0.9999569058418274, 0.9999536275863647, 0.9999544620513916, 0.9999579787254333, 0.9999576210975647, 0.9999560713768005, 0.9999558329582214, 0.9999560713768005, 0.9999561905860901, 0.9999585747718811, 0.9999561309814453, 0.9999549388885498, 0.999955415725708, 0.9999551773071289, 0.9999558925628662, 0.9999547004699707], "energy_samples": [-0.9905946572575091, -0.6831621564634724, -0.9951053086708608, -0.8868371323098273, -0.9900300851613216, -0.9827026837012104, -0.9911943045813352, -0.995042873878149, -0.9952176303663168, -0.9574660751900284, -0.9970419904237167, -0.9954741100506984, -0.993161523303243, -0.9932207781594956, -0.9941779619112773, -0.9949532414432802, -0.9951352735517205, -0.9954607196207113, -0.9176775388053882, -0.9918619418143175, -0.9962717043058539, -0.992595485804809, -0.9820062938336288, -0.9930126213815734, -0.9931310838792988, -0.9905946572575091, -0.9800438336739499, -0.8996694537227005, -0.9808039077098273, -0.9926276793548303, -0.9934483745779468, -0.9850594912200902, -0.9939561540129985, -0.9966455442410841, -0.925889116721627, -0.9905946572575091, -0.993140287225373, -0.9836708799119017, -0.9951053086708608, -0.9966455442410841, -0.9932167477995463, -0.9953685606458336, -0.9954776706351546, -0.995613654505911, -0.9942030327161658, -0.9950679246167698, -0.9857051023791197, -0.9962028840653768, -0.9975065908748536, -0.9949116339080506, -0.9939337140694847, -0.9922675294325389, -0.29443229153653655, -0.9948230772446088, -0.9904599032785338, -0.9892050000639715, -0.9919221376222612, -0.993666564603152, -0.9861162289502633, -0.9721578977375326, -0.9266098299287493, -0.994257815800286, -0.9919860162016217, -0.9912742214709347, -0.9943676650272673, -0.9905946572575091, -0.9617561495344769, -0.9914473523867704, -0.993080535335852, -0.9951352735517205, -0.9947602966573391, -0.9686615624958176, -0.589313332544171, -0.9919221376222612, -0.993666564603152, -0.9870848365536704, -0.9953668521583802, -0.9910936946165856, -0.8756366672245328, -0.9687506129436291, -0.9836708799119017, -0.9956899973093766, -0.9893728044779656, -0.9970589951291089, -0.9953687091550529, -0.9868973100242556, -0.9919221376222612, -0.9940366049922335, -0.9827359440884171, -0.9900300851613216, -0.9901885531175831, -0.995141443137593, -0.9954232496220065, -0.9946493776715497, -0.9897140222796994, -0.9952824071755081, -0.9905946572575091, -0.991019296116365, -0.9803063726658162, -0.9951650087165955], "gsf_samples": [0.9904195539765062, 0.5656551412540011, 0.9962440156268724, 0.8428960653039447, 0.9898143104016656, 0.9824997791006523, 0.9915125615294711, 0.9961827450549376, 0.9963331997539076, 0.9591464136573963, 0.9972620557392716, 0.996700905470468, 0.9937254747478329, 0.9937766948969926, 0.9949794959325017, 0.994808367271102, 0.9962759597939035, 0.996646629990397, 0.8878270930027116, 0.9946911945837565, 0.9964197875377026, 0.9933767760278043, 0.9833025285126024, 0.9947695318488624, 0.99368038019393, 0.9904195539765062, 0.9747378848889914, 0.8624404851031399, 0.9790513473571566, 0.993251079131419, 0.9942197968823345, 0.9876911470242148, 0.9948243412916437, 0.9961260971199887, 0.9059306089486897, 0.9904195539765062, 0.9941980297514142, 0.9810962012815791, 0.9962440156268724, 0.9961260971199887, 0.9935514757337648, 0.9965655129029383, 0.9966669861789758, 0.9968011693810884, 0.995878946616727, 0.9960119331869707, 0.9838039003446519, 0.9968643157662209, 0.9975701467652436, 0.9959415469229967, 0.9926065706424075, 0.9926133631263265, 0.013492743648744745, 0.9958296981501844, 0.9899177381478702, 0.9912803088712129, 0.9921220173120695, 0.9943466514881117, 0.987799111941146, 0.966360650569513, 0.9023190449425383, 0.9929197737066607, 0.9905150335074471, 0.9915465391346746, 0.9942202470443031, 0.9904195539765062, 0.9533283059577964, 0.9925995821114945, 0.9940499142140004, 0.9962759597939035, 0.995817780597741, 0.9637937789994914, 0.43083805683680404, 0.9921220173120695, 0.9943466514881117, 0.9849572042298629, 0.9944591665633327, 0.9906635774404532, 0.8465711265508518, 0.9607792437039517, 0.9810962012815791, 0.9968405684293433, 0.9893428503124965, 0.9968529693017785, 0.996524974031139, 0.9854478137735994, 0.9921220173120695, 0.9956837394175864, 0.9836378980947709, 0.9898143104016656, 0.9895765210891883, 0.996109707735424, 0.9965923410508715, 0.9949043893292754, 0.9896818964127722, 0.9959025041613233, 0.9904195539765062, 0.9924304174722732, 0.983874992349192, 0.9961743451910333]}