{"L": 3, "J": 0.48596110151427596, "B": 0.0971922203028552, "K": 2, "init_state": "random computational-basis state", "energy_avg": -0.8676191007114334, "energy_std": 0.23127337796396907, "gsf_avg": 0.8753472215170423, "gsf_std": 0.22699221648101767, "norm_check_samples": [1.0000029802322388, 1.000002145767212, 1.0000022649765015, 1.000003695487976, 1.0000020265579224, 1.0000014305114746, 1.0000035762786865, 1.000002384185791, 1.0000019073486328, 1.0000016689300537, 1.000003457069397, 1.0000028610229492, 1.000001311302185, 1.000002145767212, 1.0000027418136597, 1.0000025033950806, 1.0000025033950806, 1.000002384185791, 1.0000015497207642, 1.0000030994415283, 1.0000032186508179, 1.000002145767212, 1.0000026226043701, 1.000002145767212, 1.0000020265579224, 1.0000008344650269, 1.000002384185791, 1.000002384185791, 1.0000029802322388, 1.000003457069397, 1.0000022649765015, 1.0000022649765015, 1.0000008344650269, 1.0000014305114746, 1.0000029802322388, 1.0000022649765015, 1.0000030994415283, 1.0000016689300537, 1.000002145767212, 1.000002384185791, 1.0000016689300537, 1.000002145767212, 1.0000011920928955, 1.0000019073486328, 1.0000022649765015, 1.000002384185791, 1.0000029802322388, 1.000001072883606, 1.0000025033950806, 1.000002384185791, 1.000002384185791, 1.0000015497207642, 1.0000019073486328, 1.0000030994415283, 1.000002384185791, 1.000003457069397, 1.000002384185791, 1.0000015497207642, 1.0000019073486328, 1.0000015497207642, 1.0000028610229492, 1.000001311302185, 1.000002384185791, 1.0000011920928955, 1.000002384185791, 1.0000025033950806, 1.0000028610229492, 1.0000032186508179, 1.0000025033950806, 1.0000022649765015, 1.0000038146972656, 1.0000022649765015, 1.0000017881393433, 1.0000016689300537, 1.0000027418136597, 1.0000019073486328, 1.0000008344650269, 1.0000033378601074, 1.0000011920928955, 1.0000019073486328, 1.000002145767212, 1.0000025033950806, 1.0000026226043701, 1.0000029802322388, 1.0000022649765015, 1.0000015497207642, 1.0000020265579224, 1.0000022649765015, 1.000001072883606, 1.000002384185791, 1.000002384185791, 1.0000022649765015, 1.000002384185791, 1.0000029802322388, 1.0000011920928955, 1.000003695487976, 1.000002384185791, 1.0000022649765015, 1.0000044107437134, 1.0000028610229492], "energy_samples": [-0.9714545939214093, -0.9873392635980761, -0.48335832468320467, -0.9743676011224546, -0.3751387061279392, -0.9447905326985454, -0.9644120360897492, -0.967885172309836, -0.9814855204820526, -0.9648256835484569, -0.9600080509909847, -0.9911873118136886, -0.9905065622923135, -0.9601096124610694, -0.973204131388677, -0.9657298564773279, -0.9673060709511678, -0.9884727144903827, -0.9666034083166405, -0.9722123389483043, -0.17238616976996526, -0.3490154330133814, -0.9899886742948749, -0.4644488384779579, -0.9661045557921956, -0.982921210891975, -0.967885172309836, -0.9633014406435936, -0.9733559932016792, -0.97195529505434, -0.9830477517248517, -0.9647652679329899, -0.9647833956057599, -0.22984884250457366, -0.9846158940872916, -0.7288762943346342, -0.9722123389483043, -0.9887706192286059, -0.9873392635980761, -0.9438698723867511, -0.9857035146545586, -0.9873392635980761, -0.9744662481017526, -0.18368532396042786, -0.971187996896605, -0.9829574709620427, -0.9714545939214093, -0.9717777938146583, -0.9670052819020305, -0.9633014406435936, -0.9675849178822995, -0.7280069757808275, -0.4155712405749798, -0.9707463817600493, -0.9633014406435936, -0.97195529505434, -0.9829574709620427, -0.9678296512381531, -0.9595854213772631, -0.9691203104250324, -0.7489616020421659, -0.9682381364980187, -0.9719541926223182, -0.9726395865732775, -0.9851315581596883, -0.34410487286343455, -0.9719031192224994, -0.9354598374563993, -0.9670052819020305, -0.971187996896605, -0.9828089324189135, -0.9743191905857836, -0.3102278331020059, -0.9726170415459886, -0.6865728312684571, -0.9608557395399258, -0.9634327924149315, -0.14651573735114723, -0.9744662481017526, -0.849625926230746, -0.9705228253349464, -0.9673060709511678, -0.9736023532929758, -0.9702952117701876, -0.10192477391190564, -0.9825419721995008, -0.4945716895557579, -0.971187996896605, -0.9583423937325638, -0.4807581271161408, -0.9675849178822995, -0.9667603904831966, -0.9884727144903827, -0.9739346909189657, -0.9744662481017526, -0.9743676011224546, -0.7206853507126041, -0.971187996896605, -0.968037319087098, -0.9719031192224994], "gsf_samples": [0.9776356366355551, 0.9926293245492909, 0.4959883885536311, 0.9803221599702446, 0.3908899756508348, 0.9536531236611256, 0.9683453240302559, 0.9723950992560382, 0.9868937404063776, 0.9732544443852402, 0.9652499661964027, 0.9965037200173391, 0.9958217655319599, 0.965288917910353, 0.9792783897336632, 0.9711434932808402, 0.9720802287858913, 0.9939785099040952, 0.9730218539123205, 0.9786936151855773, 0.20001705943149473, 0.36089244360977957, 0.9955451004142352, 0.4654187105227242, 0.9711984283384818, 0.9883955201940056, 0.9723950992560382, 0.9680458190319776, 0.9795843517668705, 0.9777944551370054, 0.9887023064209167, 0.9718050613910967, 0.9691844404086742, 0.23115649635436258, 0.9899045124458595, 0.7343739170363979, 0.9786936151855773, 0.9946235728059117, 0.9926293245492909, 0.9484352430871296, 0.990989131787114, 0.9926293245492909, 0.9806789789260228, 0.2176233127014734, 0.9778958759913432, 0.9885567783544904, 0.9776356366355551, 0.9775698200113115, 0.9733956755030393, 0.9680458190319776, 0.9740720629800886, 0.7382769680080642, 0.4198061877754521, 0.9771427391934571, 0.9680458190319776, 0.9777944551370054, 0.9885567783544904, 0.9727331673003079, 0.9641282090330038, 0.9758482761718785, 0.7650213066874324, 0.9726364238862492, 0.9784571140302512, 0.9782564969118214, 0.9908907320069923, 0.3503050642551888, 0.9784543967281435, 0.9413304082615231, 0.9733956755030393, 0.9778958759913432, 0.9882517190351936, 0.9783949557359679, 0.3284273665988341, 0.9791934562712578, 0.7022518441979817, 0.9658484832088711, 0.9682478906679066, 0.17422967104672255, 0.9806789789260228, 0.8680763717973169, 0.9767527847658312, 0.9720802287858913, 0.9785674561953351, 0.976175273894927, 0.13475392598944416, 0.9877140885776095, 0.5129192816076887, 0.9778958759913432, 0.9624406413702058, 0.502260719017626, 0.9740720629800886, 0.9739899884672905, 0.9939785099040952, 0.9808592150108298, 0.9806789789260228, 0.9803221599702446, 0.7360849617575264, 0.9778958759913432, 0.9732933226025043, 0.9784543967281435]}