{"L": 4, "J": 0.21013831273060313, "B": 0.21013831273060313, "K": 10, "init_state": "random computational-basis state", "energy_avg": -0.9699125899408717, "energy_std": 0.09581081153348323, "gsf_avg": 0.9294957306766637, "gsf_std": 0.2195940400224444, "norm_check_samples": [0.999298095703125, 0.9992961883544922, 0.9993001222610474, 0.9993013143539429, 0.9992936849594116, 0.9992882609367371, 0.9993011355400085, 0.9992969036102295, 0.9992930889129639, 0.9993103742599487, 0.9992979764938354, 0.999301016330719, 0.999301016330719, 0.99930340051651, 0.9992866516113281, 0.9993016719818115, 0.9992914795875549, 0.999304473400116, 0.9993005394935608, 0.9993025064468384, 0.9992932677268982, 0.9992979168891907, 0.9993088245391846, 0.999294102191925, 0.999298632144928, 0.9993008971214294, 0.9992964267730713, 0.9992995262145996, 0.9993005990982056, 0.9992939829826355, 0.9992936849594116, 0.9992928504943848, 0.9992993474006653, 0.9992896318435669, 0.9992936849594116, 0.9992989897727966, 0.9992883205413818, 0.9993036985397339, 0.9993031620979309, 0.9993109703063965, 0.9993044137954712, 0.9992988109588623, 0.9992932081222534, 0.9993086457252502, 0.9992883205413818, 0.9992993474006653, 0.9992964863777161, 0.9993041753768921, 0.9992929697036743, 0.9993044137954712, 0.9993019700050354, 0.9992951154708862, 0.9992929697036743, 0.9993045926094055, 0.9993028044700623, 0.9992935061454773, 0.9993044137954712, 0.9992955923080444, 0.9992988705635071, 0.9992944598197937, 0.9993019700050354, 0.9993077516555786, 0.9993021488189697, 0.9993085265159607, 0.999304473400116, 0.9992960691452026, 0.9993027448654175, 0.9993005394935608, 0.9993004202842712, 0.9992929100990295, 0.9992969036102295, 0.9992972016334534, 0.9993011951446533, 0.9992916584014893, 0.9992899894714355, 0.9993037581443787, 0.9992979764938354, 0.999299943447113, 0.9992923736572266, 0.9992896318435669, 0.9992986917495728, 0.9992932677268982, 0.9992966055870056, 0.9992992281913757, 0.9992994666099548, 0.9992948174476624, 0.9993016719818115, 0.9992948770523071, 0.9992918968200684, 0.9992952346801758, 0.999300479888916, 0.999298632144928, 0.9992951154708862, 0.9992955923080444, 0.999302089214325, 0.9993001818656921, 0.9992972016334534, 0.999297559261322, 0.9992992877960205, 0.9993012547492981], "energy_samples": [-0.998899829216149, -0.9913379177445135, -0.9969186198857588, -0.8186311530027822, -0.9912158467392594, -0.9949397145631583, -0.9985681939212055, -0.982961654974715, -0.9914944555772766, -0.9987285712080065, -0.9492591080285604, -0.9981631683114357, -0.9989168610255063, -0.9924812509184714, -0.35979020472197154, -0.9960453158161972, -0.998381825543653, -0.9989304570381575, -0.9986275611053247, -0.9833729449854678, -0.9754035143433688, -0.9898907297594299, -0.7960177409879485, -0.9989392283750954, -0.9946524688714456, -0.981053835652263, -0.9945807640496686, -0.997464974599494, -0.9959856170092033, -0.998836890448666, -0.9987574472630844, -0.9986304641199136, -0.9250591150483666, -0.9987426637291571, -0.9977996933411941, -0.9949389775591929, -0.9974361043678956, -0.9988315348719506, -0.9962260987309116, -0.9979684882901174, -0.9960645442165351, -0.9988094364086342, -0.9987197099558984, -0.9989529497785326, -0.9974361043678956, -0.9962555859047618, -0.9880618470769841, -0.9896733678749393, -0.9988614520645136, -0.993592397443941, -0.9964145913035578, -0.9766987165340391, -0.9988217233323795, -0.9978708424583145, -0.997315880357915, -0.9375021505910586, -0.995115829499948, -0.9112778159636704, -0.997474073277958, -0.9987469794980156, -0.9797079646264472, -0.9978502820784758, -0.9902206814499886, -0.9955070955600264, -0.9982035116473795, -0.998788112668229, -0.996765879979358, -0.9985634057728834, -0.991214956244796, -0.9987022588301695, -0.9970247255927053, -0.8157357503854384, -0.9514422088237945, -0.996241271765315, -0.9967862392410612, -0.9618436660461935, -0.9966870490943271, -0.9908323575461563, -0.994210954902431, -0.9987750356510458, -0.998877133109941, -0.9987179168656549, -0.9970929323115558, -0.9989056248002725, -0.9988977234368341, -0.576138190845621, -0.9983890864986326, -0.9988494716135021, -0.996913856873325, -0.9639657154646708, -0.9981933123528204, -0.9937526642839452, -0.9909330312954803, -0.9979758990688558, -0.47063721136054937, -0.9860180280983174, -0.9883335117905958, -0.9709040000642738, -0.9988853893564257, -0.9952278830342444], "gsf_samples": [0.9988568512488814, 0.9894465401723475, 0.9962415020535861, 0.03315697246101526, 0.9892858027378221, 0.9905439558609088, 0.9980963450046997, 0.9788631367287975, 0.9913761698671606, 0.9987416433973936, 0.8846843163161457, 0.9971663698151825, 0.9988891326804765, 0.9918772958089945, 0.004484102476897975, 0.9944552917053671, 0.9976753688173611, 0.9987257823932424, 0.9982422845503807, 0.9673233536106225, 0.9654975338930909, 0.9779792856191233, 1.3359081747310214e-05, 0.998915116249663, 0.994337728421052, 0.9652433389530267, 0.992718681532018, 0.9962008679522969, 0.9947199735111291, 0.9987155792931849, 0.9984763730285715, 0.9982480850967969, 0.8638432170354021, 0.9985023750065711, 0.9961210553774951, 0.9950779174232471, 0.9955062704541019, 0.9986908157571341, 0.9936746890035879, 0.9969647623816476, 0.9958558450847177, 0.9986422056935303, 0.9982599099016067, 0.9987349457764816, 0.9955062704541019, 0.9929731358911096, 0.9732421828589992, 0.9843960469705895, 0.9988230256348429, 0.9912996906786952, 0.9934224889619956, 0.9761087808161287, 0.9986785730918355, 0.9964186560679024, 0.9953365978976502, 0.8630907359958231, 0.990293743552307, 0.8502932723068528, 0.9956423698826016, 0.9985112068357748, 0.9568280736687991, 0.9964124976404792, 0.9873576742773897, 0.9907293218252663, 0.9972585829042402, 0.9985166277586677, 0.9965128710000581, 0.9980844706326899, 0.9807677891276113, 0.9984119701639137, 0.9945525296508052, 0.000501738283576733, 0.8910479670724012, 0.9934564557016249, 0.9940036800464346, 0.9401831373746433, 0.9964091999283179, 0.9804614462353387, 0.9888383682207911, 0.9985826929478533, 0.9987982503289469, 0.998456843718826, 0.9946804850503624, 0.9987895021401577, 0.998842884474801, 0.20970699868617337, 0.997666551596827, 0.9987435157095095, 0.9944560684678359, 0.9258907851699515, 0.9972123306979368, 0.9921625293635589, 0.980373370681763, 0.9969076010979173, 0.18654607365944104, 0.9694267850113034, 0.987522412594618, 0.9521568905110881, 0.9988204413873101, 0.99038672572542]}