{"L": 4, "J": 0.326612219552346, "B": 0.0653224439104692, "K": 20, "init_state": "random computational-basis state", "energy_avg": -0.9669266594854642, "energy_std": 0.11747488032923484, "gsf_avg": 0.9543445442915587, "gsf_std": 0.16313091954140962, "energy_samples": [-1.000201106478644, -1.0001621606081728, -1.0002984539609447, -1.000409682974941, -1.000201106478644, -1.0001621606081728, -1.0002342189019693, -1.0003191956387845, -0.6021682376211703, -1.000201106478644, -1.0005535016476794, -1.000229816294995, -1.000119788746003, -1.0002462338147164, -1.0004162024804466, -1.000201106478644, -1.0001621606081728, -1.0001621606081728, -1.000201106478644, -1.0003838946039605, -1.000201106478644, -0.9989466875521706, -1.0005377686726447, -1.0001621606081728, -1.0005562225534899, -1.0001621606081728, -1.0001797324010941, -1.0004311761806106, -1.0001621606081728, -1.0002694880407663, -1.000201106478644, -1.0004214311179451, -1.0001621606081728, -1.0002601394757478, -1.0004842077436886, -1.0001295075858532, -0.43485212416863295, -0.9998397823340945, -0.9999327839808171, -1.0004397100248448, -1.000201106478644, -1.0003566907307024, -1.0004011903386636, -1.000201106478644, -1.000594715760179, -1.000201106478644, -1.0001621606081728, -1.0001621606081728, -0.9994120979232821, -1.0004643139041136, -0.9930239183910596, -1.000201106478644, -0.9994921393992531, -0.4763842028131151, -1.000201106478644, -0.7132429730480713, -1.000201106478644, -0.9992239219941669, -1.0003312255045824, -1.0005537708621792, -0.9997111657464759, -1.0001621606081728, -1.0001621606081728, -1.0001621606081728, -1.0000756401244717, -1.0001621606081728, -0.733114150566879, -0.43388664845127706, -1.0004275016506927, -1.0003807322547353, -1.0002825589663744, -1.0004165314358615, -1.0000891332659754, -1.000490273580179, -0.9930868433351272, -1.0002289164920732, -1.000201106478644, -1.0004311761806106, -0.9963468109542841, -1.0001621606081728, -1.0001621606081728, -1.000186660603808, -1.0005318833125625, -1.0001621606081728, -1.000201106478644, -1.0001621606081728, -0.5538457487390243, -0.7460991631451865, -1.0001742200114556, -1.0001621606081728, -1.0005537708621792, -1.0004561610695513, -1.000522545418257, -0.9989828893796393, -1.000531042431032, -1.0002490341992005, -1.0001621606081728, -1.0001621606081728, -0.9988394666226678, -1.0001621606081728], "gsf_samples": [1.0004843565697512, 1.0004458753212102, 1.000692447011744, 1.0007855679549902, 1.0004843565697512, 1.0004458753212102, 1.0005611866090136, 1.0007378765418677, 0.45333849271724597, 1.0004843565697512, 1.000984729023433, 1.0005095310076229, 1.000447849685148, 1.0004965992626016, 1.0008175537747424, 1.0004843565697512, 1.0004458753212102, 1.0004458753212102, 1.0004843565697512, 1.0007852151095147, 1.0004843565697512, 0.9987399174647849, 1.0009684031892772, 1.0004458753212102, 1.0009890652478852, 1.0004458753212102, 1.000459321796606, 1.000859987343771, 1.0004458753212102, 1.0006508972412262, 1.0004843565697512, 1.0008059459783505, 1.0004458753212102, 1.0006307267986287, 1.000881105546633, 1.0004611312418779, 0.2434087724358387, 1.000096898615173, 1.0002064308464709, 1.0008209529916487, 1.0004843565697512, 1.0008694970525238, 1.0008305108152118, 1.0004843565697512, 1.0010266737835711, 1.0004843565697512, 1.0004458753212102, 1.0004458753212102, 0.9994091292973792, 1.0009055928508892, 0.9899359800784966, 1.0004843565697512, 0.9996082975136504, 0.22402402377002764, 1.0004843565697512, 0.6044165670706162, 1.0004843565697512, 0.9992079703413903, 1.0007005036483316, 1.0009428531689468, 0.9998962315610938, 1.0004458753212102, 1.0004458753212102, 1.0004458753212102, 1.0003083233824204, 1.0004458753212102, 0.6301227256400207, 0.24204480647422688, 1.0008083664920504, 1.0007921385682153, 1.0006156399906638, 1.000857754897519, 1.0003081329454209, 1.0009293895158395, 0.9900331905759995, 1.000562534208187, 1.0004843565697512, 1.000859987343771, 0.9955201454973923, 1.0004458753212102, 1.0004458753212102, 1.0004960812292847, 1.0009470673865435, 1.0004458753212102, 1.0004843565697512, 1.0004458753212102, 0.35734611865049987, 0.6606642864542852, 1.000456081660103, 1.0004458753212102, 1.0009428531689468, 1.0008551183910628, 1.000933707671361, 0.9988928753427104, 1.0009463503559366, 1.0005964396417517, 1.0004458753212102, 1.0004458753212102, 0.998629271670558, 1.0004458753212102]}