{"L": 4, "J": 0.049627486921227426, "B": 0.2481374346061371, "K": 10, "init_state": "random computational-basis state", "energy_avg": -0.9767396097922267, "energy_std": 0.04233994442357247, "gsf_avg": 0.957823995695247, "gsf_std": 0.07742562315628893, "norm_check_samples": [0.9997839331626892, 0.9997738003730774, 0.9997653365135193, 0.9997732043266296, 0.9997993111610413, 0.9997839331626892, 0.9997653365135193, 0.9997771382331848, 0.9997761845588684, 0.9997752904891968, 0.9997758865356445, 0.9997801780700684, 0.999760627746582, 0.9997735619544983, 0.9997917413711548, 0.9997689127922058, 0.999780535697937, 0.9997732043266296, 0.9997743964195251, 0.9997888207435608, 0.9997690320014954, 0.999793529510498, 0.999774158000946, 0.9997613430023193, 0.9997891783714294, 0.9997839331626892, 0.9997784495353699, 0.9997711181640625, 0.999772846698761, 0.9997552037239075, 0.9997878074645996, 0.99977707862854, 0.9997908473014832, 0.999775767326355, 0.9997676014900208, 0.9997798204421997, 0.9997853636741638, 0.9998121857643127, 0.9997628927230835, 0.9997630715370178, 0.9997779130935669, 0.9997918009757996, 0.9997765421867371, 0.999772846698761, 0.9997764229774475, 0.9997718930244446, 0.9997780323028564, 0.999782383441925, 0.9997768998146057, 0.9997742772102356, 0.9997714757919312, 0.9997694492340088, 0.9997646808624268, 0.9997755885124207, 0.9997915625572205, 0.999779224395752, 0.9997770190238953, 0.9997850656509399, 0.9997501373291016, 0.9997841715812683, 0.999772310256958, 0.9998010993003845, 0.9997981190681458, 0.9997850656509399, 0.9997708797454834, 0.9997880458831787, 0.9997791051864624, 0.9997740983963013, 0.9997828006744385, 0.9997689127922058, 0.999763548374176, 0.9997642636299133, 0.9997742176055908, 0.999771237373352, 0.9997612237930298, 0.9997784495353699, 0.9997637867927551, 0.9997972249984741, 0.9997839331626892, 0.9997704029083252, 0.9997624158859253, 0.9997478723526001, 0.9997690320014954, 0.9997913241386414, 0.9997861981391907, 0.9998064637184143, 0.9997850656509399, 0.9997786283493042, 0.9997517466545105, 0.999793529510498, 0.9997890591621399, 0.9997597932815552, 0.9997901320457458, 0.9997946619987488, 0.9997830390930176, 0.9997832179069519, 0.9997839331626892, 0.9997828006744385, 0.999775230884552, 0.9997861981391907], "energy_samples": [-0.9463997045683025, -0.9932711862443631, -0.9181343080036735, -0.9959709041130764, -0.9993288031342178, -0.9463997045683025, -0.9181343080036735, -0.99587964545469, -0.8871446215352788, -0.9966327988302379, -0.9949011548015834, -0.9717820372615562, -0.9978530729641488, -0.9917878782023263, -0.9995709810906469, -0.97313698985553, -0.9964295270852283, -0.9920597450886669, -0.9955174849203101, -0.9992844594535328, -0.9985949847657138, -0.9974031876072343, -0.9948747694555813, -0.9979930305695379, -0.9993037955769726, -0.9463997045683025, -0.9955081510874921, -0.9715845242903375, -0.9972226576980311, -0.998580649819579, -0.9985832161086813, -0.9960383345425659, -0.9938015904897656, -0.9979776367545834, -0.9973880627756324, -0.9980587918599982, -0.9981626560960536, -0.9992403865780982, -0.9991137053536858, -0.9991811711384025, -0.9991282617132915, -0.9952841268235901, -0.9104487587625537, -0.9950254538747062, -0.9971243903185663, -0.9813288078355659, -0.9099195478120518, -0.9991290219431, -0.998503008363486, -0.9942667128141993, -0.9988661129628935, -0.999125795729688, -0.9911184358606409, -0.9797206999314736, -0.9994454364408702, -0.9096253629041845, -0.9915820660562009, -0.8870082447541894, -0.9991444058836901, -0.950279714443133, -0.9955223918285125, -0.9988790911966371, -0.9995021767353224, -0.8870082447541894, -0.9845675101133227, -0.9978993861638682, -0.9494061079356201, -0.9986948988101277, -0.9989307589947085, -0.97313698985553, -0.9811906743258864, -0.781327003717269, -0.9987277585791038, -0.9975250282036329, -0.9911078150842552, -0.9958306315296515, -0.9804017062731596, -0.7686284437284496, -0.9463997045683025, -0.9972504282693313, -0.9837442617593053, -0.9990451232704582, -0.9483880389105853, -0.9989651793394162, -0.961458568911474, -0.9992308241017746, -0.8870082447541894, -0.9974069086596576, -0.995037071701629, -0.9974031876072343, -0.8825957706915923, -0.9992949059906616, -0.9982297471144966, -0.9988753820628204, -0.9980632382217595, -0.9953815254338231, -0.9463997045683025, -0.9989307589947085, -0.9963957775477706, -0.999465321370451], "gsf_samples": [0.8989227657520815, 0.9879187958566896, 0.8472116950441229, 0.9929711649139356, 0.9991489292482713, 0.8989227657520815, 0.8472116950441229, 0.993350008525409, 0.797478830533502, 0.9944066942377091, 0.9923828133171323, 0.9479108323671859, 0.9965297182714122, 0.9848133979868977, 0.9995694571014941, 0.9518989382702995, 0.9939094975177539, 0.9852264485902327, 0.9922713650948142, 0.9990812293538202, 0.997818508353207, 0.9963959078703581, 0.9917143291947761, 0.9967289560888456, 0.9991867812715479, 0.8989227657520815, 0.9922773269152084, 0.9460975395858017, 0.9952619768639006, 0.9978036748055354, 0.9978333352504319, 0.9935765723085147, 0.9891960960689593, 0.9969117808518055, 0.995631445008978, 0.9967592646850985, 0.9970915635103341, 0.9989894627100607, 0.9987480699694129, 0.9989576097194705, 0.9989204108116063, 0.9928832573188144, 0.8290419070566831, 0.9914528915758272, 0.9950502810097783, 0.9659876377024478, 0.8401125302722784, 0.9988413862351142, 0.9977265287016543, 0.9906087360670327, 0.9982946574442719, 0.998825058805193, 0.9832510255249609, 0.9616091816692526, 0.9993312714676037, 0.8395959582478595, 0.9851719818300378, 0.7972099392429894, 0.998850277676591, 0.9085670005600661, 0.9922820051971065, 0.9984579194860222, 0.9994797105734697, 0.7972099392429894, 0.972962127321161, 0.9970992838478552, 0.9072459197744832, 0.9980038100792712, 0.998366739906373, 0.9518989382702995, 0.9669770990187522, 0.5822515168404038, 0.9982916356316216, 0.9958688812198228, 0.9832336641921671, 0.9934545926483749, 0.9632497659180944, 0.5902895887291959, 0.8989227657520815, 0.9952505192763628, 0.9699612695236657, 0.9986163139604128, 0.9040815054566296, 0.9986409413319982, 0.9273753175148421, 0.9989942445993968, 0.7972099392429894, 0.9959660406213001, 0.9944398936431946, 0.9963959078703581, 0.796917078615625, 0.9991102537643991, 0.9975253018407327, 0.9984560014661445, 0.9967646648884272, 0.9921837519767965, 0.8989227657520815, 0.998366739906373, 0.9938559408200692, 0.9994473450200215]}