{"L": 4, "J": 0.326612219552346, "B": 0.0653224439104692, "K": 2, "init_state": "random computational-basis state", "energy_avg": -0.7802419213467243, "energy_std": 0.26890490498181446, "gsf_avg": 0.7173432065639541, "gsf_std": 0.3244720113903879, "energy_samples": [-0.6897273580189042, -0.14005528194372663, -0.4735716349465225, -0.9759758052875073, -0.9536840541808363, -0.9699686883711098, -0.9636215419811749, -0.9245452729279764, -0.14512610340348997, -0.9713147235864742, -0.9776017758754526, -0.9641063837167507, -0.7984127547103305, -0.9766394803734503, -0.9930243351623486, -0.3025192618589807, -0.9766394803734503, -0.8996864897927661, -0.9872477756086306, -0.5308875147134913, -0.975692807726041, -0.6124459346704346, -0.6380657816058467, -0.400092908923855, -0.6899453477900964, -0.9559034899922624, -0.9740022113630844, -0.9463270786139029, -0.41631535753404253, -0.9696484022477425, -0.9902403561569919, -0.9904407582536938, -0.6614849551693597, -0.7830516107295438, -0.899528853945788, -0.31552655461391405, -0.9604011977568734, -0.9694475453495578, -0.4212698529849521, -0.972448164190924, -0.9008714867239285, -0.9469121732031909, -0.36960386781625976, -0.37869173986846033, -0.918752864390534, -0.008160185934507708, -0.822021230418057, -0.6183493508490475, -0.9711129318370273, -0.9771363905787345, -0.6887702656069037, -0.9865514743649332, -0.7805946413613201, -0.8998902248985691, -0.9834355463944324, -0.9763812434657431, -0.8366682643101709, -0.9716502604224078, -0.45245843349811155, -0.9802917525328331, -0.35905814686753806, -0.9921609153175814, -0.6387011482660042, -0.9430206405297912, -0.8622624058901932, -0.6324106125771305, -0.7388162111340515, -0.3780454018968484, -0.9670927538636239, -0.9738874321742752, -0.964950835476949, -0.9748460592323381, -0.9784440488169756, -0.9615781912150689, -0.9677616956392847, -0.824708630527062, -0.8551552343265937, -0.4463433879068265, -0.9908567947479515, -0.9739400759622244, -0.8251294700046905, -0.9916084977377644, -0.9764795610300998, -0.9705522630812713, -0.32075175459825994, -0.9414374759214592, -0.9777981283139667, -0.9583379464933364, -0.9054587609180338, -0.8849517093213518, -0.019928614018393506, -0.13608155227757726, -0.9724735625756562, -0.9766394803734503, -0.9766394803734503, -0.8927231758399866, -0.5694328722983744, -0.6181812752855813, -0.08357698524717795, -0.9770297316667956], "gsf_samples": [0.5648486222727739, 0.1421533150099959, 0.24442110000077838, 0.9660472673514051, 0.9316040761332642, 0.9609528146199178, 0.9479691050573791, 0.893154850515122, 0.1053181811984, 0.9579820161724977, 0.9711080080570695, 0.9526415364701171, 0.6844166399818998, 0.9676300410941443, 0.9927941407590877, 0.06579574678177995, 0.9676300410941443, 0.8982391427673451, 0.985356830179033, 0.34289030523779684, 0.9654106406229916, 0.5028717183136224, 0.4918500489907478, 0.2716527447579907, 0.5856365945508148, 0.9410733679583851, 0.9629983572818521, 0.9323729354211832, 0.16162789843659506, 0.9598796695400744, 0.9890120928741173, 0.9886560906467579, 0.4821659673481348, 0.7193586152779168, 0.8647154195995579, 0.11967163243653015, 0.9476608378771243, 0.9602267669326183, 0.17683196795197365, 0.9594686395907777, 0.900451749168858, 0.9248688353323434, 0.04903638046663196, 0.03516879836070895, 0.8862447930188988, 0.02747333747911182, 0.7761384466725081, 0.4536710745371149, 0.95938457403948, 0.9686246255873316, 0.5588632795443714, 0.9815687876111832, 0.6788688125808122, 0.8698580654689687, 0.9775796506077319, 0.9663705763922961, 0.7572033273831578, 0.9576876714280833, 0.2417346538089899, 0.9737731551322575, 0.14197813370602852, 0.9919994829513705, 0.47681406181985403, 0.9152255747285478, 0.8558218542402342, 0.47121209986556645, 0.6556774021470024, 0.05974837954789751, 0.9575423322961943, 0.9626193441961703, 0.9535080204361883, 0.9630852996123237, 0.9694119796264417, 0.9455111594926799, 0.9569947690968253, 0.7322511046342773, 0.78180481181475, 0.23291495545855279, 0.9898310937923565, 0.9600301835403459, 0.7606307415243081, 0.990310971725171, 0.9664341287037888, 0.9575900813967151, 0.12419670290001286, 0.9266726492473562, 0.9695757095661777, 0.9381900519038358, 0.8631792423958112, 0.868276067863484, 0.08744575171989646, 0.18451400330396237, 0.9631241535260553, 0.9676300410941443, 0.9676300410941443, 0.8530418773405789, 0.36580491175985796, 0.4428604585599108, 0.12515956223792157, 0.9674050837441159]}