{"L": 4, "J": 0.21013831273060313, "B": 0.21013831273060313, "K": 3, "init_state": "random computational-basis state", "energy_avg": -0.8280628425718338, "energy_std": 0.2089912706359978, "gsf_avg": 0.7054710195290199, "gsf_std": 0.34898701923976033, "norm_check_samples": [1.000044822692871, 1.000044584274292, 1.000044345855713, 1.0000460147857666, 1.0000464916229248, 1.0000470876693726, 1.0000419616699219, 1.0000449419021606, 1.000044584274292, 1.0000461339950562, 1.0000463724136353, 1.0000450611114502, 1.0000447034835815, 1.000045657157898, 1.000044822692871, 1.0000463724136353, 1.0000457763671875, 1.000046968460083, 1.000042200088501, 1.0000454187393188, 1.0000476837158203, 1.000045895576477, 1.0000463724136353, 1.0000462532043457, 1.0000464916229248, 1.0000464916229248, 1.0000461339950562, 1.0000466108322144, 1.0000437498092651, 1.0000427961349487, 1.0000470876693726, 1.0000468492507935, 1.000044345855713, 1.0000475645065308, 1.0000454187393188, 1.0000449419021606, 1.0000461339950562, 1.000047206878662, 1.0000470876693726, 1.000044584274292, 1.0000441074371338, 1.0000431537628174, 1.0000463724136353, 1.0000449419021606, 1.0000483989715576, 1.000043272972107, 1.000046730041504, 1.0000455379486084, 1.000047206878662, 1.0000461339950562, 1.0000470876693726, 1.000044822692871, 1.0000433921813965, 1.0000463724136353, 1.0000438690185547, 1.0000463724136353, 1.0000452995300293, 1.0000439882278442, 1.0000427961349487, 1.0000485181808472, 1.0000473260879517, 1.000047206878662, 1.000044822692871, 1.000046730041504, 1.000046730041504, 1.0000438690185547, 1.000045895576477, 1.0000439882278442, 1.000046730041504, 1.000046968460083, 1.0000451803207397, 1.0000474452972412, 1.0000466108322144, 1.0000447034835815, 1.0000462532043457, 1.000044822692871, 1.0000466108322144, 1.000044584274292, 1.0000449419021606, 1.0000441074371338, 1.000043272972107, 1.000047206878662, 1.0000455379486084, 1.0000450611114502, 1.0000437498092651, 1.000045895576477, 1.0000437498092651, 1.0000464916229248, 1.0000470876693726, 1.0000466108322144, 1.0000444650650024, 1.0000455379486084, 1.0000479221343994, 1.0000433921813965, 1.0000447034835815, 1.000044345855713, 1.0000461339950562, 1.0000449419021606, 1.0000468492507935, 1.0000450611114502], "energy_samples": [-0.9852765368634786, -0.9909539499614678, -0.9762306755825424, -0.7674562566620099, -0.9699498088335904, -0.9542366740324218, -0.4157293148052173, -0.7998620537745258, -0.9224434875747544, -0.9691013617647104, -0.9834041791061712, -0.9776149535183728, -0.8130597848525991, -0.7856206727950222, -0.9784333789695009, -0.9714499833606821, -0.42021143649562864, -0.9687858192786591, -0.12864806029734052, -0.9298252413256015, -0.9274467659682001, -0.987529755431419, -0.9795908417820745, -0.9767402166509812, -0.9882703468214635, -0.9833911494351858, -0.9669802330313609, -0.984514414584045, -0.5312496000237419, -0.7962817105264971, -0.7459981544838239, -0.8911990093417022, -0.9418128019245645, -0.9601097738017321, -0.9709720696628701, -0.7659800591929862, -0.6452123169398741, -0.9175680612927987, -0.8825174872824706, -0.5456538435307727, -0.991279561715105, -0.9331941519469347, -0.9812925391068288, -0.6996520377982683, -0.9605777435309385, -0.9650701067971006, -0.9640537193948312, -0.8603498944505181, -0.9584927201811283, -0.970034941888357, -0.9758578175570584, -0.6025751211303145, -0.7398318002471468, -0.3376931728304425, -0.3080349012737376, -0.9851690321302841, -0.963196301246342, -0.821655114506792, -0.5773671201727939, -0.6767871538089775, -0.9897376733390716, -0.8951242423981487, -0.4528105531074284, -0.9780074980045331, -0.9841151962975414, -0.975894257829142, -0.9444180531248108, -0.9765676267013507, -0.9709052443504168, -0.9705843749068523, -0.9866702420481788, -0.9846161779024919, -0.988373475854484, -0.7483102994154207, -0.5031149752837785, -0.925710416621816, -0.987802381386608, -0.9700761083070879, -0.931082863428685, -0.7654045580956318, -0.2999913704862168, -0.9867203933085799, -0.9839445234307238, -0.7519934199734747, -0.5564264789512678, -0.9907915770309054, -0.8750693180255558, -0.9728812412467301, -0.9625270407022317, -0.2885028359042685, -0.49147084396713697, -0.4900612995358348, -0.9598197850750855, -0.5995567733214081, -0.6558355561177799, -0.9726029451842105, -0.6687689270663771, -0.9681041235136567, -0.45708207312399274, -0.5753303195376908], "gsf_samples": [0.9797494675562952, 0.9866879064983205, 0.9655536475952972, 0.5380005032248525, 0.9629152562854771, 0.9167182592164176, 0.2564504294778826, 0.5977411396219313, 0.9180861160019012, 0.9687249607000271, 0.9784801095790426, 0.9619745749502345, 0.6578903482504035, 0.6113365277952325, 0.977324498846157, 0.966647032871021, 0.004353632021885955, 0.9682903606032701, 0.03649617289505029, 0.8640712610238502, 0.8567253348646315, 0.9803097758180367, 0.9680221608761713, 0.9708052030499462, 0.9843475199405344, 0.9800734312705919, 0.9496165758780679, 0.9736751970727946, 0.024143823109582806, 0.7186944568415262, 0.3989081915992902, 0.8566296032524237, 0.8953502732280135, 0.9193016356846858, 0.9648653004189273, 0.5955933778215715, 0.11563751878674317, 0.8420482585048205, 0.8413944651204543, 0.002894428570922754, 0.9867440112092128, 0.9287888575540353, 0.9724319906239202, 0.4778602736903871, 0.9265519546887008, 0.937679784134551, 0.9341339816446373, 0.7542673104082734, 0.954813092220354, 0.9646765302960656, 0.9722425450561689, 0.34529054282795213, 0.489286982185742, 0.009632649823710322, 0.04379729204892526, 0.9742915450839768, 0.9536742029634767, 0.6865320964819154, 0.19672117563784175, 0.022668409259641035, 0.984481559156932, 0.7950132716082433, 0.17577458147810238, 0.9652240035357642, 0.9726000281883398, 0.9701851640911429, 0.9039027967496369, 0.9655698891984045, 0.9694216372109301, 0.9534560598737921, 0.98129365627542, 0.9775594845674093, 0.9830458718384824, 0.5165984505053459, 0.0036476970146382304, 0.8507094813725291, 0.9814722938975493, 0.967251820668002, 0.91541376087709, 0.6344547086581267, 0.08301635980873323, 0.9791884951934248, 0.9775787250266865, 0.5148720447064906, 0.27236940877064736, 0.9874409919001567, 0.760112277434661, 0.9534222002817117, 0.9511827464974452, 0.00666993556791381, 0.0012915234278227496, 0.2415330969830707, 0.9256784975839492, 0.2245962495937367, 0.010960086571721865, 0.9533929272467708, 0.15493475420925906, 0.9662247790171657, 0.2779858689929087, 0.3489608027580548]}