{"L": 5, "J": 0.24566796280110115, "B": 0.04913359256022023, "K": 2, "init_state": "random computational-basis state", "energy_avg": -0.7325318033319098, "energy_std": 0.23637302591849077, "gsf_avg": 0.5648459233374186, "gsf_std": 0.3644219274214384, "norm_check_samples": [0.999947190284729, 0.9999473094940186, 0.9999485611915588, 0.9999451041221619, 0.9999422430992126, 0.9999477863311768, 0.9999478459358215, 0.999943733215332, 0.9999436140060425, 0.9999471306800842, 0.9999419450759888, 0.9999477863311768, 0.9999468922615051, 0.9999477863311768, 0.9999454617500305, 0.9999415874481201, 0.9999451637268066, 0.9999480247497559, 0.9999468326568604, 0.9999447464942932, 0.9999484419822693, 0.9999479055404663, 0.999944806098938, 0.9999471306800842, 0.9999463558197021, 0.9999468922615051, 0.9999460577964783, 0.9999481439590454, 0.9999442100524902, 0.9999474287033081, 0.9999481439590454, 0.9999431371688843, 0.9999490976333618, 0.9999446272850037, 0.9999459385871887, 0.999946653842926, 0.9999457597732544, 0.9999462962150574, 0.9999476075172424, 0.9999464750289917, 0.999946117401123, 0.9999441504478455, 0.9999436140060425, 0.9999456405639648, 0.9999474883079529, 0.999946653842926, 0.9999486804008484, 0.9999465942382812, 0.9999459981918335, 0.9999441504478455, 0.9999457001686096, 0.9999458193778992, 0.9999468922615051, 0.9999468326568604, 0.9999449253082275, 0.999947190284729, 0.9999472498893738, 0.9999480247497559, 0.9999481439590454, 0.9999468326568604, 0.9999489188194275, 0.999946653842926, 0.999945342540741, 0.9999469518661499, 0.9999474883079529, 0.9999459981918335, 0.9999470710754395, 0.9999445080757141, 0.9999445676803589, 0.9999486804008484, 0.9999473094940186, 0.9999474883079529, 0.9999460577964783, 0.9999465942382812, 0.9999460577964783, 0.999946117401123, 0.9999443292617798, 0.9999479651451111, 0.9999479055404663, 0.9999470710754395, 0.9999486207962036, 0.9999472498893738, 0.9999446272850037, 0.9999443292617798, 0.9999473690986633, 0.9999445676803589, 0.9999480843544006, 0.9999462366104126, 0.9999433159828186, 0.999944806098938, 0.999945342540741, 0.9999496340751648, 0.999946117401123, 0.9999459981918335, 0.9999435544013977, 0.9999449849128723, 0.999949038028717, 0.9999492168426514, 0.9999433755874634, 0.9999455809593201], "energy_samples": [-0.6658421782507811, -0.30298119178587174, -0.7306060504247521, -0.9718934656051679, -0.9888566943296534, -0.808808297741596, -0.6436211325055431, -0.9788999895705481, -0.9730160290241056, -0.898896713382725, -0.2726078305327204, -0.5531361024435457, -0.11544588029093977, -0.43134570709772474, -0.7005836380226869, -0.9759249378731122, -0.9771318426731568, -0.5580096269334783, -0.9293404845723753, -0.9750610789826819, -0.3610131465878464, -0.8249570665254171, -0.9726865306216185, -0.9323180330872672, -0.8524613313566353, -0.419698547564824, -0.9920195496962796, -0.8293444706832866, -0.8926769290839573, -0.5198824262617551, -0.3239620629884283, -0.9934175834584654, -0.6257614080378965, -0.9882524013816691, -0.9739064828490789, -0.9486310528868892, -0.9757432427378856, -0.6909441684533049, -0.8211718624483956, -0.9875917761765635, -0.9268359857662932, -0.9912659972073636, -0.9712559148072273, -0.9714455387932853, -0.549668840678528, -0.4491238981391681, -0.2915580743444015, -0.4471426365486462, -0.558980768466966, -0.9803668070914703, -0.7069003761669149, -0.718526539513985, -0.5744721769290135, -0.7899500748209993, -0.7934007729612664, -0.6450355200486347, -0.5618693830385257, -0.5806263054404404, -0.9868578380802233, -0.968247187953738, -0.21861679584168148, -0.7152549950679683, -0.9711161328574601, -0.4750825659697529, -0.5395883768285281, -0.5276787035132556, -0.9640338630896138, -0.6006902928224127, -0.9574391756507953, -0.5923212589336829, -0.2949073734368357, -0.5418921719884888, -0.5400654394828436, -0.960466405788551, -0.9767269798517123, -0.43883690594434427, -0.704517752038745, -0.9160149461026006, -0.567398833907111, -0.5468610544197524, -0.5868896233865102, -0.43169837820151846, -0.9882524013816691, -0.9126671314967473, -0.9493860430900415, -0.9751721408684849, -0.505281714745316, -0.8515460219776696, -0.9745205410225817, -0.9875766009263108, -0.9797206309731692, -0.3833664020103547, -0.8508149655036912, -0.5193250082170637, -0.8541193276425628, -0.977625133194254, -0.5349730880261063, -0.41824277893278267, -0.7090739431809229, -0.9714388531493737], "gsf_samples": [0.32171505172895315, 0.18833647628716452, 0.4875709284383389, 0.9533045006022082, 0.9824407557276826, 0.6878501228764484, 0.35016166113203956, 0.9604614036753166, 0.9543875592336635, 0.8127822965559229, 0.0905534425945241, 0.14336011901032722, 0.06392674847015792, 0.21648967323228677, 0.39034275091486326, 0.9601422828108733, 0.9623013474058776, 0.06704569832559505, 0.8897958427338324, 0.9578367910413479, 0.12640326745604435, 0.6944738374458745, 0.9564145197587939, 0.9010612486220138, 0.8256371234150817, 0.115316166010898, 0.9875089488694514, 0.7413494819829527, 0.8288734258510928, 0.21407811058624637, 0.057891973115619624, 0.9904084186439486, 0.19177801953814505, 0.9827760203445146, 0.9559413288572806, 0.9041305217744942, 0.9566931422890617, 0.4330956715973623, 0.7624153999685275, 0.983216808491528, 0.8912049673727414, 0.9849648908379159, 0.951194171382677, 0.9517683579499276, 0.07443636703469851, 0.0978519861781523, 0.10384046311771826, 0.0047632926838611705, 0.4194318522639175, 0.9653651390806831, 0.4111531660519524, 0.44645544608238574, 0.1741472252254686, 0.6830204343492868, 0.5847632361473608, 0.2545265421600462, 0.1011821934373478, 0.2315800485439416, 0.9832269807934022, 0.9482522552674417, 0.04722192427145147, 0.6016553716941585, 0.9510641329390547, 0.121913738595296, 0.05442428308709244, 0.278546149074753, 0.9390366817855157, 0.29167246210229036, 0.9323772433025084, 0.44962477927544847, 0.05020560186440945, 0.06986119839787903, 0.4852121243788071, 0.9277592764161453, 0.9615352659486033, 0.024972994419899194, 0.4494094243569444, 0.8852271475616535, 0.16301575041425764, 0.46835129473984605, 0.155665271053173, 0.13035142428128885, 0.9827760203445146, 0.8072980455459223, 0.9183312703267679, 0.958118680170863, 0.09013517436032835, 0.7020596760926391, 0.957043477946012, 0.9828848034340018, 0.9646901924890263, 0.2068858268099018, 0.7044568874129059, 0.022713579103788104, 0.7431931046435303, 0.9588890851406209, 0.05422599300229887, 0.27950278909406634, 0.4475303567771077, 0.9513559277098057]}