{"L": 5, "J": 0.03968214607433029, "B": 0.19841073037165147, "K": 5, "init_state": "random computational-basis state", "energy_avg": -0.9695734822047644, "energy_std": 0.06080671914385716, "gsf_avg": 0.9334748229665637, "gsf_std": 0.14173808268429489, "energy_samples": [-0.9939441508980047, -0.9974455595591267, -0.9931842194282052, -0.9816833849765798, -0.9977332857538804, -0.9782131083160374, -0.9930930401947451, -0.9931150652938312, -0.993566374122417, -0.9887040884047618, -0.995031791759562, -0.9249575153060965, -0.9947348978483852, -0.9239525190823749, -0.9924495933270628, -0.992764259888512, -0.9943953858334781, -0.9902362508830311, -0.9975932330804731, -0.861228627138587, -0.9959560318091679, -0.9769164688177752, -0.9948076933081473, -0.9975587466258974, -0.9887177712118139, -0.984944031915512, -0.9959629895119783, -0.9963180134185212, -0.9960479526359819, -0.9963180134185212, -0.9758953496035212, -0.9017378683397788, -0.9924495933270628, -0.9730835967977298, -0.9977251184395538, -0.9961912742082962, -0.99450042045673, -0.9943017334494347, -0.9627476472540522, -0.9918082579188884, -0.9970291881505302, -0.6030010539156265, -0.9950796047394935, -0.9545989240850865, -0.984298735190972, -0.9972222804336485, -0.9963265586669195, -0.9870612014994693, -0.9361393096751419, -0.9951802495896915, -0.9961325084994679, -0.9952655587638659, -0.9968929273251906, -0.9848840042499445, -0.9710297223797242, -0.9940723881797302, -0.9697924985081952, -0.993352503101428, -0.9966452243852146, -0.978040979679719, -0.9360030164591471, -0.9644051562071028, -0.9981646954613941, -0.9969765638810082, -0.9845467102931849, -0.9942995521854191, -0.9974039659399092, -0.9927748132111666, -0.643282546007751, -0.9886820241628684, -0.7703984609899915, -0.9361393096751419, -0.963053437124022, -0.9245689379542118, -0.9315575278016307, -0.997581125087398, -0.8868504115498492, -0.9977972731334449, -0.9934892872902684, -0.9843542712819868, -0.9450454632708822, -0.9861275218453522, -0.9411571118208624, -0.9972892705561645, -0.9741905520113037, -0.9939920156932923, -0.9549354447335181, -0.9932945052039143, -0.9957098091121149, -0.9640035921289014, -0.9599301225602571, -0.9935263646262613, -0.9966826656925553, -0.9972604721091473, -0.8578602524523571, -0.997466454837986, -0.9945293774680092, -0.9549354447335181, -0.9846290478483519, -0.9883933014922021], "gsf_samples": [0.9888488653839885, 0.9963284951029717, 0.9869719539507646, 0.9640777397798748, 0.9972798748787058, 0.9539496924011229, 0.9865228483266795, 0.9863816660594792, 0.9880048883507753, 0.9769197754373866, 0.991051248795597, 0.8345266074961771, 0.9901160291869213, 0.8350817466616455, 0.9851055022780046, 0.9859208621872008, 0.9897690930861531, 0.9798849228346118, 0.9965885661274474, 0.687441352625521, 0.9931072581457671, 0.9497665036938452, 0.9907894705371182, 0.9969274581486723, 0.9771833007116952, 0.9693540652726736, 0.9931126592691152, 0.9938833423502141, 0.9935368782336056, 0.9938833423502141, 0.9474302611004424, 0.778142150020736, 0.9851055022780046, 0.9405468098124109, 0.9969886979579311, 0.9949380610492274, 0.9895440979407621, 0.9895199826408503, 0.9190566411476689, 0.9838898368015673, 0.9953932768461738, 0.04120991196432903, 0.9909207880761955, 0.9010406714671951, 0.9674260664197049, 0.9958585778185697, 0.9939679975305025, 0.9787629996697077, 0.8616446458850349, 0.9916613428624071, 0.9940164322919213, 0.9913041696281164, 0.9952982596790138, 0.9692214669004138, 0.938735927159649, 0.9889250085734372, 0.9354804556944255, 0.9873635152087245, 0.9945019600387948, 0.952855578311545, 0.8613471377092861, 0.9223010012743535, 0.9979445982796137, 0.9954997951101091, 0.9678730903397236, 0.9894993058944246, 0.9964119290119064, 0.9861886709568676, 0.214249489161001, 0.9777315286725871, 0.4342192437431708, 0.8616446458850349, 0.9210662925860484, 0.8364471235559834, 0.8516734441883739, 0.996686436086151, 0.7545383335086482, 0.997390803715506, 0.9875602115277001, 0.9675545072298244, 0.8816255956153741, 0.9724000932415942, 0.8701542687240611, 0.9960522765046088, 0.9445871796575213, 0.9887096747005474, 0.9027682747134098, 0.992138084750419, 0.9925590973365727, 0.9235699869082674, 0.9178152516202432, 0.9873819456431778, 0.9946671813618064, 0.9959959383637599, 0.6897300128961057, 0.9964322122165331, 0.991851147502337, 0.9027682747134098, 0.9683617951458681, 0.977019314165035]}