{"L": 5, "J": 0.24566796280110115, "B": 0.04913359256022023, "K": 3, "init_state": "random computational-basis state", "energy_avg": -0.815413562693919, "energy_std": 0.20329786678067, "gsf_avg": 0.6713392422850124, "gsf_std": 0.3619789687721935, "norm_check_samples": [1.0000017881393433, 1.0000005960464478, 1.000002145767212, 1.0000030994415283, 0.9999964237213135, 0.999998152256012, 1.000002384185791, 1.000004529953003, 0.9999979138374329, 0.999996542930603, 1.000006079673767, 1.0000030994415283, 0.9999982118606567, 1.000004768371582, 0.9999998807907104, 1.0000032186508179, 1.0000001192092896, 1.0000025033950806, 1.0000026226043701, 1.0000059604644775, 0.9999994039535522, 1.000003457069397, 1.0000030994415283, 1.0000056028366089, 1.0000015497207642, 1.0000033378601074, 1.0000061988830566, 1.0000030994415283, 1.000009298324585, 1.0000005960464478, 1.0000027418136597, 1.0000094175338745, 1.000003457069397, 0.9999984502792358, 1.0000033378601074, 0.999998152256012, 1.0000009536743164, 1.0000072717666626, 1.0000059604644775, 1.0000014305114746, 1.00001060962677, 0.9999984502792358, 1.0000038146972656, 1.0000065565109253, 0.999997079372406, 1.0000044107437134, 1.000003457069397, 1.0000065565109253, 1.0000054836273193, 1.0000029802322388, 1.0000016689300537, 1.0000005960464478, 1.0000044107437134, 1.0000005960464478, 1.0000026226043701, 1.0000025033950806, 0.999998927116394, 1.0000051259994507, 1.0000061988830566, 0.9999993443489075, 0.9999990463256836, 0.9999974966049194, 1.000003695487976, 1.0000004768371582, 1.0000066757202148, 1.0000029802322388, 1.000004529953003, 1.0000051259994507, 1.0000020265579224, 1.000003695487976, 1.0000011920928955, 1.0000016689300537, 1.0000038146972656, 1.0000011920928955, 1.0000019073486328, 1.0000050067901611, 0.9999984502792358, 1.0000008344650269, 0.9999994039535522, 1.0000005960464478, 1.0000011920928955, 0.9999984502792358, 0.9999974966049194, 1.0000042915344238, 1.0000005960464478, 1.0000014305114746, 1.0000053644180298, 0.9999994039535522, 1.0000061988830566, 1.0000022649765015, 0.9999995231628418, 1.0000083446502686, 1.0000014305114746, 1.0000029802322388, 1.000002384185791, 0.9999984502792358, 1.0000014305114746, 1.0000040531158447, 0.9999974966049194, 1.0000064373016357], "energy_samples": [-0.9193020267186047, -0.9846686928754813, -0.5245037898487165, -0.13576825966673312, -0.8753632714743328, -0.898847124227618, -0.5013922098876896, -0.9877660584485403, -0.9561762265084475, -0.982009288425764, -0.9392026385865057, -0.965601754698676, -0.9826430189403397, -0.9700488598852858, -0.7706923040038975, -0.6877045832135318, -0.9857586277358521, -0.9263699191012641, -0.8576372053466863, -0.4789183216311328, -0.9751216728479958, -0.9868361407526026, -0.7679461449253058, -0.6330428816808434, -0.9703943308937246, -0.9739353052867958, -0.4978572478491775, -0.873793162927284, -0.6064151128409188, -0.9846686928754813, -0.7716172093386197, -0.5089461009082281, -0.49817509801697846, -0.9835197549218108, -0.9739353052867958, -0.979139146217793, -0.5888097069097119, -0.5332256825459321, -0.4789183216311328, -0.9875570897913702, -0.38845003311848814, -0.9835197549218108, -0.9442735051867629, -0.9295990366399433, -0.7063605089359135, -0.5478674804494, -0.49817509801697846, -0.45668480782687076, -0.5076330655993292, -0.9642788287644596, -0.7878204094998308, -0.9846686928754813, -0.8571172871464323, -0.9846686928754813, -0.9869916526009646, -0.5891796990698177, -0.9877587572656149, -0.9827724765738208, -0.4978572478491775, -0.9463641495652126, -0.9799203514581403, -0.9860310233198983, -0.9853511460034431, -0.9270028833968434, -0.9171487204016471, -0.5403142164645376, -0.9699480576415468, -0.543622013572256, -0.8428960749771719, -0.7506697949937639, -0.9760632623832427, -0.8296131330911412, -0.4914278830123925, -0.9752934660590477, -0.9800680571830012, -0.9701245036647067, -0.9835197549218108, -0.7020536513532314, -0.874790327198058, -0.9846686928754813, -0.9752934660590477, -0.9835197549218108, -0.9860310233198983, -0.6272302892565178, -0.9846686928754813, -0.9822788369907285, -0.6058433502025631, -0.9786399005322922, -0.5047372344595547, -0.7495788507033965, -0.9863884409344923, -0.5685264638617127, -0.9738376209576207, -0.9246383005453747, -0.8886849937842713, -0.9835197549218108, -0.9875570897913702, -0.7209776733489288, -0.9860310233198983, -0.4965770201783958], "gsf_samples": [0.8693110031224316, 0.9729064926475199, 0.03612274709761928, 0.0367274061425365, 0.8440726469797355, 0.813242535285162, 0.039823139206514264, 0.9801160309590536, 0.9176360328301684, 0.9701555604743565, 0.9104429392148189, 0.9482283672287559, 0.9689036934335471, 0.9578894448009241, 0.5568340466885965, 0.4020430373605696, 0.9761931301794127, 0.8946021917816867, 0.7399452740609441, 0.046917143143293046, 0.9551326503257006, 0.9778428854094925, 0.5874466774439514, 0.22527596424784505, 0.9587045388410723, 0.9552323883134761, 0.06591113713406216, 0.8442515056734287, 0.24998890939129662, 0.9729064926475199, 0.563084037280684, 0.003044442332439132, 0.06604669592198237, 0.9705847217550218, 0.9552323883134761, 0.9618432374723552, 0.14482656103051428, 0.01192800568932086, 0.046917143143293046, 0.9804921394364864, 0.28325234732126103, 0.9705847217550218, 0.9069312031078819, 0.8875758420031228, 0.4068496953954722, 0.12105478850919371, 0.06604669592198237, 0.37617874746182905, 0.04328139145964892, 0.9379411473823154, 0.6711845703077988, 0.9729064926475199, 0.7224484072019048, 0.9729064926475199, 0.9783136682145991, 0.30178190298189944, 0.9792788976592036, 0.970463568482631, 0.06591113713406216, 0.9021993826450628, 0.9609054471609502, 0.9753421058848398, 0.9754915960219039, 0.8806022740059305, 0.8559176960462853, 0.12806050459171509, 0.9436975001273512, 0.15485972923779193, 0.7846756011485897, 0.645383081578649, 0.9518339898080141, 0.6646346235235373, 0.07487039815740973, 0.9552751186780908, 0.9670083519845002, 0.9530926335179388, 0.9705847217550218, 0.4266402910839121, 0.8457240392386072, 0.9729064926475199, 0.9552751186780908, 0.9705847217550218, 0.9753421058848398, 0.3018811429116936, 0.9729064926475199, 0.9713589417445689, 0.25586203683714903, 0.9607698909536244, 0.026604426581812522, 0.5352656033830967, 0.9762743875311237, 0.12495120518368623, 0.9509671917781042, 0.8495040786832866, 0.8102244948956621, 0.9705847217550218, 0.9804921394364864, 0.491337991795964, 0.9753421058848398, 0.07499274930010355]}