{"L": 5, "J": 0.24566796280110115, "B": 0.04913359256022023, "K": 20, "init_state": "random computational-basis state", "energy_avg": -0.9965728607837456, "energy_std": 0.008556841732243973, "gsf_avg": 0.9943695284875622, "gsf_std": 0.01623427872670249, "energy_samples": [-0.9830762350355435, -0.9985456666058066, -0.9985530076002265, -0.9988363139241889, -0.9986853375116482, -0.9985456666058066, -0.9986853375116482, -0.9987772933254622, -0.9988151190660908, -0.9986156219122237, -0.9973446698476788, -0.9987965224119921, -0.9986853375116482, -0.9989196225044444, -0.9543244399516941, -0.9949157867573004, -0.9974311956652213, -0.9986853375116482, -0.9986959651267302, -0.9988368388761664, -0.9986853375116482, -0.9985238157352904, -0.9986853375116482, -0.9986156219122237, -0.9955275199781752, -0.9987021729634052, -0.9985456666058066, -0.9986884325999511, -0.9986156219122237, -0.9986382993836626, -0.9986156219122237, -0.9986156219122237, -0.9987772933254622, -0.9985456666058066, -0.9986156219122237, -0.9986853375116482, -0.9986156219122237, -0.9986156219122237, -0.9989003968381458, -0.9987976156079965, -0.9977669045586455, -0.9986853375116482, -0.9981660327087383, -0.99768039530573, -0.9986156219122237, -0.9986853375116482, -0.9821438311027135, -0.998422114301881, -0.9987526520128218, -0.9982906809210148, -0.9987730212489845, -0.9987902463461806, -0.9986853375116482, -0.9987021729634052, -0.9986156219122237, -0.9986156219122237, -0.9957594562721799, -0.9986853375116482, -0.9985456666058066, -0.9988910356682305, -0.998795282407193, -0.9988720938263864, -0.997403826728128, -0.9988398783366933, -0.9986156219122237, -0.9986156219122237, -0.9986853375116482, -0.9986156219122237, -0.9986156219122237, -0.9986156219122237, -0.9987772933254622, -0.9976799654887463, -0.9986853375116482, -0.9988293267443886, -0.9988233284594564, -0.9985456666058066, -0.9985456666058066, -0.9980726132150697, -0.9983072405007728, -0.9328172117915059, -0.9986853375116482, -0.998781084819015, -0.9988369993436399, -0.9989368041520625, -0.9987651059961858, -0.9734512362627203, -0.9986156219122237, -0.9986853375116482, -0.9883221399784388, -0.9866890834131619, -0.9949723299236202, -0.9985456666058066, -0.9988398783366933, -0.9985031587880512, -0.9988301174568996, -0.9988774040830265, -0.9988927524351174, -0.998843434862084, -0.9987130822240884, -0.9986853375116482], "gsf_samples": [0.9734099145570191, 0.9980152457645863, 0.9980293754524003, 0.9986008158572233, 0.9982755103265909, 0.9980152457645863, 0.9982755103265909, 0.9985572999533165, 0.9985915017459797, 0.9982002286264332, 0.9954994442763527, 0.9985480313851043, 0.9982755103265909, 0.9986759499158782, 0.9199181268312049, 0.9913629674934774, 0.9956152381751071, 0.9982755103265909, 0.9984025574542185, 0.998592285168634, 0.9982755103265909, 0.9983342162142835, 0.9982755103265909, 0.9982002286264332, 0.9923726146497647, 0.9984067182743446, 0.9980152457645863, 0.9983678834253247, 0.9982002286264332, 0.9983484556518265, 0.9982002286264332, 0.9982002286264332, 0.9985572999533165, 0.9980152457645863, 0.9982002286264332, 0.9982755103265909, 0.9982002286264332, 0.9982002286264332, 0.9987598340308155, 0.9986170885156597, 0.9965554070265279, 0.9982755103265909, 0.9974460263456333, 0.9965610385757464, 0.9982002286264332, 0.9982755103265909, 0.9656400420514979, 0.997863439690967, 0.9984480192122605, 0.9976628990455376, 0.9984939215727964, 0.9984886685827679, 0.9982755103265909, 0.9984067182743446, 0.9982002286264332, 0.9982002286264332, 0.993661210299206, 0.9982755103265909, 0.9980152457645863, 0.9986765134660244, 0.9985314187536161, 0.9986898623349769, 0.9955848013939945, 0.9985786353225915, 0.9982002286264332, 0.9982002286264332, 0.9982755103265909, 0.9982002286264332, 0.9982002286264332, 0.9982002286264332, 0.9985572999533165, 0.9966990647845058, 0.9982755103265909, 0.9986381982304413, 0.9986293483772508, 0.9980152457645863, 0.9980152457645863, 0.9978170723606367, 0.9975329825818913, 0.8686400924440738, 0.9982755103265909, 0.9985776275893643, 0.9986805446422179, 0.9987978896045301, 0.9984851232599614, 0.9530880055267283, 0.9982002286264332, 0.9982755103265909, 0.9781314578978406, 0.9736115190782757, 0.9908034928065168, 0.9980152457645863, 0.9985786353225915, 0.997972277521464, 0.9985994796691244, 0.9987071370175973, 0.9987010734050191, 0.9985967031699405, 0.9983175645916873, 0.9982755103265909]}