{"L": 5, "J": 0.24566796280110115, "B": 0.04913359256022023, "K": 10, "init_state": "random computational-basis state", "energy_avg": -0.9708684826074727, "energy_std": 0.10362054714895907, "gsf_avg": 0.9507015322352934, "gsf_std": 0.1725644674111901, "norm_check_samples": [1.0004764795303345, 1.0004760026931763, 1.0004740953445435, 1.0004847049713135, 1.0004775524139404, 1.0004764795303345, 1.0004695653915405, 1.0004750490188599, 1.0004910230636597, 1.0004829168319702, 1.000486135482788, 1.0004769563674927, 1.0004758834838867, 1.0004838705062866, 1.0004829168319702, 1.0004916191101074, 1.0004829168319702, 1.000473976135254, 1.0004684925079346, 1.0004931688308716, 1.0004916191101074, 1.000475287437439, 1.000476360321045, 1.0004740953445435, 1.0004740953445435, 1.0004774332046509, 1.0004769563674927, 1.0004767179489136, 1.000477910041809, 1.0004769563674927, 1.0004788637161255, 1.0004832744598389, 1.0004764795303345, 1.000456690788269, 1.0004833936691284, 1.0004829168319702, 1.000494122505188, 1.0004740953445435, 1.0004773139953613, 1.000469446182251, 1.0004770755767822, 1.0004916191101074, 1.0004929304122925, 1.0004820823669434, 1.0004719495773315, 1.0004725456237793, 1.0004832744598389, 1.0004829168319702, 1.0004740953445435, 1.0004730224609375, 1.000481367111206, 1.0004769563674927, 1.0004916191101074, 1.0004805326461792, 1.0004781484603882, 1.0005028247833252, 1.0004740953445435, 1.0004689693450928, 1.0004829168319702, 1.0004698038101196, 1.0004740953445435, 1.000488519668579, 1.0005090236663818, 1.0004709959030151, 1.0004847049713135, 1.0004769563674927, 1.0004783868789673, 1.000491976737976, 1.0004740953445435, 1.0004740953445435, 1.0004829168319702, 1.0004916191101074, 1.0004740953445435, 1.0004717111587524, 1.0004686117172241, 1.0004838705062866, 1.0004829168319702, 1.0004829168319702, 1.0004888772964478, 1.0004767179489136, 1.0004866123199463, 1.0004769563674927, 1.0004769563674927, 1.0004768371582031, 1.0004829168319702, 1.0004740953445435, 1.0004993677139282, 1.0004812479019165, 1.000474214553833, 1.0005067586898804, 1.0004791021347046, 1.0004827976226807, 1.0004665851593018, 1.000473141670227, 1.0004863739013672, 1.0004897117614746, 1.0004740953445435, 1.0004671812057495, 1.0004830360412598, 1.0004829168319702], "energy_samples": [-0.9983109628226164, -0.9950890290775599, -0.9983936388160648, -0.9975251896867461, -0.9979425899279124, -0.9983109628226164, -0.9981111113576733, -0.9982998818672643, -0.9939979175748461, -0.9983903206564388, -0.998206266175344, -0.9983521026209934, -0.9922532910295718, -0.6017364885632496, -0.9983903206564388, -0.9984888288561374, -0.9983903206564388, -0.9981200254129673, -0.9983059673318774, -0.7144526819052304, -0.9984888288561374, -0.9609633400050828, -0.9806798279095814, -0.9983936388160648, -0.9983936388160648, -0.998506241726897, -0.9983521026209934, -0.9980114238131823, -0.9983966888523962, -0.9983521026209934, -0.9985301065515592, -0.9981666781408194, -0.9983109628226164, -0.9985382309969169, -0.9973056769074937, -0.9983903206564388, -0.9503611858860314, -0.9983936388160648, -0.9982186774961048, -0.9984178814449675, -0.9964464964303622, -0.9984888288561374, -0.9978718977740368, -0.9981743173630061, -0.9984470684810038, -0.9939266798961338, -0.9981666781408194, -0.9983903206564388, -0.9983936388160648, -0.9979395332188737, -0.9967060868088392, -0.9983521026209934, -0.9984888288561374, -0.9527774661686936, -0.9974393448790554, -0.965784458425141, -0.9983936388160648, -0.998217582944161, -0.9983903206564388, -0.9981325423814794, -0.9983936388160648, -0.9984735522474544, -0.5188747604343091, -0.9984008077725166, -0.998278133696353, -0.9983521026209934, -0.9949574887818592, -0.37554715699635577, -0.9983936388160648, -0.9983936388160648, -0.9983903206564388, -0.995181175562028, -0.9983936388160648, -0.9984670862481789, -0.9981850890286575, -0.9981287985402585, -0.9983903206564388, -0.9983903206564388, -0.9978977600462394, -0.9980385558835406, -0.9974727223472619, -0.9983521026209934, -0.9983521026209934, -0.9983518363532201, -0.9983903206564388, -0.9983936388160648, -0.9965058295049438, -0.9984284691872092, -0.996933531859512, -0.9700592033603951, -0.8799212816048908, -0.9977134896599101, -0.9979115263762799, -0.9979715211781921, -0.4842018068381895, -0.9139965447287735, -0.9983936388160648, -0.9983151705635855, -0.998098294141329, -0.9983903206564388], "gsf_samples": [0.9975273029148382, 0.9910017829999829, 0.997686932976947, 0.9963183834741819, 0.9966889782131358, 0.9975273029148382, 0.9972614645606845, 0.9975155076569953, 0.9892185349838357, 0.9976738268056802, 0.9975834262370626, 0.9975961079596107, 0.9859128171430789, 0.24706519436504845, 0.9976738268056802, 0.997820851033066, 0.9976738268056802, 0.9972378386776378, 0.9974602465214165, 0.461310914717566, 0.997820851033066, 0.9302328204039951, 0.9713755380816362, 0.997686932976947, 0.997686932976947, 0.9979072605111747, 0.9975961079596107, 0.9968897466781329, 0.9977639169778801, 0.9975961079596107, 0.9976828964970027, 0.9972116070587811, 0.9975273029148382, 0.9979851766826174, 0.9954875575413902, 0.9976738268056802, 0.9076616309421587, 0.997686932976947, 0.9972853194497651, 0.9977284838719571, 0.9941196681177452, 0.997820851033066, 0.9965981982031188, 0.9973646446108122, 0.9977778958673655, 0.9888912000090685, 0.9972116070587811, 0.9976738268056802, 0.997686932976947, 0.9968872961769096, 0.9946294222823869, 0.9975961079596107, 0.997820851033066, 0.9164072126000559, 0.9959312661677708, 0.9343280883181548, 0.997686932976947, 0.9972055292451417, 0.9976738268056802, 0.9972785206113212, 0.997686932976947, 0.9978109236906675, 0.13301092034943193, 0.9977121237566351, 0.9974479058827229, 0.9975961079596107, 0.9928560141751726, 0.2620599924617954, 0.997686932976947, 0.997686932976947, 0.9976738268056802, 0.9917363395960602, 0.997686932976947, 0.997807690125092, 0.997560597946186, 0.9974748914337186, 0.9976738268056802, 0.9976738268056802, 0.9968731971784105, 0.9970420352400025, 0.9958041926908208, 0.9975961079596107, 0.9975961079596107, 0.997697297899203, 0.9976738268056802, 0.997686932976947, 0.9947617828734755, 0.9977468472913713, 0.9951397886406024, 0.9500338655849023, 0.7749455804013251, 0.9963176289799351, 0.9967264899689781, 0.9968919147642235, 0.018647653784878183, 0.843264095007334, 0.997686932976947, 0.9975577361540063, 0.9971147649567511, 0.9976738268056802]}