{"L": 6, "J": 0.033057440093328, "B": 0.16528720046664, "K": 20, "init_state": "random computational-basis state", "energy_avg": -1.0014709450951407, "energy_std": 0.03144482133805285, "gsf_avg": 0.9848075944997728, "gsf_std": 0.08599847685467621, "energy_samples": [-1.0102228293999942, -1.0111484791605956, -1.0112581502306033, -1.0066567249466043, -1.0075180553131595, -1.0068613838941842, -1.005840709051108, -1.0107432297242522, -1.0104762988675344, -1.008143713861972, -1.0110184976973018, -1.0111078906736837, -0.9946854788414307, -1.0072868511591793, -1.0103241999724268, -1.010278036560904, -1.01134256466448, -0.9671470740781976, -1.0101243595409435, -1.0112925845973397, -1.0099727972306303, -1.0107416664470272, -1.0112789150427306, -0.9418046857703711, -1.0070751255472812, -0.9661438324473302, -1.0109396181260624, -1.0026125227326572, -1.0110430741111502, -1.0112965417796582, -1.0110312628980271, -1.0008184602311534, -1.0014142259219074, -1.0065033795259548, -1.0106924036588607, -1.0109147727531367, -0.9810545071637174, -1.0091704865660978, -1.0106126936744158, -1.0108095669872659, -1.0110314922772443, -1.0109088425751225, -1.0106068888334283, -1.0079645517012534, -0.9989434479991584, -0.993662557582498, -1.0096953731189242, -1.0109457359547858, -1.002032055735567, -1.0032003955644364, -1.0085253959215463, -1.0082999636151109, -0.9950888339190822, -1.0070422205031169, -1.0076209286329243, -1.0091030244509192, -1.0099115372088812, -1.009861794828148, -1.010595573357242, -1.0109662982129, -1.0087799548547096, -1.0086235649946076, -1.0025101799528318, -1.0109215589150062, -1.0083840640556896, -1.0113246436400076, -1.0108490770037644, -1.011221794028608, -1.010723398905692, -1.0112441652052577, -1.0091366124040784, -1.0007919221351813, -0.9941446697451081, -1.0057148099056972, -1.0096136118121395, -1.0029829435134943, -0.9963734246819284, -1.008582503087102, -1.0104296930572914, -1.0109056760704198, -1.010047783465505, -1.0080739481127399, -1.0105886333286793, -1.004058423506767, -1.0073219958233048, -1.0110429172682167, -1.0110404545963234, -1.0103787721418873, -1.011140495947131, -0.9633147585790782, -0.9784316788122595, -1.0110036005570875, -1.0096912820848167, -0.7371075083925316, -0.9956854772241597, -0.8795014755122338, -1.0110573496363866, -1.0111332460185072, -1.006514571529844, -1.011287306164383], "gsf_samples": [1.0093839130967484, 1.0109092011539418, 1.0112028077594217, 0.9987581942287984, 1.0012996728552308, 0.9994665021462424, 0.9959192321469428, 1.0099178943391351, 1.0092204321698923, 1.0028705426898297, 1.0107623811957336, 1.0108588515312564, 0.9676306499146488, 1.001946241402893, 1.0086426822642598, 1.0094276696573, 1.0111002677394099, 0.8940733527209646, 1.0083418236979111, 1.0111218136312683, 1.0076801931593184, 1.0099012223711412, 1.0109575537518636, 0.8306830830888564, 0.9999300417851567, 0.882813143524131, 1.0103658300321938, 0.9870918413815869, 1.0105141521543424, 1.0111470563666605, 1.0105568309831723, 0.983089555600314, 0.9855292550264568, 0.9982133859600157, 1.0095306548791698, 1.010490752664263, 0.9303584370436175, 1.0052320900603162, 1.0093486840525203, 1.00996197358853, 1.0106786941545993, 1.0103454642078158, 1.0097217684934272, 1.0019527598684657, 0.9780373142755808, 0.9637067059358272, 1.007577329276781, 1.0103004755631035, 0.9863115752488963, 0.9911692821302902, 1.0040787845476593, 1.0025732469247135, 0.9656404252879693, 1.0004900914777657, 1.0018175121931643, 1.0059272033194715, 1.0094670604662392, 1.007766965425102, 1.0093836997989183, 1.0102821066375363, 1.0046663546806922, 1.0042798296220599, 0.9868226043097384, 1.010658104935691, 1.0039457971150842, 1.0112445654036641, 1.0100832474618033, 1.0110757282311316, 1.0098878220858458, 1.0110798451306975, 1.0062360300574837, 0.9821176506150239, 0.9662862231086422, 0.9960910585375532, 1.0070921408144264, 0.9946123037238017, 0.9705019962218776, 1.0039519056690167, 1.0088907354307448, 1.0107666380039546, 1.0080272917438402, 1.0034229921860192, 1.009015402900433, 0.9916775224785637, 1.0010464461825097, 1.0108338746002994, 1.0105653673999082, 1.0088504764290402, 1.0108487339502412, 0.8863601035559231, 0.9173348130294844, 1.010448923156259, 1.007784813133463, 0.26137069921711015, 0.9710365097987161, 0.6464376241353129, 1.010897866237089, 1.0106363208650384, 0.9993117882643632, 1.0110829705059516]}