{"L": 6, "J": 0.13705708646304537, "B": 0.13705708646304537, "K": 20, "init_state": "random computational-basis state", "energy_avg": -0.9798070538503745, "energy_std": 0.07700114439929186, "gsf_avg": 0.9552665303002954, "gsf_std": 0.14949018253469207, "energy_samples": [-0.9905827396951903, -0.9956930818704237, -0.9954357914088026, -0.9948197663824637, -0.26160730217815237, -0.9956063642824371, -0.995697463753027, -0.9926584619431135, -0.9925064670027448, -0.9955390784597875, -0.9884414053898333, -0.995680308684741, -0.9957141817007448, -0.9955832726570242, -0.9956708309162374, -0.7871878497074021, -0.9954778042828676, -0.9957095807660835, -0.995739744734639, -0.9930947824054714, -0.9956916469282264, -0.9958333620923681, -0.9956733312670516, -0.9953127378235191, -0.9937653918197126, -0.9955822115943165, -0.9814191104180098, -0.9956903740817504, -0.9852196854412568, -0.9916245556217448, -0.9955793186457674, -0.9956149582121825, -0.9956632260382576, -0.9956178538482434, -0.9774526790915733, -0.9955941059423626, -0.9917336087211467, -0.992793279990937, -0.9953190642605488, -0.992670818384153, -0.995349764204248, -0.9874292525041303, -0.995442542749985, -0.9954157249301495, -0.994895332955579, -0.9952484541247023, -0.9888285554575429, -0.9437232123061495, -0.9954326463350985, -0.9955004652167212, -0.9941811550492845, -0.9697558487999913, -0.9956788890254205, -0.9950129637108709, -0.9953698560650839, -0.995096089192105, -0.9941815646220065, -0.9956318918281856, -0.8856644691620899, -0.9955837443384209, -0.9767097630503171, -0.9957139418763326, -0.9955012196626563, -0.9576773977428489, -0.9518488909367226, -0.995811452877293, -0.9777061752994956, -0.9938847248143551, -0.9956502685865293, -0.9955349680450691, -0.9914168987945768, -0.9034117259389897, -0.9866615746091704, -0.9954405453973809, -0.9953899769701401, -0.995066703418435, -0.9956660549530783, -0.9949210567081141, -0.9956089747466235, -0.9924339119589983, -0.9904395133219588, -0.9853667029409905, -0.9956767067037554, -0.9956806850881793, -0.9957230916843399, -0.9957072364355803, -0.9953611405320175, -0.9956025954337224, -0.9950113051110505, -0.9950699152574538, -0.9956809437857451, -0.9953754976371711, -0.9905993190314496, -0.9168068364978458, -0.9956097451120833, -0.995604829881994, -0.9951314885454516, -0.995522074084362, -0.9777205993845682, -0.9952389111585263], "gsf_samples": [0.9775329739522906, 0.9954856308558678, 0.9939832546905889, 0.990684671073328, 0.008537111279870738, 0.9950846380515802, 0.9949272529713503, 0.9906685556322586, 0.979814211384353, 0.9945614368175827, 0.9792587820257533, 0.9954249612510938, 0.9953078748116151, 0.9947264665993594, 0.9954558235003712, 7.834047154674599e-05, 0.9944860877553886, 0.9953350357080221, 0.9954690526042864, 0.9826741995667896, 0.9954124446340541, 0.9956359135388113, 0.9952413974261328, 0.9934586849238236, 0.9907781429829552, 0.9950179385728102, 0.9652774102693413, 0.9952197243174334, 0.9430494863390344, 0.9863959881242492, 0.9950755853500524, 0.9950908588263008, 0.9953413767047748, 0.9950231279547634, 0.9665907947617985, 0.9950216725903483, 0.9759196676378055, 0.9848878796601689, 0.9942987437950797, 0.98187554084818, 0.9935232110968414, 0.9692614363158413, 0.9936921210223941, 0.9938030923185291, 0.9931075774506376, 0.9928827298187296, 0.9613729959912916, 0.8582766216609498, 0.9940096197711735, 0.9942712749354159, 0.9886964689572056, 0.9550289361203688, 0.9953815372098845, 0.9941107658991009, 0.9934796012184045, 0.9922599122324655, 0.9873058310705332, 0.9950592347907531, 0.6092774953365505, 0.9952577077299039, 0.9646489650923628, 0.9954069476158531, 0.9943187571049604, 0.8421452735982135, 0.9156884192904597, 0.9955595172646877, 0.9642107011243638, 0.9864161254629178, 0.9953200714514205, 0.994508375987086, 0.9878684861424306, 0.5942029141782652, 0.9664092663614561, 0.9936903276987634, 0.9948339573414136, 0.9919543024038577, 0.9953181419369432, 0.9930020745533408, 0.9946713486636811, 0.9808854414199857, 0.9702789243356847, 0.9690661223468651, 0.9951254163110764, 0.9953738513997634, 0.9954428604935528, 0.995441227573133, 0.9943347717444331, 0.9949063892289239, 0.9916820706968812, 0.993135476793302, 0.9951636132110784, 0.9942043131469552, 0.9715355189198904, 0.7571522968671149, 0.9948790905119357, 0.9951847645788664, 0.9923060876212445, 0.9948445469030294, 0.9669122463815316, 0.9944571150636298]}