{"L": 6, "J": 0.1370570864630454, "B": 0.1370570864630454, "K": 2, "init_state": "random computational-basis state", "energy_avg": -0.6249409533000645, "energy_std": 0.16201271800189643, "gsf_avg": 0.22452399347680602, "gsf_std": 0.24580091169209395, "norm_check_samples": [1.0000522136688232, 1.0000532865524292, 1.000052809715271, 1.0000501871109009, 1.000054121017456, 1.0000519752502441, 1.0000516176223755, 1.0000499486923218, 1.0000540018081665, 1.0000512599945068, 1.000051736831665, 1.000052809715271, 1.0000501871109009, 1.0000510215759277, 1.0000522136688232, 1.0000524520874023, 1.00005304813385, 1.0000512599945068, 1.0000507831573486, 1.0000518560409546, 1.0000548362731934, 1.0000523328781128, 1.000051736831665, 1.0000556707382202, 1.0000545978546143, 1.0000542402267456, 1.0000522136688232, 1.0000510215759277, 1.0000507831573486, 1.0000526905059814, 1.0000500679016113, 1.000052809715271, 1.0000535249710083, 1.000052809715271, 1.0000518560409546, 1.0000543594360352, 1.0000522136688232, 1.0000519752502441, 1.0000520944595337, 1.0000507831573486, 1.000051498413086, 1.0000492334365845, 1.0000523328781128, 1.0000518560409546, 1.0000512599945068, 1.0000536441802979, 1.0000523328781128, 1.0000524520874023, 1.0000518560409546, 1.0000543594360352, 1.0000524520874023, 1.0000523328781128, 1.0000512599945068, 1.000052809715271, 1.0000500679016113, 1.000052571296692, 1.0000526905059814, 1.000052809715271, 1.0000535249710083, 1.0000556707382202, 1.0000531673431396, 1.0000536441802979, 1.0000510215759277, 1.0000526905059814, 1.00005042552948, 1.000052809715271, 1.00005042552948, 1.0000512599945068, 1.0000518560409546, 1.0000511407852173, 1.0000518560409546, 1.0000542402267456, 1.000052571296692, 1.000052809715271, 1.000051736831665, 1.000051736831665, 1.0000543594360352, 1.000049352645874, 1.0000531673431396, 1.000051736831665, 1.0000512599945068, 1.0000512599945068, 1.0000500679016113, 1.000052809715271, 1.0000523328781128, 1.0000531673431396, 1.000052571296692, 1.0000531673431396, 1.0000520944595337, 1.0000532865524292, 1.000051498413086, 1.0000518560409546, 1.000053882598877, 1.000054121017456, 1.000051736831665, 1.0000512599945068, 1.000051498413086, 1.0000534057617188, 1.0000520944595337, 1.000052809715271], "energy_samples": [-0.6321633582320638, -0.7214854485805484, -0.6005013630745618, -0.5203842692434935, -0.7548697045415326, -0.7263943630758423, -0.5871857475178419, -0.5174145520615938, -0.8488144014627366, -0.4403875096506324, -0.36571048250944066, -0.4746428356022294, -0.4003359415969793, -0.4161137032274104, -0.5603191911209462, -0.9030109420805223, -0.5266896084865671, -0.6145987204211577, -0.6974282255286859, -0.5106238317560137, -0.8396862679443969, -0.4378475331651169, -0.7328236648463309, -0.5760125589802222, -0.9362734724057656, -0.7434616314480943, -0.5870008089512924, -0.5483482881953948, -0.5602565165846038, -0.5622897675666113, -0.44413239467370363, -0.6845045272140584, -0.7255926012359366, -0.9210409488507824, -0.5253507151050395, -0.9674756268645496, -0.8137791464764418, -0.47446483860169825, -0.9400320422918796, -0.4690682629620662, -0.6158716412103648, -0.4083465277730056, -0.17753476121102202, -0.6175645300296987, -0.5030619480217151, -0.9540454130553719, -0.5109563653381693, -0.7900584322169537, -0.3606465189688169, -0.6575616961105117, -0.363516562390704, -0.47498225362931623, -0.4783468071263926, -0.6406275422559619, -0.5514708354998571, -0.5498598122926388, -0.5971982984739936, -0.8396575505659093, -0.5692191198538231, -0.8804878852737563, -0.8342641058303021, -0.6051020994825919, -0.5662173699715437, -0.7009642160566759, -0.5272740661265347, -0.6021852277455838, -0.6292709641387676, -0.6380198947211297, -0.6162449095691503, -0.6000138940482925, -0.6185322084677888, -0.4844559577605148, -0.42527776298960057, -0.5956264721290789, -0.6597683507974328, -0.5491567303531475, -0.8891888882795123, -0.4949124251602829, -0.7633508406123876, -0.8847328272261752, -0.8057052678780722, -0.6063488527514787, -0.6829633093903718, -0.705624494370572, -0.631191268643648, -0.7094918172235813, -0.7201659875998568, -0.5757618192029552, -0.5468223557798293, -0.540078044423516, -0.34527218137159454, -0.7693061219467148, -0.9551216659790488, -0.8397808421577456, -0.5230433344122867, -0.794153490015193, -0.4050443097537965, -0.40077814366971815, -0.7945595543266967, -0.6087929422105055], "gsf_samples": [0.15429850469041334, 0.2084854436743725, 0.25296588888479593, 0.037461903049412736, 0.0007600117757729658, 0.4512067576779236, 0.3281218598992065, 0.061633539303109476, 0.650391986380444, 0.05964221645369899, 0.10561260970994453, 0.01659589074940883, 0.0006771583488068735, 0.0011645430677323754, 0.13803395571549035, 0.7735722263890753, 0.1515833552769807, 0.27291513454551786, 0.4294172698757341, 0.15415524429493455, 0.7229261364011564, 0.0008870723264753319, 0.27890512173283377, 0.02245288045216691, 0.8566133188607962, 0.311345511408861, 0.08296265285828229, 0.1876579543884694, 0.26930402129420333, 0.22638665807250427, 0.012707447117173422, 0.01562689504009676, 0.3986977592599086, 0.581068782659051, 0.014972125257483088, 0.8995274581629772, 0.4872790734864413, 0.04675095428534504, 0.8222032532769439, 0.03486573700985277, 0.2587920485427353, 0.014185979650057821, 0.0020493589047370798, 0.25732534788649847, 0.14569806932622012, 0.8625173423293296, 0.1667833337679587, 0.5111288803980581, 0.009977707573782834, 0.08036412973706429, 0.059830285033628264, 0.036071376351676704, 0.05077639340990511, 0.09506284328667461, 0.08146648146137238, 0.05121838181110705, 0.04009531222528996, 0.5664683733301104, 0.2083142821090937, 0.7496318945850631, 0.579216968139175, 0.09919693827602936, 0.025333151713321518, 0.5705528036624036, 0.008923120953279042, 0.004275749080029708, 0.24059297551135264, 0.05299262148010124, 0.16718707568147378, 0.03173587401025293, 0.004118180197111039, 0.19906089951673434, 0.15243963704483557, 0.0016215914447177617, 0.33258903244051785, 0.14176729807393407, 0.41185317365317337, 0.12034378415495937, 0.025791731282220582, 0.627093853632345, 0.3055887679085672, 0.1477895205212198, 0.09182464524867075, 0.3704001700333561, 0.05454720999448174, 0.0726484783084474, 0.43228730694216766, 0.01018051478716904, 0.008945465030965433, 0.010634801578693707, 0.04568149737549724, 0.5641611613333528, 0.8768167031631594, 0.09447418073061624, 0.04162010961991661, 0.4079807932959433, 0.19445789510579486, 0.1037512787718093, 0.036178752470008915, 0.01614950067863254]}