{"L": 6, "J": 0.03305744009332801, "B": 0.16528720046664006, "K": 3, "init_state": "random computational-basis state", "energy_avg": -0.9737736531832221, "energy_std": 0.0602386174699187, "gsf_avg": 0.9324937384555025, "gsf_std": 0.16489852480335287, "norm_check_samples": [1.0000944137573242, 1.0000911951065063, 1.000095248222351, 1.0001004934310913, 1.0000927448272705, 1.0000923871994019, 1.0000977516174316, 1.0000944137573242, 1.0000978708267212, 1.0000971555709839, 1.0000925064086914, 1.0000916719436646, 1.000096082687378, 1.0000978708267212, 1.000092625617981, 1.000089168548584, 1.0000956058502197, 1.0000940561294556, 1.0000979900360107, 1.0000920295715332, 1.000101089477539, 1.0000946521759033, 1.0000970363616943, 1.0000958442687988, 1.000095009803772, 1.0000905990600586, 1.0000978708267212, 1.00009286403656, 1.0000994205474854, 1.0000929832458496, 1.0000944137573242, 1.0000908374786377, 1.0000948905944824, 1.0000977516174316, 1.0000944137573242, 1.0000981092453003, 1.00009286403656, 1.000093936920166, 1.000096321105957, 1.0000948905944824, 1.00009286403656, 1.000098705291748, 1.0001014471054077, 1.000098705291748, 1.0000969171524048, 1.0000983476638794, 1.0000981092453003, 1.000099778175354, 1.0000907182693481, 1.0000988245010376, 1.000098705291748, 1.0001037120819092, 1.000096082687378, 1.0000996589660645, 1.0000919103622437, 1.0000972747802734, 1.0000972747802734, 1.0000932216644287, 1.0001013278961182, 1.0000901222229004, 1.000099539756775, 1.0000927448272705, 1.00009286403656, 1.0000979900360107, 1.0000901222229004, 1.0000945329666138, 1.000093698501587, 1.000095009803772, 1.0000959634780884, 1.000098466873169, 1.0000946521759033, 1.0000962018966675, 1.0000958442687988, 1.0000965595245361, 1.0001001358032227, 1.0000942945480347, 1.0000933408737183, 1.000099778175354, 1.0000910758972168, 1.0000909566879272, 1.0000925064086914, 1.0000911951065063, 1.0000938177108765, 1.0000927448272705, 1.000095248222351, 1.0001012086868286, 1.0000975131988525, 1.000096082687378, 1.0000910758972168, 1.000097393989563, 1.0000946521759033, 1.0000938177108765, 1.0000998973846436, 1.0000953674316406, 1.000097393989563, 1.000092625617981, 1.0000959634780884, 1.0000982284545898, 1.0000979900360107, 1.000095009803772], "energy_samples": [-0.9928051416825618, -0.9967572633307676, -0.9791307469056326, -0.9956993208448345, -0.9937594918722383, -0.9933910194048943, -0.9975053477470223, -0.9963697678918352, -0.9860927985156775, -0.9968840101764932, -0.9978379272680488, -0.9911614911549236, -0.9939517033751801, -0.9978669811424161, -0.9974008499874366, -0.9917424030593667, -0.9926323320060625, -0.9972374620582651, -0.9917395090908361, -0.941151821102197, -0.9946183063922183, -0.9291885547889952, -0.9957995004072882, -0.963052863086097, -0.9949254603023234, -0.9952307318548594, -0.9432094595067746, -0.9964693304479343, -0.9958218198438933, -0.9931276484883285, -0.7007496350576068, -0.9885783650150517, -0.9684658752537607, -0.9964470769992476, -0.989901097442845, -0.9921983329620009, -0.9952788506465583, -0.8994287126220304, -0.9933270869807072, -0.9974073882771599, -0.9964693304479343, -0.878541958512941, -0.9972632732245346, -0.9956609005436713, -0.9962928318690599, -0.9921785586803189, -0.9963005883910967, -0.9973065389269256, -0.9949875247248389, -0.9931752515433677, -0.9971686541357304, -0.664646568933425, -0.9193077685899103, -0.9924797840579938, -0.9778276576477942, -0.9933852740153062, -0.9976839789258741, -0.8929932841982288, -0.9870127770941435, -0.9973666356266511, -0.9981098765539973, -0.9919662606372155, -0.9921743897409713, -0.985747250502071, -0.9854915518583252, -0.9967036143373594, -0.997210795601503, -0.9874839090576863, -0.991118961983278, -0.9692730461462048, -0.9897813953423042, -0.9113479139198432, -0.9906448213582155, -0.9978306612468283, -0.8353349714408302, -0.9669714554100333, -0.9978042955612899, -0.9970410045984064, -0.969035944455635, -0.6468167916637821, -0.9966251189631071, -0.9965108977055196, -0.9381017857580879, -0.9937185568014174, -0.9956637421171967, -0.9962884354622671, -0.9972681748725181, -0.9674831312913386, -0.9975268232750455, -0.9921698220656745, -0.9960356136989099, -0.9960147987918412, -0.9871856406313898, -0.9762305220160219, -0.9886506467745129, -0.9848918614970971, -0.991118961983278, -0.9958401186945814, -0.9917395090908361, -0.9980196203336643], "gsf_samples": [0.9830263050461624, 0.9935040523839245, 0.9647027008260689, 0.9906348478446483, 0.9855881582192059, 0.9844476849687983, 0.9956344715587082, 0.9922824623454736, 0.962975724458351, 0.9937710158603783, 0.9963638412893169, 0.9779315938382842, 0.9854058653154666, 0.9964870905306581, 0.9951868145501876, 0.9797597219161036, 0.9824604799721932, 0.9947745841171964, 0.9782672878891612, 0.843713539346989, 0.9872776881535283, 0.8064557507471848, 0.9904490539235662, 0.9056582192050264, 0.9880895730219972, 0.9886529209717663, 0.8516345295387142, 0.9925631209216825, 0.9906365246220346, 0.9821681961805356, 0.15945834284219373, 0.9722713531769105, 0.9126698835397676, 0.9927293787288546, 0.9750386669179688, 0.9807018854905931, 0.9892893596821667, 0.8358964495391474, 0.9846008597425567, 0.995287907248904, 0.9925631209216825, 0.6675566475988545, 0.994877524414405, 0.9907346934751701, 0.9922032574891874, 0.9792988904517642, 0.9923392785033464, 0.9949849331942101, 0.9887754541522534, 0.9850577377571427, 0.9946465046755163, 0.11223347836294963, 0.7983491969182235, 0.981227852169393, 0.9448246112935925, 0.983972305134719, 0.9959586343134069, 0.7070435257158866, 0.9659091743969366, 0.9951104307293411, 0.9971006899118043, 0.9800748493120686, 0.9807207942234087, 0.9618172484752946, 0.9614924659530429, 0.9933098344599186, 0.9945869333696866, 0.9672513638221424, 0.9776551262400868, 0.9202109622359869, 0.9753208085123259, 0.7664230650577953, 0.9775760643551055, 0.9963810767237966, 0.5638564055170785, 0.911178302201818, 0.9964025735145329, 0.9942116411104909, 0.9195813627033621, 0.0006878274836306243, 0.9930006325446671, 0.9925940564009258, 0.8698731390141038, 0.9854001015164657, 0.9902169928063133, 0.9919798225208779, 0.9948012535398355, 0.9329853206145798, 0.9955698835231822, 0.980796362151105, 0.9914131956429592, 0.9913903675231215, 0.9663711134085499, 0.9367143912975742, 0.9756044627157255, 0.9650221233632437, 0.9776551262400868, 0.9908956132989459, 0.9782672878891612, 0.9968680462150783]}