{"L": 7, "J": 0.11673007904761218, "B": 0.11673007904761218, "K": 3, "init_state": "random computational-basis state", "energy_avg": -0.7998468350445738, "energy_std": 0.16187074727150355, "gsf_avg": 0.4546965957633398, "gsf_std": 0.383297516220957, "norm_check_samples": [1.000436544418335, 1.0004347562789917, 1.0004388093948364, 1.000436782836914, 1.0004360675811768, 1.0004355907440186, 1.0004384517669678, 1.0004308223724365, 1.0004377365112305, 1.0004377365112305, 1.000435471534729, 1.0004360675811768, 1.0004358291625977, 1.0004369020462036, 1.00043523311615, 1.0004336833953857, 1.0004416704177856, 1.0004364252090454, 1.0004347562789917, 1.000436544418335, 1.0004358291625977, 1.0004374980926514, 1.0004372596740723, 1.0004335641860962, 1.0004409551620483, 1.0004339218139648, 1.0004335641860962, 1.000436782836914, 1.0004351139068604, 1.0004377365112305, 1.000437617301941, 1.0004347562789917, 1.0004401206970215, 1.0004363059997559, 1.0004380941390991, 1.0004359483718872, 1.000436544418335, 1.0004366636276245, 1.000436544418335, 1.0004355907440186, 1.0004351139068604, 1.0004374980926514, 1.0004346370697021, 1.0004374980926514, 1.0004361867904663, 1.000434160232544, 1.000434160232544, 1.0004370212554932, 1.000440239906311, 1.000437617301941, 1.0004327297210693, 1.0004380941390991, 1.0004364252090454, 1.0004374980926514, 1.000435709953308, 1.000437617301941, 1.0004397630691528, 1.0004359483718872, 1.0004347562789917, 1.0004334449768066, 1.0004358291625977, 1.00043785572052, 1.0004371404647827, 1.0004382133483887, 1.0004353523254395, 1.0004369020462036, 1.000436782836914, 1.000440001487732, 1.0004321336746216, 1.00043785572052, 1.0004385709762573, 1.0004371404647827, 1.0004329681396484, 1.000435709953308, 1.0004316568374634, 1.0004371404647827, 1.000436782836914, 1.0004359483718872, 1.000438928604126, 1.0004345178604126, 1.0004388093948364, 1.0004374980926514, 1.0004371404647827, 1.0004363059997559, 1.0004383325576782, 1.0004377365112305, 1.000434398651123, 1.0004338026046753, 1.0004390478134155, 1.0004363059997559, 1.000434160232544, 1.0004347562789917, 1.000440239906311, 1.0004318952560425, 1.0004351139068604, 1.000433087348938, 1.0004404783248901, 1.000433087348938, 1.0004361867904663, 1.000435471534729], "energy_samples": [-0.8558853922871243, -0.7138528645685419, -0.5742876780141455, -0.8463732457781495, -0.9818633922170432, -0.8367838996295239, -0.7138935458270004, -0.9927749106049667, -0.9896984415299729, -0.6458733031566652, -0.790335807820017, -0.9872981888252306, -0.9505058728320925, -0.7628617147269332, -0.7904839682314897, -0.9628070050778903, -0.423250153852732, -0.5924204499766722, -0.9215058576572117, -0.9139031806265591, -0.9830465740138544, -0.8235381287996751, -0.6947239313904973, -0.9750549475553781, -0.6382405168780855, -0.9822395631933573, -0.6788673802647657, -0.6745651668828102, -0.6133490792471535, -0.7708515136656128, -0.9194737585294452, -0.9673045313390974, -0.6145165904962476, -0.9850536666594732, -0.6342334977803873, -0.8610299017233655, -0.6487511686998365, -0.5103276539407774, -0.6866207956831913, -0.8640497261119063, -0.9125743969985938, -0.930962838477569, -0.892421794201496, -0.9439250046107038, -0.6417917448718312, -0.9894133833781572, -0.7549319391883986, -0.9665732991852152, -0.8792184409266957, -0.5045101277848526, -0.8739356619492705, -0.7093157735754475, -0.7609937162042638, -0.9075663629844563, -0.9812994949343397, -0.8920251977319879, -0.4958720250643154, -0.7043752074888658, -0.971114531288106, -0.9795994328739591, -0.9779257825976438, -0.9715950717886852, -0.9673611906923584, -0.5374543781770551, -0.8495902868442452, -0.607776185228713, -0.5083262805159499, -0.6307687977464488, -0.9873577811770045, -0.9045046940131907, -0.6764328573622151, -0.7513493005967058, -0.6599201598414414, -0.8409591729066893, -0.9758684194366194, -0.7538727769616425, -0.6260820307556967, -0.9113326656464066, -0.6598828059655484, -0.8093284042434017, -0.5123587708712547, -0.8805402585471632, -0.9210433849522439, -0.8896761467285437, -0.6625563216307214, -0.6025034740731215, -0.9261631621035717, -0.9847036242252474, -0.7999783567543833, -0.8757305613478742, -0.37751219096216787, -0.9832120610059445, -0.8227056745814507, -0.9786290471954876, -0.9520159998270762, -0.9296157725290495, -0.5879670894002119, -0.8096136408349502, -0.9464282997011798, -0.469123284874671], "gsf_samples": [0.6684303346302553, 0.10876385833533617, 0.06515624698567757, 0.4563605720315961, 0.9388127732563508, 0.4753515252577711, 0.002103814999615426, 0.9775094795874437, 0.9767967948727804, 0.29423127097483115, 0.3429317437647821, 0.9682249597534706, 0.8681680287773392, 0.5166432512251666, 0.5088226425884491, 0.8527902917065993, 0.004417755149177714, 6.87925467275744e-05, 0.8008572247394399, 0.6574990169977831, 0.9512039076774751, 0.002237732109065609, 0.00976969548570518, 0.9397313250951722, 0.009388530035131964, 0.9298441106764558, 6.970397376123093e-05, 0.02207068218010477, 0.0007382443631626965, 3.76571104478131e-05, 0.7077604386996899, 0.9262957071336092, 0.0031111951538822474, 0.9554350050481162, 0.015354850487784117, 0.6959033656569822, 0.009266296499085074, 0.04914022235875542, 0.007422753623789888, 0.6511794314434534, 0.7619821839399497, 0.6511421721634383, 0.5824485660322151, 0.8304754132445479, 0.0003265713523295523, 0.9715149377051312, 0.00726700626283803, 0.8740882877386895, 0.7597725383621199, 0.0743728587075459, 0.5832685870385705, 0.10954339103794583, 0.49275263332594554, 0.8079614935382479, 0.9454321687192019, 0.5524138845514065, 0.14865911290750414, 0.00032236110841774734, 0.8715358367694739, 0.8973709912138285, 0.9372249195863404, 0.9420879465986064, 0.9243446996500785, 0.010473891531567272, 0.426986517108861, 0.0031584470564323228, 0.11810963431532569, 0.18733654828696852, 0.9698995086158679, 0.7890327310396253, 0.002260954132281095, 0.006348618711328092, 0.010658752152371541, 0.5969601750699283, 0.9216585618613826, 0.13475601552931113, 0.022719672101070492, 0.7173155432628378, 0.0016211234544366336, 0.00017199064045061204, 0.003973971291048297, 0.6291740552657807, 0.7215941812510192, 0.5800889299673686, 0.012447877384269312, 0.04060276250679677, 0.5154059162316647, 0.9484297552823057, 0.00418913383843182, 0.6835435597278515, 0.00734575100647145, 0.9550411149072063, 0.46997449805737285, 0.9438816735610819, 0.8740655664492546, 0.7390927248215783, 0.06383156425026722, 0.4220298358461282, 0.8392202039655148, 4.8021305927406895e-05]}