{"L": 7, "J": 0.1641957775205015, "B": 0.0328391555041003, "K": 5, "init_state": "random computational-basis state", "energy_avg": -0.8747900542260396, "energy_std": 0.15468366430307698, "gsf_avg": 0.6988556914751239, "gsf_std": 0.3567669532187259, "norm_check_samples": [1.0003458261489868, 1.000346302986145, 1.0003513097763062, 1.0003389120101929, 1.0003379583358765, 1.0003374814987183, 1.0003345012664795, 1.0003422498703003, 1.0003496408462524, 1.00034761428833, 1.0003471374511719, 1.0003539323806763, 1.0003336668014526, 1.0003507137298584, 1.0003418922424316, 1.00033700466156, 1.000326156616211, 1.0003420114517212, 1.0003491640090942, 1.00033438205719, 1.0003386735916138, 1.000340223312378, 1.0003411769866943, 1.0003494024276733, 1.000344157218933, 1.0003618001937866, 1.0003345012664795, 1.000340223312378, 1.0003494024276733, 1.000332236289978, 1.0003410577774048, 1.000349760055542, 1.000345230102539, 1.0003290176391602, 1.0003376007080078, 1.0003310441970825, 1.00032639503479, 1.0003395080566406, 1.0003448724746704, 1.0003383159637451, 1.0003390312194824, 1.0003466606140137, 1.000361442565918, 1.000340223312378, 1.0003541707992554, 1.0003386735916138, 1.0003472566604614, 1.0003390312194824, 1.0003358125686646, 1.0003513097763062, 1.000342607498169, 1.0003275871276855, 1.000341773033142, 1.0003372430801392, 1.000340461730957, 1.0003420114517212, 1.0003324747085571, 1.0003389120101929, 1.0003420114517212, 1.0003432035446167, 1.0003365278244019, 1.000340223312378, 1.0003330707550049, 1.0003479719161987, 1.000327706336975, 1.0003461837768555, 1.0003517866134644, 1.000361680984497, 1.0003492832183838, 1.0003454685211182, 1.0003348588943481, 1.0003514289855957, 1.000341773033142, 1.0003401041030884, 1.0003412961959839, 1.000333309173584, 1.0003368854522705, 1.000338077545166, 1.0003485679626465, 1.0003407001495361, 1.0003387928009033, 1.0003373622894287, 1.0003373622894287, 1.0003294944763184, 1.000339388847351, 1.0003360509872437, 1.0003366470336914, 1.0003465414047241, 1.0003292560577393, 1.00033700466156, 1.000333547592163, 1.000331163406372, 1.0003443956375122, 1.0003461837768555, 1.000345230102539, 1.0003396272659302, 1.0003353357315063, 1.0003471374511719, 1.0003252029418945, 1.0003355741500854], "energy_samples": [-0.8645235660445802, -0.9936046964459363, -0.9932938578210556, -0.7634840643390242, -0.9870759392816655, -0.9802417600530048, -0.7713157456621391, -0.8191371502276008, -0.9909682555395235, -0.9928982269459784, -0.4390067446898787, -0.9921734434768845, -0.989376683109863, -0.9937021142744885, -0.7420939044515772, -0.6680641083575577, -0.9819507539563517, -0.9896639544281981, -0.9948377837538858, -0.7223124088646714, -0.6796347394616599, -0.6546387168042218, -0.9918546362550649, -0.9931298374278319, -0.9883127974578446, -0.533573717778717, -0.923856419806287, -0.9873308272006555, -0.9889715558668569, -0.6850914253192796, -0.7931122315317007, -0.992937891934351, -0.6910939961369448, -0.9122666307868671, -0.8758942505611034, -0.6311062837927786, -0.989035550072768, -0.9908964839757312, -0.992201223361971, -0.8132506287268194, -0.6553633545973422, -0.6690172589430854, -0.9939619282243166, -0.6297337387646907, -0.9924021940338982, -0.9919642807252489, -0.7564479235788123, -0.7410087474046126, -0.991554925626156, -0.8789759355434984, -0.8712153885758902, -0.8111443952866263, -0.9491802349863472, -0.9021863069965079, -0.9878718477453353, -0.9930635201129069, -0.9923195257709629, -0.9876134125534425, -0.9801401178850251, -0.9931017611367239, -0.40983428514217374, -0.9611798426837813, -0.9766881719111974, -0.9016975955304358, -0.9892768682225153, -0.7678719122927166, -0.9934620160116706, -0.9920951959447284, -0.9946281962142934, -0.9889151683519453, -0.9847071359073081, -0.5435774136888455, -0.9878665185487916, -0.9861339326352858, -0.8685486708894947, -0.6035512870087892, -0.9847319359341413, -0.9432579772305648, -0.52589940157375, -0.6944016905848247, -0.9930214306105615, -0.47090613948693094, -0.9743349628559078, -0.8137659385798875, -0.9792593128036793, -0.9939921775869247, -0.9777258109875742, -0.8299866287863165, -0.8740170131077969, -0.9825229786216895, -0.9915846121981258, -0.9867982043649359, -0.6879946691651041, -0.6475574318292727, -0.7221551160827562, -0.9772340461523006, -0.9873654252358409, -0.9672966891143009, -0.9826672726168515, -0.9943125416352141], "gsf_samples": [0.7007138089928597, 0.9845936543195107, 0.9856092953166196, 0.41009524084920795, 0.9735475525802356, 0.9546883796558593, 0.2213214283911732, 0.3962726095494787, 0.97833586614671, 0.9832423354630098, 0.040583921438452145, 0.9828541023894162, 0.9790356685992778, 0.9854027019210208, 0.5210692639693066, 0.04627146905686109, 0.9585419133678716, 0.9735189136583975, 0.9880594659353157, 0.19242306442783352, 0.023150519257224698, 0.06462304679688473, 0.9822571789977625, 0.983883124693662, 0.9745584624440617, 0.19217389954156178, 0.8285660719175924, 0.9682082627074611, 0.97695035643694, 0.07878481915113256, 0.3234125477238189, 0.9828266701069027, 0.0717509448663665, 0.8464641943432102, 0.6794755493236194, 0.07485829652803148, 0.973993698853932, 0.979720289880614, 0.9821357622605051, 0.5201353390735776, 0.00442195994403711, 0.41422360175005074, 0.9867246691584233, 0.017091273306320043, 0.9823376651362077, 0.9798812122259832, 0.2124902573056597, 0.2436389390080323, 0.9818203384795711, 0.7393617936200823, 0.7211249309143396, 0.4669725543274394, 0.8878633179927068, 0.7967800108535655, 0.9708099677204455, 0.9839681920456022, 0.9833339316752536, 0.9693418264682627, 0.9584643645700202, 0.9844061064498989, 0.08109294564491305, 0.927138845981931, 0.94222064091066, 0.7324616228346221, 0.9723046752036506, 0.35126658341838374, 0.9859748545813064, 0.9820332247906625, 0.9871656597593249, 0.9742785267431504, 0.9633391539071291, 0.3163649577654581, 0.9681711979864615, 0.9654033221161034, 0.5850534482371019, 0.2675483580696592, 0.960075126899201, 0.8927260098177208, 0.07753993828211243, 0.18286751876256893, 0.9830599739416894, 0.08756646024996717, 0.9393255473285634, 0.5059303138312703, 0.946799862040227, 0.9860001009044416, 0.9554252498295924, 0.5354096016237005, 0.7256281422414329, 0.9644042067141713, 0.9798155692903648, 0.9716398410866091, 0.23668159900158317, 0.04156194900659659, 0.08393239875756016, 0.9494127428764956, 0.9740381754317415, 0.9128686073547841, 0.9552259304482198, 0.9866496599560806]}