{"L": 7, "J": 0.11673007904761218, "B": 0.11673007904761218, "K": 2, "init_state": "random computational-basis state", "energy_avg": -0.6328685598060152, "energy_std": 0.1585464311176027, "gsf_avg": 0.20975718249490366, "gsf_std": 0.2540401112973724, "norm_check_samples": [0.9995642900466919, 0.9995672702789307, 0.9995699524879456, 0.9995676279067993, 0.9995681047439575, 0.9995672702789307, 0.9995672702789307, 0.9995694160461426, 0.9995670914649963, 0.9995636343955994, 0.9995668530464172, 0.9995680451393127, 0.9995640516281128, 0.9995681643486023, 0.9995669722557068, 0.9995682239532471, 0.9995667338371277, 0.9995667934417725, 0.9995689392089844, 0.999566376209259, 0.99956876039505, 0.9995660781860352, 0.9995670318603516, 0.9995641708374023, 0.9995648264884949, 0.9995667338371277, 0.9995653033256531, 0.999567985534668, 0.9995682835578918, 0.9995654225349426, 0.9995684027671814, 0.9995667934417725, 0.9995660781860352, 0.9995682835578918, 0.9995663166046143, 0.9995676279067993, 0.9995653033256531, 0.9995669722557068, 0.9995651245117188, 0.9995685815811157, 0.999569296836853, 0.9995664358139038, 0.999565839767456, 0.999566912651062, 0.9995642900466919, 0.9995664954185486, 0.9995660781860352, 0.9995649456977844, 0.9995673894882202, 0.9995622634887695, 0.9995689392089844, 0.999566912651062, 0.9995684623718262, 0.999566376209259, 0.9995684623718262, 0.9995666146278381, 0.999570369720459, 0.9995668530464172, 0.9995668530464172, 0.9995659589767456, 0.9995666742324829, 0.9995665550231934, 0.9995653033256531, 0.9995658993721008, 0.9995669722557068, 0.9995660781860352, 0.9995668530464172, 0.999566912651062, 0.9995668530464172, 0.9995647072792053, 0.9995684027671814, 0.9995666742324829, 0.9995661377906799, 0.9995684623718262, 0.999565839767456, 0.9995676279067993, 0.9995681047439575, 0.9995682835578918, 0.9995653033256531, 0.9995637536048889, 0.9995672702789307, 0.9995672702789307, 0.9995677471160889, 0.999565601348877, 0.9995675086975098, 0.9995675683021545, 0.999566912651062, 0.9995669722557068, 0.999567449092865, 0.9995673894882202, 0.9995691776275635, 0.9995670318603516, 0.9995673298835754, 0.9995664954185486, 0.999567449092865, 0.999567449092865, 0.9995664358139038, 0.9995689988136292, 0.999565839767456, 0.9995671510696411], "energy_samples": [-0.9245017411807838, -0.5561916084486944, -0.3764506066003845, -0.48850065456708625, -0.6013790752009219, -0.775948421632232, -0.6616574074175049, -0.43109785252366906, -0.8585273422518951, -0.8519447837054547, -0.5752496131295248, -0.49249930137868, -0.671779739928202, -0.36991123758010097, -0.9414429054410742, -0.6015042359850332, -0.5246771908446827, -0.8121813811280186, -0.4614288445123662, -0.6197691430574732, -0.466284900212711, -0.6916761901276333, -0.4719617724446259, -0.6546102752892855, -0.5177658279642515, -0.546003000651695, -0.7271130111319452, -0.3893669012864977, -0.4106526220980547, -0.8307894247194371, -0.48710696348411253, -0.6729910013792854, -0.6777914757701999, -0.5713875421665823, -0.5751872435062159, -0.6417706193406487, -0.8848340141413152, -0.781749508456119, -0.9608304533794072, -0.5656948885314861, -0.5535334960928436, -0.4448306219539645, -0.6740797994905269, -0.5452086940479964, -0.7555003236391008, -0.6809102216049053, -0.5875162718198099, -0.9449015959781217, -0.5715323432609845, -0.948225427977891, -0.5110226322482442, -0.6643770988283741, -0.5363830534407776, -0.6865063683577257, -0.42809287178259814, -0.6619894630841665, -0.28907917348333445, -0.6217117670532814, -0.8336546042464017, -0.6674195699369329, -0.5307338103375665, -0.6716216781881639, -0.9483546908861015, -0.49754674172488195, -0.6541224702553677, -0.5563731663248789, -0.6665563013521338, -0.6377072296186358, -0.9189396674877814, -0.9573798464266619, -0.6004307893109604, -0.5550513572877631, -0.8901717995071453, -0.7250835104833758, -0.7502511444843494, -0.4863002974865321, -0.5367610915631378, -0.4090588362810237, -0.7167813644755368, -0.905350752730212, -0.5048247338843366, -0.5547573736131559, -0.6006188724207039, -0.6694840751612438, -0.4616732563833315, -0.6485325496614339, -0.6400506687219276, -0.799862501979973, -0.6371651320382965, -0.5784030470432129, -0.6061625117481696, -0.4197648301861408, -0.5031478909958245, -0.8181671379964269, -0.6640873068051644, -0.36038041364327067, -0.7522652014231291, -0.3449764682877359, -0.6684394942852927, -0.7108298471872682], "gsf_samples": [0.7554825800638553, 0.06167179777180683, 7.048988384166583e-05, 0.044016810956787535, 0.20796267490854484, 0.2370766311096185, 0.13206050420297605, 0.0022259956101628115, 0.6237700376586727, 0.6105824325814838, 0.0011122733365567503, 0.013323390098366741, 0.24798653004168336, 0.01727444665244376, 0.7742378233903653, 0.019584237057955898, 0.045165068541340496, 0.534202433848879, 0.12638834488651685, 0.009354556088918614, 0.008324956751090481, 0.002759535411359851, 0.004787960549359971, 0.016471390850636942, 0.11823993306718646, 0.19554188993666557, 0.48432761958332543, 0.03257632482059148, 0.04563770040163989, 0.4826603415181137, 0.1733092510057863, 0.19041320043584636, 0.09511475302761063, 0.10953442376860155, 0.19322366735389318, 0.07103976977772374, 0.6895264356595294, 0.36727804826745225, 0.8394157147377692, 0.06216793239753091, 0.03366882901944308, 0.00975274275851811, 0.0037605997986435522, 0.09102344896356356, 0.26634284384085244, 0.13859927503151745, 0.18605968457681996, 0.7916596606877953, 0.009250068791769116, 0.8554975133723409, 0.11186631451366318, 0.0007667494788246357, 5.363798421712505e-05, 0.06230318374114554, 0.028104284571561795, 0.11949762040297147, 0.00019144621197717706, 0.01629763869944441, 0.6680612251910055, 0.2757133711631383, 0.002580692961335327, 0.2707346171246586, 0.8684168792778584, 0.06302071404030085, 0.022299716550537963, 0.023628156131482947, 0.23941917068408514, 0.21628287441412836, 0.793344691938094, 0.8611043022496523, 0.10978637602475917, 0.14528919047938738, 0.6032292340494457, 0.3704801111499553, 0.014633925731020498, 0.024823162293872002, 0.10571917975258516, 0.014922162251725834, 0.39079118502554633, 0.782562950167952, 0.06579111968633525, 0.034806340901509775, 0.0958192364380868, 0.3563678377318903, 0.03130771132744123, 0.2468195964022778, 0.06673574886905584, 0.4280899822687595, 0.009918680395384157, 0.12885213235444185, 0.08059342712572667, 0.0237620648076071, 0.0015140226485260704, 0.4607759968772737, 0.003895703309853398, 0.009931201642673157, 0.1510940608746138, 0.004632214330999947, 0.2727040888980278, 0.2648677434897978]}