{"L": 7, "J": 0.0283282086429988, "B": 0.141641043214994, "K": 2, "init_state": "random computational-basis state", "energy_avg": -0.9028957256240744, "energy_std": 0.08587439263384483, "gsf_avg": 0.7165436370132109, "gsf_std": 0.254604418359582, "energy_samples": [-0.8561616966182498, -0.977261187092014, -0.9417592083633116, -0.9420954886354307, -0.976430237178939, -0.966323121297426, -0.9795515680880826, -0.9625191377216198, -0.975869228908905, -0.8239309452828331, -0.7154423470056104, -0.9842829957491285, -0.9816775224337089, -0.9627328795844988, -0.9526710904376049, -0.959959335941511, -0.9521221635752974, -0.9472002939897983, -0.8422099056079975, -0.933955290152522, -0.989994938822867, -0.9299073666866625, -0.9747473051399811, -0.9734817386082215, -0.9654490558745961, -0.9520335652679959, -0.9482884026823086, -0.8940404910129292, -0.9399482809508108, -0.6907350766690092, -0.8860912634964234, -0.8910071235967165, -0.8639872803984195, -0.9773301045217404, -0.9687821629189693, -0.7277819144052697, -0.9794423815229896, -0.8904610415554703, -0.8873256320003109, -0.9554364197731574, -0.7685547194847799, -0.7863548731356259, -0.9734436005705025, -0.7991084570943642, -0.9214798122370524, -0.7102861185569256, -0.9491916986886622, -0.7369952676839491, -0.9830455865351035, -0.826805126482357, -0.8452572733850874, -0.8553941180393613, -0.8461822791516023, -0.9435013754531811, -0.7655916061133528, -0.9369466469342199, -0.8436325644989427, -0.8075379108029981, -0.8489187252264834, -0.7303609095895922, -0.9321537048569299, -0.976689847127052, -0.9263733608832955, -0.9670371902361963, -0.9664958646056252, -0.980447654868739, -0.7516474456843726, -0.96962821194934, -0.9674220204359874, -0.9468870420610914, -0.9834059930463654, -0.9173278452267464, -0.9674716391286539, -0.9771112424428666, -0.9563172397250783, -0.7418590172244914, -0.7054642569124563, -0.9158842035192702, -0.9837420752884063, -0.9815753304085104, -0.9513906353518984, -0.9853980637208822, -0.960389002530967, -0.9271582350362597, -0.8728336391969099, -0.7516419657883322, -0.8480041391632668, -0.8246771228973331, -0.969198941987196, -0.9578253616671378, -0.9785383731320774, -0.8883426138639103, -0.7422550146562251, -0.9776158790146118, -0.9692813985093605, -0.8534619108044619, -0.9293104516587045, -0.9318712309423652, -0.6851119108726046, -0.9713096267479884], "gsf_samples": [0.5415102057943636, 0.9336264470041551, 0.8425815217813583, 0.8379977136308859, 0.9243250232732472, 0.9277845253814746, 0.941653803732871, 0.8895101465846091, 0.9299304815351146, 0.43726813902038136, 0.20879074779416673, 0.95469526656861, 0.9487339698264176, 0.8827125863203817, 0.8500967817875934, 0.8830899374287059, 0.8462523816158476, 0.8530240962614016, 0.6023643433697765, 0.7788933629005147, 0.9760330962701895, 0.8433095076487639, 0.925006074711836, 0.9205901455550515, 0.8890836231046987, 0.8972796108852502, 0.8500887032177604, 0.6819354821407203, 0.791782239694695, 0.09580754542181666, 0.6339108821410815, 0.6870102373066976, 0.6348447150758668, 0.9430296033609199, 0.9079423306210753, 0.23290308360879533, 0.940216395762189, 0.6149191312875435, 0.6389303794241615, 0.8756369307720402, 0.3556453258884064, 0.4130093984043167, 0.913976919273445, 0.36158849125448705, 0.7361444738185287, 0.051761253495465225, 0.85970407185756, 0.14680308043340856, 0.9506762254929404, 0.583729621305424, 0.537176167277594, 0.5457719513698623, 0.5266906568025281, 0.8337791647663493, 0.16177964457102043, 0.8178701646392338, 0.6560969624398205, 0.4546707590781269, 0.6316429283839086, 0.2740459448456096, 0.8351454729301472, 0.9377550650908327, 0.8019392315172817, 0.8940309455702639, 0.8907855464366913, 0.9422339322317879, 0.4172609838569118, 0.9026667667782443, 0.9108041719361892, 0.8830167420564032, 0.9582338018470874, 0.7132010310166459, 0.8976100477338612, 0.9329825708263164, 0.8689047042473134, 0.19296468669402803, 0.16483383509217947, 0.7494576860196587, 0.9563750291436767, 0.9491868024600375, 0.8380011790924864, 0.962355058184826, 0.8883496102616707, 0.7552262649975655, 0.6019095574097019, 0.1817183849911187, 0.6936505198729044, 0.548807832356388, 0.9161199896733832, 0.8616122861229047, 0.9399206971533492, 0.6789430475251566, 0.26451111144854206, 0.9388962788456344, 0.9131675387939155, 0.46282302962596344, 0.7791476215075647, 0.8078168330081079, 0.0952598711521447, 0.9190735307911412]}