{"L": 7, "J": 0.11673007904761215, "B": 0.11673007904761215, "K": 3, "init_state": "random computational-basis state", "energy_avg": -0.7607135143578024, "energy_std": 0.16491031106497406, "gsf_avg": 0.35133081129882626, "gsf_std": 0.3760347227654313, "energy_samples": [-0.5238212885984563, -0.8009825509424107, -0.8736776440001749, -0.9761379478680885, -0.845934470454565, -0.7126754029996611, -0.6020086329192621, -0.9808664413310608, -0.5217375249307779, -0.9818731818228507, -0.9623749528860588, -0.8985727336195183, -0.5712687756459423, -0.47416895078369425, -0.49940095828169445, -0.9296122880766438, -0.7368998306780414, -0.5917925775850003, -0.5959831676535218, -0.5962689550268987, -0.6335230762592934, -0.9840720315691934, -0.8174692228149987, -0.4838825851164792, -0.9648876937136747, -0.9863487683562386, -0.8592042401462694, -0.936981341885996, -0.8191692101723008, -0.6723375985787355, -0.9497020840251946, -0.5699637361630683, -0.508874404585001, -0.6382814346267098, -0.7611152721425916, -0.6315180328121216, -0.8205050983500944, -0.991614924391169, -0.9198468720175871, -0.7755065884882457, -0.8879145823057002, -0.6436890444146921, -0.8097119880153969, -0.7614086556862009, -0.9852205492490408, -0.673252483315224, -0.47067707167333883, -0.9763129564967604, -0.9478081839671137, -0.7370440382294376, -0.5236597939172378, -0.6836125338826624, -0.9815816393966627, -0.8983399724262242, -0.5630287595671586, -0.9430142117124352, -0.5887349543025603, -0.5483873725153245, -0.7753893042471982, -0.7368743172899306, -0.7393177567229656, -0.7245239897582793, -0.707723955366475, -0.5501628245982273, -0.9283441445946597, -0.7641840240785764, -0.8360525100719732, -0.6374498016453989, -0.7497265526516296, -0.9775546352291913, -0.9502933042497398, -0.9845160501563807, -0.5807478086820161, -0.9080816835585704, -0.518532490616292, -0.8023515514951961, -0.6913918872320945, -0.5758934662709887, -0.9672020882203416, -0.6571620072781637, -0.9145870947993215, -0.5713927931683764, -0.9117103251994366, -0.8173255970573547, -0.95082474610381, -0.9256491151626689, -0.5121296471128594, -0.9740552468120236, -0.8426542168295371, -0.5787958392340631, -0.9610841243134844, -0.4837599911021776, -0.7056869727852737, -0.8543462423515433, -0.9738815584742999, -0.6204097771638004, -0.6401559959278528, -0.7979885190350126, -0.6333200109114763, -0.6138561848291114], "gsf_samples": [0.001287109355441865, 0.0431109791383087, 0.4883875471419318, 0.9280682168274061, 0.39082561181025566, 0.014592714980887846, 0.0010766956550209957, 0.9384281753418947, 0.0922293003630081, 0.9543235622936328, 0.9004333663228755, 0.6164631347058748, 0.0012289449964175525, 0.008951369231707106, 0.21408401406707112, 0.784053480005948, 1.4730286313853332e-05, 0.02949627979430767, 0.04336677041417141, 0.0002626849197581931, 0.013633181040504674, 0.9288546581015884, 0.0020036751772544263, 0.004659318447190184, 0.9000375195097292, 0.958968174410485, 0.5619747890236116, 0.7116972437854346, 0.0006626047835836521, 0.026367826418087385, 0.7864948715778084, 0.033208914107840465, 0.05942226044273394, 0.0066484151790641224, 0.17205127885386184, 0.0331686215647983, 0.18405929165354734, 0.9788888285533045, 0.7718925369428489, 0.4946934336649942, 0.5347055211182378, 0.00032042496656467734, 0.15280625126064656, 0.0010890368582793472, 0.9643138886387825, 0.0022959743258907012, 0.0861893714817456, 0.9401913108862069, 0.8332347789399627, 0.034437548156406095, 0.0013512866341627951, 0.00321473975481191, 0.9491943952485139, 0.6412790946077938, 0.003765507783368949, 0.8270429000001569, 0.0033637489045632725, 0.08065762116878086, 0.0003414330050558248, 0.002531004903071833, 0.00017923299297138094, 0.0010869127431320166, 0.014587255344165547, 0.0391883784529798, 0.7761921189599348, 0.3310511648901219, 0.2577529279901749, 0.3490404566464444, 0.0025192346724263177, 0.9401994705565442, 0.8614414824382225, 0.9658445373147918, 0.08576589661339856, 0.5051941836665099, 0.060626193685237514, 0.13002044486083247, 0.20712542185124494, 0.01840732375574614, 0.9134077759187227, 0.03711169263953649, 0.7851282954000147, 0.30823424165872454, 0.798941340901669, 0.5701318401689444, 0.8856448416291969, 0.823966304924671, 0.08842739484953749, 0.940884935292089, 0.5572122681175472, 0.0496129270503544, 0.9016199264895456, 0.0006528231673013855, 0.2372452623230697, 0.3638111595399788, 0.9192326472580362, 0.15414059508631578, 0.0157012808531297, 0.002134411692579909, 0.01560634131181043, 0.07561221664146996]}