{"L": 7, "J": 0.1641957775205015, "B": 0.0328391555041003, "K": 2, "init_state": "random computational-basis state", "energy_avg": -0.6753357346632791, "energy_std": 0.20267598073088655, "gsf_avg": 0.34165576464913605, "gsf_std": 0.3515862863567852, "norm_check_samples": [0.9999304413795471, 0.9999285936355591, 0.9999359250068665, 0.9999300837516785, 0.9999296069145203, 0.9999337792396545, 0.9999322295188904, 0.9999268651008606, 0.9999280571937561, 0.9999290108680725, 0.9999295473098755, 0.9999282956123352, 0.9999279975891113, 0.9999300837516785, 0.9999271035194397, 0.9999275207519531, 0.9999286532402039, 0.9999284148216248, 0.9999309182167053, 0.9999303221702576, 0.9999282956123352, 0.9999323487281799, 0.9999302625656128, 0.9999328851699829, 0.9999279379844666, 0.9999291896820068, 0.9999359250068665, 0.9999279975891113, 0.9999289512634277, 0.9999327659606934, 0.9999302625656128, 0.9999268651008606, 0.999927818775177, 0.9999284744262695, 0.9999268651008606, 0.9999322891235352, 0.9999265074729919, 0.9999316334724426, 0.999929666519165, 0.9999282360076904, 0.9999311566352844, 0.9999293088912964, 0.9999293088912964, 0.9999295473098755, 0.9999295473098755, 0.9999285340309143, 0.9999313354492188, 0.9999302625656128, 0.9999324083328247, 0.9999314546585083, 0.999932587146759, 0.9999290108680725, 0.9999344944953918, 0.999934732913971, 0.9999300837516785, 0.9999308586120605, 0.9999334812164307, 0.9999338388442993, 0.9999307990074158, 0.9999370574951172, 0.9999315738677979, 0.9999293684959412, 0.9999275207519531, 0.9999276399612427, 0.9999306797981262, 0.9999301433563232, 0.9999304413795471, 0.9999303817749023, 0.9999298453330994, 0.9999275803565979, 0.9999277591705322, 0.9999322295188904, 0.9999301433563232, 0.9999336004257202, 0.9999322891235352, 0.9999379515647888, 0.99992436170578, 0.9999289512634277, 0.9999297857284546, 0.9999301433563232, 0.9999327063560486, 0.9999321699142456, 0.9999279975891113, 0.9999321699142456, 0.9999321699142456, 0.999932587146759, 0.9999321103096008, 0.9999348521232605, 0.9999266862869263, 0.9999281764030457, 0.9999293684959412, 0.9999340176582336, 0.9999262690544128, 0.9999266266822815, 0.9999326467514038, 0.9999310970306396, 0.9999383687973022, 0.9999282360076904, 0.9999282956123352, 0.9999313354492188], "energy_samples": [-0.6053623097014532, -0.9269775571710267, -0.9796911235497759, -0.9798768107580077, -0.45267554891360845, -0.9672108677058789, -0.9807219333367294, -0.788254561996745, -0.5862445694344257, -0.6817728848003988, -0.6031987465736337, -0.8001901090224234, -0.4530824875640498, -0.3817797341136107, -0.27133265161450526, -0.6858059150973428, -0.6256029778939005, -0.6631363919036553, -0.6197127680202269, -0.9302504084059828, -0.6096256397104425, -0.9625836888761079, -0.5032012778824273, -0.9514749962081245, -0.4716863181403791, -0.3527062251626676, -0.979517103509443, -0.4181467791575033, -0.6746787810568263, -0.8011428770095065, -0.6795122843421461, -0.6564517535823016, -0.6911980650907749, -0.5436532393170642, -0.7395455090723803, -0.498917644883274, -0.42317906843893227, -0.6456909366800896, -0.746567755193991, -0.5280318848672708, -0.7773932563027492, -0.6208394514400857, -0.4216390632540621, -0.5523065232075012, -0.5286305338409394, -0.2787562858181347, -0.6716707403723466, -0.7641940430904012, -0.38540722990465626, -0.8967120116487541, -0.986534739239984, -0.378671587716288, -0.6580820184678026, -0.7857188239024014, -0.5808835575976082, -0.931633607659081, -0.953098054453792, -0.6934803284468224, -0.6962888455605777, -0.9803170901195499, -0.6260399544755716, -0.5656958200273791, -0.3731190897344034, -0.5486748668734367, -0.48997024798044936, -0.6855639727570279, -0.9533624113152669, -0.9822659585835144, -0.6958558914241036, -0.49462035732199217, -0.6837403693692953, -0.780665303963348, -0.6319240768728439, -0.5290739080378886, -0.8748553120995585, -0.9829480057634433, -0.2487818799688036, -0.5717077080623385, -0.57783058548481, -0.3988207525570778, -0.8913965531342632, -0.677932490222204, -0.6731833007901115, -0.983381914170994, -0.8113904540923693, -0.9715254552646739, -0.7353824372664005, -0.9864386032118233, -0.6379449612477566, -0.6343218674356059, -0.4133658433937982, -0.9790221288462096, -0.7286737092248808, -0.19771383378444177, -0.7273468489368845, -0.6773531321264652, -0.9779876235893629, -0.4716531977548703, -0.7030629337506554, -0.5563297276090127], "gsf_samples": [0.3733703684202744, 0.7946383563697378, 0.9491271540832924, 0.9526295092023245, 0.054047984683827474, 0.9299973408465388, 0.9518484999359631, 0.37399196028039133, 0.027971237438247924, 0.15591563889677743, 0.06982159127320112, 0.6468912958139105, 0.05865977757776153, 0.06299852169093, 0.06758312873374765, 0.4743594210091361, 0.02532803470831653, 0.024809280898504017, 0.0655323492043671, 0.8751804480903047, 0.2258393410455448, 0.9187548378742257, 0.19304814370559156, 0.8972096836769702, 0.09989609521500409, 0.04332281812496587, 0.9509305736605783, 0.11998165506090434, 0.4318444290627665, 0.5628699116577888, 0.012918688959659724, 0.11987435337872275, 0.016037633978518387, 0.2569821245030484, 0.18867773010430391, 0.005053152203103509, 0.022405344396954952, 0.06009082165555118, 0.26800398817039417, 0.1717663718149769, 0.32230016117105453, 0.00749303062785422, 0.08522744786842494, 0.03312250789356524, 0.05862070223340152, 0.027222199231592175, 0.009009473120065616, 0.5763478470065908, 0.014187431857079429, 0.7784930053065331, 0.9691700989771206, 0.141779868728283, 0.010561982078333195, 0.49630320666955047, 0.009746787165045434, 0.8655980442573491, 0.9092803980846009, 0.14621128962700708, 0.040887014956363155, 0.9534297596340663, 0.0676319975100799, 0.3668913122234153, 0.15868561918015883, 0.0064112158449307, 0.10248753198896506, 0.036293845055343985, 0.9021316114724897, 0.9559449307187938, 0.041915104054186754, 0.2642646140287133, 0.09511730609564477, 0.40882974386948845, 0.0009726644256613588, 0.25689277123707965, 0.6640349293254704, 0.9542594394332662, 0.005566469470933351, 0.08738516660725217, 0.14338894050880557, 0.027381082037603966, 0.71569610827329, 0.04250400939858862, 0.22593239788920758, 0.9587401250754808, 0.6021051424497262, 0.9371394485036577, 0.22760916430810724, 0.970927499275557, 0.0006299762904588607, 0.18241644172641377, 0.04190007094352986, 0.9495187243406671, 0.5626565236570332, 0.017434054803085273, 0.548478355490502, 0.09924872887571143, 0.9470652610933663, 0.13203043833995512, 0.25066314521210503, 0.2511926999778706]}