{"L": 7, "J": 0.16419577752050152, "B": 0.032839155504100305, "K": 20, "init_state": "random computational-basis state", "energy_avg": -0.9841394731164843, "energy_std": 0.06738175692081777, "gsf_avg": 0.949479018085042, "gsf_std": 0.2029304364768628, "energy_samples": [-1.0014595384811942, -1.0015749574097947, -1.0008978217363964, -1.0015811295252557, -1.0012956079546311, -1.0015568893516817, -1.0016341302755862, -1.0015829929663749, -1.001618195944452, -1.0003367589188525, -1.0015308819750013, -1.0015735528986813, -1.001618195944452, -1.0013641887969118, -1.001604557891791, -1.0015811295252557, -0.999571651597257, -0.9953997233657939, -1.0015875685322981, -0.9980790061655154, -1.0006239453180967, -1.0016587439109368, -1.0008344463169438, -1.0015749574097947, -1.0016634566169542, -0.9998663311692849, -1.0015749574097947, -0.998099571543924, -1.0013421883154017, -1.0016260488667657, -1.0009178158777559, -0.9877083309010294, -1.001615384718378, -1.0014730040723296, -1.0014595384811942, -1.0015568893516817, -0.9959601000175795, -1.0014595384811942, -1.0012933437230913, -0.9968664052010174, -1.0014952843466203, -1.0012825844386084, -1.001406666606258, -1.0004962687986758, -1.0016565094143406, -1.001618195944452, -1.0014204663650796, -1.000788062592567, -1.0015749574097947, -1.0015749574097947, -1.0015749574097947, -1.0015735528986813, -0.9682547129943988, -1.001057864375159, -1.0002736224434947, -1.0015749574097947, -1.0014595384811942, -1.0013958491342854, -1.001057287763126, -1.0015785556079213, -0.9998302148849435, -1.0015749574097947, -0.7287582348226549, -1.001475164512059, -1.001618195944452, -1.001265503849406, -1.0014595384811942, -0.994353392174363, -1.0015749574097947, -0.6634132328540061, -1.0015749574097947, -0.7006485444965309, -1.001443377727925, -1.0015785556079213, -1.0016395304488475, -0.9990980345385705, -1.0015749574097947, -1.0014595384811942, -0.9987308352534332, -0.7612504904446218, -1.0014035618869603, -1.0014595384811942, -1.0014651959007694, -0.8763922510851554, -0.9992527232948001, -1.0015670455226429, -1.0016028235219145, -1.0013004365881262, -1.001618195944452, -1.0015749574097947, -1.0014595384811942, -0.6408129303250977, -0.999196389837803, -1.0015811295252557, -1.0017283685004672, -1.001618195944452, -1.0015097967252973, -1.0015749574097947, -1.0012729406536969, -1.0014957916438918], "gsf_samples": [1.0006579925221113, 1.0007790369118787, 0.9998113929310515, 1.0012561609418678, 1.000664830635035, 1.0010559073104228, 1.0011641203983666, 1.0012436735851846, 1.0011720571499851, 0.9980777727974233, 1.0008190571518782, 1.0011715630614075, 1.0011720571499851, 1.0009268380014122, 1.0008526196997904, 1.0012561609418678, 0.9975757253677784, 0.9913076708817556, 1.0011833934108911, 0.9951135049337244, 0.9994465081723234, 1.0011566337264604, 0.9999250590695058, 1.0007790369118787, 1.0012206437138162, 0.9976659281820237, 1.0007790369118787, 0.9903130034930321, 1.000920010022147, 1.001164864627437, 0.9991606561203519, 0.9565756307968658, 1.0012143180388442, 1.0009587754553346, 1.0006579925221113, 1.0010559073104228, 0.9913366292169987, 1.0006579925221113, 1.0007080485853352, 0.988647297520244, 1.001075584546273, 1.0007732083336975, 1.000830599996009, 0.9990352339754469, 1.001186024732743, 1.0011720571499851, 1.0008796189493974, 0.9998577524190742, 1.0007790369118787, 1.0007790369118787, 1.0007790369118787, 1.0011715630614075, 0.9419539947380025, 1.0003111820063384, 0.9972480134176743, 1.0007790369118787, 1.0006579925221113, 1.000971680986812, 1.0000427342729594, 1.001175481949157, 0.9985537634588169, 1.0007790369118787, 0.11845893376043404, 1.0009950322887244, 1.0011720571499851, 1.000114232671201, 1.0006579925221113, 0.988979044834991, 1.0007790369118787, 0.029022149243051795, 1.0007790369118787, 0.006305108075010351, 1.0004243825759978, 1.001175481949157, 1.0011567354452853, 0.9949434505805668, 1.0007790369118787, 1.0006579925221113, 0.9925214326685388, 0.24458674564016353, 1.0009742242032194, 1.0006579925221113, 1.0007416861522462, 0.6653927814330538, 0.9936479464995338, 1.001053996544242, 1.001115163205561, 1.0003779717382226, 1.0011720571499851, 1.0007790369118787, 1.0006579925221113, 0.011381319153233222, 0.9972834393534916, 1.0012561609418678, 1.001416161958337, 1.0011720571499851, 1.0011066039349052, 1.0007790369118787, 1.0000824007776319, 1.0009487169995013]}