{"L": 7, "J": 0.1641957775205015, "B": 0.0328391555041003, "K": 5, "init_state": "random computational-basis state", "energy_avg": -0.8744918677504362, "energy_std": 0.15463093613544282, "gsf_avg": 0.698617405104712, "gsf_std": 0.3566451835636779, "norm_check_samples": [1.0003458261489868, 1.000346302986145, 1.0003513097763062, 1.0003389120101929, 1.0003379583358765, 1.0003374814987183, 1.0003345012664795, 1.0003422498703003, 1.0003496408462524, 1.00034761428833, 1.0003471374511719, 1.0003539323806763, 1.0003336668014526, 1.0003507137298584, 1.0003418922424316, 1.00033700466156, 1.000326156616211, 1.0003420114517212, 1.0003491640090942, 1.00033438205719, 1.0003386735916138, 1.000340223312378, 1.0003411769866943, 1.0003494024276733, 1.000344157218933, 1.0003618001937866, 1.0003345012664795, 1.000340223312378, 1.0003494024276733, 1.000332236289978, 1.0003410577774048, 1.000349760055542, 1.000345230102539, 1.0003290176391602, 1.0003376007080078, 1.0003310441970825, 1.00032639503479, 1.0003395080566406, 1.0003448724746704, 1.0003383159637451, 1.0003390312194824, 1.0003466606140137, 1.000361442565918, 1.000340223312378, 1.0003541707992554, 1.0003386735916138, 1.0003472566604614, 1.0003390312194824, 1.0003358125686646, 1.0003513097763062, 1.000342607498169, 1.0003275871276855, 1.000341773033142, 1.0003372430801392, 1.000340461730957, 1.0003420114517212, 1.0003324747085571, 1.0003389120101929, 1.0003420114517212, 1.0003432035446167, 1.0003365278244019, 1.000340223312378, 1.0003330707550049, 1.0003479719161987, 1.000327706336975, 1.0003461837768555, 1.0003517866134644, 1.000361680984497, 1.0003492832183838, 1.0003454685211182, 1.0003348588943481, 1.0003514289855957, 1.000341773033142, 1.0003401041030884, 1.0003412961959839, 1.000333309173584, 1.0003368854522705, 1.000338077545166, 1.0003485679626465, 1.0003407001495361, 1.0003387928009033, 1.0003373622894287, 1.0003373622894287, 1.0003294944763184, 1.000339388847351, 1.0003360509872437, 1.0003366470336914, 1.0003465414047241, 1.0003292560577393, 1.00033700466156, 1.000333547592163, 1.000331163406372, 1.0003443956375122, 1.0003461837768555, 1.000345230102539, 1.0003396272659302, 1.0003353357315063, 1.0003471374511719, 1.0003252029418945, 1.0003355741500854], "energy_samples": [-0.8642246945466059, -0.9932607272900552, -0.9929450265259024, -0.7632253980851289, -0.986742461441458, -0.9799110582004726, -0.7710578258428658, -0.8188568965609583, -0.9906218936623072, -0.9925532012712888, -0.4388544018913706, -0.9918224054117291, -0.9890466710706395, -0.9933537314822516, -0.7418402750164257, -0.6678390434867308, -0.98163058864519, -0.9893255937456562, -0.9944905434487289, -0.7220709612911977, -0.6794046430510386, -0.6544160692014848, -0.9915163536932536, -0.9927829566526247, -0.9879727794936725, -0.5333807405234335, -0.9235474920005589, -0.9869950284827645, -0.9886261274978478, -0.6848638886817641, -0.7928418266604663, -0.9925907233478224, -0.6908554920245934, -0.9119665776964805, -0.8755986478376627, -0.6308974288600002, -0.988712839111249, -0.9905601808137575, -0.9918591584394755, -0.8129755861079041, -0.6551412412633835, -0.6687854173796531, -0.9936027978795477, -0.6295195615342588, -0.9920508385954908, -0.9916284423591287, -0.7561853331853204, -0.7407576074496182, -0.9912220607998018, -0.87866725114805, -0.870917005879393, -0.8108787618421333, -0.9488559416131671, -0.9018821534811454, -0.987535629655481, -0.9927239971374874, -0.9919897142798161, -0.9872788119066783, -0.9798050133500056, -0.9927610420281424, -0.4096964109003482, -0.9608529381144679, -0.9763629739583023, -0.9013839392338698, -0.9889527821288425, -0.7676061794863643, -0.9931126522749382, -0.991736503709705, -0.9942809105778693, -0.9885736472760044, -0.9843775083432431, -0.5433864519392541, -0.9875290077644922, -0.9857986584667222, -0.8682523396688117, -0.6033501848572927, -0.9844003057919094, -0.9429391906637444, -0.5257161537651018, -0.6941651884013336, -0.9926851160396833, -0.4707473270909211, -0.9740063698370615, -0.8134978955168182, -0.9789270758717584, -0.9936582577484255, -0.9773967732631156, -0.8296991036934241, -0.8737293324322691, -0.9821919753474505, -0.9912539818192678, -0.9864715210957208, -0.6877578083762343, -0.6473333355302944, -0.7219058924374865, -0.9769022635074646, -0.98703443732078, -0.9669610207301821, -0.9823478102190046, -0.9939789879811195], "gsf_samples": [0.7004715676081591, 0.9842528046341443, 0.9852631627353163, 0.4099563017348957, 0.973218645226451, 0.9543662986870521, 0.22124742084869398, 0.3961370317017576, 0.9779939195250575, 0.9829006651477953, 0.040569838128249845, 0.9825063615738348, 0.9787091058623721, 0.9850572288261752, 0.5208911753173145, 0.04625588060947113, 0.9582293805155688, 0.973186072876818, 0.9877145915486897, 0.19235874311559206, 0.023142681442181103, 0.06460106800754405, 0.9819221697507187, 0.9835394736138687, 0.9742231765050156, 0.1921043961338133, 0.82828900819534, 0.9678789677190828, 0.9766091268371351, 0.07875865266856628, 0.3233022829657607, 0.9824830367853876, 0.07172618282891374, 0.8461857842941708, 0.6792462353136659, 0.07483352332438771, 0.9736758958760233, 0.9793877798387833, 0.9817971674417451, 0.5199594284984168, 0.004420461269662182, 0.41408005650341245, 0.9863681537220023, 0.01708546043437756, 0.9819898729980273, 0.9795494646906131, 0.21241649426323495, 0.24355636579632367, 0.9814907415525298, 0.7391021398126773, 0.7208779527224722, 0.46681963022562656, 0.8875599739283218, 0.7965113928980586, 0.970479556570757, 0.9836317787130054, 0.9830071066739526, 0.9690134161834801, 0.9581366708562733, 0.9840683706969305, 0.08106566479310653, 0.9268235190143022, 0.9419069192619172, 0.7322068354190475, 0.9719861491831113, 0.35114502270819864, 0.985628123801499, 0.9816781704635099, 0.9868209797515487, 0.9739420604198824, 0.9630166792066911, 0.31625381700735644, 0.9678404162318084, 0.9650750961161259, 0.5848538398463557, 0.2674592114609197, 0.959751800479829, 0.8924243012007244, 0.07751291976159236, 0.1828052369909901, 0.9827270330976229, 0.08753692859132804, 0.9390087611830971, 0.5057636674965077, 0.9464786377463199, 0.9856688659089575, 0.955103716996398, 0.535224124303822, 0.7253893034190629, 0.9640793074934324, 0.9794888631385145, 0.971318176050757, 0.23660011495415806, 0.04154756591330957, 0.08390343276686267, 0.9490904058968203, 0.9737116551215951, 0.9125518264396917, 0.9549153891544064, 0.9863186769043649]}