{"L": 7, "J": 0.0283282086429988, "B": 0.141641043214994, "K": 3, "init_state": "random computational-basis state", "energy_avg": -0.9584300250631305, "energy_std": 0.07037340478294841, "gsf_avg": 0.880662484815944, "gsf_std": 0.21510831535289335, "energy_samples": [-0.9674247690464286, -0.7602529272950269, -0.9731560419935195, -0.9908856051759531, -0.9942103063451309, -0.9943616655494956, -0.9873969430529812, -0.9837354770783172, -0.9861783803730676, -0.9907173307436301, -0.9936496558454686, -0.9895134215748157, -0.9128701759116445, -0.9775596917472804, -0.9765627154134575, -0.943934068701689, -0.9936650202419618, -0.6828884354048733, -0.9928816748060025, -0.973686201461562, -0.9858324872629946, -0.9867406789789203, -0.9926236993272195, -0.9934620159900902, -0.9888635957580519, -0.9906702271904287, -0.9853765637197295, -0.9914423042870557, -0.9887054976879726, -0.980036870718739, -0.9911324576670577, -0.8822895518419835, -0.9831448197156173, -0.8984820227034463, -0.993489496869061, -0.9898036481757123, -0.9925750520253652, -0.9796674133197872, -0.9942807952376327, -0.9845737276550198, -0.9916751037232794, -0.9871974908561105, -0.9710783706798871, -0.9929191818644112, -0.9699695592218477, -0.9744917831670247, -0.992714304438268, -0.8782960394058259, -0.9832514774197949, -0.9900579221217152, -0.9736524465649185, -0.7220237768952953, -0.9799812881740391, -0.9939168185388183, -0.9890263602617125, -0.9887069288443922, -0.9932745755031704, -0.9910665403303858, -0.9932356747625499, -0.9933104752099596, -0.9679803378161512, -0.9942677374356303, -0.9847234094425499, -0.9918169799043303, -0.9943549096178559, -0.9338547599500573, -0.9888796085395524, -0.9216038478165178, -0.9925449233477568, -0.9835841091810401, -0.9935682452238861, -0.9904327436431252, -0.9942829418169501, -0.7735094565333264, -0.9694565205027381, -0.710134319211209, -0.9927266135456765, -0.9761157918810042, -0.9807315654738559, -0.7286827567616498, -0.9729029733681722, -0.8851284726996733, -0.9767422657671216, -0.99116439279329, -0.7348123337942598, -0.9901331797937243, -0.9382440344694343, -0.9782728676728616, -0.9301488385193193, -0.9836465331084259, -0.9791958604213046, -0.9913038700327048, -0.9942689118658133, -0.9459817214391002, -0.984058892417732, -0.9904221137829954, -0.9728133815211626, -0.9774576463139031, -0.7807147812869946, -0.9937683057225939], "gsf_samples": [0.9079278637208861, 0.22280447170043383, 0.9245997209612953, 0.9791661838470617, 0.9891561703395603, 0.9896490808531361, 0.9679118711185335, 0.9558865865393088, 0.9651339216056749, 0.9786012977365053, 0.9874800767929753, 0.9745586630662505, 0.8019677764913838, 0.9353583293081401, 0.9313334019731928, 0.8630484902594725, 0.9875660727484551, 0.007521526231549944, 0.9852580906527267, 0.9243285438575962, 0.963993364566762, 0.9657958628883998, 0.9867789651682192, 0.9867770064999596, 0.9731040996250628, 0.9789461576739273, 0.9613199556726473, 0.9809322799756814, 0.9726867146889201, 0.9448294394296319, 0.9794494351490246, 0.6362340518750057, 0.9542862159923661, 0.7316479182695049, 0.9872927983976243, 0.9753710840239267, 0.9837512832068463, 0.9450964286917116, 0.9893284039810958, 0.957489819066556, 0.9814385478594723, 0.9672642793823409, 0.9162770164080053, 0.9851854746972337, 0.9133905928813764, 0.9284038186477735, 0.9845295305810219, 0.6155463552438593, 0.9561454906150477, 0.9756034790797399, 0.9264905711663665, 0.0986495174349896, 0.9457952286658798, 0.9887108802173471, 0.9719070300489694, 0.9732432524305817, 0.986308291215712, 0.9799008334440695, 0.986522164064652, 0.9864251966782297, 0.9051808944717401, 0.989342968409135, 0.9599451305247647, 0.9818768719755894, 0.9894622679638728, 0.8014535390118184, 0.9728919705264459, 0.8271490256926712, 0.9837432500062746, 0.9569402762125788, 0.9872778991921536, 0.9778761927742288, 0.9894895895416594, 0.3539263421316901, 0.9130202404586376, 0.16279071913939783, 0.9848982553310667, 0.9332827898570053, 0.9464480852845454, 0.2665476253137629, 0.9237812943191045, 0.6318946980013888, 0.9331192347762697, 0.9799481882333844, 0.1838759936954742, 0.9766707324415573, 0.8103007044840997, 0.9395485129813713, 0.7890786239675042, 0.9573392258110688, 0.9435003000067228, 0.9804407367725017, 0.9892108732604102, 0.8354286789429114, 0.9553587305266991, 0.9777208121270473, 0.9215476430430446, 0.9376612704651068, 0.32641238023512154, 0.9877589382748849]}