{"L": 8, "J": 0.10164717780328576, "B": 0.10164717780328576, "K": 10, "init_state": "random computational-basis state", "energy_avg": -0.9781258921570332, "energy_std": 0.05193195212422842, "gsf_avg": 0.8848390904862959, "gsf_std": 0.25104651841325915, "norm_check_samples": [1.001096248626709, 1.001082181930542, 1.0010985136032104, 1.0010980367660522, 1.0010725259780884, 1.001043677330017, 1.0010943412780762, 1.0010695457458496, 1.0010756254196167, 1.0011130571365356, 1.0010851621627808, 1.0010912418365479, 1.001089096069336, 1.0010977983474731, 1.0010980367660522, 1.0010899305343628, 1.0010685920715332, 1.0010775327682495, 1.0010842084884644, 1.0010795593261719, 1.0010857582092285, 1.0010957717895508, 1.0011123418807983, 1.0010749101638794, 1.0010732412338257, 1.001049518585205, 1.0010783672332764, 1.001055359840393, 1.0010852813720703, 1.0010638236999512, 1.0010900497436523, 1.0010713338851929, 1.0010818243026733, 1.0010796785354614, 1.0010945796966553, 1.0010697841644287, 1.0010746717453003, 1.0011014938354492, 1.0010935068130493, 1.001086950302124, 1.0010932683944702, 1.001078486442566, 1.0010972023010254, 1.0011035203933716, 1.0010952949523926, 1.0010510683059692, 1.001092791557312, 1.0010842084884644, 1.001065969467163, 1.0011035203933716, 1.0010687112808228, 1.0010985136032104, 1.0010920763015747, 1.0010766983032227, 1.0010883808135986, 1.0010688304901123, 1.0010935068130493, 1.0010656118392944, 1.001105546951294, 1.0010818243026733, 1.0010664463043213, 1.0010850429534912, 1.0010968446731567, 1.0010770559310913, 1.0010632276535034, 1.0010961294174194, 1.0010851621627808, 1.0010662078857422, 1.0010986328125, 1.0010967254638672, 1.0010932683944702, 1.001065969467163, 1.0011177062988281, 1.0010945796966553, 1.001060962677002, 1.0011005401611328, 1.0010738372802734, 1.0011060237884521, 1.0010799169540405, 1.0010679960250854, 1.0010762214660645, 1.0010838508605957, 1.0010861158370972, 1.0011239051818848, 1.0010762214660645, 1.0010666847229004, 1.00108003616333, 1.0010980367660522, 1.0010933876037598, 1.001076340675354, 1.0010817050933838, 1.0010863542556763, 1.0010865926742554, 1.0010919570922852, 1.0010695457458496, 1.0010987520217896, 1.0010405778884888, 1.0010751485824585, 1.001091718673706, 1.0010886192321777], "energy_samples": [-0.9971635106336711, -0.998669058282313, -0.998570414423759, -0.9952130087614135, -0.9989642741344604, -0.9986894990048031, -0.9537254214836999, -0.9998896535379695, -0.980492065930368, -0.944938708035162, -0.9994575753790688, -0.9985922003171227, -1.000514432431766, -0.9968881752348043, -1.0004419137723315, -1.000556276766393, -0.9952698115320415, -1.0003838376783165, -1.000074547561145, -0.9904253328233332, -0.9995692989941591, -0.9999100740898264, -0.8924510028738346, -0.984307157399404, -1.0000499211036455, -0.9988117191766401, -0.9959710378581501, -0.9987255171338641, -0.998097584667429, -0.9985530339601459, -0.8848498923163073, -0.9632610344111472, -0.9695528465764844, -0.9862392959855973, -0.9552839935824753, -0.8668332161751537, -0.9975214445809569, -1.0003630094783993, -0.9971583090794404, -0.9989422202846581, -0.9994387854185852, -0.9901839031478665, -0.9994171664672551, -1.000380758865498, -0.998857581933874, -0.992671975704733, -0.998384468703968, -0.9981016967603503, -0.7243701993757816, -1.0006387577525229, -0.9989658413632221, -0.9991941205718806, -0.9958153441032133, -0.9941443318061003, -0.9987790792899223, -0.9984559422169691, -0.9975135948341195, -0.9972246821662812, -0.9994017890306648, -0.9983654122285016, -0.9295807218621537, -0.9962441910923557, -0.999431605795923, -0.8870893683876856, -0.9988106589767407, -0.9995550050113392, -0.9988817155700056, -0.9902657445991624, -1.000549820810358, -0.999562562495709, -1.0001620539114369, -0.9957846563100095, -0.9553788463644315, -0.9495635398861494, -1.0005941775653073, -1.0001436127980703, -1.0000415753881176, -0.9911306287911642, -0.9966200263334966, -0.9995276411950609, -0.8268862231259555, -0.999549479686252, -0.9983534580252355, -0.8873687730899212, -1.0005363689777897, -0.999417651034113, -0.9621472698438287, -0.8749361787883457, -0.9988418481869272, -0.9940877168588996, -0.9988840917823592, -0.9908737327258651, -1.00023019460104, -0.9980817271024559, -0.8826817272487829, -1.0002824194012443, -0.6963239821034762, -1.0001755111829405, -0.9999560246929836, -0.9983799249072594], "gsf_samples": [0.9854370836982603, 0.9920113977692518, 0.9934893758085357, 0.9803456541879968, 0.9940974305645871, 0.9919556858478896, 0.8404876279197732, 0.9961979426952613, 0.8910391333253476, 0.8280551510500207, 0.9911887123020449, 0.9939811749762362, 0.9985417719457216, 0.9859203188762512, 0.9972977764058729, 0.9986588015929546, 0.983699847398234, 0.998424156666404, 0.9976496240383166, 0.9302306994968587, 0.9926968771977872, 0.9958614465499083, 0.11373491120827897, 0.9441122407497833, 0.9973778322303198, 0.9912966300070576, 0.9718125900614761, 0.9940830474458212, 0.9854612772771332, 0.991986248314833, 0.03096651151567358, 0.8572947758884315, 0.7696392377529732, 0.9210562408083411, 0.7160601477603735, 0.22375834496248206, 0.9842730739070519, 0.9982627181622201, 0.9850486891425946, 0.9931964515818155, 0.9952923799781574, 0.9339368730681169, 0.9961760929902255, 0.9980165594668082, 0.9944867708989048, 0.9800800495118179, 0.9913333133578407, 0.9860961620070564, 0.13968658457794939, 0.9989350803085815, 0.9900462387113512, 0.9941604959685212, 0.9724328557152464, 0.9477050906128242, 0.9850874458938654, 0.987065121224792, 0.9912959990184994, 0.9739167636835951, 0.9944094717500016, 0.9910588348017376, 0.6277567154415293, 0.9726697273427176, 0.9963057312138459, 1.3155368651898518e-05, 0.9912638940384647, 0.9963918708795314, 0.99403260657841, 0.9275260581092785, 0.9991557562769491, 0.9963388269382617, 0.9972480028622264, 0.9698574341756712, 0.8359895367346811, 0.6326616407835515, 0.9989497101919377, 0.9970457432508548, 0.9977748932671473, 0.9618257382817488, 0.9658971738120556, 0.9950522720077147, 0.3844156879450942, 0.993945041248771, 0.9858907981898586, 0.5073365656555656, 0.9985820070664115, 0.9956168983922855, 0.8655855578261741, 0.14091020723848297, 0.9883542602423465, 0.9755275342238409, 0.9951562424856626, 0.947710785061636, 0.9975284016408071, 0.9913986715232572, 0.20973330231864515, 0.997891191173421, 0.0015983399716795958, 0.9969880175971281, 0.9962869176659356, 0.9917892909713019]}