{"L": 8, "J": 0.14083900003351849, "B": 0.028167800006703696, "K": 5, "init_state": "random computational-basis state", "energy_avg": -0.8511433814116374, "energy_std": 0.13558781010512086, "gsf_avg": 0.5956050122674236, "gsf_std": 0.35447363568357537, "norm_check_samples": [1.0001544952392578, 1.0001708269119263, 1.0002026557922363, 1.0001270771026611, 1.0001413822174072, 1.0001769065856934, 1.0001518726348877, 1.0001477003097534, 1.0001784563064575, 1.0001736879348755, 1.0001530647277832, 1.0001614093780518, 1.0001795291900635, 1.000171184539795, 1.000173807144165, 1.0001699924468994, 1.000191569328308, 1.0001237392425537, 1.0001497268676758, 1.0001895427703857, 1.0001429319381714, 1.0001425743103027, 1.00016450881958, 1.0001702308654785, 1.0001776218414307, 1.0001983642578125, 1.0001569986343384, 1.0001609325408936, 1.0001544952392578, 1.0001609325408936, 1.0001695156097412, 1.0001745223999023, 1.0001400709152222, 1.000179409980774, 1.0001336336135864, 1.0001368522644043, 1.0001161098480225, 1.0001522302627563, 1.0001741647720337, 1.000142216682434, 1.0001626014709473, 1.0001968145370483, 1.0001479387283325, 1.000148892402649, 1.0001628398895264, 1.000171422958374, 1.000154972076416, 1.0001370906829834, 1.0001895427703857, 1.0001575946807861, 1.0001589059829712, 1.000156044960022, 1.0001599788665771, 1.000214695930481, 1.000183343887329, 1.0001522302627563, 1.0001709461212158, 1.0001591444015503, 1.0001699924468994, 1.000130295753479, 1.0001848936080933, 1.000169038772583, 1.000160574913025, 1.0001789331436157, 1.0001674890518188, 1.0001360177993774, 1.00016450881958, 1.000167965888977, 1.0001821517944336, 1.0001425743103027, 1.0001808404922485, 1.0001435279846191, 1.0001524686813354, 1.0001420974731445, 1.0002127885818481, 1.000193476676941, 1.0001683235168457, 1.0001715421676636, 1.0001463890075684, 1.0001429319381714, 1.000190019607544, 1.0001779794692993, 1.0002217292785645, 1.0001177787780762, 1.0001754760742188, 1.0001524686813354, 1.000152587890625, 1.0001235008239746, 1.000168800354004, 1.0001471042633057, 1.0001932382583618, 1.0001614093780518, 1.0001767873764038, 1.0001455545425415, 1.000185251235962, 1.0001834630966187, 1.0001531839370728, 1.000146508216858, 1.000145673751831, 1.0001435279846191], "energy_samples": [-0.9917637665432751, -0.823605202877314, -0.614174269149962, -0.9753791239923475, -0.9836553801155263, -0.7428543033253405, -0.9466317424136602, -0.9923933131091283, -0.7290011250937413, -0.6137043061560771, -0.7271543868140211, -0.9890887975942276, -0.7294202084339194, -0.9097473770791434, -0.74814645477399, -0.8022772331954814, -0.5803303379038245, -0.9704887403928282, -0.8621630347115208, -0.5639400101878919, -0.9458344093856262, -0.9886479459660164, -0.9885030460204893, -0.8574914787621891, -0.7296390972853888, -0.8718457473407667, -0.9835672621878714, -0.8685664246206556, -0.9917176393967665, -0.9678429832267966, -0.9403427903987174, -0.8655778257272974, -0.9834318213118334, -0.6360256685662223, -0.9431094565638323, -0.5568810546870087, -0.9682153995191582, -0.8696627668217528, -0.9366668237746566, -0.70807381573746, -0.9597514274910176, -0.964110658001319, -0.9639954728035549, -0.930767607044373, -0.9103950115630614, -0.9359575388316195, -0.9405589061738266, -0.988643131362706, -0.7534845479025573, -0.9926167485744831, -0.8452107646599328, -0.8567968976822978, -0.8164555091034434, -0.6820213390759318, -0.9922730773220411, -0.9700725844526108, -0.9279942377441747, -0.5421400612386343, -0.7862244236786049, -0.9626503181356582, -0.6351457476324313, -0.8968348329588854, -0.9073573846871765, -0.8208464438242858, -0.8099030478761173, -0.9745525235052898, -0.9839070325978932, -0.47117227069802087, -0.9894096806072702, -0.9837045790266702, -0.7702505105624736, -0.9775935955018485, -0.6676244156615004, -0.980028532251783, -0.522018176321474, -0.6803966828253513, -0.8077010071501989, -0.7371803851394867, -0.9606934528231121, -0.9470637964808808, -0.7003324812864442, -0.9909035438147719, -0.7370674242033696, -0.8715497764364919, -0.7607001242566214, -0.9448590569720996, -0.949159135967488, -0.9248205019386235, -0.8937841469348592, -0.7561279052937382, -0.9409637290739798, -0.6696666183129681, -0.7199722019516472, -0.9593237833729052, -0.7434383522876303, -0.7485965670925806, -0.9889101582405455, -0.733379767116457, -0.9740453860453848, -0.9636705484274175], "gsf_samples": [0.9805870020864559, 0.3464218465599716, 0.2220153958638514, 0.9300140070188001, 0.9592113854118365, 0.14750149906781504, 0.831092882827455, 0.9815718432523318, 0.00387935125608375, 0.2868046552924118, 0.07108078144974998, 0.9733314812100358, 0.004659596953259749, 0.7981489046778978, 0.09449108772615335, 0.503981906669556, 0.005997445237648045, 0.9242641932534209, 0.49610758208453754, 0.28562150893144106, 0.8539926033114732, 0.9746293288901913, 0.964399310136341, 0.6929501518368645, 0.46773139810954667, 0.7632249941044555, 0.9601090831416104, 0.5383424676972947, 0.9803732021717466, 0.8950875982092332, 0.8697383258185147, 0.6103105202008338, 0.950829736210059, 0.31557848387235815, 0.8820709363463095, 0.17941863663219754, 0.914972400734106, 0.7266749034405608, 0.8570423365043572, 0.07452332656284437, 0.8977876873269234, 0.9076880135505092, 0.9109370362256527, 0.8314112608913916, 0.7155093147323146, 0.8721300663754994, 0.8664633571083169, 0.9715626055971567, 0.24367918483880469, 0.9821247801988284, 0.49691693396168257, 0.6574549092552763, 0.3831482407180573, 0.029524324809217052, 0.9815217049431292, 0.9284564434863799, 0.8576277344614536, 0.14656250934308435, 0.5844594628359275, 0.899814866216623, 0.2542621251274323, 0.7304244178609965, 0.6793744718848909, 0.3507775818355737, 0.361902678578554, 0.9247719414390888, 0.9659810988085569, 0.028848308706681668, 0.9708171461419182, 0.9520609217611895, 0.26115634008208627, 0.947944413927792, 0.027296209688873918, 0.9500253648378814, 0.043144943213736936, 0.19434145487849597, 0.2847537345143763, 0.04100937882198505, 0.9053991394863026, 0.8750256599546817, 0.02417778289162013, 0.977105131302064, 0.004625810984971988, 0.5730816238038199, 0.15327636349830806, 0.8732135214758251, 0.817901563558258, 0.8309583825409619, 0.6133123192099305, 0.19096177655107827, 0.8765636163484489, 0.07558839223945049, 0.09372276453318658, 0.9173025402673856, 0.14187084608456446, 0.18321238232433254, 0.9670695817214469, 0.16842280059845646, 0.9280791403112142, 0.9171730173081123]}