{"L": 8, "J": 0.02478276127298553, "B": 0.12391380636492764, "K": 10, "init_state": "random computational-basis state", "energy_avg": -0.9855277024671797, "energy_std": 0.0390775800557355, "gsf_avg": 0.9485815118732687, "gsf_std": 0.14232378832945566, "norm_check_samples": [0.9998254179954529, 0.9999033808708191, 0.9998816251754761, 0.9998630285263062, 0.9998692274093628, 0.9999018907546997, 0.9999051094055176, 0.9999035000801086, 0.9999048709869385, 0.9998760223388672, 0.999899685382843, 0.9999435544013977, 0.9998713731765747, 0.9998382925987244, 0.9998894333839417, 0.9998639822006226, 0.9998356103897095, 0.9998605847358704, 0.9998770356178284, 0.9999334812164307, 0.9999046921730042, 0.999893844127655, 0.9999197721481323, 0.9997998476028442, 0.9999117851257324, 0.9998704195022583, 0.9999005198478699, 0.9998577237129211, 0.9998668432235718, 0.9999116659164429, 0.9998478889465332, 0.9998160600662231, 0.9998732805252075, 0.9998375177383423, 0.9999403953552246, 0.9998551607131958, 0.9999339580535889, 0.9999019503593445, 0.9998978972434998, 0.9998942613601685, 0.999870240688324, 0.9999021291732788, 0.9998652338981628, 0.9998711943626404, 0.9999095797538757, 0.9998766779899597, 0.99984210729599, 0.999818742275238, 0.9998713731765747, 0.9999687671661377, 0.9999057054519653, 0.9998867511749268, 0.9998794198036194, 0.9997904300689697, 0.9998193383216858, 0.9998548626899719, 0.9999206066131592, 0.9998111724853516, 0.9999608993530273, 0.999876081943512, 0.9998278617858887, 0.9998905062675476, 0.9998858571052551, 1.0000067949295044, 0.9999115467071533, 0.9998797178268433, 0.999869704246521, 0.9998265504837036, 0.9998860955238342, 0.999888002872467, 0.9999109506607056, 0.9997630715370178, 0.9999045729637146, 0.9998461008071899, 0.9999153017997742, 0.999943196773529, 0.9999115467071533, 0.99985671043396, 0.9999197125434875, 0.9999615550041199, 0.9999424815177917, 0.9998362064361572, 0.9998449087142944, 0.9998761415481567, 0.9998834133148193, 0.9998724460601807, 0.9999014139175415, 0.999901294708252, 0.9998449087142944, 0.9998404383659363, 0.9999035596847534, 0.9998663663864136, 0.999862790107727, 0.9998534917831421, 0.9999018907546997, 0.9999325275421143, 0.9998636841773987, 0.9997641444206238, 0.9998688101768494, 0.999843418598175], "energy_samples": [-0.9993636021657901, -0.9961525517054468, -0.9992951985633669, -0.9727332314666253, -0.9932585925751172, -0.9738739463124992, -0.9995471043861418, -0.9977399367258928, -0.9993664936241872, -0.9987921170955044, -0.9941090024572155, -0.9963602095835418, -0.9989674093449536, -0.9985981222147574, -0.9774732298989012, -0.9961675793082405, -0.9915842030025335, -0.981003959036297, -0.9988671253493727, -0.9995977740569865, -0.9966093036989978, -0.9802213271396663, -0.9731122332604423, -0.9954450598553265, -0.9995388817506149, -0.9975450525722519, -0.9995127829465955, -0.9991468551096272, -0.9778377054234954, -0.9995293475487818, -0.9971963007367598, -0.8546723101929975, -0.9991274398046075, -0.9995142064004033, -0.9991604739888691, -0.98685882789478, -0.9815057023821471, -0.9979840380942921, -0.9961788087513396, -0.985584919960497, -0.996597812467359, -0.9730726769320501, -0.9910815141820443, -0.9988692042129934, -0.9927323592863311, -0.9974997146828013, -0.9972390730091008, -0.9594209326645704, -0.986694013799321, -0.9988635579731969, -0.9994878702998288, -0.9989473598132216, -0.997992291305829, -0.9169993372940988, -0.9988083912829748, -0.9983771700455226, -0.9958650307097423, -0.9995472954993685, -0.9871806461903113, -0.9992164172623661, -0.9837969362261727, -0.9986866073868477, -0.9994902705561709, -0.9475300658577119, -0.9984073198423192, -0.9993530030372564, -0.9991615179838905, -0.9990227946086152, -0.978645718523812, -0.9961002781296239, -0.9916358149187385, -0.7669051628314781, -0.9989801555608306, -0.9897500090493638, -0.9991920478414672, -0.9540187273031586, -0.9972726233663141, -0.9993664104919864, -0.973612340675293, -0.9992943212898728, -0.9962494888770619, -0.9991699821983169, -0.9967243625476376, -0.9992210787950331, -0.962951836688404, -0.997468676497331, -0.9983829203073059, -0.9985874123459408, -0.9992726154763344, -0.9954442698651084, -0.98013674057371, -0.9989684860406276, -0.9991356508365486, -0.9993694415565669, -0.9971562899316657, -0.9969575269714404, -0.9789206961356612, -0.7266309550036856, -0.9990968227292937, -0.9990772325604612], "gsf_samples": [0.9988257249478518, 0.9866005867263881, 0.9983212508679079, 0.9045649935085412, 0.9767150095867811, 0.9090515989083342, 0.9990166885530387, 0.9926444210287713, 0.9984141383803629, 0.9964859959246063, 0.9791863604991801, 0.9882668893564308, 0.9971195274827633, 0.9959174930430214, 0.9203364063504977, 0.9866974580429018, 0.9698275738190935, 0.934523714654669, 0.9969447109687196, 0.9990833081199686, 0.9889283629202659, 0.9274324455454722, 0.9043473457934917, 0.9840039042198064, 0.998939978396223, 0.9918008888322103, 0.9989044349411207, 0.9977236734512843, 0.9211694609866878, 0.9989150949051296, 0.9902912192323987, 0.483055217119788, 0.9976232537139559, 0.9990343054671239, 0.9976465810027925, 0.9523929429860075, 0.9308262011445527, 0.9938897855884309, 0.9865409700425652, 0.9482052744098564, 0.988882006928333, 0.9073728217752274, 0.9743141205659658, 0.9965102350873511, 0.9737081566907343, 0.9921935635749719, 0.9909542798962967, 0.855507187897219, 0.9529011105461883, 0.9973229818617998, 0.9988938431854173, 0.996922972367856, 0.9936997386993865, 0.7057055318089324, 0.9965514825801542, 0.9952525962189588, 0.9861890777606721, 0.9991717196955057, 0.9540571740279069, 0.9978447412677254, 0.9426674409166594, 0.9960073116752163, 0.9988282589658973, 0.8075933703816296, 0.9951664054282796, 0.998684418965226, 0.9977013964417953, 0.9976246222163565, 0.9232985233020746, 0.9872152848410379, 0.9717895995594835, 0.146437413995912, 0.9970731992308782, 0.964354415494545, 0.9978462983453761, 0.8355116597306284, 0.9906130538879309, 0.9987714281231538, 0.9051952602380419, 0.9980413242442575, 0.9871866001252446, 0.9980303412839268, 0.9892365234377214, 0.9982341706582814, 0.8735748087386269, 0.9918666630363802, 0.9957395287437582, 0.9957797031437274, 0.9986625570693858, 0.9843849536826945, 0.9281772512606278, 0.9972085554047387, 0.9977895286615244, 0.9984523326786953, 0.9905809839872712, 0.9897909357262613, 0.9224919003445134, 0.0011989030758038904, 0.9975566947556804, 0.9976170316220273]}