{"L": 8, "J": 0.10164717780328576, "B": 0.10164717780328576, "K": 5, "init_state": "random computational-basis state", "energy_avg": -0.9399299169019224, "energy_std": 0.07536926933081763, "gsf_avg": 0.7077760930348841, "gsf_std": 0.37505628315658296, "norm_check_samples": [0.9985579252243042, 0.9985582828521729, 0.9985654354095459, 0.9985685348510742, 0.99857497215271, 0.9985691905021667, 0.9985754489898682, 0.9985730648040771, 0.9985634684562683, 0.998562753200531, 0.9985510110855103, 0.9985669851303101, 0.9985589385032654, 0.9985648393630981, 0.9985774755477905, 0.9985755681991577, 0.9985700249671936, 0.9985699653625488, 0.9985688328742981, 0.9985641837120056, 0.9985787868499756, 0.9985742568969727, 0.998585045337677, 0.998568594455719, 0.9985654354095459, 0.9985625743865967, 0.9985690116882324, 0.9985695481300354, 0.9985685348510742, 0.9985727071762085, 0.9985721707344055, 0.998565137386322, 0.998575747013092, 0.9985675811767578, 0.9985672831535339, 0.9985621571540833, 0.9985772371292114, 0.9985665082931519, 0.9985692501068115, 0.998569905757904, 0.9985769987106323, 0.9985653162002563, 0.9985634088516235, 0.9985629320144653, 0.9985641241073608, 0.998566210269928, 0.9985681772232056, 0.9985602498054504, 0.9985613822937012, 0.998568058013916, 0.9985747933387756, 0.9985564947128296, 0.9985760450363159, 0.9985723495483398, 0.9985679388046265, 0.9985759258270264, 0.9985672235488892, 0.9985636472702026, 0.9985792636871338, 0.9985686540603638, 0.9985605478286743, 0.9985697865486145, 0.9985703825950623, 0.9985702037811279, 0.9985736608505249, 0.998569905757904, 0.9985672831535339, 0.9985700249671936, 0.998553991317749, 0.9985725283622742, 0.9985659718513489, 0.9985601902008057, 0.9985727667808533, 0.9985590577125549, 0.9985660314559937, 0.9985631704330444, 0.9985778331756592, 0.9985652565956116, 0.9985642433166504, 0.9985795021057129, 0.9985702633857727, 0.9985603094100952, 0.9985603094100952, 0.9985659122467041, 0.998569130897522, 0.9985654950141907, 0.9985682368278503, 0.9985575675964355, 0.9985733032226562, 0.9985775351524353, 0.9985665678977966, 0.9985654354095459, 0.9985671043395996, 0.998569667339325, 0.998569905757904, 0.9985711574554443, 0.9985678195953369, 0.9985647201538086, 0.9985601902008057, 0.998561680316925], "energy_samples": [-0.9974058562430534, -0.9935414887030589, -0.9977862297777269, -0.9981938142892102, -0.8491042799529983, -0.8786167657569868, -0.9847143732449084, -0.8886768734335375, -0.9065155194996648, -0.8027606397433632, -0.9727504679081767, -0.9504970434747979, -0.9023567644449219, -0.8812987323188859, -0.8107995168586815, -0.9045650588148753, -0.8986464532580068, -0.9975655233971763, -0.9703119665477047, -0.9566831925675938, -0.7823192922525448, -0.8587601962794743, -0.8660319313608666, -0.8668852418694463, -0.9943823575429844, -0.9953717978371003, -0.9971357680831803, -0.8681443937004382, -0.9856464897326409, -0.9883110251319134, -0.9968774958883417, -0.975302644894015, -0.888699493622275, -0.9908262936068261, -0.9914465211374399, -0.999123071338708, -0.802847994768017, -0.9955900117530148, -0.9876169736484938, -0.993664191675368, -0.9635101929700534, -0.9731721064839457, -0.9974588408135716, -0.9832379473201686, -0.8347131083924211, -0.9937596526533826, -0.9973556976496993, -0.9354979968569538, -0.9975540602145049, -0.8761162702814983, -0.7637674510117857, -0.9943678135523341, -0.9556474570787233, -0.9526859211849299, -0.9367865131817145, -0.9230922366304622, -0.9727985630489562, -0.9975786593502848, -0.7641226807176335, -0.8466591042708714, -0.9931213758304012, -0.962087430744137, -0.995490850349264, -0.9974379868790286, -0.9902149623137838, -0.8755915996985901, -0.995136416069685, -0.9736403041994564, -0.9970558388275585, -0.998243406825198, -0.9823822853913874, -0.9839596558773769, -0.8616808043415737, -0.9727184617350552, -0.9485995072499354, -0.9929954937806154, -0.7808087839893725, -0.9970827772198498, -0.8231007486579964, -0.7132138025842044, -0.9940364645711748, -0.9965198382842141, -0.9948709302753136, -0.9465520134405512, -0.647038008681956, -0.9955660166743138, -0.9960200306473335, -0.9934260879306905, -0.9857548730122001, -0.8519859150020704, -0.8757765344046645, -0.9282479860497803, -0.9886953601893061, -0.99131273276074, -0.9969901753322727, -0.990968318081896, -0.9968388793294486, -0.9947526121276893, -0.9976218489906797, -0.9677985518191772], "gsf_samples": [0.98899840172807, 0.981253987504205, 0.9916857897626783, 0.9897629474253024, 0.003221954441020361, 0.0004250856774400572, 0.939270946480078, 0.5759979482741423, 0.7565942085274139, 0.061812468342441924, 0.8855508871062834, 0.8058194007628467, 0.0018901540783703374, 0.0010368297866455568, 0.020435255835665744, 0.607860016878961, 0.5951893152636065, 0.9896464587489242, 0.8996238309128853, 0.8871183029321831, 0.0382451724421394, 0.018956624909248966, 0.23257620576839536, 0.0012427778290573063, 0.9813603263927781, 0.9831765171288455, 0.9877762329351633, 0.03817649170672863, 0.949166281778653, 0.9628628251369358, 0.9907891077097591, 0.9329472024776877, 0.6454869752764075, 0.9751317202596277, 0.9714286882474993, 0.9966253315694924, 0.2317115202198976, 0.9802115444670182, 0.9603904795201049, 0.9803946802327826, 0.8696219757085039, 0.8771197664474438, 0.9885614800651756, 0.9400182291852891, 0.2934044905326132, 0.9810591162055505, 0.9881184902789344, 0.795780301900833, 0.9890304013031437, 0.00899799346481589, 0.36310592713548884, 0.9823522796586462, 0.7771485762347831, 0.687128332543875, 0.0009202353983079522, 0.7056172377726914, 0.8802240115517113, 0.9896469778696201, 0.047149224236678625, 0.5844179069879399, 0.9776958558240171, 0.8875382687246849, 0.9844083127862844, 0.9891852096977336, 0.9619275946651765, 0.46878685091966676, 0.9804685351034502, 0.9019074148262666, 0.987958017994695, 0.9902231926040362, 0.9261808531643666, 0.9571645899103659, 0.0015360327647736271, 0.8152422109374424, 0.8201936573845072, 0.9780130646614474, 0.2315630822838894, 0.9873766809086729, 0.006122412453342544, 0.009808746685043375, 0.9762546526870353, 0.983422374242769, 0.9777417416803637, 0.8165470667961608, 0.005213658983102638, 0.9822770180723198, 0.988300358260435, 0.9715211580068859, 0.9525329329926652, 0.0003152372081071354, 0.1759729422706279, 0.7439680037817398, 0.967728754197556, 0.9703037107581417, 0.9879606122302876, 0.9718604451463831, 0.9864804891446896, 0.9787715307020766, 0.9896723725135926, 0.8961898085541598]}