{"L": 8, "J": 0.02478276127298553, "B": 0.12391380636492764, "K": 2, "init_state": "random computational-basis state", "energy_avg": -0.9078186759534661, "energy_std": 0.06692222017353196, "gsf_avg": 0.6982373507595284, "gsf_std": 0.22388109398821762, "norm_check_samples": [1.000814437866211, 1.0008128881454468, 1.000815749168396, 1.0008095502853394, 1.0008171796798706, 1.000815987586975, 1.0008106231689453, 1.000817060470581, 1.0008152723312378, 1.0008111000061035, 1.000813364982605, 1.0008167028427124, 1.0008103847503662, 1.000815987586975, 1.0008176565170288, 1.000818133354187, 1.0008156299591064, 1.0008186101913452, 1.0008175373077393, 1.00081467628479, 1.0008221864700317, 1.0008175373077393, 1.0008150339126587, 1.0008199214935303, 1.000815510749817, 1.000818133354187, 1.0008183717727661, 1.0008137226104736, 1.0008162260055542, 1.0008184909820557, 1.0008175373077393, 1.0008172988891602, 1.0008124113082886, 1.0008169412612915, 1.0008167028427124, 1.000818133354187, 1.0008196830749512, 1.0008167028427124, 1.0008183717727661, 1.0008174180984497, 1.0008211135864258, 1.0008172988891602, 1.0008145570755005, 1.000816822052002, 1.0008183717727661, 1.0008171796798706, 1.0008180141448975, 1.000815987586975, 1.000817894935608, 1.000815987586975, 1.0008158683776855, 1.0008126497268677, 1.0008164644241333, 1.0008165836334229, 1.000815749168396, 1.0008165836334229, 1.0008172988891602, 1.0008176565170288, 1.0008163452148438, 1.0008162260055542, 1.000816822052002, 1.0008184909820557, 1.0008156299591064, 1.0008169412612915, 1.0008171796798706, 1.000815987586975, 1.0008105039596558, 1.0008165836334229, 1.0008139610290527, 1.00081205368042, 1.000815987586975, 1.000818133354187, 1.0008165836334229, 1.0008145570755005, 1.0008150339126587, 1.0008149147033691, 1.0008152723312378, 1.0008163452148438, 1.000814437866211, 1.0008184909820557, 1.0008114576339722, 1.0008169412612915, 1.000815987586975, 1.0008141994476318, 1.0008175373077393, 1.000812292098999, 1.0008156299591064, 1.000818133354187, 1.000815510749817, 1.0008171796798706, 1.0008174180984497, 1.0008162260055542, 1.000815749168396, 1.0008176565170288, 1.0008175373077393, 1.000816822052002, 1.0008094310760498, 1.0008189678192139, 1.000815987586975, 1.000818133354187], "energy_samples": [-0.8684735151759083, -0.8983568995001344, -0.9833788921544576, -0.8295079756314373, -0.9689689163627486, -0.8496115628073224, -0.889087677117973, -0.9522418114561059, -0.9031860904272735, -0.9374676306584817, -0.9676021693153423, -0.7193577040280702, -0.9496342773383868, -0.8974568068543572, -0.8577881213577719, -0.7778076446991407, -0.9439648980040499, -0.8547136548033042, -0.8806573058725207, -0.9723062428381756, -0.9222090046544978, -0.9393717097529745, -0.9480021454704068, -0.8475218060647504, -0.8958410996634635, -0.7687627824303045, -0.9760482687941483, -0.9447963171470402, -0.9743111240146671, -0.8679687604618184, -0.9444736079742262, -0.9713290855356812, -0.9637961841807693, -0.914579937995779, -0.963676898332088, -0.8793492684777866, -0.7545529513538228, -0.9096931161559473, -0.9504498622133666, -0.9173008237437745, -0.896408054439744, -0.9147946570311417, -0.8807370979836919, -0.9343192558191167, -0.9754579219626808, -0.9701622390257478, -0.796612713772517, -0.9207177677775832, -0.9443048287661475, -0.8612923493012415, -0.9299239245062221, -0.9815951625132542, -0.9497032554305771, -0.939409849441183, -0.8217377472080394, -0.8113896055634257, -0.810769213368261, -0.9671199777844783, -0.9669745901045611, -0.9370193777670031, -0.9109801334271962, -0.9312824647632111, -0.9644435930593686, -0.7327830816144119, -0.9773339245672052, -0.9633409912600381, -0.9819230633071945, -0.8398406313662904, -0.7882150980825795, -0.9379317702598284, -0.9737866735102495, -0.8324996909230115, -0.9707738102980663, -0.9420269371562368, -0.9593126910663345, -0.9686421240887594, -0.8897362592429207, -0.9592871362882153, -0.9719168677422948, -0.925309561528715, -0.9668987794334547, -0.968078213587505, -0.974089094989032, -0.829596773977354, -0.9545018134650645, -0.9652454726350824, -0.7058710410562317, -0.9605853338736351, -0.8662709331189175, -0.9198516350643519, -0.9439550039439072, -0.9467069725676976, -0.8388781283258878, -0.9419934970307928, -0.9353731132221634, -0.9495510868065101, -0.8799460373230773, -0.7991839992213067, -0.7646491498502049, -0.8832208719153984], "gsf_samples": [0.6686038665365408, 0.6854500305805158, 0.9448604653716061, 0.3453367892262257, 0.9014849298134969, 0.4384098310973305, 0.5619625533772791, 0.8465293571890028, 0.6330351567172899, 0.7686932474492282, 0.9041838878434743, 0.2709557019972192, 0.8708645517303873, 0.7194592206429224, 0.5034610867999015, 0.22001712571730397, 0.8220656139254243, 0.506237830908506, 0.6600809424587482, 0.9089681522925228, 0.7411642040315864, 0.8222498292465622, 0.8470715156395212, 0.5904786796861873, 0.6951089734191542, 0.23921656318510126, 0.9339672629598216, 0.7937092647365782, 0.9086459135207551, 0.6423730459141846, 0.806964696732006, 0.9218282833660015, 0.8747191211499574, 0.7243060880347444, 0.8896109504146619, 0.5649797849593426, 0.090932304516661, 0.6782018773485371, 0.8258607614040487, 0.7158368539831997, 0.658791496510609, 0.7122534544253191, 0.6509472539723337, 0.7695105566120013, 0.9271637836298224, 0.9050076016297877, 0.36900890091802857, 0.7123290290675074, 0.8151984658345401, 0.56596258181757, 0.7353477614865954, 0.9426618345336286, 0.8406934128378185, 0.8032664153619571, 0.38706100580515634, 0.24952725214174284, 0.44933345588790785, 0.8968528689997126, 0.911937863105057, 0.8019209496467664, 0.6921791997434867, 0.8174668902426732, 0.887047931527959, 0.08077017756531397, 0.9303700481843026, 0.8753514472944048, 0.9521165851622838, 0.49431396067529515, 0.432626959219469, 0.753653224084097, 0.9120187395461942, 0.4541252068260969, 0.91547765138338, 0.8157543057470552, 0.8660366795117644, 0.8886312657383821, 0.6361326607220172, 0.8744475745798059, 0.9078348611421225, 0.744430614334105, 0.8942802122640061, 0.8951944165701428, 0.9087030030417848, 0.4467971697963472, 0.8910919925392057, 0.896274641110936, 0.11409790484444107, 0.8673467143575792, 0.5321411980912916, 0.6991104108385977, 0.8179192500557402, 0.8155751252776346, 0.4340085865751041, 0.8056663129100232, 0.8139116996171377, 0.8412489122415886, 0.6355858895911514, 0.2925410056606102, 0.09858853294635582, 0.6002038542455624]}