{"L": 8, "J": 0.14083900003351849, "B": 0.028167800006703696, "K": 10, "init_state": "random computational-basis state", "energy_avg": -0.9430290786463545, "energy_std": 0.10098797543461768, "gsf_avg": 0.834638920963454, "gsf_std": 0.279636609882265, "norm_check_samples": [1.0004295110702515, 1.000427007675171, 1.0003854036331177, 1.0004630088806152, 1.0004231929779053, 1.0003750324249268, 1.000441312789917, 1.0003947019577026, 1.0004096031188965, 1.0004276037216187, 1.0004332065582275, 1.0004234313964844, 1.0004043579101562, 1.0004128217697144, 1.0004630088806152, 1.0004322528839111, 1.0004184246063232, 1.0004092454910278, 1.0004117488861084, 1.000427007675171, 1.000374436378479, 1.0004239082336426, 1.0004416704177856, 1.0004359483718872, 1.0003893375396729, 1.0003913640975952, 1.0004141330718994, 1.0004286766052246, 1.0004630088806152, 1.000413417816162, 1.000429630279541, 1.0004072189331055, 1.000415563583374, 1.0004509687423706, 1.0004630088806152, 1.000449299812317, 1.0004465579986572, 1.0004276037216187, 1.000430703163147, 1.0004040002822876, 1.0004140138626099, 1.0004630088806152, 1.000398874282837, 1.0004236698150635, 1.0004595518112183, 1.0004322528839111, 1.0003526210784912, 1.000401258468628, 1.0004220008850098, 1.0004403591156006, 1.0004326105117798, 1.0004116296768188, 1.0004189014434814, 1.0004469156265259, 1.0004090070724487, 1.0004318952560425, 1.0004630088806152, 1.000411033630371, 1.0003529787063599, 1.0004476308822632, 1.0004074573516846, 1.0004535913467407, 1.0004141330718994, 1.0003663301467896, 1.000419020652771, 1.000426173210144, 1.0004630088806152, 1.0004243850708008, 1.0004276037216187, 1.0003927946090698, 1.0004438161849976, 1.0004630088806152, 1.0004236698150635, 1.0004254579544067, 1.000416874885559, 1.0004448890686035, 1.000427484512329, 1.0003960132598877, 1.0004630088806152, 1.0003832578659058, 1.0003855228424072, 1.0004630088806152, 1.0003973245620728, 1.0004243850708008, 1.0004204511642456, 1.000420331954956, 1.0004328489303589, 1.0004521608352661, 1.0003902912139893, 1.0004253387451172, 1.0004276037216187, 1.0004169940948486, 1.0004485845565796, 1.0004297494888306, 1.0003905296325684, 1.0004582405090332, 1.0004141330718994, 1.0004445314407349, 1.0004096031188965, 1.0004202127456665], "energy_samples": [-0.9344283652415704, -0.991873887886338, -0.9980392128660086, -0.9980312048179703, -0.9979172747692003, -0.7283508510868075, -0.902887674737546, -0.9961033670932019, -0.9982647970355818, -0.9980352933400648, -0.9981366326999987, -0.99423715759034, -0.9961183239096455, -0.9442004488715962, -0.9980312048179703, -0.9973941243324581, -0.9977532543504527, -0.8494042210673151, -0.9979824337482371, -0.9977862493817532, -0.5826990866047839, -0.9890687063409617, -0.8951795281948378, -0.9981258587314479, -0.9578808895670741, -0.8128158419139337, -0.9933859006370973, -0.9443215452152952, -0.9980312048179703, -0.9906408073983111, -0.9768418979886844, -0.9982168195275478, -0.9980033400409034, -0.9355812236701156, -0.9980312048179703, -0.9980366524387867, -0.9983407749615674, -0.9980352933400648, -0.9850973027410146, -0.9979515886200852, -0.991259417365253, -0.9980312048179703, -0.7678470958081581, -0.9971202160237578, -0.9122152982535668, -0.9973941243324581, -0.5836272210015838, -0.9977776789014978, -0.8488689199885309, -0.9981045289386334, -0.9974130066258979, -0.8154685458868999, -0.9962952760772774, -0.9948932000077696, -0.9876720355806631, -0.9799112392238634, -0.9980312048179703, -0.9971672959133447, -0.5152002692644386, -0.9925283689022687, -0.9982766322664666, -0.9983262403649329, -0.9747634080913089, -0.7618037276603938, -0.7934590201193673, -0.9900858386164113, -0.9980312048179703, -0.9980332933206417, -0.9980352933400648, -0.7734055914407049, -0.9670804167103109, -0.9980312048179703, -0.9946595839974213, -0.8966298874762427, -0.9025409455951913, -0.9979775343870237, -0.9156391405225719, -0.9295968242731742, -0.9980312048179703, -0.750494893166684, -0.7109736222306986, -0.9980312048179703, -0.9022399756392785, -0.9980332933206417, -0.980093315138303, -0.9979404407584758, -0.9952214622511455, -0.9861943950600759, -0.993866169290656, -0.9980020828788939, -0.9980352933400648, -0.9981294811610315, -0.9954616510556829, -0.9167399559114259, -0.6926814961269993, -0.9979582249285499, -0.8303823267664218, -0.9980138768105273, -0.9557942952698687, -0.9961258211316113], "gsf_samples": [0.8135784134284124, 0.9794562061900766, 0.9951397639102071, 0.9947357861212623, 0.9951180164445198, 0.1296861083759984, 0.6901736223394512, 0.9900081946417586, 0.9957303488493844, 0.9948351598326871, 0.99529527165067, 0.9882595128315739, 0.9895835128122882, 0.8277536611408326, 0.9947357861212623, 0.9935148984001633, 0.9947945482989166, 0.44669749190062813, 0.9949368279562014, 0.9945085102754307, 0.19680732245045546, 0.9666497145934919, 0.7217450171610368, 0.9950088296709407, 0.857779827506184, 0.36875310507484393, 0.9829733989154875, 0.8233263813429634, 0.9947357861212623, 0.9757334402096808, 0.9422381947897804, 0.9953618594561949, 0.9944521717899685, 0.8169447270642701, 0.9947357861212623, 0.9949553715993849, 0.995816713679418, 0.9948351598326871, 0.9673021534052462, 0.9949386794675674, 0.9799029813967192, 0.9947357861212623, 0.25298398660509225, 0.9930026520096146, 0.7149007738870496, 0.9935148984001633, 0.0105208850530534, 0.9944910296337692, 0.49938303233897274, 0.9953538738659434, 0.9934109827010723, 0.38069618637583214, 0.9906535329305953, 0.9878113981751951, 0.9653896253737364, 0.9364946075946888, 0.9947357861212623, 0.9938210634553777, 0.14238607835372194, 0.98253809412712, 0.9957818267292066, 0.9957371056051663, 0.9224715129738499, 0.19807863005836668, 0.3117719658581485, 0.9706359236498142, 0.9947357861212623, 0.9946996061631412, 0.9948351598326871, 0.15998679874709576, 0.9178429847115716, 0.9947357861212623, 0.9864205558298426, 0.6719782214485726, 0.6873159831939106, 0.9948145998052094, 0.8435724171103524, 0.7895548493836753, 0.9947357861212623, 0.16460651011080343, 0.05571690054097625, 0.9947357861212623, 0.7300863046501961, 0.9946996061631412, 0.9456481030244179, 0.9943775116662417, 0.9848952323217863, 0.973252507451541, 0.9826527085535618, 0.9945667999298415, 0.9948351598326871, 0.9953265875167934, 0.9891554953258905, 0.7345560333309129, 0.029332299163930885, 0.9944671242911814, 0.4321568525577104, 0.9949447353366458, 0.9035320318904869, 0.9902797708068962]}