{"L": 9, "J": 0.12329955564675057, "B": 0.024659911129350114, "K": 2, "init_state": "random computational-basis state", "energy_avg": -0.6406723971671855, "energy_std": 0.175158911123627, "gsf_avg": 0.18173171487880796, "gsf_std": 0.28981966085181277, "norm_check_samples": [0.9996951222419739, 0.999698281288147, 0.9997127056121826, 0.9996963143348694, 0.99969881772995, 0.9997017979621887, 0.9997019171714783, 0.9997046589851379, 0.9996976256370544, 0.9997053146362305, 0.9997049570083618, 0.9997033476829529, 0.9996910095214844, 0.9997043609619141, 0.9996987581253052, 0.9997031688690186, 0.9996944665908813, 0.9996982216835022, 0.9996992945671082, 0.9996955394744873, 0.9996954202651978, 0.9997072815895081, 0.9997036457061768, 0.9997041821479797, 0.9996983408927917, 0.9997009038925171, 0.9996918439865112, 0.999701201915741, 0.999703586101532, 0.999698281288147, 0.9997050762176514, 0.9997037649154663, 0.9996972680091858, 0.9997031688690186, 0.9997042417526245, 0.999703049659729, 0.9997055530548096, 0.9997032880783081, 0.9997069835662842, 0.9996965527534485, 0.9996968507766724, 0.9996935129165649, 0.9997022151947021, 0.999701201915741, 0.9996950626373291, 0.9996985793113708, 0.9997062683105469, 0.999700129032135, 0.9996950030326843, 0.9997013211250305, 0.9996961951255798, 0.999714732170105, 0.9997007250785828, 0.9997031688690186, 0.9996985793113708, 0.9997061491012573, 0.9997023940086365, 0.9997057318687439, 0.9996964931488037, 0.999700129032135, 0.9997032880783081, 0.999697744846344, 0.9997008442878723, 0.9996907711029053, 0.999699592590332, 0.9997008442878723, 0.9996981024742126, 0.9997119903564453, 0.9996939897537231, 0.999699592590332, 0.9997038245201111, 0.9996963739395142, 0.9996991753578186, 0.9997028112411499, 0.9997028708457947, 0.9996966123580933, 0.9997007846832275, 0.9997007250785828, 0.9996963143348694, 0.9996969103813171, 0.9997011423110962, 0.9996985197067261, 0.9997081756591797, 0.9996968507766724, 0.9997001886367798, 0.9996968507766724, 0.9997031092643738, 0.9996943473815918, 0.9997053146362305, 0.9997032880783081, 0.9996970891952515, 0.9997013211250305, 0.9997063875198364, 0.9996965527534485, 0.9996986389160156, 0.9996970891952515, 0.9996993541717529, 0.999708890914917, 0.999699056148529, 0.9996968507766724], "energy_samples": [-0.6305022907874316, -0.4969329932148165, -0.9757623672200991, -0.622380934929814, -0.6455073191688014, -0.56405193053911, -0.520878296439708, -0.8065008579243422, -0.6981224291648161, -0.9063694868460337, -0.7616536584801272, -0.524556517856095, -0.3149704841813887, -0.6290453768308175, -0.6422493514742748, -0.8197821205752341, -0.5452659147073162, -0.7115690122409618, -0.6090757405772579, -0.73269991309872, -0.5183033305425547, -0.70869775183137, -0.6712896599438222, -0.9884081331097377, -0.3399209448193528, -0.6362564264635796, -0.3450738507586107, -0.8553491293456374, -0.5391888727014759, -0.4751632336859497, -0.5915231280291812, -0.6506968033752879, -0.39369168797503584, -0.9801805852105014, -0.9795735560162567, -0.7263575166869375, -0.8799905696139086, -0.7688537074745337, -0.6521235804254722, -0.6935665789332014, -0.46387078852057395, -0.3780476431836766, -0.6335786778927422, -0.5068063762681012, -0.63830903590162, -0.5409599183166036, -0.7376095575148864, -0.6585048994486188, -0.4672606713942735, -0.7372100998962815, -0.6250068659550663, -0.9778259349776641, -0.5190326368728195, -0.9733874204723505, -0.6883933784108577, -0.8060339196486002, -0.530474204331076, -0.9801153391037773, -0.5296149463032152, -0.7055790429768929, -0.6218414204623194, -0.4835708261508752, -0.732439774711843, -0.07304174456030578, -0.6833878807247151, -0.6394417255860362, -0.5098938065130223, -0.9871705082029424, -0.7171800684190172, -0.5242513712316204, -0.5203257956426822, -0.5134636566669353, -0.5865625622964545, -0.6164160539890918, -0.5705228691714112, -0.3790255636526168, -0.7590828458044233, -0.7612387057738766, -0.4565573228673751, -0.42807286072677836, -0.41288271753170147, -0.5024392338640504, -0.7454418349643244, -0.7057104903238413, -0.5528720958156597, -0.470970523429682, -0.6656634084213023, -0.6997655424843922, -0.9790039248503773, -0.5260305239541035, -0.4475551552435001, -0.8475838790066254, -0.9861763724822095, -0.5054332756920225, -0.4673525312360074, -0.6945751140553114, -0.6917950171830614, -0.7496964245532116, -0.6098636247777944, -0.5932332631057537], "gsf_samples": [0.11776700038826883, 0.07538962928066625, 0.9338692298570278, 0.014514127557244785, 0.19068565783954922, 0.02235814722002848, 0.11018703626763562, 0.3206577679596638, 0.01924977493862865, 0.7778023632351928, 0.15600760562181318, 0.011805867394266633, 0.0275397836319132, 0.07356613684376194, 0.07611795200558993, 0.3404109810238229, 0.013739496090017653, 0.06620076697693807, 0.07051994057286579, 0.019155929335486967, 0.011801680287282292, 0.37068653204293656, 0.020127631950314164, 0.9670922954866332, 0.00926288767574522, 0.05946644572947297, 0.08452123604199349, 0.6144286554138433, 0.017922539201662698, 0.07696180225245008, 0.059996218033198906, 0.012509700790351552, 0.012529836803492395, 0.938413147564594, 0.9374464140720961, 0.05007732412842811, 0.6050444807932768, 0.08090924254181574, 0.00826821991599285, 0.0625302502573563, 0.011584216404208942, 0.00393432791597223, 0.00560901875149217, 0.043619165941550006, 0.0012281254460388105, 0.09030152611622719, 0.10769372612773445, 0.0821375511014911, 0.005361396338622307, 0.0653300547979913, 0.002918528598990095, 0.9337030808993872, 0.014272126681269055, 0.9185178917078114, 0.01075733674496628, 0.36022874115641135, 0.023151736971673612, 0.9418112875485287, 0.08600567043746601, 0.04809096913797236, 0.008550479100186208, 0.019272082626567336, 0.0017562711857959808, 0.00048057606405060523, 0.007380795897197556, 0.05499495301759752, 0.0029806595817266682, 0.9652756419523032, 0.05439108209092643, 0.054442909515446634, 0.0027802159026588838, 0.044717418541544, 0.08604685401008719, 0.15457951948658394, 0.006601506878767134, 0.07893974748476207, 0.05968610298757343, 0.5042240527952474, 0.0022677985094505713, 0.018287993813436067, 0.009145749271174458, 0.025694465406261295, 0.05965150595621423, 0.03373087172009305, 0.025609023614484156, 0.013352534349796526, 0.0070199944687573965, 0.029407840805456834, 0.9361725538301529, 0.008340350095936857, 0.0636725513049942, 0.4413677282731034, 0.9650965331626363, 0.1304821223790336, 0.09097984080235827, 0.25780765688153584, 0.23886043098645512, 0.22429759516286255, 0.21842324776838376, 0.07260401635006905]}