{"L": 9, "J": 0.09001252049949561, "B": 0.09001252049949561, "K": 2, "init_state": "random computational-basis state", "energy_avg": -0.615218240162552, "energy_std": 0.13001736369208716, "gsf_avg": 0.09594344182694103, "gsf_std": 0.13874538266609868, "norm_check_samples": [0.9994202256202698, 0.9994213581085205, 0.9994220733642578, 0.999422013759613, 0.9994226694107056, 0.999422013759613, 0.9994215369224548, 0.999422550201416, 0.9994190335273743, 0.9994210004806519, 0.9994198083877563, 0.9994215965270996, 0.9994233250617981, 0.9994219541549683, 0.9994230270385742, 0.9994235038757324, 0.9994186758995056, 0.9994192123413086, 0.9994187951087952, 0.9994217157363892, 0.9994201064109802, 0.9994194507598877, 0.9994211792945862, 0.9994190335273743, 0.9994208812713623, 0.999420166015625, 0.9994240999221802, 0.9994199275970459, 0.9994233250617981, 0.9994217753410339, 0.9994203448295593, 0.9994204044342041, 0.9994197487831116, 0.9994187951087952, 0.9994212985038757, 0.9994204044342041, 0.9994208216667175, 0.9994184374809265, 0.9994227290153503, 0.9994175434112549, 0.999420166015625, 0.9994208216667175, 0.9994212985038757, 0.999419093132019, 0.9994195103645325, 0.9994191527366638, 0.9994201064109802, 0.9994205832481384, 0.9994231462478638, 0.9994215965270996, 0.9994202256202698, 0.9994211792945862, 0.9994204640388489, 0.9994218945503235, 0.9994191527366638, 0.999422013759613, 0.999419629573822, 0.9994182586669922, 0.9994188547134399, 0.9994201064109802, 0.999421238899231, 0.9994187951087952, 0.999421238899231, 0.9994198083877563, 0.9994186758995056, 0.9994192719459534, 0.9994217157363892, 0.9994200468063354, 0.9994205236434937, 0.9994181990623474, 0.9994209408760071, 0.9994207620620728, 0.9994208216667175, 0.9994208812713623, 0.9994184374809265, 0.9994189143180847, 0.9994207620620728, 0.9994227886199951, 0.9994192123413086, 0.9994197487831116, 0.9994193911552429, 0.9994223713874817, 0.9994193315505981, 0.9994221329689026, 0.9994201064109802, 0.9994198083877563, 0.9994218945503235, 0.999422550201416, 0.9994206428527832, 0.9994221925735474, 0.9994198679924011, 0.999419629573822, 0.9994198083877563, 0.9994205832481384, 0.9994192123413086, 0.9994207620620728, 0.9994210600852966, 0.9994218349456787, 0.9994203448295593, 0.9994217753410339], "energy_samples": [-0.4691197802911415, -0.5505107675413107, -0.8505149533798015, -0.47214686722340704, -0.8718475737614764, -0.8554187182770181, -0.5263672286785074, -0.8017616696430402, -0.8867815357480752, -0.6235293328737495, -0.7328925098035227, -0.7798606073505728, -0.7403945890983786, -0.7032674110316739, -0.7204939253358605, -0.7363862448902924, -0.8113885905421313, -0.3509355642918653, -0.49776516654633807, -0.6497924823257331, -0.5576856352597859, -0.6303864773432201, -0.6807686593893149, -0.7439110662440618, -0.5334708482831481, -0.4451175370511044, -0.7647048556728935, -0.558295821863272, -0.7078195073443149, -0.6768592239266072, -0.6195185020237954, -0.5090903751541586, -0.7807622368715409, -0.5370658533490479, -0.8959512505162629, -0.5573314990534947, -0.49742058344450807, -0.4195422815469686, -0.52466765845172, -0.3528258068403218, -0.5622582879118583, -0.7259116379241327, -0.472700075613562, -0.5070332157401306, -0.38920586066429996, -0.4991629680734891, -0.6838155743955291, -0.7567255969657489, -0.7738604321481869, -0.7388698060983591, -0.5486806995578881, -0.4844603616068842, -0.752639065814425, -0.5730230356201745, -0.6646029934497613, -0.6360356094002615, -0.5685390312687263, -0.7105509865489729, -0.7244846319672323, -0.4032994836812895, -0.6388354610953914, -0.6729626885589334, -0.6069195125107887, -0.643213673321218, -0.5178674492124179, -0.6565746092698496, -0.5365027643014567, -0.5189190309632019, -0.4409769894771163, -0.5778171641352319, -0.4568896278211093, -0.5473579225578618, -0.7824508156801044, -0.708825571304683, -0.4227645483251051, -0.5991565905473336, -0.8012044251753607, -0.4772431883675907, -0.6426311755590853, -0.46759319403170085, -0.5303874672732917, -0.4100301882215438, -0.468916800654109, -0.7140891488419583, -0.7430565426416732, -0.563947937852084, -0.6065330264604522, -0.6605054329957322, -0.5558350704537193, -0.6588326106750634, -0.6878877090144884, -0.7205415190496205, -0.48414974744488715, -0.5481227962191064, -0.4468655499021472, -0.5004348020287518, -0.7501544078197432, -0.7259871335167679, -0.48912675912807657, -0.7394824111320933], "gsf_samples": [0.004941727596655162, 0.030215358076582287, 0.4881385560495671, 0.0014499804699798827, 0.16674498645312658, 0.3785601939798835, 0.0034338761092309734, 0.46027371941936535, 0.32176342585394957, 0.003536633712983238, 0.039842199595979726, 0.40633332922499094, 0.04510460574923857, 0.2223793696867638, 0.05387242646168949, 0.0006110948837547026, 0.5176225006180628, 0.006079830660414262, 0.00267570303569711, 0.04001416120091646, 0.001669859419109027, 0.11078969302456615, 0.0051805767788407845, 0.04315891180704226, 0.02804287220059258, 0.04044738675437919, 0.003739763002769415, 0.0044482012467758885, 0.07547005135053997, 0.27080936106047987, 0.014650740173654355, 0.10561123102274136, 0.26307720359567244, 0.0008787193817492009, 0.6615185854180681, 0.08866996679989005, 0.002803101702445135, 0.05191546899207066, 0.00799376391529979, 0.012304587455955992, 0.0493501869513442, 0.08642376844720273, 0.0005417846064135405, 0.1586694780180459, 0.00019425861613866667, 0.0018474591698953522, 0.2172682620759452, 0.028501153169318078, 0.34672611698299083, 0.0007551850031796189, 0.09782573697676503, 0.008338450527452057, 0.16419079100335196, 0.00818995511289183, 0.1531095321514562, 0.032463128979359525, 0.020883815535879275, 0.16310811417620208, 0.20550084556912762, 0.001097634168334762, 0.038111439924515544, 0.4127893948649067, 0.0012596240221465803, 0.008285383000932522, 0.03753814205451367, 0.007416399674272358, 0.004778780691452646, 0.003716122794311484, 0.004641841588241818, 0.0008138637072084323, 0.015271489326112525, 0.005526589918197999, 0.38402320562874614, 0.001405034097413269, 0.006805704920159158, 0.25291133550359174, 0.18590301808654686, 0.03532548757739817, 0.2227158528325972, 0.008876613454157226, 0.006961340800840259, 0.002248261287171845, 0.03227438088595703, 0.21260303594050706, 0.13108719343360806, 0.02266008610474931, 0.0300213315215451, 0.2726317072645197, 0.14496844490932956, 0.0017328738477883903, 0.029439328092220763, 0.16294651813851324, 0.0012821335713160626, 0.003839487493000069, 0.0011068349034059227, 0.00022973692232528767, 0.01927409489291445, 0.04425641697097321, 0.004625465531725289, 0.10028080533149994]}