{"L": 9, "J": 0.022026065406621664, "B": 0.11013032703310832, "K": 10, "init_state": "random computational-basis state", "energy_avg": -0.9790316885402448, "energy_std": 0.044661982167690684, "gsf_avg": 0.912292052869008, "gsf_std": 0.18908211964700794, "norm_check_samples": [1.000489592552185, 1.0005091428756714, 1.0004475116729736, 1.000405192375183, 1.000556230545044, 1.0003557205200195, 1.000351905822754, 1.0004024505615234, 1.0004310607910156, 1.0004230737686157, 1.000361442565918, 1.0004481077194214, 1.000567078590393, 1.000536561012268, 1.0004713535308838, 1.0003914833068848, 1.0004570484161377, 1.0004730224609375, 1.0004445314407349, 1.000583529472351, 1.0004217624664307, 1.0004353523254395, 1.0005409717559814, 1.0004996061325073, 1.000428318977356, 1.000370979309082, 1.000415563583374, 1.00046968460083, 1.0004698038101196, 1.0004961490631104, 1.000373125076294, 1.0003565549850464, 1.0004879236221313, 1.000417709350586, 1.0004500150680542, 1.000489354133606, 1.000499963760376, 1.000448226928711, 1.0004459619522095, 1.0004112720489502, 1.0004768371582031, 1.0004316568374634, 1.0004327297210693, 1.0004549026489258, 1.0003328323364258, 1.000416874885559, 1.000369906425476, 1.0003337860107422, 1.0004265308380127, 1.0003613233566284, 1.0005557537078857, 1.0003647804260254, 1.0004403591156006, 1.0004191398620605, 1.0004795789718628, 1.0003844499588013, 1.0004454851150513, 1.000402808189392, 1.000444769859314, 1.000441312789917, 1.000410795211792, 1.0003728866577148, 1.0003669261932373, 1.000344157218933, 1.000430941581726, 1.0003339052200317, 1.0003334283828735, 1.0004316568374634, 1.000420093536377, 1.0004229545593262, 1.000338077545166, 1.0004818439483643, 1.0003693103790283, 1.0003678798675537, 1.0004266500473022, 1.0004301071166992, 1.0003741979599, 1.0004544258117676, 1.0004780292510986, 1.0003567934036255, 1.000403642654419, 1.000467300415039, 1.0004546642303467, 1.0004700422286987, 1.000376582145691, 1.000374674797058, 1.0004689693450928, 1.0003761053085327, 1.0003817081451416, 1.0004572868347168, 1.0004568099975586, 1.000473976135254, 1.0004758834838867, 1.0005443096160889, 1.0004935264587402, 1.0003304481506348, 1.0003774166107178, 1.00043523311615, 1.0004380941390991, 1.0004656314849854], "energy_samples": [-0.9937492367609242, -0.972275662237181, -0.9987679564905108, -0.9884243867202299, -0.851243093545477, -0.9998485570390035, -0.9781136985857388, -0.9887904767084102, -0.9796763225224977, -0.963429578750758, -0.9992153654435804, -0.9903931672984926, -0.9976412692103463, -0.9970520422162237, -0.9910359605314848, -0.971408390033392, -0.999535961007087, -0.9587246588615919, -0.9986161558623236, -0.9973980369535226, -0.9584222959929225, -0.995201831487498, -0.9950421935138307, -0.8184539039507437, -0.9982269751330353, -0.9994415492939621, -0.9766649111708753, -0.9738009585995561, -0.9973273611785024, -0.9992201628090367, -0.9994446061332685, -0.9489237003992044, -0.998469288748402, -0.9951379586072131, -0.9984201199871364, -0.9997073105283976, -0.9970835813480178, -0.999788664352087, -0.998875049252962, -0.996079145377055, -0.983941776146736, -0.9880633533683362, -0.96203825181207, -0.9952002661861392, -0.9936779865741359, -0.9992961147044591, -0.999744641388284, -0.9999145848643041, -0.9975741041280193, -0.9967926004773885, -0.9976291678707451, -0.9990829868368343, -0.9969586458154076, -0.9627248818843976, -0.9990071878957547, -0.9954705397266607, -0.9917711524500991, -0.99545220536944, -0.9963883649710923, -0.9972618630428314, -0.9907078472796466, -0.9739815873717527, -0.8100215864604944, -0.9998534026168586, -0.9845348528216521, -0.7804211776252659, -0.9991995249884541, -0.9696908751073545, -0.9989088146971601, -0.9863480001590765, -0.9818780337057825, -0.9809324385318464, -0.999440483446581, -0.9986095515786713, -0.9986803462820594, -0.8944552875403936, -0.9881645923778274, -0.9882067403546525, -0.9952826492561853, -0.9991711215021987, -0.9996880816793405, -0.9592857261255318, -0.9967823276132198, -0.9967621058230318, -0.9993384274405326, -0.9983711691570185, -0.99628285456542, -1.0000304903026096, -0.9994460106791886, -0.9840978799167996, -0.8210690139210849, -0.999365556131854, -0.9991850162856796, -0.9972049468467845, -0.8043821505415514, -1.0000124379379174, -0.9830295719603532, -0.9992622735993191, -0.9554967560867507, -0.9885249235509859], "gsf_samples": [0.9745177074839471, 0.8804513729383062, 0.9944704667557647, 0.9493084451161997, 0.40540727637703666, 0.9991961619272778, 0.9094541591525948, 0.9544734148918442, 0.9093940782301659, 0.8464622838861713, 0.9963438866627644, 0.960700485137531, 0.9901969435907969, 0.9901942931820248, 0.9631186454058162, 0.884859912663854, 0.9973174161988554, 0.8416347298617067, 0.9943550020321045, 0.9926177065732066, 0.8236547511126627, 0.9804964368654641, 0.9777177442961426, 0.24973141736375318, 0.9916437384500175, 0.99699338014411, 0.8986872640234321, 0.8989339475314555, 0.9885680457245554, 0.9957432502428912, 0.9969908672887254, 0.7881355228530965, 0.992877957993963, 0.9797277702719035, 0.992724995038336, 0.9976309570232199, 0.9869970599092505, 0.99834285054647, 0.9938675123084535, 0.9825689438367107, 0.937739598895708, 0.9467429567253027, 0.84946282865673, 0.9782338548003936, 0.972597448169587, 0.9963744017852278, 0.9987883536714978, 0.9991225466152219, 0.989741580712929, 0.987429368367611, 0.9886325315888242, 0.9955842491931636, 0.9869057533275537, 0.8491054387806798, 0.9948505529842812, 0.9799493114901033, 0.9659009420967777, 0.9815155664136861, 0.9836379757641607, 0.9875906273778531, 0.9604790040003442, 0.8935240145257205, 0.2522308054759881, 0.998776657550626, 0.935361875816413, 0.008538464924640934, 0.9960340656148203, 0.86947073668756, 0.9946776469217359, 0.9466087852335077, 0.9252909586978008, 0.9191079392704617, 0.9972474297980922, 0.9935981028247385, 0.994000151606742, 0.5614227887657312, 0.9549313427722216, 0.9518176302247509, 0.9802793731578255, 0.9958836179365456, 0.9979953029490414, 0.838164298950909, 0.9902470912433396, 0.9863377215516927, 0.9972335322500006, 0.9928711803262208, 0.9848482987842948, 0.9995093076905802, 0.9972881563338651, 0.9373221394631275, 0.2133966878653278, 0.9964873260103423, 0.9956620017356034, 0.9871471465747508, 0.16621822474265108, 0.9994489703512291, 0.9327886137065287, 0.9960572739480782, 0.8213578197129909, 0.9531281125940921]}