{"L": 9, "J": 0.09001252049949561, "B": 0.09001252049949561, "K": 3, "init_state": "random computational-basis state", "energy_avg": -0.800765955147333, "energy_std": 0.12560866274202456, "gsf_avg": 0.30411467574539075, "gsf_std": 0.3670960623240314, "norm_check_samples": [1.0018976926803589, 1.0019325017929077, 1.0019135475158691, 1.0019049644470215, 1.0019097328186035, 1.0018956661224365, 1.00191068649292, 1.001916527748108, 1.0019526481628418, 1.0019261837005615, 1.0019338130950928, 1.0019346475601196, 1.0019220113754272, 1.0019062757492065, 1.0019129514694214, 1.0019296407699585, 1.0019199848175049, 1.0019272565841675, 1.0019111633300781, 1.0019094944000244, 1.0019022226333618, 1.0019153356552124, 1.001938819885254, 1.0019035339355469, 1.0019148588180542, 1.001908779144287, 1.0018973350524902, 1.0019084215164185, 1.0019198656082153, 1.0019036531448364, 1.0019328594207764, 1.0019111633300781, 1.0019185543060303, 1.001906156539917, 1.001908302307129, 1.0019124746322632, 1.001913070678711, 1.0019079446792603, 1.0018974542617798, 1.0018974542617798, 1.0019283294677734, 1.0019288063049316, 1.0018984079360962, 1.0019302368164062, 1.0019129514694214, 1.0018996000289917, 1.0019084215164185, 1.0019102096557617, 1.0019117593765259, 1.0019134283065796, 1.0019193887710571, 1.0019043684005737, 1.001940369606018, 1.0019320249557495, 1.0019007921218872, 1.0019125938415527, 1.0019112825393677, 1.0018949508666992, 1.0019196271896362, 1.0018963813781738, 1.0019073486328125, 1.0018956661224365, 1.001906156539917, 1.001899003982544, 1.0019210577011108, 1.0019025802612305, 1.0019177198410034, 1.0019183158874512, 1.0019186735153198, 1.0019174814224243, 1.001912236213684, 1.0019309520721436, 1.001909613609314, 1.0018935203552246, 1.0018998384475708, 1.0019030570983887, 1.001921534538269, 1.0019099712371826, 1.0019054412841797, 1.0019270181655884, 1.0019077062606812, 1.0019112825393677, 1.0019093751907349, 1.0019320249557495, 1.0019230842590332, 1.0019315481185913, 1.0019015073776245, 1.00191330909729, 1.0019112825393677, 1.0019091367721558, 1.0019112825393677, 1.0019041299819946, 1.001907229423523, 1.0019183158874512, 1.0019252300262451, 1.00193452835083, 1.001908540725708, 1.0018994808197021, 1.0018972158432007, 1.0019052028656006], "energy_samples": [-0.9793586917967302, -0.5833536382927293, -0.7579654483607406, -0.8225176373242116, -0.9551456033625283, -0.8729481376303115, -0.8195858960634994, -0.7469245207731118, -0.5303880681571339, -0.7628035496950695, -0.681961420863023, -0.5494233170861834, -0.6713883817589047, -0.74313516497366, -0.6861275098953503, -0.745442347425723, -0.6557481526240548, -0.6171493955005054, -0.7689213377796954, -0.751522162449106, -0.9714868624388084, -0.8361634463075248, -0.5266879590553115, -0.937270723989479, -0.8115508054869667, -0.7164025954883035, -0.98089259379106, -0.9164450445527739, -0.8117992183824166, -0.9160787899620694, -0.7139747072427631, -0.6625490725080571, -0.8806958150980336, -0.7391088746774401, -0.976496502805284, -0.7420876740453396, -0.6800659957010111, -0.808132685046158, -0.9900837546907186, -0.8035014890037872, -0.7489750561538884, -0.7163489113019701, -0.9690448918499517, -0.7283436314491187, -0.7759167170986035, -0.9770548306225771, -0.9756601429148009, -0.9084288387488002, -0.7334181064613976, -0.6975070100307325, -0.8093245554944001, -0.9726805881676932, -0.623991487684787, -0.6415221341977689, -0.9493304437088412, -0.7575014217592845, -0.6468057292526023, -0.9847754635467224, -0.7320399408698154, -0.9905837796404455, -0.6889312077397408, -0.9644229020373112, -0.9647666761499581, -0.9808199102018574, -0.7697831723081631, -0.7875235981632022, -0.566888722724968, -0.900570671543714, -0.731891436136251, -0.7979538709740879, -0.9523600404675436, -0.6041883932707541, -0.7061041290682123, -0.9819847835065368, -0.9596982051154197, -0.8153238175263582, -0.7707185272123502, -0.7535958933439549, -0.8512409220936016, -0.7527725827907485, -0.7743901655407227, -0.7897042204961472, -0.8492122019568218, -0.6828969185299629, -0.6577780177787566, -0.6832000584617223, -0.9524094496157872, -0.7509795294971443, -0.8051176734474716, -0.9590225859861082, -0.7165481680658815, -0.922148127434592, -0.8200735736339467, -0.793997353451937, -0.7490073622540274, -0.611469505465801, -0.9628098373339165, -0.979243445921459, -0.9821988168799042, -0.8703103675666797], "gsf_samples": [0.9254150881242635, 0.015309715103588698, 0.00925599418565336, 0.17834036733614722, 0.8611398059475267, 0.06637505939694308, 0.3740302622181351, 0.0018300340316051308, 0.017727992991886817, 0.23339417134891288, 4.5921189303525807e-05, 0.01821379931444539, 0.049685745590911864, 0.23444465545346943, 0.006503004907429788, 0.006665033463671757, 0.022060292870645683, 0.003923845835516659, 0.0006602557705175271, 0.000975507278271711, 0.8791985000141302, 0.18225462864809572, 0.012022764560186357, 0.5914715635605472, 0.471433301289209, 0.021739126084284945, 0.9366026905174616, 0.4676848551493811, 0.5853708996025754, 0.6011678373630409, 0.16049809796158424, 0.004934365685068996, 0.19709639593531117, 0.08250129238276056, 0.8712517038152474, 0.040637071859016285, 0.111210405490021, 0.00012827429362776528, 0.9595255652497917, 0.003347142452549449, 0.3123806426160185, 0.004494059551417734, 0.8710249796458209, 0.0007352951407522503, 0.00827362005466715, 0.9342676281553015, 0.9311087013732368, 0.43163522004400684, 0.02875064771019803, 0.05748598887543751, 0.262585383960364, 0.8874317372242628, 0.0170184170747709, 0.00937658195142163, 0.8192864633517015, 0.008479315343636672, 0.03868511549326504, 0.9450625677818094, 0.026700817132192713, 0.9487752762552842, 0.03888544473822316, 0.8237095827723888, 0.8177306113055601, 0.9003381279561976, 6.100277664026717e-05, 0.02216877407120496, 0.009513010780266512, 0.600651989506362, 0.019269888381415894, 0.000633675867162662, 0.836591876943468, 0.0005299487754757916, 0.00610680389168441, 0.886736199899343, 0.8728295225557605, 0.03707928528284674, 0.0010206912142859397, 0.004255631462558948, 0.02835675117865361, 0.15769362681852317, 0.0064004707038414965, 0.025518912287661583, 0.4589941108257515, 0.009791326579346487, 0.12294957821974176, 0.007385433102187113, 0.8663838396236632, 0.1801578248764335, 0.0015493570179198322, 0.8844353468800085, 0.0498967885113036, 0.7419022952898495, 0.38766328231115366, 5.881448048167061e-06, 0.0002171850929729247, 0.024381991919397338, 0.8838646199564771, 0.9513622510196074, 0.890791597334784, 0.10402154235260523]}