{"L": 9, "J": 0.022026065406621664, "B": 0.11013032703310832, "K": 20, "init_state": "random computational-basis state", "energy_avg": -0.9829900615207694, "energy_std": 0.02565576641656834, "gsf_avg": 0.9596122428443636, "gsf_std": 0.1052796519099761, "energy_samples": [-0.9908548623131301, -0.9895067641400446, -0.9890708014142993, -0.9906225493129884, -0.9904382090306303, -0.9912399911625112, -0.9908076831477948, -0.9912764541890079, -0.9905867478668816, -0.9905889980527602, -0.99137307397556, -0.9903896792682809, -0.8186694429896602, -0.9914090963871711, -0.9891579216912971, -0.9910342245754429, -0.988538825483907, -0.9900181480579431, -0.9909863446593948, -0.9842165029131937, -0.9779691199752736, -0.9890125369635482, -0.9901299131831685, -0.9331400448720433, -0.9887957274400787, -0.9899358565465685, -0.98967921850658, -0.9884252819085125, -0.9861889421571082, -0.9910630569662261, -0.9893983840376477, -0.9873268255593288, -0.9895021429808468, -0.9904393986501188, -0.9897783629659254, -0.9890089423965797, -0.9890201732245167, -0.9910756848859014, -0.988049554369232, -0.9885491873980409, -0.9899927873958865, -0.9893908620754174, -0.9907633984170101, -0.988030115148467, -0.948649462161355, -0.990589280277842, -0.9861814595930922, -0.9852921753716704, -0.9906214940319236, -0.9905679867638477, -0.983192796661833, -0.9865570270998705, -0.9869722354776105, -0.9898898395424274, -0.9891906086677581, -0.9879613414945929, -0.9905223229735163, -0.9283730524211138, -0.9906163630980557, -0.989774648622201, -0.9888444703909494, -0.991696434982866, -0.9898102387431124, -0.9813246161320552, -0.9894814424340955, -0.9903360213803555, -0.9840411439697001, -0.9909133078857014, -0.9918000393739393, -0.9908832964911691, -0.9886953797280503, -0.9900406010398513, -0.9903260308242989, -0.9886777602740845, -0.9896148055811613, -0.9904862968624057, -0.9898149216473807, -0.990787657814793, -0.9886267521011571, -0.9915074439691554, -0.990081346038013, -0.9909276101894694, -0.9363187743495178, -0.9762207425047442, -0.9900463160690216, -0.8286589933491691, -0.9872494277827688, -0.9878393979098846, -0.9891927423388214, -0.9888277788334812, -0.9903490484383128, -0.9370001816648612, -0.990826253987623, -0.9886069082127575, -0.9890341926834318, -0.9813916383177828, -0.991532398280455, -0.9899149696408509, -0.9774498649917298, -0.989424971953343], "gsf_samples": [0.9902779881447412, 0.988114616931944, 0.986395400632579, 0.9887932849162419, 0.9884534200633304, 0.9911327921498552, 0.9905294633160955, 0.9905987105584316, 0.9902051293912824, 0.9900287500659031, 0.9912398670287602, 0.9897443651712585, 0.29081110086597084, 0.9912485604885771, 0.9885626887696821, 0.9904346625935524, 0.985003377129215, 0.987162488344425, 0.9894884094022864, 0.9670753633346577, 0.9372878722687564, 0.9870028330014657, 0.9886092359059737, 0.743766352867316, 0.982368122227132, 0.9888089419526342, 0.9882801962497342, 0.9822997385718282, 0.9725917941728507, 0.9909118763445358, 0.9878247170243761, 0.9775101110856118, 0.9853481019109063, 0.9891118547281339, 0.9887582330990011, 0.9881830051492864, 0.9842392321625648, 0.9909836333302621, 0.9772419149126201, 0.9832529977977238, 0.9864405361362203, 0.9889654664113978, 0.9896758473144512, 0.9828743172680274, 0.8153416308570253, 0.9904569142119153, 0.9714562182099469, 0.971762199372192, 0.9902319637691402, 0.9896152947897816, 0.9609197808920704, 0.9729157887029907, 0.9785782604604836, 0.988995182218532, 0.9851905223428978, 0.9821180178808888, 0.9902438843813234, 0.7442614687278079, 0.9899110179301508, 0.9858081701767101, 0.9860519577031353, 0.991502829036413, 0.9892822768592523, 0.9551243782845369, 0.9857316748473441, 0.9892905910006247, 0.9639262398915527, 0.9907961740661723, 0.9915015677660877, 0.9887840484358639, 0.9814133797219158, 0.9886582104006102, 0.9894408510296188, 0.9839506799163137, 0.9870466112817072, 0.9895126567957928, 0.9865717462716734, 0.9883422964461981, 0.9857160279371756, 0.9914141020624004, 0.989457791621354, 0.9908069334310249, 0.8130338214868976, 0.930009926041725, 0.9871099076010869, 0.3079278331753106, 0.9768985638709096, 0.9804075999632802, 0.9873868701480081, 0.9819144550105866, 0.9882726666662321, 0.7738359627314566, 0.9906315835438766, 0.9847762896442565, 0.9885369534988564, 0.9519251736353792, 0.9914505613672685, 0.9858488550273427, 0.9336391576311557, 0.9878513924704976]}