{"L": 9, "J": 0.12329955564675057, "B": 0.024659911129350114, "K": 3, "init_state": "random computational-basis state", "energy_avg": -0.7407645705354937, "energy_std": 0.15730883096966736, "gsf_avg": 0.346232138143337, "gsf_std": 0.3456626349466994, "norm_check_samples": [1.000675916671753, 1.0006827116012573, 1.000687837600708, 1.0006768703460693, 1.000681757926941, 1.0006723403930664, 1.0006784200668335, 1.0006873607635498, 1.0006825923919678, 1.0006916522979736, 1.0006847381591797, 1.0006769895553589, 1.0006835460662842, 1.0006943941116333, 1.0006805658340454, 1.0006924867630005, 1.0006943941116333, 1.0006979703903198, 1.0006829500198364, 1.0006760358810425, 1.000686764717102, 1.0006829500198364, 1.0006927251815796, 1.0006762742996216, 1.0006948709487915, 1.0006963014602661, 1.0006872415542603, 1.000686764717102, 1.0006771087646484, 1.000680685043335, 1.000685691833496, 1.0006771087646484, 1.0006953477859497, 1.000685453414917, 1.0006823539733887, 1.0006815195083618, 1.0006744861602783, 1.0006972551345825, 1.0006802082061768, 1.0006916522979736, 1.000686764717102, 1.000689148902893, 1.0006777048110962, 1.000702142715454, 1.0006778240203857, 1.000684142112732, 1.0006840229034424, 1.0006850957870483, 1.0006910562515259, 1.0006839036941528, 1.0006972551345825, 1.000677466392517, 1.0006895065307617, 1.0006966590881348, 1.0006767511367798, 1.0006824731826782, 1.0006951093673706, 1.0006753206253052, 1.000676155090332, 1.0006850957870483, 1.0006901025772095, 1.0006896257400513, 1.0006771087646484, 1.000692367553711, 1.0006874799728394, 1.0006849765777588, 1.000695824623108, 1.0007044076919556, 1.0006945133209229, 1.0006855726242065, 1.0006823539733887, 1.0007078647613525, 1.0007010698318481, 1.0006812810897827, 1.000685691833496, 1.0006909370422363, 1.000689148902893, 1.0006822347640991, 1.0006864070892334, 1.0006897449493408, 1.0006834268569946, 1.000686764717102, 1.000688076019287, 1.0006884336471558, 1.0007070302963257, 1.0006932020187378, 1.0006858110427856, 1.0006837844848633, 1.0006965398788452, 1.0006704330444336, 1.0006778240203857, 1.0006877183914185, 1.0006895065307617, 1.0006844997406006, 1.0007001161575317, 1.0007033348083496, 1.0007070302963257, 1.0006965398788452, 1.0006859302520752, 1.000671625137329], "energy_samples": [-0.5109718276058586, -0.6461099150091516, -0.7133522996847068, -0.5122738558496301, -0.5222789128299726, -0.41724625570305723, -0.5743431580250433, -0.7446765680690202, -0.5718188677337019, -0.8738357840067253, -0.7698254866771809, -0.5448354246355525, -0.550756880533078, -0.97767207513251, -0.702069962943494, -0.8985427698076003, -0.8600284436087579, -0.9233385307718939, -0.8305637635064963, -0.4833420913920887, -0.8278885872905426, -0.5697806417590945, -0.8856901273126133, -0.5442798901204602, -0.9872367514053529, -0.9178173218078322, -0.8074228618840885, -0.7387755262821087, -0.7465699822159269, -0.5923617998572241, -0.638137463393432, -0.5519247534707278, -0.9741698688583634, -0.7002990358124309, -0.5444672127014277, -0.6709704177923604, -0.5084346573648625, -0.8420891350488231, -0.6432172121226543, -0.8946388508083004, -0.7616404641440792, -0.7880575620297189, -0.5399150276390574, -0.9640029534654933, -0.49405754541891217, -0.6948490075499789, -0.6124163673917918, -0.7478494224275776, -0.7651336407197992, -0.712507573121908, -0.9919044637366535, -0.6746998577907309, -0.8079529349126607, -0.9665160516382241, -0.5168836612717417, -0.6405317932296553, -0.8601794457711626, -0.5900884763838731, -0.48871719676695896, -0.7695825123287303, -0.813242418471973, -0.9631392880677888, -0.491827423796166, -0.9858627253313341, -0.6841752542942037, -0.6483078001595742, -0.866348637963413, -0.9846299581371524, -0.8400186854910895, -0.7294232941160853, -0.7258010127663637, -0.9815447922740027, -0.9833493252640392, -0.724112166495932, -0.6665389976674242, -0.7477708137878476, -0.7841768130417752, -0.6974387471852576, -0.7453027602098233, -0.7481867561341411, -0.7475157974653768, -0.7355500102139294, -0.9654835752939771, -0.8399565626418198, -0.9865732964580228, -0.8482604987445891, -0.7622963398925061, -0.7481961020929006, -0.8391044446107406, -0.43528824283540835, -0.6217061464531285, -0.5598981913340259, -0.8487953421354442, -0.6018373249129599, -0.9811487148570136, -0.9729536708192453, -0.9865732964580228, -0.9039273919090888, -0.6837406917658911, -0.5949128134270419], "gsf_samples": [0.09835042664687696, 0.02208166998280454, 0.35593924456131176, 0.05733521567103241, 0.02881987439374192, 0.019011760701801408, 0.10680946817787976, 0.0037047803034832554, 0.11652291608936491, 0.5060491980211208, 0.5067996665718731, 0.05528658727506793, 0.007418824550256997, 0.9408440135855579, 0.25119506738007713, 0.6273227081814554, 0.489656662443316, 0.7839101331832312, 0.6516667382034411, 0.013080613316688578, 0.6172630171206505, 0.05246945445731689, 0.7575664336142768, 0.020301820277914974, 0.9529896917109052, 0.816241038683192, 0.5806463648196034, 0.15374636725473276, 0.35112339321894354, 0.008605456169223475, 0.03382853218348783, 0.011775858755898963, 0.9247250386807627, 0.24934802007722093, 0.016856831482577408, 0.34886880584043006, 0.002549522087057864, 0.4637639393364276, 0.00022598511365054484, 0.7356950558324612, 0.009314353407766606, 0.1543199958877611, 0.08846807618670208, 0.9072596164485931, 0.02176825119600174, 0.026785018297016846, 0.18952099455294336, 0.028219159764721523, 0.3231708430958375, 0.00611739401193485, 0.9724519108793892, 0.11358103997218678, 0.3346379278644188, 0.8837651872646768, 0.06396138871613319, 0.012366009588884406, 0.6231258925826448, 0.1263509146801758, 0.0029740520901547136, 0.16276377197442923, 0.46360138691627945, 0.9091151971499025, 0.07948375926949688, 0.9483301665333363, 0.29890506528053623, 0.09416156518392853, 0.7360043709010116, 0.9505087827126253, 0.5035025810919749, 0.23197814211783052, 0.04045070937302322, 0.934732747043721, 0.942298963344051, 0.4089227055334915, 0.021023329920687197, 0.022486688052532903, 0.5338103200771517, 0.008980598645026348, 0.019573869158742672, 0.022498993189682532, 0.0282755635452434, 0.013339713495777547, 0.9125333912179772, 0.36028361046033297, 0.9515357406680275, 0.48699183695354986, 0.5408646293854972, 0.1801175019465228, 0.668531079115525, 0.0020165794625914353, 0.21882066292740085, 0.010005027371085492, 0.6042432997836422, 0.049000224994635924, 0.9422766859494756, 0.902059523318078, 0.9515357406680275, 0.7862086966024404, 0.021171579224925713, 0.031714791328410256]}