{"L": 2, "J": 0.44721359549995826, "B": 0.44721359549995826, "K": 3, "init_state": "ground state", "energy": -0.9165994822750276, "eigoccs": [0.9393984474149178, 0.007105415126307468, 0.049783358727748556, 0.0037128085333462523]}