{"L": 2, "J": 0.9284766908852597, "B": 0.18569533817705194, "K": 40, "init_state": "ground state", "energy": -0.9642383836287829, "eigoccs": [0.5000040972079773, 0.49999575426674653, 2.46842992638759e-08, 9.403866638701501e-08]}