{"L": 2, "J": 0.44721359549995826, "B": 0.44721359549995826, "K": 2, "init_state": "ground state", "energy": -0.9000377810175673, "eigoccs": [0.9264711452705832, 0.011575848363170983, 0.05489063207973887, 0.007062404088827306]}