{"L": 2, "J": 0.44721359549995826, "B": 0.44721359549995826, "K": 40, "init_state": "ground state", "energy": -0.993448332144536, "eigoccs": [0.9953226697023787, 0.0002471181294475722, 0.004423751752127671, 6.4902183589911e-06]}