{"L": 3, "J": 0.06622517641798507, "B": 0.3311258820899253, "K": 20, "init_state": "ground state", "energy": -0.9967626944118154, "eigoccs": [0.99556908484519, 2.2428744033577522e-05, 0.0015290400365390868, 0.0028519549410850236, 9.271836049121697e-06, 5.775243972241272e-06, 1.2419211269117764e-05, 2.514186521299259e-08]}