{"L": 3, "J": 0.06622517641798507, "B": 0.3311258820899253, "K": 5, "init_state": "ground state", "energy": -0.9876125772265023, "eigoccs": [0.9829901035875221, 0.0009905680020624952, 0.00845874050009616, 0.006761166551265738, 0.0005824545204586957, 5.144299407778749e-05, 0.0001598524143966017, 5.671430124433591e-06]}