{"L": 3, "J": 0.06622517641798507, "B": 0.3311258820899253, "K": 2, "init_state": "ground state", "energy": -0.9627867433822858, "eigoccs": [0.9477375707077316, 0.011461748452227536, 0.020516619349380927, 0.017711637760642343, 0.0006394048155761993, 0.0009615279189797987, 0.0009214166111000657, 5.0074384360641014e-05]}