{"L": 3, "J": 0.28620826421558143, "B": 0.28620826421558143, "K": 40, "init_state": "ground state", "energy": -0.9844440183751169, "eigoccs": [0.9795690677313524, 0.000362818781689513, 0.017677451871019895, 4.674369925268475e-05, 0.00180165692189669, 9.855137863539696e-06, 0.0005320474515715274, 3.3605361002151814e-07]}