{"L": 3, "J": 0.28620826421558143, "B": 0.28620826421558143, "K": 5, "init_state": "ground state", "energy": -0.9421604053993125, "eigoccs": [0.9260548851760048, 0.0016948202353578466, 0.059407397842414986, 0.0009927813782328388, 0.009125316029377366, 0.00028765117045077826, 0.002413592215843337, 2.3533600576880386e-05]}