{"L": 4, "J": 0.04962748692122745, "B": 0.2481374346061372, "K": 20, "init_state": "ground state", "energy": -0.996246622599032, "eigoccs": [0.9931509649999863, 1.235713162082159e-05, 0.001116140731742554, 0.0025066315606899056, 0.0031493136791672437, 1.3726620321004995e-06, 1.584540755891013e-05, 1.0090171939206586e-05, 4.799721470584575e-06, 1.0806303868189675e-05, 2.1473093530606263e-05, 4.1587674754582924e-08, 1.1054617412264715e-08, 3.5252131721884943e-08, 1.0901338458337641e-07, 1.7801158569620795e-10]}