{"L": 5, "J": 0.1659289965874811, "B": 0.1659289965874811, "K": 20, "init_state": "ground state", "energy": -0.9807847896961128, "eigoccs": [0.9473979085226311, 0.0005572826380410574, 0.031555452193256464, 0.00027665914485148287, 0.013123353959325412, 0.0002457394290862596, 0.0029997419382102597, 0.001143993805107861, 4.759357798231642e-05, 0.0017785642838852337, 8.641340273374243e-06, 2.3154063398296347e-05, 0.0003118701785306591, 0.0001280086271696109, 8.286368095260117e-06, 0.00023912577201298186, 5.4268680271603965e-06, 7.2770105148036e-05, 4.5523567593845786e-06, 1.896391935230282e-06, 1.4538182837557842e-05, 3.769987911074914e-05, 3.193701914990402e-07, 1.2597126655388727e-05, 3.293241299570672e-07, 2.0117737916873635e-07, 1.7053505435293406e-06, 7.569620495379117e-08, 1.8617671710389116e-06, 1.0161586137565406e-08, 6.348045250027754e-07, 1.4050081849661571e-09]}