{"L": 5, "J": 0.24566796280110115, "B": 0.04913359256022023, "K": 40, "init_state": "ground state", "energy": -0.9930123027807571, "eigoccs": [0.49426393872480423, 0.4939299950678454, 0.000202491436757915, 0.000194041736398926, 0.0008069095947262261, 0.0008365835198663552, 0.001891744601093793, 0.0019213878128084986, 0.0024279388652790053, 0.0024102993222471355, 9.960560926308063e-06, 9.695840970912211e-06, 7.697105305105775e-05, 7.72728024538158e-05, 5.76037444954819e-05, 5.569740992295772e-05, 0.00012672613620917108, 0.00012583682647278481, 0.0001392890706834192, 0.00014206428016128112, 0.00014346996969618063, 0.0001435235401771778, 5.301639656838442e-07, 6.88418737415425e-07, 2.2143375989609524e-07, 5.512855348638776e-07, 8.512869291371482e-07, 6.776637900071956e-07, 1.4487107021043338e-06, 1.4805468086265647e-06, 3.9428721318457755e-08, 4.104383288104361e-08]}