{"L": 5, "J": 0.24566796280110115, "B": 0.04913359256022023, "K": 10, "init_state": "ground state", "energy": -0.9780846717535112, "eigoccs": [0.48078761590878955, 0.4818540943787494, 0.002517292232188527, 0.002226876553939919, 0.0018010760216162066, 0.0015160771939236374, 0.004424898692063209, 0.0046029371422357385, 0.00808648674937858, 0.008026090935853453, 0.00019039105723232428, 0.00018201721228569708, 0.0006091560303633061, 0.000601069194668639, 0.0002723540097369099, 0.0002649625069601391, 0.00024566280824970014, 0.0002405208531924444, 0.00034679666420504753, 0.0003479269435684006, 0.0003903613651753124, 0.00039332396980671795, 6.524786199775122e-06, 8.29376607611346e-06, 5.187492137921423e-06, 5.007746531454775e-06, 1.5410778491863154e-05, 1.4380669911379968e-05, 8.046992344774401e-06, 7.458287818822182e-06, 8.387037629714281e-07, 8.342523565890972e-07]}