{"L": 5, "J": 0.24566796280110115, "B": 0.04913359256022023, "K": 5, "init_state": "ground state", "energy": -0.9217080610994837, "eigoccs": [0.4350012256374658, 0.43250681349398956, 0.015197382288589698, 0.014146404195279065, 0.015089805781025955, 0.014926169845581799, 0.011804697008035003, 0.011994012922849287, 0.012429748429896022, 0.012981119438847446, 0.0011748983112773342, 0.0011576993489636274, 0.0019157678409233727, 0.0019231986832851178, 0.003710041192099344, 0.003741241733863505, 0.001391216642189532, 0.0013721305638975947, 0.002261674582112745, 0.0022676850555661257, 0.0009712416373863129, 0.000977480555933937, 8.966540690206478e-05, 8.725189572912306e-05, 0.000185211601954482, 0.00017595378417914205, 0.00014279326666664162, 0.00014106863782021304, 9.27031107359586e-05, 9.336235706881556e-05, 2.5105686689514446e-05, 2.5200962997885667e-05]}