{"L": 6, "J": 0.033057440093328, "B": 0.16528720046664, "K": 3, "init_state": "ground state", "energy": -0.9747443493518912, "eigoccs": [0.9337819902955267, 0.003116460558724128, 0.0038291249346827485, 0.008887436547375734, 0.013100581956694671, 0.016453471409762974, 0.015607241800700786, 0.00013754576626700486, 0.00010660387660781442, 0.0005413800650448661, 0.0006768460348119988, 0.00016154270896896487, 0.00025512964936034316, 0.00018001708142243404, 0.0003958554806320373, 0.00013850896104321717, 0.0004477196351097385, 0.00021650399575147872, 0.0005830200875725231, 0.00039260579475306455, 0.00043196920612515095, 0.00033788338648046317, 3.1226636413441397e-06, 6.969980135380258e-06, 9.982653936640173e-06, 1.4513456347329757e-05, 5.8515991701798905e-06, 1.1107230579527738e-05, 9.924024835121103e-06, 8.154898920013696e-06, 1.35879982903012e-05, 1.1630049260750737e-05, 1.2306013190267277e-05, 1.348266868162529e-05, 1.4287562174227269e-05, 9.097848904605547e-06, 1.1646144546937946e-05, 6.830358537867919e-06, 1.0071009349763635e-05, 1.4256295258106859e-05, 1.4969703525823003e-05, 1.1563054313184193e-05, 2.8754857488152923e-07, 5.255550704989866e-07, 6.203164697230677e-07, 4.562490397286555e-07, 6.805838923408528e-07, 6.804862289330137e-07, 3.776751982144767e-07, 3.8761909559525095e-07, 5.218134216529215e-07, 3.431964780019885e-07, 4.596030965030116e-07, 4.480704660616763e-07, 4.254381458340313e-07, 4.2738439469925594e-07, 4.3270696546156765e-07, 1.197777531504493e-08, 1.922794366161196e-08, 2.246408778303132e-08, 1.9733478902294537e-08, 3.646395096838896e-08, 1.818287385551675e-08, 1.3937049421167638e-09]}