{"L": 6, "J": 0.033057440093328, "B": 0.16528720046664, "K": 20, "init_state": "ground state", "energy": -0.9953938480112886, "eigoccs": [0.9873894788798585, 0.00013056491426094387, 0.000782232264242081, 0.0017528596428793028, 0.002692458017256662, 0.0034237081821560794, 0.0036147090293881055, 2.1625216370992233e-05, 1.4223391202888093e-05, 1.7152067813131657e-05, 2.7921451260909505e-06, 2.944494991130521e-05, 1.483982267465957e-06, 3.6530695819369314e-06, 3.5015963676667493e-06, 3.0156495648084195e-05, 5.437262178871775e-06, 9.676489775114095e-06, 9.868531535718781e-06, 3.0217216968282125e-05, 1.4901597793647633e-05, 1.8553311396676467e-05, 2.837559161112886e-08, 2.75123242847729e-08, 1.6031077113762435e-08, 3.274202447847832e-08, 7.517048377799652e-08, 5.2597897265718394e-08, 7.723560515227171e-08, 4.3094528833956464e-08, 7.442738859692658e-08, 5.5716089878208074e-08, 6.979605672642541e-08, 2.6293500954702637e-08, 5.08356123402419e-08, 1.2408563479568728e-07, 3.183896338912577e-08, 1.2080421805770181e-07, 5.7169451765475846e-08, 1.3059965512149892e-07, 8.668047942171557e-08, 1.1167918878907765e-07, 6.224177601589795e-10, 1.8792688869752285e-10, 3.4459992048875154e-10, 1.7619205404983019e-10, 2.57734065891e-10, 7.118966748579166e-10, 2.9807765618716824e-10, 2.497865002408671e-10, 1.4783757940915042e-10, 5.953330831157994e-10, 4.692472518084412e-10, 7.616575826394912e-10, 6.142457970051797e-10, 7.891607978111672e-10, 9.501066004928403e-10, 4.665694437305475e-12, 2.3266484049351638e-12, 2.3126440611914524e-12, 3.4215855666782282e-12, 4.085378289103802e-12, 4.5391527285884315e-12, 2.2563412074726482e-14]}