{"L": 6, "J": 0.033057440093328, "B": 0.16528720046664, "K": 10, "init_state": "ground state", "energy": -0.9918635860587935, "eigoccs": [0.9782955812445289, 0.0004128732310349812, 0.0008454564106634432, 0.0023585364499925637, 0.004645657224684797, 0.0061494937036597926, 0.006384309014789344, 0.00011225327516159843, 7.1369409935287e-06, 1.2669530210560424e-05, 8.11915051618274e-05, 0.00031380158339222564, 1.4696340564334434e-05, 1.4426686164714261e-05, 5.588877591517589e-05, 7.907655278414992e-05, 1.2339020544157133e-05, 1.8684020964959186e-05, 3.135241234829305e-05, 4.3107065968425444e-05, 4.075420891533425e-05, 6.119317737160092e-05, 3.3677994344448857e-07, 4.6524393196352583e-07, 7.966552436106306e-07, 2.52501183836879e-07, 3.6127685818859586e-07, 4.599060852405535e-07, 1.7347187084533611e-07, 1.8915247076492224e-07, 4.3461045374956757e-07, 6.732620872541675e-07, 2.6647877020153113e-07, 3.022505674401744e-07, 4.990666933362234e-07, 1.9078923845601296e-06, 1.260321814643567e-07, 5.43321737761213e-07, 2.8135483800672993e-07, 6.17729361272494e-07, 2.6604229377619026e-07, 4.817350927167436e-07, 1.222807643456756e-08, 3.3974742373495765e-09, 4.329682172406725e-09, 2.8213422898043215e-09, 7.543514096428125e-09, 9.411654752734034e-09, 4.6689996227820564e-09, 3.777735574966058e-09, 3.378709779403398e-09, 7.533928106709631e-09, 5.336996334460279e-09, 4.3741668127312925e-09, 5.593242467235649e-09, 4.249190936984407e-09, 5.897563601516286e-09, 8.460217181437833e-11, 5.3945701732624173e-11, 6.57001246738239e-11, 8.496026027362825e-11, 7.059599768068287e-11, 9.442740156210541e-11, 9.864798931865278e-13]}