{"L": 7, "J": 0.0283282086429988, "B": 0.141641043214994, "K": 47, "init_state": "ground state", "energy": -0.9974338420430457, "eigoccs": [0.9917366620484576, 2.7824438470049314e-05, 0.000371672461875937, 0.0008437067509288167, 0.0013734358119880268, 0.0017845634732067076, 0.0018740375004096183, 0.0019013868273138471, 5.241704930229415e-06, 2.84073728210953e-06, 2.0332238116984824e-06, 1.985310474504371e-06, 5.137549200743451e-06, 3.595563111355595e-06, 7.575164796807271e-06, 1.069581748152871e-06, 2.566095112503623e-07, 2.9623990246776963e-07, 6.999366746240465e-06, 1.3276442639893997e-06, 2.8261826901355242e-06, 5.771426593317999e-06, 7.739917793618328e-06, 2.7655033217483685e-06, 4.414514300447033e-06, 4.316346021658134e-06, 9.620454079168491e-06, 5.1954354896040545e-06, 5.381479716198774e-06, 2.4394044736765497e-09, 4.7946712977042036e-09, 3.922724140855802e-09, 3.060538847048745e-09, 9.756335002346912e-09, 3.6321387589137176e-09, 4.0392895899567505e-09, 8.026687503602915e-09, 7.235719190294537e-09, 5.674653937916103e-09, 1.4253090255639094e-08, 5.128000033091421e-09, 4.716457730113725e-09, 9.559880616488687e-09, 9.312362374131039e-09, 6.006877586230602e-09, 1.0665476326117825e-08, 1.1859244248410132e-08, 7.955338779000653e-09, 5.000158327166207e-09, 1.0312276784683668e-08, 6.805354010453658e-09, 1.0189281910532962e-08, 9.986354315503422e-09, 1.6004025310132247e-08, 1.4550293443932494e-08, 6.70682376628144e-09, 9.262526109579259e-09, 6.749392439643391e-09, 1.1200594040603509e-08, 1.8503458675185127e-08, 1.2224600657624674e-08, 1.780182185000593e-08, 1.761861677895244e-08, 1.9201880469576243e-08, 1.5477491732934717e-11, 1.938701540944356e-11, 2.1041031747635765e-11, 2.8713342563504256e-11, 9.516778587469899e-12, 1.8801323810701207e-11, 1.5231876837720218e-11, 6.207782232167974e-11, 3.315843386676636e-11, 2.2276669749282697e-11, 6.870615039942595e-11, 2.4968614264784398e-11, 1.6299643219473472e-11, 3.4963822684189206e-11, 2.381514783179142e-11, 3.4122503582019464e-11, 1.596609718546533e-11, 1.8344136430290897e-11, 4.59406931317326e-11, 4.2796690144651386e-11, 2.0181521186474887e-11, 2.831520802775298e-11, 2.8945300474899837e-11, 4.3913687122970915e-11, 4.85226261035563e-11, 4.658450512380512e-11, 3.839691958541431e-11, 3.0768251893824376e-11, 4.217012570632674e-11, 3.892959022323777e-11, 2.8504579676898793e-11, 8.044616444416207e-11, 5.373618616843204e-11, 5.689892817016013e-11, 7.117376803138233e-11, 6.629033361678578e-14, 1.0176691868186818e-13, 9.95330077517464e-14, 7.28104358626899e-14, 5.086218995332611e-14, 9.059986870298537e-14, 7.495054572347029e-14, 1.2355076584632307e-13, 1.138255695346101e-13, 9.300826322576782e-14, 1.1838050607950692e-13, 7.202762395519605e-14, 1.2577584641079216e-13, 1.9833819007464722e-13, 1.8273606243305515e-13, 1.759284298043336e-13, 1.20586774597889e-13, 2.325985824972553e-13, 2.4186469592422044e-13, 2.5495769868251277e-13, 2.720263468566009e-13, 1.2459712202971455e-15, 5.43846568762899e-16, 5.039351072371229e-16, 6.164880167780833e-16, 9.938364577111274e-16, 3.8771102221167327e-16, 8.559674174236616e-16, -2.4008743106154556e-18]}