{"L": 7, "J": 0.11673007904761215, "B": 0.11673007904761215, "K": 19, "init_state": "ground state", "energy": -0.9821213893443853, "eigoccs": [0.913569507228933, 0.0021168176523341494, 0.05512791939726774, 0.0013054831290960104, 0.007274457867289268, 0.00011399792945568797, 0.009717867499577393, 0.00015356700691375653, 0.0016047242537534528, 0.0039030635844052156, 6.611808577855102e-05, 2.2993773764876914e-05, 0.0005824805525572495, 0.001007053445288516, 0.000999725997640194, 2.03174261257852e-05, 3.919781745240238e-05, 5.874917275134602e-05, 0.0005410216723791535, 0.00047170590583045567, 6.625158734206127e-05, 2.3644716151564807e-05, 1.323184334985994e-05, 0.00028634272592726413, 0.00030278446247975133, 4.786046976661932e-06, 9.244068624801291e-06, 1.3120905796891201e-05, 4.043632244230871e-05, 6.573827247147297e-05, 0.00016015939139444615, 9.582416644394139e-05, 5.735175477352653e-06, 1.5687089033529654e-05, 7.14814088446294e-06, 4.4790402879079295e-06, 2.639278338472606e-06, 3.376908778537457e-05, 3.080531215311988e-05, 4.053345696595552e-06, 2.2432818142866813e-05, 2.116055433565438e-06, 5.037226929436539e-06, 2.563503102031005e-06, 1.3424676965011335e-05, 1.3758384859626613e-05, 1.2966657582795986e-05, 7.939034392386261e-07, 8.253125056416864e-07, 1.4466107681783978e-06, 1.8519336390963961e-06, 5.76840894040764e-07, 1.475089948024949e-06, 1.8876116063785264e-06, 5.40614466284935e-06, 9.610903507462051e-06, 2.5784605642408005e-07, 1.7140957461010043e-07, 2.5396614708908337e-06, 4.886431773376443e-07, 3.406159553432493e-07, 1.2970144120386575e-06, 2.6255267039764343e-06, 2.1622846866235978e-07, 3.4387069780854422e-06, 1.1203915213992583e-07, 3.233819029015509e-07, 1.5087275862780253e-07, 1.1608546067135834e-06, 1.5100380792256426e-07, 1.3549786612898084e-06, 2.4517525114700543e-06, 3.561773319067473e-08, 8.739566048120009e-08, 5.63842633862012e-07, 1.643446160631834e-07, 2.4794257554846353e-07, 2.6772206050896095e-07, 5.212863206324729e-08, 6.51733043770012e-07, 6.237772680386829e-07, 3.743150614180498e-08, 2.1517165324623884e-08, 1.8786683693547298e-08, 2.318238764315313e-07, 7.57316518968668e-08, 2.4329203808088335e-08, 4.214691770101017e-08, 9.95779607326344e-08, 2.0616375666292655e-08, 6.8395958716523175e-09, 7.751119576011039e-08, 1.4144979876207967e-07, 3.332745596244995e-08, 6.614875570851978e-08, 1.1093178789629765e-07, 5.977898225878476e-09, 4.0778495788341275e-09, 6.762566650956468e-09, 1.6538110115595706e-08, 8.580408478850617e-09, 1.2651309285906307e-07, 8.858743141068915e-08, 1.615135944982698e-09, 1.9130034754217415e-09, 2.4348028143857084e-08, 1.088977387108239e-08, 2.8075475447419896e-09, 1.6648136445681019e-09, 7.893443766715762e-10, 1.2960039640643785e-08, 2.8791491266959917e-08, 2.3775525228202632e-08, 5.831881213394856e-10, 3.188546723605887e-10, 6.099231158458199e-10, 8.404780647307797e-09, 1.6306114276545614e-09, 1.2008644634138543e-10, 1.2008946838340692e-10, 1.7352848369908427e-09, 8.058206247692756e-11, 2.6367928220282002e-09, 2.1348919321447687e-10, 7.367746670142492e-10, 9.01582964882518e-12, 5.621319291324647e-10, 2.448473350826356e-12]}