{"L": 7, "J": 0.0283282086429988, "B": 0.141641043214994, "K": 2, "init_state": "ground state", "energy": -0.9316569901219602, "eigoccs": [0.7965607718301089, 0.015448049734216394, 0.018159697071850847, 0.01490661681553193, 0.03180808524176609, 0.030474012259631502, 0.027985106054628592, 0.03893659423323642, 0.0004075319929247499, 0.0005112544098231954, 0.0009762570705724531, 0.0014427418625342396, 0.0007207247194984798, 0.0008318311958979776, 0.000702555596946715, 0.0013241846997130477, 0.0014730529919597362, 0.0008265319910845827, 0.0013017357312783563, 0.00159023934439518, 0.0009425985643678403, 0.0008743567510719202, 0.0013815799960460624, 0.001075696859005528, 0.0014269149206735604, 0.0014512613843211649, 0.001196566689709847, 0.0015216834847404954, 0.001547091878388471, 2.8499102100993255e-05, 4.568500338375346e-05, 4.9961963521354436e-05, 2.9065188207847995e-05, 4.1429660073077644e-05, 4.884127371155616e-05, 4.535148478302241e-05, 3.310897645829808e-05, 6.705812866687474e-05, 5.379350708197903e-05, 7.590282486337143e-05, 4.2576303901464696e-05, 5.009698538122874e-05, 5.991119862256297e-05, 7.802151740245639e-05, 5.3687168487295746e-05, 5.414108432144454e-05, 6.684228267635216e-05, 7.923880109719874e-05, 7.102439435899139e-05, 5.535513044557596e-05, 3.8691003707168e-05, 5.2018097039665605e-05, 6.994168142241155e-05, 5.0248745469914637e-05, 6.184451213642586e-05, 7.359463873973863e-05, 7.157204590109621e-05, 6.601006822165531e-05, 9.033660861068035e-05, 7.510902505201012e-05, 6.218318731826963e-05, 8.439150067525595e-05, 7.323676954158917e-05, 6.926910498918394e-05, 2.741757939152057e-06, 1.8934743408792897e-06, 2.2355618101583846e-06, 3.3665662845872405e-06, 1.9693321694836216e-06, 3.6086052669718914e-06, 4.203613969761657e-06, 2.22527846304658e-06, 3.4650767822681625e-06, 3.743012908136432e-06, 3.9004509275596335e-06, 2.6765973417600845e-06, 2.18623573813838e-06, 2.891688276293396e-06, 4.8204954713307994e-06, 2.9831960721395074e-06, 2.7635136543907868e-06, 2.9567631267577032e-06, 4.183076401645606e-06, 4.399466433220547e-06, 3.5347330834521717e-06, 3.2547916207306644e-06, 2.848358493070391e-06, 4.599137040150384e-06, 2.830513132218748e-06, 4.120422328440558e-06, 3.541157327724204e-06, 4.926860141521721e-06, 3.914944964514125e-06, 4.910054220781189e-06, 3.4502844707251924e-06, 3.3477425203273548e-06, 4.6847635863100186e-06, 4.196880384307719e-06, 4.556677364679028e-06, 1.7607539850706156e-07, 1.7959507712337546e-07, 1.506779327114823e-07, 2.144075445911468e-07, 1.7684668573147642e-07, 2.6384151405608454e-07, 1.581228183436585e-07, 1.6169818009992584e-07, 2.695221889742727e-07, 1.9685874993048432e-07, 1.9274624163823948e-07, 3.0955938118010547e-07, 2.546603905070357e-07, 2.0296633054158672e-07, 1.8545411011291276e-07, 2.0248544949837139e-07, 2.2778696230351985e-07, 2.599718334109683e-07, 2.443823412070347e-07, 3.07508330376842e-07, 2.701724095815461e-07, 1.4595378849040565e-08, 1.1985775475537472e-08, 1.2133169769089422e-08, 1.4411806165091203e-08, 1.4181961679010332e-08, 1.495702111076064e-08, 2.0545428613680268e-08, 1.0778537866867865e-09]}