{"L": 7, "J": 0.0283282086429988, "B": 0.141641043214994, "K": 44, "init_state": "ground state", "energy": -0.9973493282587649, "eigoccs": [0.9914724723551123, 2.3720986583586355e-05, 0.00036720608649380053, 0.0008244508728297842, 0.0013721568062916864, 0.0018545892974324535, 0.0020096509315546416, 0.002004804656918895, 8.294767332927698e-08, 1.456470746209572e-06, 2.7929555715195802e-06, 1.680825568635858e-06, 2.2926285982056237e-06, 3.4222724267414824e-07, 4.4800187980007235e-06, 2.8476408137131875e-06, 1.6771319782405626e-06, 3.105394475387053e-06, 3.967295641236587e-06, 1.9543131962897057e-06, 1.1625134669936957e-06, 8.020498269805266e-06, 4.929636944345297e-06, 2.9261137994426395e-06, 5.3581144874154435e-06, 4.73111594169417e-06, 5.779712417741048e-06, 5.929422296216535e-06, 5.143169781774873e-06, 4.244981348885411e-09, 7.1560360997051015e-09, 2.993136750635644e-09, 4.400188460384026e-09, 7.944315846355678e-09, 5.4101643442589385e-09, 3.2700577577620808e-09, 3.973432423334521e-09, 7.920009506970713e-09, 6.4877500364717875e-09, 1.9036645894492193e-09, 4.178141884473148e-09, 7.2689200269363274e-09, 4.5227070259089076e-09, 5.401106444724684e-09, 8.698391225667244e-09, 6.674789885850628e-09, 7.190611070357501e-09, 1.1524392846642277e-08, 5.3929465922274936e-09, 5.986599176207298e-09, 4.3038888612544856e-09, 1.66328724569135e-08, 5.865167643266417e-09, 1.1207733363369201e-08, 1.1114286226166844e-08, 1.3888808459896226e-09, 8.684788393434853e-09, 8.228024455340587e-09, 1.5216787505413487e-08, 1.7538392134860722e-08, 1.3873892708427058e-08, 1.7846505931279716e-08, 1.8874934589139454e-08, 1.7942805662742094e-08, 5.2540040878266955e-11, 4.106808378784766e-11, 7.726120070803866e-11, 1.9402356484083616e-11, 1.185285514846415e-11, 2.8718936232017478e-11, 1.2548778394047315e-11, 3.3029354696006534e-11, 5.977944413083778e-11, 3.624646496693431e-11, 2.6888770675744313e-11, 6.047214334017632e-11, 2.1318762637687422e-11, 4.010193846918591e-11, 2.1607867060790414e-11, 3.851759357825574e-11, 1.8575211013415484e-11, 2.2781920450769665e-11, 2.623337091468323e-11, 1.9096279781486633e-11, 2.8520206906464166e-11, 1.6067417629087378e-11, 1.4796175413689735e-11, 3.9498582342223116e-11, 3.8101158245462137e-11, 2.6511206542019795e-11, 2.575765134054565e-11, 4.6968962439996085e-11, 4.302713224950345e-11, 5.6295911890285214e-11, 1.1264071255575751e-11, 5.1368699159046e-11, 4.7321446479229226e-11, 6.431797374029183e-11, 7.383601051837396e-11, 5.203047645867081e-14, 9.725420714429737e-14, 8.167121568328967e-14, 6.761027036675995e-14, 2.058061849580842e-13, 2.2223157908257582e-13, 9.712342117329553e-14, 1.2176888062516052e-13, 6.084527100083234e-14, 1.0889663232008206e-13, 5.0328752105265065e-14, 2.337991323009582e-13, 1.5697443248985874e-13, 7.195092134605934e-14, 6.95033654471508e-14, 2.2679245016344278e-13, 1.1309512742230392e-13, 1.6189078437485094e-13, 7.20326596661111e-14, 2.1113823831823353e-13, 2.7361562751507345e-13, 7.055954287087896e-16, 5.499234570185123e-16, 8.836869737345075e-16, 7.012725206904781e-16, 5.808326409987712e-16, 2.0384439226082386e-16, 9.362029571884831e-16, 4.360563310815331e-18]}