{"L": 7, "J": 0.16419577752050152, "B": 0.032839155504100305, "K": 2, "init_state": "ground state", "energy": -0.742493663688258, "eigoccs": [0.2443608094720099, 0.244404511331684, 0.034695064874161796, 0.03477029610436391, 0.02590097827808293, 0.026105733983943214, 0.02171990125523371, 0.021876674637085862, 0.021457936857860266, 0.021807427917048136, 0.023225589247426806, 0.023308407280094104, 0.0161545845469555, 0.01575854853981263, 0.010516207397330737, 0.010451296627765574, 0.0087308037534399, 0.00858617506776304, 0.006057461850988853, 0.006087324756463147, 0.008459499804773386, 0.008421591487768925, 0.005643018856121845, 0.0056949536936846635, 0.008886213111330747, 0.008958273227335625, 0.00761314799572446, 0.007608977845492425, 0.0060795335042810655, 0.006144119337725604, 0.004207147078821525, 0.004248406475744773, 0.004488193115974908, 0.004468334957688868, 0.004122743450556736, 0.004177442441339828, 0.0030929225861648126, 0.003068669120572998, 0.0037913023952565704, 0.003855701017917359, 0.002859726843275171, 0.0028105632497348147, 0.003340271446081479, 0.0033531451366487584, 0.0015489437515571265, 0.0015235276932351065, 0.0015865739570567407, 0.0015783120106603547, 0.001638735916299938, 0.0016346055184281658, 0.00129345456421689, 0.001281026282296997, 0.0013708683304045426, 0.001343599423958825, 0.0009187339579669791, 0.0009405284988398684, 0.001323758774946318, 0.0013153830652462002, 0.0011244400644208647, 0.0011001306578092038, 0.0009336529166720233, 0.0009484873492450529, 0.001328928893376309, 0.00132719758460208, 0.0007224643971728849, 0.0007262040645789544, 0.0010846606773723807, 0.0010632942615419023, 0.000929721732927465, 0.0009452285726743925, 0.0007209152110920571, 0.000719304838391141, 0.001129024538166911, 0.0011161384955855908, 0.0006632413836775008, 0.0006790460065719598, 0.0007462121614191229, 0.0007369646630267509, 0.0005311900021780521, 0.0005278199534268812, 0.0005526463635790185, 0.0005484958763301048, 0.000520204745582598, 0.0005136524815409912, 0.00029321044695108684, 0.00028621071489700836, 0.00032809626144746367, 0.0003240211219475537, 0.00029396032807422275, 0.00029072052104770526, 0.00032815910460274786, 0.00032791834880488825, 0.0002998863915342837, 0.0002955211573092517, 0.00023351254805128465, 0.000231734415372812, 0.0003148923008542704, 0.00031264949784222797, 0.00021550330607727987, 0.00021025918292941182, 0.0001459712735299392, 0.00015156646312547772, 0.00013039421077354674, 0.0001324862343185277, 0.0002283314290489741, 0.00022603763650902713, 0.00014252794355485056, 0.00014448576665129824, 0.00021872273206679875, 0.00021462066222030117, 0.00013877142802485448, 0.00013998152630458857, 0.00010137755523214822, 0.00010223711188538014, 5.753499906506976e-05, 5.646718041771043e-05, 5.141878692626432e-05, 5.048833947230169e-05, 5.508184565329996e-05, 5.4265746535403065e-05, 5.756578242361131e-05, 5.6738248523925395e-05, 4.137328953975548e-05, 4.021522398581407e-05, 2.53602118389005e-05, 2.6017984361961963e-05, 8.47748553951938e-06, 8.293831137765426e-06]}