{"L": 7, "J": 0.11673007904761215, "B": 0.11673007904761215, "K": 42, "init_state": "ground state", "energy": -0.9897110644333439, "eigoccs": [0.9522150464381749, 0.0011933106536479374, 0.02677072246052425, 9.056303251549292e-05, 0.007161962570624958, 4.376662552907208e-05, 0.006801830387729994, 5.542349262604788e-05, 0.0007089301903506697, 0.002321462426713876, 1.2814239486446878e-05, 2.3700640213352444e-06, 0.00012335639517321834, 0.0006066447705604776, 0.0006649198225084896, 1.991256515210828e-06, 5.656220626977888e-06, 7.906781292290777e-06, 0.00026056485860595393, 0.00031261093837047, 2.3162040677807473e-05, 5.270833785193397e-06, 2.160375899910215e-06, 0.0001605779748556498, 0.00014325872818435147, 1.1723642074099685e-06, 6.43193220332544e-07, 3.5766013711489954e-06, 1.103376275315095e-05, 4.4841624601623515e-05, 0.0001102659084510941, 3.941499380346461e-05, 6.240107985362264e-07, 6.790303271619673e-06, 3.1648248950347004e-06, 2.1166698636353925e-06, 1.0261624703694265e-06, 1.3050181434102323e-05, 1.823441907538598e-05, 2.2501957969935676e-06, 1.003502500672091e-05, 4.087376088860266e-07, 1.1170553474071884e-06, 3.958792983335519e-07, 5.99925852838688e-06, 6.379592161349054e-06, 6.163481743252264e-06, 1.740264514298675e-07, 1.9747339713011095e-07, 3.5492576489954216e-07, 5.618351937736588e-07, 1.578275992682952e-07, 3.9182517589944115e-07, 2.180254050412206e-07, 2.2851693220684403e-06, 3.878937668661384e-06, 6.656899802642424e-08, 9.222974101753966e-09, 7.415734078504742e-07, 6.298628262117416e-08, 7.174303819482944e-08, 2.877814666654252e-07, 1.045449622438199e-06, 2.5135215514064318e-08, 1.4908457910065564e-06, 2.8245071836331128e-08, 6.607653997485918e-08, 2.8393130442698656e-08, 3.7584253592936396e-07, 3.447063162940194e-08, 4.468349156489889e-07, 7.423538673452468e-07, 2.7299356043541013e-09, 1.3159328796020417e-08, 1.7529832881966744e-07, 3.779734103739821e-08, 6.845126937742007e-08, 7.025949106563611e-08, 9.794646931239552e-09, 2.571783727411992e-07, 2.6903485093513135e-07, 8.616038248391677e-09, 3.0371382128410215e-09, 3.0671030402907848e-09, 5.55585627638813e-08, 1.827278359808753e-08, 2.8747965797518856e-09, 9.964335137869698e-09, 2.6380992322244547e-08, 2.1225419512565996e-09, 9.432909580894544e-10, 1.8582530190947978e-08, 3.4219203048802404e-08, 7.47656558136463e-09, 2.1748545886438074e-08, 4.963323282346976e-08, 3.956582378228947e-10, 2.301833713310192e-10, 4.333593228627985e-10, 4.153309555645755e-09, 1.5162793674790376e-09, 3.0980114342024274e-08, 2.7987325897891517e-08, 2.4715994829324483e-10, 1.6431344217961755e-10, 6.794892081038664e-09, 2.0089650618526334e-09, 4.1238625579734765e-10, 1.1042749229729042e-10, 8.406892058292309e-11, 3.360095584720957e-09, 5.3275375581337865e-09, 5.974074675496829e-09, 8.65601722907748e-11, 2.1146143110370883e-11, 7.6300485951221e-11, 2.319502382801166e-09, 2.4892748509133884e-10, 1.1072836877400406e-11, 1.1073435534890862e-11, 3.5406946902760733e-10, 7.181978954504824e-12, 4.0353501262196943e-10, 3.6736270118899485e-12, 2.148178447376859e-10, 7.051408311251242e-13, 8.391323218473306e-11, 1.637162045819025e-13]}