{"L": 7, "J": 0.11673007904761215, "B": 0.11673007904761215, "K": 28, "init_state": "ground state", "energy": -0.9865715580938736, "eigoccs": [0.9365764414180937, 0.001903741702315627, 0.03630089443625705, 0.00035091351490984675, 0.009436365556559623, 0.00024595221691085307, 0.00754392299876851, 0.0001038218675160857, 0.0010503386335989648, 0.003056112501607191, 4.004996440561866e-05, 1.4706830303430683e-05, 0.00027346106091128086, 0.0006290029087352072, 0.0007204320652495152, 9.195632527674602e-06, 1.4757734739129362e-05, 2.163258703591824e-05, 0.00038706032412985994, 0.0003781258659074438, 4.631524692215305e-05, 1.3689910008205842e-05, 6.199248250530814e-06, 0.00020856115536719498, 0.0002056944845596286, 2.5726128030145424e-06, 4.716517215113009e-06, 9.728999926197746e-06, 2.827657537119484e-05, 6.881503349338687e-05, 0.00014856632435219502, 5.861078203923699e-05, 1.1147496255003733e-06, 1.1935292356359645e-05, 5.501386492833517e-06, 3.3965593317455078e-06, 1.7382874614349943e-06, 2.1269951863715563e-05, 2.3654777597505233e-05, 3.0558844260544683e-06, 1.1973524926555767e-05, 1.1462387124923624e-06, 2.3391443612709867e-06, 7.576838786463646e-07, 9.148176106787188e-06, 9.560617276126924e-06, 9.132082815494618e-06, 2.750534207532988e-07, 3.0257571883212515e-07, 7.426562709844693e-07, 1.1602995748286086e-06, 3.1926379463249656e-07, 7.637455907821861e-07, 6.813234238227266e-07, 3.2293521587918727e-06, 6.566940780145883e-06, 1.285114013551556e-07, 4.4410216076412657e-08, 1.1902043197883638e-06, 1.9143883834998112e-07, 1.8627555564542266e-07, 7.091518023210723e-07, 1.6109410915678867e-06, 6.608143190805886e-08, 2.094233593152171e-06, 5.2675173756261805e-08, 1.338691800366394e-07, 6.78273427506102e-08, 7.339880889368327e-07, 6.518527014146402e-08, 7.561467103692696e-07, 1.3125436819752994e-06, 1.0711016116659665e-08, 3.8634385443464676e-08, 3.1370018500440673e-07, 8.090522686060156e-08, 1.3688073747438034e-07, 1.4105563443173196e-07, 2.5518984802527494e-08, 3.7035190198459834e-07, 3.8866935385710076e-07, 1.7454550140459935e-08, 6.56477489680558e-09, 7.218564461099607e-09, 1.1984413202743534e-07, 3.901778389628934e-08, 7.723994012870588e-09, 2.0206787094083872e-08, 4.83814330599321e-08, 6.250726458518909e-09, 2.5137268863230244e-09, 3.730528056387043e-08, 6.771348134769097e-08, 1.662250119174781e-08, 4.282824273819058e-08, 7.219621089099621e-08, 1.6875911522889855e-09, 8.636424822057981e-10, 1.8838981653293726e-09, 7.998980573619897e-09, 3.548269116360559e-09, 6.58773348034301e-08, 4.8057531038101354e-08, 5.525766915370582e-10, 5.244484039180165e-10, 1.2010620940634929e-08, 4.855275734252204e-09, 1.0319630666674258e-09, 4.744377782143954e-10, 2.4037727283676663e-10, 6.92889790591537e-09, 1.2110831454529868e-08, 1.1204982350343624e-08, 3.2412193214794303e-10, 6.126160636544291e-11, 2.104261664260352e-10, 4.032816977713976e-09, 6.265462076793443e-10, 3.1998381653535215e-11, 3.1999781214017644e-11, 8.251318586146795e-10, 4.34637494880101e-11, 8.683819631612073e-10, 4.161780213966679e-11, 4.444004905072031e-10, 2.5376792699588654e-12, 1.891879999449582e-10, 5.362892188098125e-13]}