{"L": 7, "J": 0.0283282086429988, "B": 0.141641043214994, "K": 49, "init_state": "ground state", "energy": -0.9975723638633739, "eigoccs": [0.9922071817046325, 8.541244856439756e-06, 0.0002759982583137659, 0.000747076458507079, 0.0013032047544376186, 0.0017465922184860066, 0.0018186756292523556, 0.0018197885669001509, 3.1951985640196764e-06, 6.467804310304459e-07, 1.0237427944199175e-06, 3.1469616172381557e-07, 5.2396997507357135e-06, 2.989497680472186e-07, 2.506696385646781e-06, 3.5625397020054214e-06, 4.896026695147796e-06, 1.8803821594144066e-06, 2.5349158536226563e-06, 4.0701636290919045e-06, 1.5421154921815258e-06, 8.47310117644168e-06, 3.36197528583649e-06, 2.80526046751072e-06, 4.984092861166712e-06, 4.433244753204679e-06, 7.670046107771958e-06, 4.917121911669418e-06, 4.3214491722169115e-06, 2.0159289368870285e-09, 4.797438098214907e-09, 2.3495437739017516e-09, 3.5277536555128828e-09, 6.030756512315244e-09, 5.412323497486944e-09, 4.812944147307262e-09, 8.419514551432437e-09, 7.1737958761308114e-09, 6.7029868626989666e-09, 6.701939754064907e-09, 3.0621701786195873e-09, 5.606617945808958e-09, 1.0811102636687696e-08, 3.0475065401822794e-09, 7.402045364879129e-09, 3.6633086414826414e-09, 8.165309708888296e-09, 5.413094386529447e-09, 3.846792541192929e-09, 8.048537636717407e-09, 5.801604271983981e-09, 1.3169695944827358e-08, 5.228070204129727e-09, 1.01048046892608e-08, 9.127713235012671e-09, 1.158264122617076e-09, 8.369047568948972e-09, 8.558397320504504e-09, 1.0772100605552487e-08, 1.6196225604961582e-08, 1.0989539387723816e-08, 1.591175733499113e-08, 1.7326468424696906e-08, 1.6928838764554358e-08, 4.788253775340851e-12, 2.4032304607263123e-11, 2.2080661706586135e-11, 3.3332808986949664e-11, 1.6030854761079405e-11, 4.1218859527460954e-11, 1.0655288670836923e-11, 1.821732201948042e-11, 2.4805911591994515e-11, 1.1590195301602974e-11, 2.4758855125537265e-11, 1.9311550015575073e-11, 1.769148125755787e-11, 1.713338147049974e-11, 2.174719293652338e-11, 3.187913038623436e-11, 2.5979696606019894e-11, 2.752353959966772e-11, 4.704952714716236e-11, 3.9628475982870197e-11, 1.7645700749546517e-11, 2.0273403185606358e-11, 3.5790492270889385e-11, 3.16722189506297e-11, 4.449906283545887e-11, 3.1680184581513545e-11, 1.8803187736620763e-11, 3.3284113779158697e-11, 3.4212349189131754e-11, 3.0883040394314e-11, 9.441056468636498e-12, 3.500895904745622e-11, 2.5432737992222124e-11, 5.285505484878658e-11, 6.509407464239285e-11, 7.213016232633176e-14, 1.410575454413402e-13, 4.9281235485653524e-14, 6.302255331372645e-14, 9.505269299242032e-14, 1.0656065296162676e-13, 9.481814396726591e-14, 1.055468883893681e-13, 9.144689868373735e-14, 1.0245860186934533e-13, 5.635867592046786e-14, 1.6600419644880852e-13, 1.3807395431613584e-13, 5.702389576042342e-14, 7.382168348515687e-14, 1.3916677040641025e-13, 1.0245472038921058e-13, 1.2520185097701316e-13, 7.605784476312474e-14, 1.4117455707350586e-13, 2.267358256192477e-13, 4.0533018411989844e-16, 4.3158317464802685e-16, 3.197154264520204e-16, 6.086102746236047e-16, 6.894947226828947e-16, 2.855428276874012e-16, 6.561458536055095e-16, 8.812451744603429e-18]}