{"L": 7, "J": 0.0283282086429988, "B": 0.141641043214994, "K": 13, "init_state": "ground state", "energy": -0.9933497076220518, "eigoccs": [0.9790228515482033, 4.43045837199615e-05, 0.0009513174234912617, 0.00179883263256193, 0.0031875176749645547, 0.004325514239261039, 0.005314231378263691, 0.004771868492064599, 7.492350815728154e-07, 2.937298115716018e-05, 1.1490129515435648e-05, 3.5518293951401327e-06, 1.1725998661184334e-05, 1.2357403897648132e-05, 3.139959194945413e-05, 6.727652910276675e-05, 1.1418607353287829e-05, 3.0278554143085907e-05, 6.636964556525093e-05, 1.0086270693055574e-05, 8.276533758230147e-06, 2.2412280200441125e-05, 1.6571066420984924e-05, 3.074880137703589e-05, 3.255706542143004e-05, 2.609080464107514e-05, 5.681351039206142e-05, 2.8669317261006264e-05, 6.859618745325354e-05, 1.4650108606591755e-07, 6.294288133726204e-08, 1.8657775649319587e-07, 2.840931272714903e-07, 2.2562452058674638e-07, 5.5670140187937764e-08, 7.485888392335024e-08, 1.4345645434169673e-07, 9.733029988064381e-08, 9.04205308055547e-08, 1.728690651340196e-07, 3.0409029531459357e-07, 9.918819669232794e-08, 1.446075313276965e-07, 1.7080661479524247e-07, 1.160190499910504e-07, 1.8118280851449708e-07, 2.2364997754106044e-07, 1.6703960565227582e-07, 7.231777464081904e-08, 1.3657769275021403e-07, 1.3575814389380095e-07, 4.3861517429737475e-07, 2.8318711589631e-07, 1.2834633016998377e-07, 2.2637299059542726e-07, 1.4694334957880105e-07, 2.1913010437599844e-07, 1.3486114134920965e-07, 1.7678961675879098e-07, 2.6191071523327806e-07, 3.4124447576166376e-07, 2.982789213931774e-07, 3.197196742568403e-07, 4.1668313536503217e-07, 1.5003153319287545e-09, 8.773424114039869e-10, 2.1002189363855717e-09, 7.920061427061952e-10, 2.6607649968880747e-09, 1.2491060424094847e-09, 9.05465171202855e-10, 2.389276870217977e-09, 1.0849721821270429e-09, 1.755006014308835e-09, 9.932606962503603e-10, 1.290731398174444e-09, 1.516584792429808e-09, 1.1798606340589796e-09, 1.008466694713634e-09, 1.9634103607170216e-09, 1.8928042264272654e-09, 1.6287782627622161e-09, 1.3749706425827216e-09, 5.2635914594030745e-09, 2.1520760673583523e-09, 1.8773512539029317e-09, 1.5719313701277457e-09, 1.7459448804995134e-09, 1.445920833312363e-09, 1.3220205898553446e-09, 2.282580836497902e-09, 4.99642674171349e-09, 2.8300276926087807e-09, 1.690827875124457e-09, 2.2428307967762667e-09, 2.9736447903159285e-09, 3.963633767021805e-09, 1.97355622045382e-09, 3.826727767221899e-09, 9.552885541178586e-12, 1.173944614500332e-11, 2.026393578272766e-11, 1.064938772213922e-11, 8.959154957464949e-12, 2.0150299154662432e-11, 1.6988012115718458e-11, 2.4904457679260473e-11, 2.1987151178462495e-11, 1.6749258950563666e-11, 1.604414476297226e-11, 1.670772777631022e-11, 1.7530265983012794e-11, 1.696136167832825e-11, 1.1264446953476218e-11, 1.439724501556568e-11, 2.489744337462094e-11, 1.464919271816363e-11, 1.689068265126499e-11, 1.733556607698508e-11, 2.2236228160953772e-11, 1.4412997453297607e-13, 2.279616856008195e-13, 1.4802599221092024e-13, 6.278198133064574e-13, 3.4010308415227314e-13, 5.272938923109318e-13, 1.9260588373825275e-13, 2.053970212043293e-15]}