{"L": 7, "J": 0.16419577752050152, "B": 0.032839155504100305, "K": 32, "init_state": "ground state", "energy": -0.987705603957272, "eigoccs": [0.4845368042460759, 0.48451680096516947, 0.0022654645494423753, 0.0022322006474321523, 0.00036955391154355635, 0.00032906841634325367, 0.0017496658089193584, 0.001718809879861181, 0.0027872969383858437, 0.0027649643971175775, 0.0024075194728125646, 0.0024050200123103367, 0.0036475028417360562, 0.0036158477708140143, 3.389925436174432e-05, 3.374814839008104e-05, 8.684407746459292e-05, 8.665684354750869e-05, 6.679664214815709e-05, 6.658571804203417e-05, 0.0001428672360017928, 0.0001427693646421296, 8.720258959005184e-05, 8.712481289185555e-05, 0.00015678112876953333, 0.00015616328883667657, 0.0004318278512776237, 0.00043124769759300295, 0.00014772852088469515, 0.00014680277967734704, 0.00015564813447743425, 0.00015588794557069418, 9.849060096113666e-05, 9.817679621886339e-05, 0.00020092365839174833, 0.0001990167045696291, 0.00019519322391228503, 0.00019508872613650447, 0.00017719452493697628, 0.00017708615002805093, 0.00018581602887684273, 0.0001859469313005188, 0.00012239928320659043, 0.00012232303842604056, 5.507006624311762e-07, 4.69130507572816e-07, 7.644949050784577e-07, 6.959561916557068e-07, 1.9122197731826183e-06, 1.1664479176183858e-06, 1.3822436897631653e-06, 1.5314049950283763e-06, 1.226968411009271e-06, 1.1557132356429777e-06, 8.365584724489514e-07, 8.640473164792146e-07, 2.8090768261624833e-06, 1.6858144290591038e-06, 2.512349217420833e-06, 2.5689686053712548e-06, 1.2447070978006953e-06, 1.2508155229686137e-06, 2.180226539116722e-06, 2.3031919533400657e-06, 1.1331173933452075e-06, 1.1437517732285073e-06, 3.5060247106470485e-06, 3.4997187308560857e-06, 1.5124179954295222e-06, 1.4963116709014025e-06, 1.3859489041422616e-06, 1.3844085211994188e-06, 3.1739631838128683e-06, 3.1588261910744266e-06, 2.5555709036700163e-06, 2.600911100726072e-06, 1.6938414231006694e-06, 1.6763776430548094e-06, 2.722842136458719e-06, 2.6960175929982863e-06, 2.7190205663072654e-06, 2.6890775589289837e-06, 2.617639313742661e-06, 2.6035967992824904e-06, 4.482848933160107e-08, 4.4332600604803384e-08, 7.11722337948771e-08, 7.070235368010708e-08, 9.35228837136568e-08, 9.328617396734696e-08, 1.046059422391651e-07, 1.0555523901588683e-07, 1.3056408940606782e-07, 1.3159322662585407e-07, 1.2732007849844564e-07, 1.2698242713825256e-07, 1.9712544878235436e-07, 1.9515599446689963e-07, 1.9610665683584274e-07, 1.9681574133826887e-07, 1.1384905728003707e-07, 1.1417394394795924e-07, 1.046727033294022e-07, 1.052550404315475e-07, 2.3448184395323384e-07, 2.2950703519697692e-07, 1.2050786745868333e-07, 1.2118461307734306e-07, 2.2863576905345929e-07, 2.2914003303047824e-07, 1.2018654118007973e-07, 1.2097241346506182e-07, 1.8925569727093857e-07, 1.8909590051446883e-07, 1.690346125207386e-09, 1.6841088610697288e-09, 1.7361055696691338e-09, 1.8414286432932468e-09, 2.209963583582759e-09, 2.0969974607729477e-09, 2.7121552181499192e-09, 2.8147032111355794e-09, 3.907662670593489e-09, 3.991161632745338e-09, 2.275770982932856e-09, 2.314447357395803e-09, 1.6442621433641153e-10, 1.6728276035955293e-10]}