{"L": 7, "J": 0.11673007904761215, "B": 0.11673007904761215, "K": 32, "init_state": "ground state", "energy": -0.9868675059821246, "eigoccs": [0.9396234082980588, 0.0009939322108398802, 0.03297879114517106, 0.00036619929177613846, 0.010841479938244783, 0.00017678604369641369, 0.007559601444445003, 7.217648466971722e-05, 0.0009664122622447145, 0.0027789036419541956, 2.6858380541309645e-05, 1.275303415481358e-05, 0.00022946193091288018, 0.0007102118407950183, 0.0011260754842066373, 1.2713511129075302e-05, 9.949765093994086e-06, 1.4405210335969987e-05, 0.00034700928047496943, 0.0003787069571599665, 4.145848920332784e-05, 1.0016695845784151e-05, 4.4427467324279544e-06, 0.0001799740875964093, 0.00017356678906326123, 2.179105474172653e-06, 1.1888763432956975e-06, 6.152963045034186e-06, 1.713318680508724e-05, 5.492178977278716e-05, 0.00011501666449844982, 5.2938101036013717e-05, 7.064215583734749e-07, 9.816731011804895e-06, 4.687487278333046e-06, 3.0250579087101307e-06, 1.4718475334892153e-06, 1.6922583690456156e-05, 1.84096631539767e-05, 2.9530185657516734e-06, 9.01835739876027e-06, 8.004505268803505e-07, 1.6724642435485676e-06, 7.996518518268267e-07, 8.143588085882595e-06, 7.938405415281262e-06, 7.634184114499822e-06, 1.8918683870381554e-07, 2.0828073850380727e-07, 6.058827037932261e-07, 9.620986212078924e-07, 2.753596299662819e-07, 6.431367001689629e-07, 4.414477953442605e-07, 2.7783932656513188e-06, 5.510582673449883e-06, 1.0334054281795274e-07, 1.7942868312102162e-08, 1.0131176527011588e-06, 1.2493462340540552e-07, 1.340503936396971e-07, 5.455653068183244e-07, 1.324398222577212e-06, 4.5409285938748154e-08, 1.9255997094794392e-06, 4.79037168858474e-08, 1.1558371008177043e-07, 5.552953060680923e-08, 5.564160649883354e-07, 5.1410050864586346e-08, 6.737993419587262e-07, 1.086895269634353e-06, 9.281746704698394e-09, 2.782594203041888e-08, 2.2778691637781512e-07, 6.098244373948886e-08, 1.0076743373867092e-07, 1.0481814870017427e-07, 1.9222240936839707e-08, 3.23062130035066e-07, 3.2936054680081756e-07, 1.4010072545705427e-08, 5.102109536075967e-09, 5.2228347730325e-09, 8.489654704462322e-08, 3.0404196417337595e-08, 5.115531975599876e-09, 1.6274404102064294e-08, 3.735164256509584e-08, 3.933453805813148e-09, 2.3720091249047316e-09, 2.748359305132435e-08, 4.985594893914357e-08, 1.1860532493927258e-08, 3.2013519110676634e-08, 6.218659296857772e-08, 9.895312878998537e-10, 5.297874637168951e-10, 1.0973127596659114e-09, 6.471580932421154e-09, 2.5698398000200966e-09, 4.7029702812599856e-08, 3.7878040111532305e-08, 4.048601003859811e-10, 2.6989613829489335e-10, 9.346681998313368e-09, 3.3050866201880637e-09, 7.180752764269664e-10, 2.5615600061251974e-10, 1.5312657165006158e-10, 4.944752411476603e-09, 8.55933078117067e-09, 8.48773048361869e-09, 1.9421506809918017e-10, 4.974712478259426e-11, 1.4280962834845023e-10, 2.9860545853968437e-09, 4.50590300829573e-10, 2.361664535475587e-11, 2.3616555700580452e-11, 5.666107300132915e-10, 2.6141457812885233e-11, 6.088549604015942e-10, 1.9701861268645385e-11, 3.4697519702184477e-10, 1.396797535646014e-12, 1.4659188857287904e-10, 3.2039902352785193e-13]}