{"L": 7, "J": 0.11673007904761215, "B": 0.11673007904761215, "K": 29, "init_state": "ground state", "energy": -0.986733309315698, "eigoccs": [0.9373420843263097, 0.002202547714480892, 0.035055427981389546, 0.0003938368413157261, 0.009704949641882349, 0.0002588184904442203, 0.007397062779332567, 0.00010645413564500457, 0.0010655328732265476, 0.003020042633280424, 4.4508837416385016e-05, 1.394946856691996e-05, 0.0002475561489498028, 0.0006896168147995196, 0.0008742436556150128, 9.512532466244022e-06, 1.5547171271360706e-05, 2.0930921579428287e-05, 0.0003418833989802988, 0.0004052511758578137, 3.5810047418234735e-05, 9.109007836306484e-06, 5.105345023178749e-06, 0.0001471791983431864, 0.00019337985323457252, 1.6379799670895704e-06, 1.989328640178162e-06, 8.338121926311451e-06, 2.28138227448003e-05, 5.177885787526381e-05, 0.00012821627579327164, 5.784990992362061e-05, 1.6315947076496492e-06, 9.00185898498108e-06, 4.053171518432207e-06, 2.8389170889300305e-06, 1.480210506237832e-06, 1.977433248849971e-05, 2.2004571846321938e-05, 2.828434995056064e-06, 1.113068954147135e-05, 9.571224974385662e-07, 2.105802750237031e-06, 7.812445494927305e-07, 7.920081289441248e-06, 8.315768159283433e-06, 7.940975641199336e-06, 2.407954910380348e-07, 2.595371081951125e-07, 7.987458807857527e-07, 1.0717501293014314e-06, 3.110455264824841e-07, 8.562554122182118e-07, 6.066992113177491e-07, 2.9569642228333252e-06, 6.378733594690093e-06, 1.1637558688959145e-07, 2.5334248535690572e-08, 1.23258111234352e-06, 1.4582515839370387e-07, 1.6972595764836978e-07, 6.498332579222574e-07, 1.4886728475725046e-06, 5.681925681032122e-08, 2.012769778672471e-06, 5.496962697681775e-08, 1.3223910738734575e-07, 6.000158905524293e-08, 6.553552673850978e-07, 5.804168393065842e-08, 6.828957131611053e-07, 1.269035792151086e-06, 8.02481973021049e-09, 3.496858721527963e-08, 2.7750244015040727e-07, 7.137247213610695e-08, 1.181220125619681e-07, 1.2333980766697199e-07, 2.178998166516012e-08, 3.46217771599359e-07, 3.6181890382250513e-07, 1.5526217581532782e-08, 5.873900793352431e-09, 6.15361147569261e-09, 1.0069966442962911e-07, 3.3309659106930305e-08, 5.5034572465374524e-09, 1.8531421852874537e-08, 4.007381766593184e-08, 5.41501344527225e-09, 2.131626669994651e-09, 3.171852719502358e-08, 5.803695563504792e-08, 1.3595124190144762e-08, 3.612848077041816e-08, 6.42926267174318e-08, 1.3510066883912803e-09, 7.371244090836203e-10, 1.500011228457932e-09, 6.9333366902766405e-09, 3.048180828598145e-09, 6.162317186469329e-08, 4.358804584698135e-08, 4.3459934517842984e-10, 5.271879316271861e-10, 1.0972976537292952e-08, 4.026226596636362e-09, 8.02366628839051e-10, 3.6223589849380654e-10, 1.8196728637642246e-10, 6.0294637626640354e-09, 1.115016641898735e-08, 1.0315025358869718e-08, 2.71338122156786e-10, 6.584651237354207e-11, 1.782525766350306e-10, 3.567641691808171e-09, 5.39322390255056e-10, 2.6998827234749704e-11, 2.6999864652927504e-11, 6.933845185020851e-10, 3.6286101065322255e-11, 7.573645090761011e-10, 3.429131683746866e-11, 4.262869046600748e-10, 2.220904789319489e-12, 1.9063409418654729e-10, 6.193007537837993e-13]}