{"L": 7, "J": 0.11673007904761215, "B": 0.11673007904761215, "K": 46, "init_state": "ground state", "energy": -0.990273749396227, "eigoccs": [0.9549287524936272, 0.0007674428937321921, 0.02500253211183622, 6.89124581585791e-05, 0.008112101903032826, 5.61009163154573e-05, 0.0059289050588006535, 4.096476981593528e-05, 0.0006170507977690553, 0.0017170415654978242, 1.7342497473824814e-05, 2.9586045385590376e-06, 0.00011041168344280708, 0.0006012842205183877, 0.0009307511272469591, 1.957366833717223e-06, 4.523666468662258e-06, 6.291078039797419e-06, 0.00023658822298351073, 0.00030553548243492676, 1.836466596227627e-05, 3.6319286075519436e-06, 2.3523929453490926e-06, 0.00013583818281052642, 0.00013786878165451282, 1.100646327926867e-06, 2.939639180732501e-07, 4.069457037940476e-06, 1.2472595609387037e-05, 3.7903670004508186e-05, 8.028296394662643e-05, 3.2172170844801064e-05, 5.240442867145616e-07, 5.101783496496503e-06, 2.417959936537975e-06, 1.555256857818052e-06, 7.411303154742171e-07, 1.1658887326307024e-05, 1.5799469177037023e-05, 1.538650506228342e-06, 7.854603162711467e-06, 3.656816525669812e-07, 8.046606810538727e-07, 7.23576829008372e-07, 4.9263933637056036e-06, 5.315300145545063e-06, 5.149903841481335e-06, 1.481085195741654e-07, 1.6812919934982388e-07, 2.557509860254646e-07, 4.0002629602603014e-07, 1.0319042835165907e-07, 2.8158160642533787e-07, 1.539483117529345e-07, 1.6058530957023046e-06, 3.224675536395721e-06, 4.564587028064403e-08, 1.3535499873256252e-08, 6.27430022217267e-07, 4.925831696622106e-08, 6.448274452109939e-08, 2.4949948947356183e-07, 8.461467042689635e-07, 1.8231626995012423e-08, 1.1146750338041007e-06, 2.2111837068997468e-08, 4.794224504284231e-08, 2.3144048119734305e-08, 2.8533159061687713e-07, 2.613585318692553e-08, 3.8368757959546106e-07, 5.950639587561034e-07, 2.8921536894766245e-09, 1.2261793009997485e-08, 1.2138424180103167e-07, 2.753085714112614e-08, 4.944045096055134e-08, 5.023867132040779e-08, 7.590896342933605e-09, 2.0168946886221107e-07, 2.11143822850843e-07, 6.667165911460889e-09, 1.5052779868977455e-09, 2.0726473077193755e-09, 4.763459496008164e-08, 1.3832300302337858e-08, 2.3626810699561486e-09, 7.50439290029392e-09, 2.2657496622359087e-08, 1.9573579454096254e-09, 5.34505321978344e-10, 1.3808721822688822e-08, 2.5111969999275632e-08, 5.747333732415403e-09, 1.654384447617267e-08, 3.8279273135788546e-08, 3.0955832314947537e-10, 1.7595209566021004e-10, 3.3360787462114765e-10, 2.7419780299692043e-09, 1.0752339787512037e-09, 2.4382680982623164e-08, 2.079286951393158e-08, 1.2348909505650668e-10, 8.9020778459933e-11, 5.103022947215821e-09, 1.4390324493693923e-09, 3.091399797765205e-10, 7.099317929164698e-11, 4.794922342456274e-11, 2.529607889110074e-09, 3.7108057625675157e-09, 4.2203010423995816e-09, 6.461918979201822e-11, 1.2619879137617108e-11, 4.907251463503641e-11, 1.4939964419930876e-09, 1.587538176479929e-10, 6.615518912716272e-12, 6.616205922384174e-12, 2.774590248623278e-10, 5.994245962408718e-12, 2.580700359202481e-10, 2.0885064904385696e-12, 1.4982411288819754e-10, 4.0705259126122705e-13, 5.853193807070812e-11, 7.993513714746428e-14]}