{"L": 7, "J": 0.16419577752050152, "B": 0.032839155504100305, "K": 11, "init_state": "ground state", "energy": -0.9669966409098812, "eigoccs": [0.45859619288136033, 0.4598859751648719, 0.0068313482120900635, 0.006814496820814625, 0.0021756904855119038, 0.0020125774717371305, 0.003317084930336358, 0.0033185750118002906, 0.005486722765565484, 0.005262827071608104, 0.006432745254274056, 0.006454836183190475, 0.009313094251321046, 0.009312350548525052, 0.00024721367087911494, 0.00024450554925844353, 0.00028067765896514337, 0.00027480719653963126, 0.0002574523307756405, 0.00025796457530232863, 0.0006706396282301248, 0.0006674024752198165, 0.0005806223557132415, 0.0005779298572202096, 0.0009058257597004746, 0.0009065917457092235, 0.0010638334521894572, 0.0010666763783839712, 0.00018385965300069573, 0.0001771017697851939, 0.000300486556851514, 0.0002987117549098369, 0.00025338034510942437, 0.00024757129354940124, 0.00048805371411026616, 0.00048453388422768, 0.0005545535884083288, 0.0005535329320257567, 0.0005371162107467272, 0.0005372357224392547, 0.00039749725870691095, 0.00039554166191887986, 0.00038033512040091925, 0.00038206636672740227, 5.89604155220366e-06, 5.588403303460625e-06, 1.3532368432410686e-05, 1.3186671522773798e-05, 8.033489002039168e-06, 7.19742409361123e-06, 1.172290265969833e-05, 1.1664468047398533e-05, 9.96237365664327e-06, 9.078276115831412e-06, 8.75261174895804e-06, 9.610783216482942e-06, 1.648359413155893e-05, 1.5999780224589787e-05, 1.8201825320513568e-05, 1.8615894511871198e-05, 6.804854667569292e-06, 6.445676791406089e-06, 2.2259105519424166e-05, 2.2140432958616524e-05, 9.024351984171868e-06, 9.273345695335209e-06, 3.0031998367353765e-05, 2.976261838036941e-05, 1.0879677827638941e-05, 1.0992969813659608e-05, 1.3824683340091548e-05, 1.3176422350637303e-05, 3.102694571725186e-05, 3.0696718526642514e-05, 1.3995952145770724e-05, 1.4045407647335662e-05, 6.7571867378921645e-06, 6.540996771999944e-06, 1.4788187092577746e-05, 1.4035109995706096e-05, 1.7675827140962547e-05, 1.7606003598925378e-05, 1.7500706203862165e-05, 1.7466663525390623e-05, 1.2428656293646584e-06, 1.2794237220643237e-06, 8.473479888814381e-07, 8.416700527218045e-07, 9.428657575839262e-07, 9.5255672132289e-07, 1.3326508156015663e-06, 1.3147253044925427e-06, 1.8024183795993548e-06, 1.7809028524699959e-06, 1.620748091039372e-06, 1.5901247693926233e-06, 9.659756013777933e-07, 9.188777643850115e-07, 1.750590004862844e-06, 1.7648808267984767e-06, 1.1295619177341048e-06, 1.1640366987240168e-06, 1.1550879238480486e-06, 1.1381314713873415e-06, 2.283835478906732e-06, 2.2787783139265326e-06, 7.898738092231409e-07, 7.706580891478636e-07, 2.3464810446324017e-06, 2.345859298823199e-06, 8.539872592802229e-07, 8.495223642653825e-07, 1.3745807429629335e-06, 1.3666175908293573e-06, 4.2224317556130036e-08, 4.2900298952513744e-08, 5.702377307308123e-08, 5.380290522835825e-08, 4.536587372347142e-08, 4.422255234235878e-08, 7.440104177846466e-08, 7.358920266024874e-08, 9.146884622247353e-08, 8.98113930525538e-08, 3.980247254259698e-08, 3.985739615215685e-08, 5.9181032260575585e-09, 5.879232151087231e-09]}