{"L": 7, "J": 0.11673007904761215, "B": 0.11673007904761215, "K": 48, "init_state": "ground state", "energy": -0.9902992484952085, "eigoccs": [0.9545856533036168, 0.0004731105526192051, 0.02600574383243101, 3.7098570408892974e-05, 0.008284544722727924, 6.892832906975948e-05, 0.005843846974996656, 3.119885774989209e-05, 0.0005586195244522646, 0.001447348177643988, 1.1548366856860501e-05, 3.385047310554952e-06, 0.00011450465352377184, 0.0005583051060306923, 0.0008695585141679792, 3.7863333854357882e-06, 4.423900683789914e-06, 5.832217556488422e-06, 0.00021916546902837666, 0.00032314950646080104, 2.048877074401892e-05, 4.312380287089859e-06, 2.379625109709146e-06, 0.00011847972827002374, 0.00012832536936817064, 1.0592235821057734e-06, 3.300226069460353e-07, 4.199018036421388e-06, 1.2768718454656142e-05, 4.4124799339761346e-05, 0.00010100112275165414, 3.448933049279157e-05, 6.51119217802788e-07, 5.308351458500299e-06, 2.3288577344282527e-06, 1.4177660697398412e-06, 6.739362739920117e-07, 1.0417581913327168e-05, 2.0214018916603432e-05, 1.5943123725760444e-06, 6.604985117184959e-06, 3.7564352898498887e-07, 9.30103332237134e-07, 6.389724395244771e-07, 4.569815802755009e-06, 5.249595132395408e-06, 5.056051569703695e-06, 1.4772442175431863e-07, 1.6671733762042937e-07, 2.7836280540657414e-07, 4.41572168964291e-07, 1.1138174843340712e-07, 3.141366292508961e-07, 1.588957339643555e-07, 1.8707008396553141e-06, 3.372638082925411e-06, 4.536709222291471e-08, 9.06232503524604e-09, 5.388430551236259e-07, 5.340967754439082e-08, 6.454744671904731e-08, 2.459956705706012e-07, 7.615393259313134e-07, 1.7115571629934507e-08, 1.3857576869207104e-06, 2.2609756796171468e-08, 5.095907929713534e-08, 2.0847777178053367e-08, 2.594007468084717e-07, 2.4902036019618347e-08, 3.611154585120384e-07, 5.880052301194427e-07, 2.3557088639858147e-09, 1.0717246213139673e-08, 1.231536907023815e-07, 2.7704904578692124e-08, 5.001710177618046e-08, 5.1093278711299725e-08, 7.0929117577009665e-09, 1.9494293803850666e-07, 2.0312038707207518e-07, 6.0025637264582784e-09, 1.741243653097169e-09, 2.1916528329930906e-09, 4.450962216218547e-08, 1.3320866545042039e-08, 2.0141392644431538e-09, 7.252752648115873e-09, 1.9685517255253825e-08, 1.793424955166732e-09, 7.164055984410196e-10, 1.3687378502045082e-08, 2.5675270833122042e-08, 5.129094673755751e-09, 1.3856662246032407e-08, 3.742711881085611e-08, 2.711455480955699e-10, 1.7696747917276986e-10, 2.9377044887966746e-10, 2.9030467534488026e-09, 1.089528500050739e-09, 2.6622427194904338e-08, 2.256727824871211e-08, 1.5161212067900815e-10, 1.2150363549170547e-10, 4.511895720792597e-09, 1.5468400173170545e-09, 2.661636353308264e-10, 6.701273199456647e-11, 5.294626210083466e-11, 2.3322260113466787e-09, 3.7064647272962806e-09, 4.291481920492144e-09, 6.456555875993474e-11, 1.157741936426138e-11, 4.9035549830353234e-11, 1.61726131783386e-09, 1.713612635194389e-10, 6.787426733737215e-12, 6.7877629171265914e-12, 2.461104936120681e-10, 6.008544351854515e-12, 2.6134690267092854e-10, 2.0879131630219477e-12, 1.5490728822162502e-10, 4.007255773940587e-13, 5.7380491694426686e-11, 5.658484888983059e-14]}