{"L": 7, "J": 0.0283282086429988, "B": 0.141641043214994, "K": 36, "init_state": "ground state", "energy": -0.9969365347574619, "eigoccs": [0.9901670042563989, 2.127397075644703e-06, 0.000350148294593537, 0.001021820163303252, 0.0015636593965138081, 0.0021262882476373642, 0.0023419046343365374, 0.002339753010094678, 6.234975489496134e-06, 3.0813982710431487e-07, 1.9633691651136527e-06, 1.974181990827937e-06, 2.5803719163996743e-06, 1.7538575981423845e-06, 2.2957882279357705e-06, 1.8715111508446966e-06, 2.6629760903423106e-06, 1.9082514067470874e-06, 6.681766378039923e-07, 1.9921955130585057e-06, 1.7417297323133629e-06, 3.5582827800562736e-06, 6.476118165694369e-06, 3.711794897520296e-06, 6.277421532213757e-06, 6.1339078246472436e-06, 1.912727808742806e-05, 6.963940140770302e-06, 6.544599453882778e-06, 5.470177874142616e-09, 1.6928594835257292e-08, 8.251276643134006e-09, 5.875385462337845e-09, 1.220213618023916e-08, 2.724370492386777e-08, 4.483870683399689e-09, 2.4845207361199398e-08, 8.895996585496822e-09, 9.584073999319176e-09, 6.478445333251441e-09, 5.0013506697328e-09, 1.03217565557908e-08, 1.207123086714637e-08, 1.818735131618499e-08, 1.1540040668826455e-08, 1.1010824092350747e-08, 1.1613288361177415e-08, 1.0857056437734604e-08, 1.1139767893919352e-08, 1.0095684869903378e-08, 9.0442514312732e-09, 1.4106081814318057e-08, 1.298347148655954e-08, 1.4595596203000364e-08, 1.6914924192414683e-08, 2.242335994890345e-08, 3.2327705519431955e-08, 7.913874196328996e-09, 1.4993693733524874e-08, 3.628927436493561e-08, 2.1112942487482986e-08, 3.3126380608828195e-08, 3.1547458816246004e-08, 3.8213039882689536e-08, 1.5156849396984616e-11, 2.1906414924979097e-11, 4.494422671198982e-11, 3.6750058828537884e-11, 4.1291890273187887e-11, 2.030384906164624e-10, 3.45876961053004e-11, 7.204433636337735e-11, 8.818653774766472e-11, 3.5186945279767473e-11, 1.4710566972682098e-10, 3.309808966535022e-11, 4.586756371971278e-11, 1.3855283900428086e-10, 6.94157603122008e-11, 3.558816798967255e-11, 4.235247704579708e-11, 4.447372976588661e-11, 1.46077842601279e-10, 1.1177338045783008e-10, 1.0328848857904315e-10, 5.909277684276826e-11, 8.495106868648207e-11, 6.972933129090059e-11, 5.1197939103616955e-11, 6.295613719100934e-11, 7.05749827102655e-11, 1.0016901804665502e-10, 7.024485198508401e-11, 9.742725403808781e-11, 2.6603015443479424e-11, 1.1200181615194738e-10, 7.311637762139526e-11, 1.4256378822519725e-10, 1.6096222799904228e-10, 1.2310914328057902e-13, 3.462341248632476e-13, 1.488640269653942e-13, 5.58883632774296e-13, 2.3366060737699176e-13, 1.0419745537718996e-12, 2.0726352595597005e-13, 2.866772379003051e-13, 3.811255395288126e-13, 3.1101476634636463e-13, 3.553536167459538e-13, 2.847046494667315e-13, 4.928625022021465e-13, 1.6477407379501418e-13, 1.3414839422053518e-13, 3.6178705013943984e-13, 3.807614848994493e-13, 4.3101442747145283e-13, 1.776541760017504e-13, 3.518666261572304e-13, 7.831966485866293e-13, 1.4730167834869626e-15, 1.3186941516531284e-15, 2.0068717931439253e-15, 3.257280189765616e-15, 3.722941057859504e-15, 2.350486457277207e-15, 1.5211286856115729e-15, 1.616420380931059e-17]}