{"L": 7, "J": 0.0283282086429988, "B": 0.141641043214994, "K": 20, "init_state": "ground state", "energy": -0.9954477559556374, "eigoccs": [0.9855360188228321, 9.19875732104737e-06, 0.00045820697238601476, 0.0012606981083897175, 0.002339436714927613, 0.0029853598764914314, 0.00345959860326273, 0.003740319489243057, 2.8439403713522624e-06, 8.258212998860541e-06, 2.36094414825348e-06, 4.204988153754097e-06, 3.725885682454937e-06, 4.5007748817616605e-06, 1.4291117771041335e-05, 6.951430101846413e-06, 5.166042324979768e-06, 4.899889683640014e-06, 1.1982451698673478e-06, 4.811961358391255e-06, 3.29203388395005e-06, 6.116996878897188e-06, 1.829003195396022e-05, 1.0101018689280758e-05, 2.660843893225674e-05, 1.656132561320253e-05, 1.5191813587975916e-05, 3.2333684329283694e-05, 1.7490742148234384e-05, 1.354008856636002e-08, 2.1887462000052395e-08, 2.0334538524204274e-08, 2.1074008186170433e-08, 6.094514359621274e-08, 6.735816623337468e-08, 7.023225706226131e-08, 3.1653397132764854e-08, 9.340996935682064e-08, 3.718060491891829e-08, 3.590389523322702e-08, 5.7728282201219866e-08, 6.014931584149184e-08, 4.354931263219959e-08, 4.2986979671799555e-08, 2.0431940922981205e-08, 6.478254667784309e-08, 5.961333000615361e-08, 5.822867544276594e-08, 3.9158909011522084e-08, 4.638241475928379e-08, 3.89158549770411e-08, 1.132768617461024e-07, 2.987645505320151e-08, 6.57047987039911e-08, 4.121806455376633e-08, 1.2753321810601962e-08, 4.4261984344000036e-08, 3.37219702391383e-08, 6.748464756432502e-08, 9.886158546821404e-08, 8.593253696911495e-08, 1.214838768260029e-07, 1.0694152881778763e-07, 1.275149855159953e-07, 1.333455241928876e-10, 1.0952148699109957e-10, 5.494188852539869e-10, 3.063959199228254e-10, 2.523962250152306e-10, 1.4114026722825338e-10, 2.470162314620076e-10, 3.039247353955032e-10, 3.2658083374985466e-10, 9.005520335482805e-10, 2.465276864863194e-10, 2.973176689527812e-10, 1.6335940358874455e-10, 2.3672842041556216e-10, 3.1017341720804324e-10, 3.378739655622665e-10, 1.5186237401285658e-10, 9.403268501323717e-10, 3.876136745101391e-10, 2.4406723328406733e-10, 1.995435524837895e-10, 3.718247250825385e-10, 2.7174439490023744e-10, 4.430274616848318e-10, 2.0927599929414103e-10, 2.9937646894287274e-10, 4.176330440215493e-10, 4.560390226056816e-10, 5.303080606670385e-10, 9.161549536062547e-10, 9.820875770699007e-11, 7.489695462704908e-10, 3.441432226736383e-10, 6.070791134572447e-10, 7.60818624119598e-10, 1.481090656656263e-12, 2.410623795142588e-12, 2.4127331022638565e-12, 3.353414847999133e-12, 1.3677895077493748e-12, 3.88372470218488e-12, 1.151117469449699e-12, 2.013863202555531e-12, 1.993320324436174e-12, 2.5594980741287436e-12, 2.5312323685477663e-12, 3.895995958602592e-12, 2.473790715380402e-12, 2.00745856910982e-12, 1.7469669433908423e-12, 3.3548266596730237e-12, 2.8027111402035988e-12, 2.5033780018782326e-12, 1.953680643229815e-12, 2.316982894838375e-12, 4.762847164773488e-12, 1.2271890074907816e-14, 1.6753932387489212e-14, 2.3804501607496407e-14, 1.9035079744466334e-14, 2.5785910798833294e-14, 1.7036056438843498e-14, 2.925015123817062e-14, 1.8081056172947002e-16]}