{"L": 7, "J": 0.0283282086429988, "B": 0.141641043214994, "K": 38, "init_state": "ground state", "energy": -0.9970051044374213, "eigoccs": [0.9903917025995796, 2.177563818989673e-05, 0.0002989811864170446, 0.001016882902584222, 0.0015567439981574813, 0.002123930545943563, 0.002244046075006886, 0.002239377079155546, 1.2173481134429151e-05, 8.836847394228404e-06, 1.639906683780673e-06, 8.565543232928811e-07, 4.312960115264455e-06, 3.64851520271491e-07, 4.5792383583777874e-06, 8.957738293172504e-06, 1.7970899333946173e-06, 6.635174195913275e-07, 5.91782245053658e-06, 4.3963949818196885e-06, 1.7053707946370513e-06, 5.448013924628888e-06, 6.259344296836249e-06, 5.243151566774014e-06, 5.371451092184027e-06, 5.837089473894909e-06, 8.720846302758892e-06, 6.4838020149245386e-06, 6.492196099128042e-06, 1.3877699316061828e-08, 8.27026893935395e-09, 7.1263515075287845e-09, 1.6513686106529836e-08, 1.0586000665391397e-08, 1.206019942287393e-08, 1.4971821651249893e-08, 1.823054205526652e-08, 1.162791350644524e-08, 1.215377171257873e-08, 4.272458659646403e-09, 1.8447656754476152e-08, 1.0255968287149806e-08, 1.4272221619036352e-08, 9.657943366515853e-09, 9.108103298670853e-09, 6.365727565629381e-09, 1.39957658521862e-08, 2.0290944866747257e-08, 8.170359209731676e-09, 1.2570907453940515e-08, 6.174017966433987e-09, 1.629260547600141e-08, 9.102877600444229e-09, 1.4586220083709976e-08, 2.6358727922441187e-08, 1.2261983151005777e-08, 1.2033442345335863e-08, 1.618543092178581e-08, 1.8958334632027448e-08, 2.295134823534743e-08, 2.0959912023684268e-08, 2.623552617880539e-08, 2.4086842323542848e-08, 2.574200038618649e-08, 3.254079142465418e-11, 2.7102618885187313e-11, 2.1941652491114527e-11, 4.032655298275677e-11, 6.42209220553308e-11, 2.504772697624794e-11, 7.772123987224253e-11, 2.788688158536542e-11, 5.2987291825690146e-11, 6.47431645351988e-11, 3.8211991529476793e-11, 5.4668663305197426e-11, 5.92098424928419e-11, 1.0703970771689696e-10, 1.8456718722084603e-10, 4.760265988865775e-11, 5.22503139449894e-11, 7.035468524207105e-11, 5.28941004780292e-11, 7.981054706891169e-11, 5.443981648147404e-11, 3.933130590253018e-11, 3.3983991348058427e-11, 6.807002420157773e-11, 4.60206272082393e-11, 5.81918777036522e-11, 4.165147930595052e-11, 1.1389349708796461e-10, 7.806953515738602e-11, 1.0040887515117731e-10, 3.6435115431836343e-11, 9.31004212954631e-11, 5.007807281056842e-11, 8.513953916342551e-11, 1.2227548441946962e-10, 2.0660407313434934e-13, 4.369557480474573e-13, 2.079570533706287e-13, 2.0201845569164269e-13, 2.0573388749646186e-13, 2.9923920538688307e-13, 2.118924861832941e-13, 1.3373484244979874e-13, 4.1290293482468915e-13, 1.8867331088294363e-13, 2.9801074856641713e-13, 2.9648194808973773e-13, 3.110540368581061e-13, 1.969751182913401e-13, 2.5164090596884386e-13, 3.2341545482401156e-13, 3.2932298413566193e-13, 2.6643801593681537e-13, 1.2166597885886695e-13, 2.695707002618257e-13, 4.755893598925074e-13, 1.945747982552305e-15, 1.2304782878142105e-15, 1.053585081049069e-15, 1.2024201860627056e-15, 1.6428792683415372e-15, 3.0132403099447134e-15, 1.5514655093361577e-15, 1.8094903173866944e-17]}