{"L": 7, "J": 0.16419577752050152, "B": 0.032839155504100305, "K": 10, "init_state": "ground state", "energy": -0.9634728689395515, "eigoccs": [0.4549833553053588, 0.45602435712167255, 0.0074534516592805, 0.007479578966934903, 0.0024880840417746924, 0.002286460675425912, 0.0035633110993996894, 0.0038411753462192465, 0.004728811264521948, 0.004223096385545395, 0.008090578935702471, 0.007997726379753621, 0.009494309512515755, 0.009561113086771766, 0.00021040899660557067, 0.00020616514224046476, 0.0005670213332803485, 0.0005742660531688583, 0.0002807264510480844, 0.0002779862827878008, 0.0010555675055858652, 0.0010530445594364361, 0.0005428008642053754, 0.0005419126313735965, 0.001068159615007214, 0.0010654721091531987, 0.0013118172941643433, 0.0013071966665852415, 0.0003525533914146946, 0.00034686683099063046, 0.00032586497772387727, 0.0003369234410459059, 0.00025285675589766204, 0.0002543299394507086, 0.00039815568162578183, 0.0003981528348667047, 0.0005156330441033286, 0.0005279446774437309, 0.0006314943151063493, 0.0006196026248144338, 0.0005089624596771349, 0.0005046342260970928, 0.0004780504183222299, 0.0004791939285763926, 8.87770258397391e-06, 9.217837942144091e-06, 1.3662464006660235e-05, 1.3158322063816193e-05, 1.248086230762022e-05, 1.2911363136091866e-05, 1.623305923468618e-05, 1.697641113941699e-05, 1.0802343253309429e-05, 1.0555648528266283e-05, 1.0383283040781624e-05, 9.011814804794794e-06, 2.3569465107591707e-05, 2.2267103456682696e-05, 2.5113976615990025e-05, 2.6014012554828025e-05, 1.047102119010057e-05, 1.021462090125049e-05, 3.200735960547815e-05, 3.223147137187994e-05, 9.805795071536493e-06, 9.666141900851418e-06, 4.066327211762943e-05, 3.730775863707642e-05, 1.8378545751415047e-05, 1.861206568696677e-05, 1.583707560033268e-05, 1.588927850766048e-05, 4.2694852146731496e-05, 4.274774867728743e-05, 1.3088879487364935e-05, 1.3262999955480072e-05, 1.3623202986888282e-05, 1.3607012309474919e-05, 1.247464362363659e-05, 1.2639254968570886e-05, 1.6758854351513734e-05, 1.7046265866474506e-05, 2.136215434972372e-05, 2.0893460921846278e-05, 1.777725812053886e-06, 1.797178310243996e-06, 1.599650390626076e-06, 1.619878419410228e-06, 1.4447157306064123e-06, 1.4468356257166413e-06, 2.0881559751671275e-06, 2.1126858747805065e-06, 1.8582216710866034e-06, 1.8595027812102717e-06, 2.337385157215304e-06, 2.3598683862792866e-06, 1.8749011852788807e-06, 1.88972344634925e-06, 1.999959247414878e-06, 2.0573506546514318e-06, 1.8850819594926198e-06, 1.854338698138091e-06, 1.146318028728446e-06, 1.138660651101429e-06, 2.67298675111616e-06, 2.683910962224586e-06, 1.1231089318527438e-06, 1.1085684623237726e-06, 3.923165633928651e-06, 3.892096984371586e-06, 1.5347977791607997e-06, 1.542094534856885e-06, 1.3232036439723092e-06, 1.3258508132095442e-06, 7.230041940760919e-08, 7.299262378367537e-08, 7.180295697866638e-08, 6.929980674307496e-08, 7.449243319531938e-08, 7.386405871817837e-08, 1.1353447060835475e-07, 1.095513567114934e-07, 1.1417449051175226e-07, 1.1488768485153693e-07, 7.031183684805708e-08, 6.914198464298588e-08, 9.925324187422039e-09, 9.733660781205422e-09]}