{"L": 7, "J": 0.11673007904761215, "B": 0.11673007904761215, "K": 5, "init_state": "ground state", "energy": -0.9335226818287077, "eigoccs": [0.7395040140577479, 0.03860615937953174, 0.07464026843594594, 0.007875344576838502, 0.03907974128315782, 0.008051759762526992, 0.02074793037884775, 0.005220553911937947, 0.01006965112300647, 0.013765773001190033, 0.0021612915994497052, 0.0011566223836729905, 0.008391957718838357, 0.0031587934060881037, 0.00274643455948277, 0.0008330785946787313, 0.000534153739091941, 0.0007223002842827365, 0.0024274689399801045, 0.004402850199658321, 0.001378528112034091, 0.00045314272208972235, 0.0007104771874550616, 0.0008603565788478582, 0.0026187834832483766, 0.0002457904276611291, 9.885803510210585e-05, 0.0005119896184842935, 0.0011829770668814047, 0.00043603237412113613, 0.0012240154912137012, 0.0010537642660708208, 0.00021812036426323566, 0.00042170365149245216, 0.00021591477742867034, 0.00022335250363392519, 0.00019061366969144584, 0.0004779984429462639, 0.00020086902478911803, 0.0001452909596577547, 0.00033453196166896966, 0.000143522726219784, 0.0002247153726378852, 4.606194418014053e-05, 0.0001496125094566589, 0.00019291406281754108, 0.00018172343285716594, 5.947017064787627e-05, 6.0865047597770405e-05, 5.578311311020667e-05, 9.404526039584406e-05, 2.5499154721063395e-05, 5.219439050317143e-05, 6.627159034404743e-05, 5.9726383129098167e-05, 0.0002768631355804539, 2.9168294236779526e-05, 1.2475695893105008e-05, 7.488369538303641e-05, 1.744666650041966e-05, 5.281109772438893e-05, 0.0001240247677788805, 5.268535806909692e-05, 1.9711195672580672e-05, 5.636850441996218e-05, 2.2931804966927202e-05, 2.314154202854312e-05, 1.214056880578239e-05, 7.679019367317461e-05, 1.3424945964775068e-05, 3.315264070663317e-05, 7.942087722508673e-05, 4.714867704250947e-06, 2.0316375655883794e-05, 3.111974719281742e-05, 1.8119070851679535e-05, 1.996787828017547e-05, 2.516636904713692e-05, 1.208378928779728e-05, 1.4270969342992292e-05, 1.5070654834148552e-05, 6.947506973120004e-06, 6.389809251046189e-06, 4.296652232651866e-06, 1.7858330259638048e-05, 6.979007412212956e-06, 3.1719713868575887e-06, 4.6776209228892925e-06, 8.251621930808554e-06, 5.511057688758351e-06, 2.29427704294067e-06, 6.1669510065489205e-06, 1.1019008143998814e-05, 3.793918868037309e-06, 5.350812182854963e-06, 5.035329006815422e-06, 2.1082952724446195e-06, 1.0649487583439562e-06, 2.3061862617158225e-06, 2.2887022799360046e-06, 1.7737125871207044e-06, 1.5443515222648414e-05, 5.133734680667409e-06, 6.599303520525716e-07, 1.4372524143556665e-06, 2.2300524894587454e-06, 2.5648918538802597e-06, 9.33299247821108e-07, 5.351650862180815e-07, 5.49561360275764e-07, 2.3738492737462245e-06, 4.358202549350213e-06, 1.8414860032496746e-06, 6.097652846638165e-07, 4.1248026979713886e-07, 2.8051239090575324e-07, 8.195515736007674e-07, 5.959516508456892e-07, 1.4927692538652312e-07, 1.492708255615624e-07, 5.398187213632292e-07, 1.6577817567032784e-07, 4.5512630574666517e-07, 1.1790709051582821e-07, 2.424917602572253e-07, 2.4887419332350484e-08, 1.3778264502419274e-07, 1.0436861572373129e-08]}