{"L": 7, "J": 0.0283282086429988, "B": 0.141641043214994, "K": 27, "init_state": "ground state", "energy": -0.9962006133075954, "eigoccs": [0.9878133847877232, 2.4010640815961915e-05, 0.00037917875726682643, 0.0012605405795417805, 0.0020358002076397734, 0.0026843068824365475, 0.002850521940451078, 0.0028198026055428187, 2.0356769418498467e-06, 1.0741640222212238e-05, 2.409558906557283e-06, 6.35917321254401e-06, 1.97011220785645e-06, 5.442862941879344e-06, 6.454748024906735e-06, 4.039256713927818e-06, 1.2807239318771458e-06, 1.4421028203897764e-06, 1.4405552891215851e-05, 4.475574799205195e-06, 1.735416263424259e-06, 4.723098130115852e-06, 6.787436626167867e-06, 6.166144200911257e-06, 8.190621703724076e-06, 9.35847446804047e-06, 1.0708835959792996e-05, 1.0666277609771467e-05, 1.2050106315581157e-05, 6.608339747423473e-09, 1.5362739488641988e-08, 1.3228854962169069e-08, 2.3486879828640224e-08, 1.4195411497083473e-08, 1.1036280537050527e-08, 3.740698790922935e-08, 1.8544924600811204e-08, 2.5183594403695213e-08, 4.5889742118012825e-08, 1.605612323068907e-08, 3.93617318791233e-08, 3.196483386285027e-08, 2.2006734898923755e-08, 3.4871316297037994e-08, 5.334887971496519e-08, 1.686039508495424e-08, 1.6970211893384863e-08, 3.205869057996333e-08, 3.2854782966188925e-08, 1.5881522239018877e-08, 1.754237269386756e-08, 1.790015894182963e-08, 4.5470110163325765e-08, 2.0303357334192202e-08, 4.211517706735477e-08, 1.1038022650421873e-08, 2.5995476429141667e-08, 1.755588658608429e-08, 4.8355723221241764e-08, 4.5529513993314086e-08, 3.26612730452496e-08, 5.98616676766073e-08, 4.375851240739723e-08, 5.8311329928427514e-08, 1.0666908394079312e-10, 1.3566140128874e-10, 3.2332458926088936e-10, 1.1495998764527523e-10, 6.938714653702721e-11, 5.972691530653387e-11, 7.41858416447893e-11, 1.9224853188946115e-10, 7.996250009038372e-11, 1.3225580992134615e-10, 9.422905868995347e-11, 1.58512413966096e-10, 5.517164159355248e-11, 1.4961590047222716e-10, 2.1385962564139317e-10, 9.129047390983897e-11, 5.062476751504933e-11, 2.753024137867694e-10, 1.6363026855011032e-10, 1.4771560353812716e-10, 1.4735046478073615e-10, 1.7671839924430774e-10, 1.2382127690340265e-10, 9.282414988819555e-11, 1.5832105367802328e-10, 1.0895229992550166e-10, 1.2957283216273236e-10, 1.3218186716131932e-10, 1.103930008540799e-10, 2.1636001748305354e-10, 3.6798902784025263e-10, 1.9768923612774824e-10, 1.1642010336663494e-10, 2.1978471391502075e-10, 2.780401456680124e-10, 4.674768928167484e-13, 1.1643954283027568e-12, 9.992388591659446e-13, 1.3794644250783717e-12, 8.465632637498362e-13, 1.094442099198457e-12, 3.804691147626138e-13, 5.26274182673912e-13, 9.314663188690756e-13, 4.57671228662006e-13, 1.4328761016461585e-12, 5.346384786624102e-13, 7.904932852030427e-13, 5.229254949641122e-13, 6.731404739499721e-13, 8.499464721101391e-13, 1.2550616217262314e-12, 6.964982001967877e-13, 1.04563327044542e-12, 7.513246979410178e-13, 1.1847368894816686e-12, 3.638591816011559e-15, 6.413296760894064e-15, 5.118162901393867e-15, 3.827539999945653e-15, 7.692108999886434e-15, 5.5627366678335276e-15, 5.091223895067427e-15, 3.257771892768781e-17]}