{"L": 8, "J": 0.14083900003351849, "B": 0.028167800006703696, "K": 5, "init_state": "ground state", "energy": -0.8838312791553227, "eigoccs": [0.34670990985282535, 0.34849131891427715, 0.027052176640544885, 0.027109605205465452, 0.0139783374816028, 0.013810343842659807, 0.01286510370039438, 0.01267630179702427, 0.012235163655629886, 0.012317221502014964, 0.015323591467939286, 0.015195357757406578, 0.012062055585361019, 0.01244013102793148, 0.01183925239706628, 0.011900563728310012, 0.001866770091507089, 0.0018268869984469568, 0.001626448269771665, 0.0016093127497012441, 0.0011730595516470268, 0.0011541261537423742, 0.0023001427105624438, 0.002293873752217632, 0.0013921371229533206, 0.0013773505909315195, 0.003098541809966466, 0.0031027680550983223, 0.0019174277479006236, 0.001920352257364968, 0.0012360762502780513, 0.0012382640182238215, 0.0034971875619289362, 0.0035267515347615916, 0.0038530838732121235, 0.0038509901580886475, 0.002871444031338036, 0.0028472523188567437, 0.0022887775803432982, 0.002282178349875508, 0.002918244812096654, 0.0029264072285841475, 0.002013310184130919, 0.0019975002988055204, 0.0013271359034084972, 0.0013319628834598377, 0.0015656794456500524, 0.0015719154446009755, 0.0014410373256123073, 0.0014589231193203871, 0.0010894854727386259, 0.0010933721628396446, 0.0009094056619370961, 0.0009275710712031379, 0.0008343171872719891, 0.0008327172650681794, 0.0006924904472755207, 0.0007016703643742974, 0.00013207821646271455, 0.00012934110888429868, 0.00017033404357486565, 0.0001662751439359573, 0.00021241674546212198, 0.00020880004490612548, 0.00014394740320042862, 0.0001433145868563917, 0.00010029948292286832, 9.828914835589157e-05, 0.0003219913145191804, 0.00031881026334011544, 0.00024049107031800919, 0.00023905208198429938, 0.00036391962502955213, 0.0003623892196264204, 0.00015565662925426038, 0.00015333505076664598, 0.0002477739773866382, 0.0002485720750075583, 0.00020726614817114056, 0.00020659547274535578, 0.00023805220357406596, 0.00023946587222127222, 0.00018666273423174564, 0.0001865188294357464, 0.0001260485091848628, 0.0001245581214152434, 0.00024209718888236286, 0.0002446053497047105, 0.00018019366256826795, 0.00017599606144632333, 0.0002275408595705393, 0.00022768956834205617, 0.00016718034449374677, 0.00016591026073002689, 0.00012826611251586732, 0.00012793112253260588, 0.0002311793538011664, 0.00023621393889129076, 0.00016304316783235417, 0.00015480192404025697, 0.00023269709183904573, 0.00023268791633739545, 0.00018537243684760496, 0.00018749753332539406, 0.0001363896641049003, 0.000134864035471298, 0.0001718304221189607, 0.00017194852085690275, 0.00010839155232584829, 0.00010885702290951491, 0.00021993157922430592, 0.000222538704357677, 0.0001539839845644992, 0.00015376045136502377, 0.00019309229013973723, 0.0001926742342061563, 0.0001299528155863277, 0.00013018759359847287, 0.00010525547183252271, 0.00010496340615776771, 0.00012000517240051945, 0.00011998476054681659, 8.039775830752202e-05, 8.039674932247685e-05, 7.643954133433075e-05, 7.630376230472346e-05, 4.724910190459279e-05, 4.7988819122742103e-05, 1.4691057835418924e-05, 1.4571653996815999e-05, 2.4282984507623685e-05, 2.4016424513138822e-05, 2.9390233490476812e-05, 2.9281331682993767e-05, 2.3650284033369848e-05, 2.327683774709372e-05, 3.025943032208939e-05, 3.0039786739128595e-05, 3.354523200212515e-05, 3.326588960895055e-05, 2.288127911045106e-05, 2.295671858938329e-05, 3.7816790855524953e-05, 3.679695867759185e-05, 1.671142003411135e-05, 1.6582731998025743e-05, 3.794264566129988e-05, 3.753640326931036e-05, 2.8255597686853873e-05, 2.8200800904010966e-05, 4.373075087639867e-05, 4.38302266556395e-05, 2.6414647370820136e-05, 2.6429391098129746e-05, 1.9534135030222026e-05, 1.9277153964958816e-05, 3.6100837638596245e-05, 3.6256021276895833e-05, 1.9148932361831296e-05, 1.8779655187459853e-05, 5.693069253580206e-05, 5.666772794442693e-05, 3.5204895401816396e-05, 3.518011593286347e-05, 3.095896850224815e-05, 3.070861634545215e-05, 2.7799325699562317e-05, 2.7872144303287944e-05, 2.5583664597346474e-05, 2.564031474393616e-05, 3.8682091444050404e-05, 3.899260532940072e-05, 2.4974845021449456e-05, 2.509861791210234e-05, 1.9627054620584972e-05, 1.931126187174711e-05, 2.8780494744391524e-05, 2.831605168767339e-05, 1.91436626602781e-05, 1.8846993034256444e-05, 2.9135006182293584e-05, 2.9425700132238623e-05, 1.624912503781512e-05, 1.624959245745847e-05, 2.2581221458687932e-05, 2.2043096901143866e-05, 1.3294238135010778e-05, 1.3309097410487577e-05, 1.9473894072798396e-05, 1.9690281396830946e-05, 1.6179530703537467e-05, 1.6261046495086948e-05, 1.3569756256442479e-05, 1.3496434760076233e-05, 1.1943922436324065e-05, 1.1984368282481794e-05, 7.139365684413428e-06, 7.155841880774922e-06, 2.2678688428297325e-06, 2.2554753738002507e-06, 2.8766420546408126e-06, 2.884991025109949e-06, 2.9035673762252323e-06, 2.8579817252997714e-06, 4.088753806933578e-06, 4.109365431122973e-06, 4.128241544412113e-06, 4.103263508363727e-06, 3.6128308308735732e-06, 3.5288854039273883e-06, 4.846179310442551e-06, 4.8534187380541305e-06, 3.96949916798153e-06, 3.89602662465112e-06, 3.1088748872380104e-06, 3.1109130620750635e-06, 4.786470496748086e-06, 4.6763522977271065e-06, 2.80643907979212e-06, 2.7993734045299406e-06, 2.378452657322565e-06, 2.3616905140214074e-06, 2.243743967569519e-06, 2.1997153549100538e-06, 4.425919264423416e-06, 4.417293973530459e-06, 3.496482726289796e-06, 3.5075245224674073e-06, 2.468962233030157e-06, 2.420612457124225e-06, 3.513993230300665e-06, 3.5381165060958333e-06, 2.783037238946073e-06, 2.7551150748070597e-06, 2.459086580998522e-06, 2.47560368844439e-06, 1.9498588190732213e-06, 1.9027712910904144e-06, 1.2521399388828583e-06, 1.2430293365286537e-06, 4.7413209991237065e-07, 4.7599538221406656e-07, 4.900970523172522e-07, 4.854397492733544e-07, 5.924828144730465e-07, 5.910566919612462e-07, 7.206830534090847e-07, 7.225299488204716e-07, 6.003464141257895e-07, 5.91746466831893e-07, 4.3151803225876983e-07, 4.321025381021572e-07, 3.40694348055669e-07, 3.3630652038698024e-07, 7.705671713944545e-08, 7.649853126613563e-08]}