{"L": 8, "J": 0.14083900003351849, "B": 0.028167800006703696, "K": 40, "init_state": "ground state", "energy": -0.9882583188694594, "eigoccs": [0.4828833473214642, 0.4828945978399263, 0.0028718072521805842, 0.0028761516076977623, 0.00046080823286571396, 0.0004754056972286342, 0.0008669434043989292, 0.0008641298239526855, 0.002243634331529155, 0.002226846161313762, 0.002125863176449895, 0.0021081974300650986, 0.002156602192592357, 0.002154305958328783, 0.003494817640059029, 0.003495437260903682, 2.021911245129857e-05, 2.044160709266606e-05, 5.5276538993023395e-05, 5.5351088986821396e-05, 6.181032014331407e-05, 6.180593028004712e-05, 0.00012230697740431005, 0.00012220220226582965, 6.0439920995398397e-05, 6.0797889754365204e-05, 0.00018213988231144987, 0.00018180099502589444, 7.39832000614745e-05, 7.371528536149466e-05, 0.0001032548621584755, 0.00010333147474058128, 0.00021245522926871551, 0.0002121929461028519, 0.0005315977453506424, 0.0005314994424134411, 0.00011483781707898657, 0.00011500817235581839, 0.00014000740936524655, 0.00014050830091932642, 8.437635501417495e-05, 8.457671091984537e-05, 0.0001421769177405023, 0.00014164473148619956, 0.00014092208523567621, 0.00014101813650929033, 0.00012343316004597901, 0.00012355068034245113, 0.0001569490000674198, 0.00015763433144306283, 0.0001772835326525567, 0.0001768588414332491, 0.00012374328169816571, 0.0001239489959298164, 0.00012474995603484594, 0.00012474467343898728, 9.229443035385167e-05, 9.224969769784486e-05, 4.0358078990457647e-07, 5.122540061712946e-07, 5.287537597468605e-07, 6.343063133218768e-07, 8.028327245091763e-07, 6.195397874125982e-07, 9.348058429632454e-07, 9.286142193123626e-07, 4.925639790978175e-07, 6.19406083831635e-07, 1.2000099620128534e-06, 1.174836307218001e-06, 1.2868135743039832e-06, 1.2878444875063702e-06, 8.240988972054912e-07, 8.812067415491979e-07, 6.497577556419369e-07, 7.235047473934031e-07, 1.6964226765129389e-06, 1.4830058261569723e-06, 1.8984192745648032e-06, 1.908766706448438e-06, 1.8078009751745554e-06, 1.777917952760484e-06, 8.187044689506854e-07, 7.226471116556915e-07, 7.187687519929624e-07, 7.190309285427698e-07, 2.2240072453639126e-06, 2.2920741587558034e-06, 7.188640226904135e-07, 8.094013402880008e-07, 3.5911695753799026e-06, 3.5990989710895756e-06, 9.670054796935212e-07, 9.658917759499884e-07, 1.3544974656187234e-06, 1.3482820208758518e-06, 2.3430484654055117e-06, 2.233497238912989e-06, 9.006827367155511e-07, 9.059506679323556e-07, 3.5030636617606743e-06, 3.487375380764364e-06, 9.508398328713494e-07, 9.29117173486337e-07, 1.424620502673284e-06, 1.4182071430062877e-06, 9.396985641671413e-07, 9.378812484700896e-07, 1.4870443564215756e-06, 1.4773120040286866e-06, 3.7813313990441996e-06, 3.753667152451474e-06, 1.5246738457488609e-06, 1.5080373308724917e-06, 1.2506551465679933e-06, 1.2527082409985103e-06, 1.72270462475393e-06, 1.7230740721882665e-06, 1.8490350945557718e-06, 1.8054030586319617e-06, 1.768259156497782e-06, 1.77063120658241e-06, 2.106975860934465e-06, 2.1012830906860115e-06, 2.1437396480332123e-06, 2.1489468932656914e-06, 1.6306974993267259e-06, 1.6322862228310005e-06, 2.3933230597098473e-08, 2.5298784024172015e-08, 3.8618487649480514e-08, 3.899371768256757e-08, 5.0911058184867876e-08, 5.033562053302176e-08, 4.82860706271607e-08, 4.871688030162808e-08, 7.618201344622158e-08, 7.740755436083058e-08, 7.006251846459202e-08, 6.970840247740166e-08, 8.15157688193259e-08, 8.129048890577547e-08, 8.8554813209994e-08, 8.922035425084983e-08, 5.360500487577309e-08, 5.416136229928728e-08, 9.09902299736234e-08, 9.010335234086824e-08, 9.684538045764283e-08, 9.552100205226473e-08, 1.098116910108147e-07, 1.0942691472322206e-07, 1.4266969938807816e-07, 1.4254922618366876e-07, 7.078582318680404e-08, 7.113795466220082e-08, 1.255143109379868e-07, 1.246447677377115e-07, 5.911233075354392e-08, 6.074536967093099e-08, 1.919946306623055e-07, 1.915067000138053e-07, 2.0204329181793292e-07, 2.02223421525749e-07, 7.560837137279341e-08, 7.490709224661935e-08, 1.4576456207508998e-07, 1.452815709983698e-07, 6.475629314862066e-08, 6.548509448081519e-08, 2.2244211643527485e-07, 2.2095966152968568e-07, 2.1824931751111357e-07, 2.1855749011773532e-07, 7.710638467570173e-08, 7.721895605720267e-08, 8.834158352418145e-08, 8.820920786829193e-08, 7.206807462032605e-08, 7.20227874260676e-08, 2.702396109164916e-07, 2.6989053187291336e-07, 1.1952103430502482e-07, 1.1897951713642881e-07, 8.502263633305008e-08, 8.497407403595135e-08, 1.187881593944379e-07, 1.186909998690528e-07, 1.9625110644928725e-07, 1.9567395520455404e-07, 6.496413397361045e-08, 6.499621134177212e-08, 1.1822567033027597e-07, 1.1789640094783377e-07, 1.0147199134394266e-07, 1.0113415411343988e-07, 1.1222825850304654e-07, 1.1195379202327997e-07, 7.115687400494261e-10, 7.736083239025814e-10, 9.008691972160013e-10, 9.550631541945975e-10, 9.089094055473237e-10, 1.1640790619325383e-09, 1.1145165055806227e-09, 9.968847425615982e-10, 1.1618857637912627e-09, 1.2659392791704966e-09, 1.3537578819751205e-09, 1.3571220082638259e-09, 1.5645301421792205e-09, 1.4488717266163443e-09, 1.44782915439184e-09, 1.5537404476196701e-09, 1.9777061087843316e-09, 1.930856106120358e-09, 2.0105922032483693e-09, 2.0505837091904598e-09, 2.5988550516345535e-09, 2.5902987821064952e-09, 1.205420324643602e-09, 1.1582948871097298e-09, 1.1219613319901406e-09, 1.1945471534158644e-09, 1.936574149061994e-09, 1.9083400617284835e-09, 2.8485748122768233e-09, 2.789496927669613e-09, 1.3178869986226179e-09, 1.3972466144690801e-09, 2.9838480309894167e-09, 2.9117577606265267e-09, 1.313430182910122e-09, 1.3203079084497795e-09, 3.6564545159823565e-09, 3.6064401562322445e-09, 1.3940101068436691e-09, 1.397884933519578e-09, 2.243443407562681e-09, 2.2360007213012006e-09, 7.515307840120333e-11, 7.501388408234933e-11, 8.617993769151799e-11, 8.85367909061707e-11, 1.1454935948588179e-10, 1.1609024779889599e-10, 1.2700480601957877e-10, 1.2582252518097217e-10, 1.4357742600809015e-10, 1.445594141615593e-10, 2.0705309084218956e-10, 2.0624317838286273e-10, 1.0174451256541695e-10, 1.0211449207177136e-10, 2.37984536175619e-12, 2.483262408940792e-12]}