{"L": 8, "J": 0.14083900003351849, "B": 0.028167800006703696, "K": 20, "init_state": "ground state", "energy": -0.977279722394881, "eigoccs": [0.46732792969384024, 0.4674117176075007, 0.005137577610920749, 0.005193535430843336, 0.0005242307799077435, 0.0005381677147816627, 0.0017294313880241163, 0.0017789440651458368, 0.005303560560396804, 0.00524122400135374, 0.004294574072806322, 0.004257699491054907, 0.004437623207172168, 0.0044007643122123295, 0.00516521248408893, 0.005137215843171654, 5.5991695882960454e-05, 5.550103005775114e-05, 0.00016911151212964734, 0.00016912481226314576, 6.906075641531921e-05, 6.907981390728134e-05, 0.000349356142920571, 0.0003488749894534298, 0.0001516042924066042, 0.000151611192319744, 0.000361708768888301, 0.00035996573333468807, 0.00013185045749079794, 0.0001314115186514285, 0.00022280782924165762, 0.0002238742061288031, 0.0004504954697824566, 0.0004503443926358343, 0.0009687921262433373, 0.0009684759448166254, 0.00021837168815802438, 0.00021791040238072908, 0.00019975752234890768, 0.00019841623708443453, 8.849891386535026e-05, 8.873496678264054e-05, 0.0002211217072746251, 0.00022070596373898314, 0.00034294815821900987, 0.0003424168037099703, 0.00032580840718504005, 0.0003264550676126386, 0.0003649991016413129, 0.0003666555548318219, 0.00041192803864660565, 0.00041233560734891275, 0.0002717663447577302, 0.0002714461555344361, 0.0002990701631253268, 0.00029887377209699805, 0.00017559224649118334, 0.00017547436728188362, 1.2453760680277492e-06, 1.2607454330624757e-06, 2.865416065001921e-06, 2.3038724797129848e-06, 2.9402889446683926e-06, 2.7008690488625567e-06, 4.824188348176283e-06, 4.870215293415012e-06, 2.181492343297478e-06, 1.9641715326941315e-06, 3.5193222972082467e-06, 3.2734859488991402e-06, 4.506863769663856e-06, 4.4206526967817794e-06, 2.3121494169052673e-06, 2.37207773791527e-06, 2.8009350604742134e-06, 2.1643966276288306e-06, 5.601046052639226e-06, 5.379652853156727e-06, 8.70918369881209e-06, 8.587214103096976e-06, 7.09778966446217e-06, 7.082255517988157e-06, 2.224831820928056e-06, 2.2773706010189638e-06, 2.9387941589422046e-06, 2.9235001215372323e-06, 9.914030704297783e-06, 9.858037962943715e-06, 2.085140655304824e-06, 2.0346985260513015e-06, 1.4439012514943378e-05, 1.4288266458547314e-05, 3.581822535259845e-06, 3.5411177774061513e-06, 5.501588648067745e-06, 5.4988048605718e-06, 8.612840043586428e-06, 8.5874776300583e-06, 2.9023310377655526e-06, 2.8558844510950236e-06, 1.2491613112513826e-05, 1.246686355433206e-05, 3.3516642174799087e-06, 3.3566398466138834e-06, 5.641700018856973e-06, 5.55466957450029e-06, 2.8154236950994394e-06, 2.7817677531296236e-06, 6.6440028393147575e-06, 6.6198602069141635e-06, 1.3154687902763284e-05, 1.304289016608269e-05, 5.034917054992777e-06, 5.056370646963908e-06, 3.573614939092607e-06, 3.566193374455589e-06, 5.391243723691692e-06, 5.34740974154758e-06, 8.123071506176207e-06, 8.160581758604731e-06, 5.784921509945149e-06, 5.811751282857943e-06, 9.012817286592062e-06, 8.989455455767175e-06, 8.165079630399402e-06, 8.142904864747212e-06, 6.285254491136676e-06, 6.283637311085857e-06, 1.5391572077549527e-07, 1.4980086013128304e-07, 1.8755209747156414e-07, 1.8001839471802013e-07, 2.7148148072436533e-07, 2.6757848064548385e-07, 2.8561150448984797e-07, 2.8179486857308223e-07, 2.607068464698493e-07, 2.6068404005256985e-07, 3.072938764181872e-07, 3.052798720077603e-07, 4.4159823171989063e-07, 4.393843240527756e-07, 3.865182650589498e-07, 3.857586476703496e-07, 2.1941724945902734e-07, 2.0419850303684878e-07, 3.3989668559885204e-07, 3.415039158965309e-07, 4.8931178708476e-07, 4.827096560595368e-07, 4.546741787407645e-07, 4.561424624843737e-07, 7.632720179516288e-07, 7.635366654745526e-07, 2.5137928395621895e-07, 2.5209949642604176e-07, 4.956596022392275e-07, 4.875289311507315e-07, 2.4266054526446396e-07, 2.41320155578371e-07, 6.264247077217667e-07, 6.248239363100496e-07, 7.301636251826928e-07, 7.276693359294627e-07, 2.6802985000204557e-07, 2.6812828817906985e-07, 7.484045677170933e-07, 7.511313186142547e-07, 2.643243722148561e-07, 2.6157632910578596e-07, 7.94270358818836e-07, 7.933500157197849e-07, 1.186262029009888e-06, 1.1858301482012625e-06, 3.229106840983526e-07, 3.237189624283878e-07, 3.045622636769997e-07, 3.03793454861477e-07, 2.5430857401850504e-07, 2.5430694268678096e-07, 1.1462243257633056e-06, 1.1455807191903767e-06, 4.6899531260847376e-07, 4.667456372020807e-07, 2.876358324446695e-07, 2.8706163179680846e-07, 5.781550145509198e-07, 5.823392908451462e-07, 7.847504481781568e-07, 7.838755935254549e-07, 2.558474558657941e-07, 2.555384463098538e-07, 5.120646024695754e-07, 5.119402812490307e-07, 4.163344842881857e-07, 4.167959558003585e-07, 5.110020785747569e-07, 5.104429612907173e-07, 7.845341128754272e-09, 6.9418463484492275e-09, 7.61700573588393e-09, 7.489152975876605e-09, 9.063135669262142e-09, 8.355380728852869e-09, 8.78594639523669e-09, 8.791456835351078e-09, 9.361522590348481e-09, 9.169494962394013e-09, 1.123959267499897e-08, 1.1365288118626616e-08, 1.0809182471383225e-08, 1.0654640176388812e-08, 1.166364374618677e-08, 1.1974140562232361e-08, 1.7900283108640015e-08, 1.7289999009986516e-08, 1.3076391186231608e-08, 1.2961971567886577e-08, 2.2434806383372832e-08, 2.21528980456833e-08, 9.675435600444458e-09, 9.45000346499546e-09, 9.800127061089647e-09, 9.251062113288674e-09, 1.3327298734771495e-08, 1.346226483011389e-08, 2.4463502401102063e-08, 2.3392693762692422e-08, 8.935291395272227e-09, 9.083625268263692e-09, 2.1524885054034338e-08, 2.131429883864559e-08, 9.06922240569242e-09, 9.028931142592642e-09, 3.192849935598809e-08, 3.204316053808639e-08, 9.786103721183524e-09, 9.825458188968409e-09, 1.8244711191504712e-08, 1.807268785185373e-08, 8.947096890668039e-10, 8.927592565845005e-10, 1.1097926016941064e-09, 1.077268791687889e-09, 1.142795989879756e-09, 1.1415915937596114e-09, 1.2053681080559465e-09, 1.1970084130782872e-09, 1.3148456030293055e-09, 1.3275988179724856e-09, 2.0782684495983253e-09, 2.066713935098553e-09, 9.209893491687012e-10, 9.113128948026556e-10, 4.7040871733262557e-11, 4.6416443663986707e-11]}