{"L": 8, "J": 0.10164717780328576, "B": 0.10164717780328576, "K": 3, "init_state": "ground state", "energy": -0.8113681996774189, "eigoccs": [0.4138259311836061, 0.006970709198044812, 0.12735550696810358, 0.008277393459790458, 0.06360184297003232, 0.014246117438491083, 0.05170363134251316, 0.01758744218884905, 0.025832195898835966, 0.03203654069090178, 0.005645307902801646, 0.008425234117622003, 0.021148587580849747, 0.01458388587815808, 0.012440824194924443, 0.004067430602296952, 0.0052389812266114485, 0.010848665159867764, 0.009097553996492425, 0.0015914120813300234, 0.012078704176997298, 0.0008079526628805351, 0.00316715866104008, 0.00879415380810105, 0.0034948044087488297, 0.008064481247436833, 0.004909193755210172, 0.0017830950778041335, 0.0037915436179346692, 0.002667834549326913, 0.006069693247921141, 0.0009701187875199471, 0.006337936254206632, 0.0058490442147298245, 0.0005630836092490137, 0.0031137451312744117, 0.0016508223966587069, 0.0017314092882161633, 0.002424958646350329, 0.002025191030532468, 0.0039713468927724, 0.0029530470731433628, 0.0009521041885446667, 0.0005759457791837102, 0.0022690700582778736, 0.001427307973323468, 0.0012842730427897464, 0.0025229058023518215, 0.0014977799564897137, 0.0026859641543799896, 0.002349932552785763, 0.0007945506580827807, 0.0013742457693291992, 0.000788489069048633, 0.0013987266075804606, 0.00049865957367803, 0.0009644696610109534, 0.001118006650607561, 0.0009075574720319255, 0.000919940627010865, 0.0016366996465634106, 0.0004459135629698093, 0.00046203295711292, 0.0010663069806483834, 0.0019484138278085968, 0.0002882509730454259, 0.0008783859210159685, 0.00029732024585197236, 0.0005459015014887888, 0.0007159183935512505, 0.0006278586558492729, 0.0010367735634279353, 0.00032390187321228837, 0.0005561288431903712, 0.0013705304423127925, 0.00033028533694794214, 0.000464792810438577, 0.0001934897370531595, 0.0006527085076150777, 0.00023060444077145845, 0.00037183182237484594, 0.0007698797747672184, 0.00044165151584185257, 0.00043258691503835693, 0.00010457117473379557, 0.0005210620421884655, 0.0009279977544560434, 0.00020534561813140425, 0.0005203053537355608, 0.0009855833377606094, 0.00025376466121974385, 0.0001378608119898768, 0.00038280377802584885, 0.0005094398405516792, 0.0001758168086332944, 0.00030424939824890123, 0.00016299681685793155, 0.0002598417251535479, 0.0003389135562526822, 0.0006058415411517939, 0.00021021381046486484, 0.0007083201497397234, 9.0450626331539e-05, 0.0001604326546714431, 0.000395135775926333, 0.00034458648401133424, 0.0001206747341011012, 0.0002324484689238937, 0.00040703265705985476, 0.00028425169591192044, 5.434080678892715e-05, 0.000194222291590022, 0.00023903206290445787, 0.00039061873305997787, 0.0001482317376727615, 0.00023836586086386482, 0.000126222183197481, 0.00014902613903747686, 0.00013120194093601422, 8.32340582048641e-05, 0.00028244927819675496, 0.0002400078703578413, 8.2017616953862e-05, 0.0001476478408591375, 8.550982976958161e-05, 0.00017828067758370253, 0.0001558421223874802, 4.727609599413629e-05, 0.00037595173472161137, 0.000107441976811091, 8.78227032192809e-05, 0.0001819977736568584, 0.00010162241287325956, 0.00019206905849214579, 6.504031054194057e-05, 6.537686564310591e-05, 0.00018845459756391004, 0.00013904006735881657, 0.00011162858415440227, 0.00012006279350904508, 7.244833775214713e-05, 0.00012484298804495315, 3.4829269824497104e-05, 5.462788446461987e-05, 7.107648796391894e-05, 0.00029948812365661695, 5.9316804492401135e-05, 4.572206686800646e-05, 6.453369958505628e-05, 0.00013764670198460944, 4.050203312328036e-05, 4.4796303235964404e-05, 9.878373096268568e-05, 0.00017101400661128052, 2.3617330932788986e-05, 6.589067890290508e-05, 2.4364421683447183e-05, 4.956126451068361e-05, 5.1188379006860264e-05, 0.0001074382051616945, 4.6114112730437126e-05, 0.00010292657668145182, 3.049942539254865e-05, 4.107406394224071e-05, 0.0001237164245451982, 6.240330388556422e-05, 1.6547650334685402e-05, 3.0278169866108325e-05, 7.909692218586869e-05, 1.7535031745337266e-05, 3.154171311640408e-05, 0.00015809293603290646, 3.825101832365176e-05, 3.6912000926136577e-05, 2.2775776854525727e-05, 4.2003341698862406e-05, 8.373685860794521e-05, 2.464086276435479e-05, 7.087993257374881e-05, 3.208625083926392e-05, 5.110848005910822e-05, 1.2062353272807941e-05, 3.094709313210698e-05, 4.693583001118778e-05, 1.4856501296384626e-05, 2.5818432842630362e-05, 1.949992275653327e-05, 2.7214499388066883e-05, 5.590507718971119e-05, 1.7273278781841703e-05, 6.611717865199056e-05, 1.0422734524235673e-05, 1.2821724769860675e-05, 3.470875922841701e-05, 3.936590380552069e-05, 9.421256918871957e-06, 1.8416643283253798e-05, 2.2767163403904764e-05, 1.3946000511833351e-05, 1.775027563020775e-05, 4.603445578968876e-05, 1.2284113609697397e-05, 2.1922326726131228e-05, 1.0901334059376855e-05, 2.4502752229058486e-05, 9.885021282943098e-06, 6.910545293254355e-06, 1.329895218909796e-05, 7.160024724624242e-06, 1.6624522056795558e-05, 1.3920616841260964e-05, 8.264838934099982e-06, 4.1960375450533224e-05, 2.290837303580703e-05, 7.116541247563819e-06, 5.036745564868002e-06, 1.1422971700976997e-05, 9.100721689930311e-06, 1.1012835876029348e-05, 1.0982803576029724e-05, 6.52492268135728e-06, 2.8081901692460682e-05, 4.558439506895075e-06, 2.804507018007113e-06, 1.791336843158104e-05, 3.58624161657004e-06, 8.968506944366483e-06, 3.9280134761696434e-06, 1.0693471213052087e-05, 3.861637303419869e-06, 3.2415769475674226e-06, 7.1795406667651735e-06, 2.470091267941555e-06, 8.354303546626796e-06, 2.0889678945723776e-05, 2.158532938423341e-06, 9.338579404735905e-06, 2.4406441667555673e-06, 1.4308399451659548e-06, 5.951720721829051e-06, 3.957386019640535e-06, 1.6721064817289967e-06, 1.9701263933927886e-06, 1.0262305490779954e-06, 3.7592457705148395e-06, 4.830838589735415e-06, 1.2674768873482591e-06, 9.785671222254808e-07, 3.3587651956890177e-06, 1.022594594892764e-06, 3.035444302953105e-06, 7.598936736371648e-07, 1.6678574010543618e-06, 2.603185801531609e-07, 1.9919314941185825e-06, 6.494378620787281e-08]}