{"L": 8, "J": 0.10164717780328576, "B": 0.10164717780328576, "K": 10, "init_state": "ground state", "energy": -0.9718134674202744, "eigoccs": [0.842520568843772, 0.0033249014717691046, 0.09043739815792184, 0.0027778647102929418, 0.016696694723183744, 0.003289147940236253, 0.010562459798692943, 0.0007046559375307791, 0.004640142850611402, 0.007328315281148528, 0.00025076460828495723, 0.0005069198076594276, 0.004372441350268635, 0.0016309552752774518, 0.0012713479529136338, 0.000174744684800084, 0.00039495694200391727, 0.001542994627167803, 0.0011517151139527984, 5.012075826712013e-05, 0.0011263667101497012, 5.319500092493798e-05, 0.00012895882041154432, 0.0008291692307068337, 7.152317255059993e-05, 0.0007893930867870375, 0.0002097797769757416, 6.56006713556259e-05, 0.00020255719713792937, 0.0001244920133132164, 0.00037812797583691596, 2.447742188242029e-05, 0.0003669754429054022, 0.00036896137299901975, 1.12901581977498e-05, 0.0001733251085228242, 4.184526379750647e-05, 1.2916461764614741e-05, 8.465249937903411e-05, 3.878564076594747e-05, 0.00018424791532473372, 0.00012662687342050534, 1.9368154146951634e-05, 9.920609243427758e-06, 6.270040683461104e-05, 2.4996327212746687e-05, 2.3494716698142777e-05, 8.902309919703473e-05, 4.365976046752345e-05, 0.00010104299621439338, 7.019763799506233e-05, 1.704963746687074e-05, 2.7912313086044347e-05, 9.761092888211742e-06, 2.5431107149565334e-05, 5.509537791079992e-06, 1.551553249071194e-05, 2.669705024391081e-05, 1.7104130706943726e-05, 2.241117242051e-05, 3.324997729490561e-05, 3.4670113007451026e-06, 7.706957459570761e-06, 1.4279440831777478e-05, 4.504616253258436e-05, 2.5577988361449425e-06, 9.438249167427332e-06, 4.436192973880077e-06, 4.567737083054802e-06, 1.4084045712742195e-05, 8.948565995552838e-06, 1.6718735213754865e-05, 2.219225675174906e-06, 4.418766607235732e-06, 2.5159972975596705e-05, 2.265655242980577e-06, 4.806422513548055e-06, 1.258781749655835e-06, 6.271342298810312e-06, 1.8461475304677198e-06, 3.3792004613504087e-06, 9.890843600326224e-06, 2.731653047659466e-06, 6.13884212493876e-06, 3.710541066739123e-07, 6.48655620790746e-06, 1.086562482166369e-05, 1.0882657508817557e-06, 4.168444643416528e-06, 1.6031591273617425e-05, 1.157410137506415e-06, 9.14630350188145e-07, 4.227616974751935e-06, 4.211870493952907e-06, 7.487374989614585e-07, 1.8934739567377476e-06, 6.138299358050161e-07, 7.96810059141903e-07, 3.935598087245211e-06, 5.963689980203911e-06, 1.0521228911980026e-06, 7.1307259087595155e-06, 3.999084906348697e-07, 5.275966117329193e-07, 2.513528218932908e-06, 1.4272062235409977e-06, 6.13524441582549e-07, 8.436331426456016e-07, 2.051935248100194e-06, 1.9723618696811445e-06, 1.8404821930580595e-07, 6.530651600077784e-07, 1.8020446941212358e-06, 2.880809202827983e-06, 4.678031563636293e-07, 2.1063668169782178e-06, 4.068798760964657e-07, 5.858240360318706e-07, 3.471029253163676e-07, 2.3203029903942212e-07, 1.2241950047340379e-06, 8.483410231409628e-07, 2.007167637762891e-07, 5.543144552919025e-07, 4.0040913092723616e-07, 8.573897632750706e-07, 7.459632290700686e-07, 9.914466012231225e-08, 2.129927611336781e-06, 2.872567851456487e-07, 2.2332434484998202e-07, 5.333870494363519e-07, 2.8571058193583474e-07, 8.086552617767659e-07, 1.5050301680255807e-07, 1.8303866122518748e-07, 5.890221900630681e-07, 5.40726942523312e-07, 4.2257149875443333e-07, 4.715621368685044e-07, 1.1368053855660134e-07, 4.97273345879849e-07, 5.195277735564473e-08, 7.264282016831448e-08, 1.6330587966296022e-07, 1.3703294832696986e-06, 8.616552923212905e-08, 8.504734833194835e-08, 1.5594081558075104e-07, 2.6446334364506353e-07, 1.1142554586527905e-07, 1.034050918161252e-07, 2.7382918668368034e-07, 4.771072991372353e-07, 2.7906315048747242e-08, 1.226021991054669e-07, 2.885134175170347e-08, 5.665889458436067e-08, 1.1574841760087158e-07, 4.2936601844220143e-07, 7.476256885167261e-08, 2.6192746160069816e-07, 3.633455583807453e-08, 3.709061804927818e-08, 2.758515071138774e-07, 1.431469587787584e-07, 9.717254305535198e-09, 4.3731118273417267e-08, 2.040226702810008e-07, 2.1180627091500204e-08, 3.585260968981897e-08, 4.891991636301306e-07, 3.0721934623768483e-08, 5.415668586113336e-08, 2.440329107982346e-08, 5.880294759874838e-08, 1.6478861610608174e-07, 2.7333493411510674e-08, 1.139759156446155e-07, 2.427116681235776e-08, 9.97502205752628e-08, 1.0371759079693668e-08, 3.552701799355724e-08, 9.522059823234511e-08, 1.0976631368468806e-08, 3.184233898995874e-08, 1.774907592740045e-08, 3.165417432954452e-08, 4.8260125666264364e-08, 1.8015010321961044e-08, 1.0140103167449512e-07, 5.5436302599096075e-09, 1.3032428443779961e-08, 3.206162910012053e-08, 5.5997188523362794e-08, 5.611733820365627e-09, 1.0818977072695221e-08, 1.7054080604516447e-08, 6.606200259580371e-09, 1.0539685705867155e-08, 4.467544565110268e-08, 7.1777558797665184e-09, 1.739461947551775e-08, 7.445412575248819e-09, 1.786915582777377e-08, 4.454020087020943e-09, 2.330820726399943e-09, 8.528861740637908e-09, 2.6539202740639367e-09, 1.0732287100586911e-08, 8.352006313044029e-09, 4.9147538247213015e-09, 4.265701983541194e-08, 1.2794719261426174e-08, 2.0564898474016182e-09, 1.9306821885173034e-09, 5.470297830104408e-09, 4.8822825084710435e-09, 9.920944280529294e-09, 5.128837015025711e-09, 2.2270398141712907e-09, 2.9083240558014407e-08, 1.0012445835592848e-09, 4.5118982089726597e-10, 1.3436511050634028e-08, 9.494040039229434e-10, 2.7427602425767305e-09, 7.599253140958564e-10, 4.227690868633836e-09, 1.2612052937585116e-09, 6.351577961888315e-10, 3.425905633667453e-09, 3.671481676356739e-10, 2.8256909688627544e-09, 1.2069303638497182e-08, 4.125568293865833e-10, 4.921024647565316e-09, 2.894625677000962e-10, 2.2559194608831721e-10, 1.922633120899517e-09, 1.1891771644005074e-09, 3.182999718453223e-10, 4.642381915388279e-10, 1.1018306077303004e-10, 5.757682132569315e-10, 1.2086059892999791e-09, 8.287283230680079e-11, 5.853048639443804e-11, 7.182336084839816e-10, 1.400114130729678e-10, 6.157994983479374e-10, 9.58495519631647e-11, 1.4195108817546307e-10, 6.175657196850628e-12, 2.0053766469547005e-10, 1.9310042107535036e-12]}