{"L": 9, "J": 0.09001252049949558, "B": 0.09001252049949558, "K": 20, "init_state": "ground state", "energy": -0.9851702604867689, "eigoccs": [0.9017750779512586, 0.0003401956057562461, 0.057880002938715105, 0.0008309528574486538, 0.006925901663105016, 0.0010891317972236652, 0.009316303898273263, 0.00015610912763541643, 0.0014944884617029935, 0.00716274682635281, 4.2517268306840666e-05, 0.00017217831350212895, 0.004601233683789851, 0.0008439119467890934, 0.0002613017139529183, 0.00011550625519093197, 0.0009321658063358234, 0.0007999716446820588, 0.0010066152228791125, 0.00040220696368872106, 2.115006099301559e-05, 0.00047555162686791354, 4.227490943001966e-05, 2.4754631020411034e-05, 1.2554460066462532e-05, 0.0005124756851851934, 3.5161141619837272e-06, 0.0004188493896501222, 4.7843307708936276e-05, 0.00015218006891778638, 3.3974563514575806e-05, 0.0003456866600576821, 0.00014971838401336502, 0.000114667341177589, 1.0881967042885808e-05, 0.00021042114748696995, 0.0001057759345494501, 2.837689159680949e-05, 6.927454312019948e-06, 1.5619817949853304e-06, 6.910896692211486e-05, 1.0520323609091517e-05, 3.0110689820852418e-06, 4.9743382970114634e-05, 0.00020445475038422559, 8.486173484490377e-05, 7.33209094372794e-06, 3.134007367124869e-05, 5.017781503698799e-06, 1.4896646439142508e-05, 5.018615264204776e-05, 7.027493951852716e-06, 4.815224284780785e-05, 0.0001202166229731495, 3.3542966420470314e-05, 3.591119006103751e-06, 5.536502815866794e-05, 4.020649712010355e-06, 4.2303046594049665e-06, 1.5074804275704533e-05, 2.0842795231330965e-05, 6.178020212040443e-06, 4.623869832203899e-06, 2.0449283770074618e-05, 5.814355991385116e-06, 2.2721502428938895e-05, 1.3520913152368532e-05, 1.0702509213868155e-06, 6.422051652519495e-07, 1.826408589136587e-05, 9.914842669918233e-06, 6.199127319997513e-06, 3.91539985734923e-06, 7.5995412574375e-06, 2.0869948293475794e-06, 2.0882584779751404e-05, 6.268904180703276e-06, 6.702400169723098e-07, 2.5962450791938197e-06, 5.76688938814141e-07, 1.232339006983767e-05, 4.3010546479298445e-07, 7.762654579386277e-06, 1.3638151992455674e-05, 5.203537526927615e-06, 5.471211733259849e-07, 2.1382725321300045e-06, 6.351775718082336e-07, 6.010385360272657e-06, 2.6476827662608256e-06, 1.7285186351527336e-06, 3.1098772976661133e-06, 8.432118999218765e-07, 1.611267629586605e-06, 4.7125293059441435e-07, 2.68877383316246e-06, 3.6614718485373433e-06, 1.1050825540213269e-06, 2.9822058762771493e-07, 2.9517741781303884e-06, 6.251771834663782e-06, 2.478685590717608e-06, 5.192958214805803e-06, 4.103740482277157e-07, 3.668183823621355e-06, 1.9666151771243937e-07, 1.5075779468396045e-06, 4.4722098796326105e-07, 2.8164063977910513e-06, 1.6450418003786097e-06, 1.4648408548717533e-06, 1.716271362703691e-07, 1.0166542237157488e-06, 2.5091418852785014e-07, 7.220792386188852e-08, 1.6410593018075603e-06, 2.6992191981691955e-07, 1.8148016456022933e-06, 2.4602382129841963e-06, 1.673362264669557e-07, 4.3167759092573316e-07, 4.607594182824393e-06, 6.242177491355087e-08, 1.393649090537947e-07, 1.3361207586009353e-06, 1.7316337421571003e-06, 1.727236546129093e-07, 1.1975764603665026e-07, 7.935218507678764e-07, 2.571913117638464e-07, 1.2731199644525203e-06, 5.090606797827803e-07, 7.825874696369707e-07, 2.9544727806686413e-07, 1.139215709722779e-07, 1.0177699356243468e-06, 1.171401591785232e-07, 5.092159231643158e-07, 1.2403171652298887e-06, 9.809969453793408e-07, 5.941261316998116e-07, 1.2693326322459705e-07, 1.5049941530321188e-07, 5.0301138374725344e-08, 6.81773193991767e-08, 1.0373830606155638e-06, 7.527694763085421e-07, 2.6838734945342203e-07, 3.3329181090932697e-07, 1.4431971815737763e-07, 4.676586819691753e-08, 1.5920648444234137e-07, 3.614261810956476e-07, 5.59816525286381e-07, 1.0214224789004505e-06, 8.728080274885044e-08, 7.85856696373905e-08, 2.4929628527058744e-07, 1.2936196783166616e-07, 9.333035979035618e-07, 6.626822048380672e-08, 2.707659094382574e-08, 2.1135423995411983e-08, 1.9563354087596425e-07, 2.640426566514622e-07, 4.6018817720883295e-07, 5.794546004928347e-08, 4.888752576279927e-08, 8.86639859539528e-08, 3.5585132717060294e-08, 1.0280327924913505e-07, 3.2899703116311353e-07, 4.431111621048817e-07, 1.0482514393688846e-07, 1.6058487023122e-07, 5.012035929323394e-07, 1.9787064247381672e-07, 2.0796470956985474e-08, 4.150000803828382e-08, 5.108900659582551e-08, 1.580675131444388e-07, 1.9049002252160165e-07, 2.3723822119910035e-08, 3.580697148814973e-08, 5.717214154661651e-08, 3.064178861262533e-07, 1.3436660605666717e-07, 5.333545395002284e-07, 1.745709016668028e-07, 1.775145615434318e-08, 1.3975627464566623e-07, 3.285975229465348e-08, 2.372828991885699e-08, 2.1059769937930788e-07, 2.2746034869295152e-08, 1.0778579484914572e-07, 1.8571551371581262e-07, 2.2797839357311235e-08, 5.450496582709345e-08, 9.660247992964669e-08, 1.9076961818930247e-08, 7.904487505132205e-09, 4.422416850210608e-08, 1.7884980371048352e-08, 6.797503887040718e-08, 2.3124100756189595e-08, 1.4090658187697249e-07, 6.171519981127361e-08, 1.1614507493575176e-07, 4.00655085759776e-08, 2.012039962268464e-08, 5.703030587062552e-08, 2.0883682772626766e-08, 6.724394440341461e-09, 8.12986158927744e-09, 9.401411249102711e-08, 1.3003060255613864e-07, 3.0097122194065784e-08, 1.6256540752431255e-08, 1.6360225197676193e-08, 9.719630464588158e-08, 9.055326238996994e-09, 3.6615812942208476e-08, 1.0620606982934055e-08, 5.2979762374055016e-08, 7.642637887600353e-08, 1.2086933228770888e-07, 2.9149389101732128e-08, 9.081165715475577e-09, 1.2641579519093504e-08, 1.0882237796066775e-08, 4.366425212044552e-08, 6.659282085437773e-08, 2.999846873195799e-08, 1.3212330406227314e-07, 2.69053762266914e-09, 1.2929359696794444e-08, 5.868077933314453e-08, 3.153040393748677e-09, 4.044444357533278e-09, 3.3270450790951356e-09, 3.9699982140546396e-08, 1.1041758283333556e-08, 4.148199487503502e-09, 1.840718639937327e-08, 5.0718900049458744e-08, 1.7789727172815243e-08, 9.170612277472841e-09, 8.497326104671603e-09, 7.998950445804476e-09, 5.614143680808587e-09, 5.741174943149326e-08, 1.5100334872341925e-08, 2.8223702445064535e-08, 8.808512182599483e-09, 1.9465915490965647e-08, 7.367292476910953e-09, 1.4817881178290866e-08, 2.6674887045750283e-09, 7.9790139610888e-09, 2.592020974154431e-09, 8.2269056642624e-09, 3.150054396684366e-08, 1.2068673157673905e-08, 1.5796557166605994e-08, 7.542643274175013e-09, 2.5099699286277236e-09, 4.269024690206778e-09, 2.4071715452488737e-08, 8.854060105529675e-09, 2.9709098207356395e-09, 1.4718086728151282e-08, 3.069173153230442e-08, 2.363652960741541e-08, 3.6634497550520913e-09, 8.954757913383429e-09, 5.365743034535065e-08, 5.737024440661541e-10, 4.128401569962419e-09, 2.3496212553689493e-09, 3.4145525185281827e-09, 1.1071106234516068e-08, 9.701219790828224e-09, 1.0166524656737296e-08, 2.933958012572853e-09, 1.525599277744366e-09, 9.536369119559497e-10, 1.7287458429882885e-09, 7.187233464196746e-09, 2.048898949176138e-09, 2.0934738738419e-08, 1.5630258312657708e-09, 5.175741551096753e-09, 8.148102643310562e-09, 2.0798891572742003e-09, 1.4756092869506371e-09, 1.0277228220821393e-09, 1.38164700138916e-08, 1.5956309302375678e-08, 5.077791670944424e-09, 2.1337380907012234e-09, 1.2113724222027825e-08, 2.7108009938737818e-09, 1.1167336090308718e-09, 1.527809684462848e-09, 6.277214780079648e-10, 6.30658085849961e-09, 1.7967767702620655e-09, 6.678506127587903e-09, 1.934140800751535e-09, 8.447052684867758e-09, 3.974637502857248e-09, 1.4701826838020843e-09, 1.6791071470607152e-09, 4.743571889345548e-09, 8.951267676683456e-10, 1.4736803527761486e-09, 4.653169939252462e-09, 5.826223809628947e-10, 3.2933408904542907e-09, 2.0631664952339215e-09, 9.539432292293028e-10, 1.2201285133691762e-08, 7.683263058814433e-10, 2.6194665393788665e-10, 6.263696819527233e-10, 2.847238596969036e-10, 1.6630241313360434e-09, 2.9003901484685154e-09, 8.674910504172074e-09, 7.073974207767835e-10, 9.35475507886287e-10, 1.9461382901682883e-09, 4.06374436835998e-09, 6.246787428830599e-09, 5.487191623998273e-10, 