{"L": 9, "J": 0.12329955564675057, "B": 0.024659911129350114, "K": 40, "init_state": "ground state", "energy": -0.9867823329551736, "eigoccs": [0.47820031954507813, 0.47826412592543455, 0.0038150387689029086, 0.0038188471082697137, 0.0005365451747443793, 0.000528660961303421, 0.0012570954071526627, 0.0012699195032550756, 0.0019485651795955175, 0.0019468959900181364, 0.001977667320049273, 0.0019863593898212318, 0.0018597685257187445, 0.0018661955103300288, 0.002276206032963899, 0.0022893356815250837, 0.003869034513997965, 0.003874297627943153, 3.522953964483183e-05, 3.51535176138702e-05, 9.062609723044885e-05, 9.064367611731045e-05, 3.357347577503302e-05, 3.347393000091613e-05, 0.0001514835593214862, 0.0001513965044601287, 4.218155678165093e-05, 4.2139878692877544e-05, 0.00019981304821919477, 0.00020011763443496743, 8.286756782063051e-05, 8.294997746801532e-05, 4.9147853823200444e-05, 4.924229661226096e-05, 0.0002257452848487318, 0.00022583240721490424, 6.338483848830377e-05, 6.389984259690993e-05, 0.00028947923187733606, 0.00028953190205501986, 9.73692981675538e-05, 9.756824622878054e-05, 0.0007548975396733442, 0.000755029833208872, 0.00012010360120577884, 0.00012037734055897603, 0.00013465937934062112, 0.00013453754955199812, 0.0001393762813524959, 0.00013931504532516443, 7.779229343879594e-05, 7.776313697465247e-05, 0.0001380746928353371, 0.00013829286091215833, 0.00014606875121665053, 0.00014538793315768803, 0.0001690264168351377, 0.00016896458732417437, 0.00014807199865562388, 0.00014833262566671656, 0.0001398481494958394, 0.00013985752606422854, 0.0001880291645147563, 0.00018806385590885164, 0.00013601147386224513, 0.00013585575236784838, 0.00014493631103435463, 0.00014468174202626738, 0.00011350732929186996, 0.00011352175921050504, 0.00010524550709454787, 0.00010517010335113331, 8.63945441793917e-05, 8.643329837363677e-05, 3.9909089468931734e-07, 3.865355683267442e-07, 6.126124603360929e-07, 6.124370978149839e-07, 1.2147500411864075e-06, 1.2123775758038534e-06, 7.501593365838048e-07, 7.335194728752696e-07, 3.399412057531764e-07, 3.567807350231616e-07, 8.734435060224185e-07, 9.440179351777017e-07, 1.4973706095462239e-06, 1.51497377903886e-06, 1.7255379279612412e-06, 1.4359954012340941e-06, 4.1299961248501337e-07, 5.002681782643559e-07, 2.084634690410623e-06, 1.8756786136238441e-06, 2.17693495970556e-06, 2.1902973654940435e-06, 1.4958125138217809e-06, 1.5122733477445198e-06, 5.721129447087836e-07, 4.999354542109251e-07, 2.1141199543395077e-06, 2.0976336600925275e-06, 5.727425120100239e-07, 5.589446968880912e-07, 2.520085223625609e-06, 2.3625602113500417e-06, 3.3239458978603623e-06, 3.3044180407788013e-06, 5.966120639951925e-07, 5.920377621395522e-07, 6.353453165275867e-07, 7.661027879489848e-07, 2.7686658469743973e-06, 2.740439353999985e-06, 1.092324867891223e-06, 1.1112073747256272e-06, 7.05696264205397e-07, 7.448888427509047e-07, 2.5849446751280697e-06, 2.6417773726214917e-06, 4.678749738633135e-06, 4.802810766727103e-06, 8.264364966475455e-07, 8.37859272268858e-07, 1.2646243593446578e-06, 1.2873762173716067e-06, 6.459434034965006e-07, 6.416297105898474e-07, 2.8942168125944085e-06, 2.9172255415001666e-06, 8.061239622499782e-07, 8.003839547454888e-07, 4.773572471193756e-06, 4.7862272514181275e-06, 1.3181547663020068e-06, 1.3145236214767062e-06, 8.608270287249118e-07, 8.635186676291696e-07, 2.8529588013338254e-06, 2.8831164339003352e-06, 1.3036423168436265e-06, 1.3017547746294175e-06, 1.6208910381266131e-06, 1.622326322784937e-06, 8.376396359265837e-07, 8.227160924009872e-07, 4.5935972258448975e-06, 4.584973707286037e-06, 8.80864163299013e-07, 9.210164822204209e-07, 1.3421482643866002e-06, 1.351397733672393e-06, 1.6782132722229795e-06, 1.6466058201913894e-06, 8.765924976529932e-07, 8.82166370061022e-07, 5.634164493544158e-06, 5.644173711814497e-06, 1.6506742284489074e-06, 1.6402548224861279e-06, 1.4659352530028377e-06, 1.4703992282666778e-06, 1.7569813292810117e-06, 1.759489702545388e-06, 1.3910976857117979e-06, 1.396506741726251e-06, 1.838107693554808e-06, 1.8257254401823375e-06, 2.1262911289404237e-06, 2.135095836173528e-06, 1.6500195764268586e-06, 1.6539230997574791e-06, 1.982981089011371e-06, 1.982287962127368e-06, 2.0548870790282497e-06, 2.0482031033946107e-06, 1.5728964351363364e-06, 1.5959694502804325e-06, 2.24585191811695e-06, 2.2512032745412235e-06, 1.9007994740288958e-06, 1.9028081557464146e-06, 1.9323863267081107e-06, 1.9303606745367983e-06, 1.5143067222663631e-06, 1.5151716679259908e-06, 2.2862595147743683e-08, 2.3058514063315083e-08, 2.9904840924030284e-08, 3.068040203240459e-08, 4.0066320302121094e-08, 3.8602565779721755e-08, 4.600449602171515e-08, 4.604869559983522e-08, 5.2479277027410134e-08, 5.2052489522651974e-08, 5.424647670799649e-08, 5.5416771292344325e-08, 8.478343458905291e-08, 8.520150692577474e-08, 6.231789357937288e-08, 6.284154358672142e-08, 7.891718094178951e-08, 7.842711276536717e-08, 3.171597391845242e-08, 3.168222777865503e-08, 1.080620820594945e-07, 1.0801670954029287e-07, 6.694417710929624e-08, 6.772219181550443e-08, 9.750994951560593e-08, 9.749910168510978e-08, 3.740713980398197e-08, 3.764191311156909e-08, 1.1797881543493701e-07, 1.1781232763426284e-07, 1.0147440981723364e-07, 1.0129507708014689e-07, 1.2792604043953216e-07, 1.278301818649457e-07, 1.9197660547199754e-07, 1.9267103402698833e-07, 1.193523582172776e-07, 1.1906243850838736e-07, 4.821994958644336e-08, 4.8292972234763935e-08, 1.231245830161446e-07, 1.234994041188641e-07, 4.50098984032748e-08, 4.4981757690806664e-08, 1.4445897267584906e-07, 1.445184909323117e-07, 4.722732875948701e-08, 4.743105883040213e-08, 1.5702846261225257e-07, 1.565591477792035e-07, 1.527458769893727e-07, 1.5285515972501054e-07, 2.1786203259700614e-07, 2.176442377289432e-07, 5.460152211214265e-08, 5.515731496618686e-08, 1.7772530144432325e-07, 1.7646065683420085e-07, 5.2871684012305275e-08, 5.310901628228927e-08, 1.7656008123695468e-07, 1.7626918397162202e-07, 2.796066124374315e-07, 2.787005954706421e-07, 5.002091178196401e-08, 5.0258787647324914e-08, 2.895783672219759e-07, 2.87248282099385e-07, 2.757467471064527e-07, 2.7598384873500336e-07, 6.564091069491494e-08, 6.527681655829101e-08, 6.78315654480326e-08, 6.771213443801567e-08, 1.883943831147682e-07, 1.871586955488658e-07, 1.0057038704220643e-07, 9.98322562747989e-08, 5.937727848119504e-08, 5.8674470619831894e-08, 3.277053626933768e-07, 3.268595895809563e-07, 6.180099751719578e-08, 6.169121914835837e-08, 3.0247313659586224e-07, 3.0168819488688676e-07, 7.140445333922645e-08, 7.14760232715134e-08, 1.0307840908764194e-07, 1.0329028635923531e-07, 7.752711389256628e-08, 7.784644161071512e-08, 1.8176677689170226e-07, 1.8197792868833444e-07, 6.294670889420224e-08, 6.346862218109352e-08, 3.488090572903538e-07, 3.4828130883227496e-07, 1.10783712928854e-07, 1.1069893895433647e-07, 2.8553949916066075e-07, 2.8571973494520987e-07, 1.1137502324035296e-07, 1.113982871435514e-07, 7.159170545780544e-08, 7.167721820618436e-08, 8.908488978849238e-08, 8.916225124598697e-08, 1.181189102572752e-07, 1.1791247197640137e-07, 5.98016589415364e-08, 5.978839658897177e-08, 3.1372011088691227e-07, 3.139836421633241e-07, 1.0466322011272041e-07, 1.0459618766935802e-07, 1.225807974914795e-07, 1.2255079981437237e-07, 7.256203005919029e-08, 7.261221578892239e-08, 2.4638843635386486e-07, 2.4670547530198817e-07, 1.0945651104050358e-07, 1.0911544042476521e-07, 1.1862100736414983e-07, 1.1867125379116478e-07, 6.214363790369262e-08, 6.239848560681071e-08, 1.0821588059918353e-07, 1.0829272247162978e-07, 1.2339507611866226e-07, 1.2340144513063403e-07, 9.456253161239714e-08, 9.446082262097984e-08, 1.21614643177797e-07, 1.2162042652916653e-07, 1.0189511066825399e-07, 1.0191309532214619e-07, 8.939011705470255e-08, 8.944875286563855e-08, 5.745484006008977e-10, 6.01431238148457e-10, 7.981433944863027e-10, 7.89297192578042e-10, 8.694355213519016e-10, 8.927721971632456e-10, 9.250277038597947e-10, 9.493033922212058e-10, 9.66456474336887e-10, 1.0289885906242681e-09, 