{"L": 12, "J": 0.016514967374464784, "B": 0.08257483687232392, "nit": 12, "init_state": "random computational-basis state", "energy_avg": -0.926307494295428, "energy_std": 0.07841608809180532, "gsf_avg": 0.6589206834677407, "gsf_std": 0.4182565994222632, "norm_check_samples": [1.0000557899475098, 1.0000560283660889, 1.0000566244125366, 1.0000567436218262, 1.0000563859939575, 1.0000566244125366, 1.0000555515289307, 1.0000566244125366, 1.0000567436218262, 1.0000566244125366, 1.0000572204589844, 1.0000561475753784, 1.0000566244125366, 1.0000557899475098, 1.0000571012496948, 1.0000572204589844, 1.0000560283660889, 1.0000563859939575, 1.0000571012496948, 1.000056505203247, 1.0000560283660889, 1.0000553131103516, 1.0000563859939575, 1.0000566244125366, 1.0000560283660889, 1.0000567436218262, 1.0000560283660889, 1.0000567436218262, 1.000056505203247, 1.0000571012496948, 1.0000556707382202, 1.0000568628311157, 1.000056266784668, 1.0000561475753784, 1.0000569820404053, 1.0000571012496948, 1.0000567436218262, 1.0000567436218262, 1.0000563859939575, 1.0000571012496948, 1.0000560283660889, 1.0000566244125366, 1.0000561475753784, 1.0000561475753784, 1.0000563859939575, 1.0000566244125366, 1.0000567436218262, 1.0000560283660889, 1.0000568628311157, 1.000056266784668, 1.0000567436218262, 1.0000560283660889, 1.000056505203247, 1.0000559091567993, 1.000056266784668, 1.0000568628311157, 1.0000557899475098, 1.0000569820404053, 1.0000559091567993, 1.0000572204589844, 1.0000579357147217, 1.000056505203247, 1.0000572204589844, 1.0000566244125366, 1.0000561475753784, 1.0000566244125366, 1.000056505203247, 1.0000556707382202, 1.0000554323196411, 1.0000550746917725, 1.000056266784668, 1.0000561475753784, 1.0000560283660889, 1.0000557899475098, 1.0000561475753784, 1.0000555515289307, 1.000057339668274, 1.0000555515289307, 1.0000572204589844, 1.0000547170639038, 1.0000559091567993, 1.000056266784668, 1.0000571012496948, 1.0000569820404053, 1.000056505203247, 1.0000566244125366, 1.0000566244125366, 1.0000568628311157, 1.0000556707382202, 1.0000568628311157, 1.0000561475753784, 1.000057339668274, 1.0000560283660889, 1.0000569820404053, 1.0000556707382202, 1.0000563859939575, 1.0000574588775635, 1.0000569820404053, 1.0000555515289307, 1.000056505203247, 1.0000555515289307, 1.0000569820404053, 1.0000545978546143, 1.0000567436218262, 1.0000563859939575, 1.0000569820404053, 1.0000559091567993, 1.0000574588775635, 1.0000560283660889, 1.0000559091567993, 1.0000561475753784, 1.000056266784668, 1.000057578086853, 1.0000568628311157, 1.0000566244125366, 1.0000569820404053, 1.0000557899475098, 1.0000561475753784, 1.0000563859939575, 1.000056266784668, 1.0000554323196411, 1.0000560283660889, 1.0000554323196411, 1.0000553131103516, 1.000056266784668, 1.0000566244125366, 1.0000559091567993, 1.0000554323196411, 1.0000563859939575, 1.0000566244125366, 1.0000555515289307, 1.0000553131103516, 1.000056505203247, 1.0000563859939575, 1.000056266784668, 1.0000555515289307, 1.0000555515289307, 1.000056266784668, 1.000056505203247, 1.0000567436218262, 1.0000574588775635, 1.000056505203247, 1.0000561475753784, 1.0000571012496948, 1.0000557899475098, 1.0000569820404053, 1.0000563859939575, 1.0000563859939575, 1.000056505203247, 1.0000569820404053, 1.0000567436218262, 1.000056266784668, 1.0000561475753784, 1.000056505203247, 1.0000559091567993, 1.000056505203247, 1.0000567436218262, 1.0000568628311157, 1.0000553131103516, 1.0000567436218262, 1.000056266784668, 1.0000553131103516, 1.000057339668274, 1.000056505203247, 1.0000569820404053, 1.0000566244125366, 1.0000569820404053, 1.000056266784668, 1.0000567436218262, 1.0000571012496948, 1.000056266784668, 1.000056505203247, 1.0000561475753784, 1.000057578086853, 1.0000563859939575, 1.000056505203247, 1.000056505203247, 1.0000568628311157, 1.000056266784668, 1.0000563859939575, 1.0000567436218262, 1.0000567436218262, 1.0000559091567993, 1.0000569820404053, 1.0000563859939575, 1.000056266784668, 1.0000557899475098, 1.0000569820404053, 1.0000563859939575, 1.0000557899475098, 1.0000561475753784, 1.0000563859939575, 1.0000566244125366, 1.0000566244125366, 1.000056505203247, 1.000056266784668, 1.0000568628311157, 1.000056505203247, 1.0000550746917725, 1.0000561475753784],