{"L": 12, "J": 0.08976334678684816, "B": 0.01795266935736963, "nit": 12, "init_state": "random computational-basis state", "energy_avg": -0.8975077912166727, "energy_std": 0.10004502731580482, "gsf_avg": 0.6205119091289955, "gsf_std": 0.39450176135118065, "norm_check_samples": [1.0000741481781006, 1.0000780820846558, 1.0000735521316528, 1.000073790550232, 1.0000721216201782, 1.0000711679458618, 1.0000733137130737, 1.0000722408294678, 1.0000776052474976, 1.0000755786895752, 1.000072956085205, 1.0000752210617065, 1.0000710487365723, 1.0000747442245483, 1.0000725984573364, 1.0000745058059692, 1.0000722408294678, 1.0000723600387573, 1.0000736713409424, 1.000072717666626, 1.0000756978988647, 1.0000741481781006, 1.0000709295272827, 1.0000728368759155, 1.000073790550232, 1.0000739097595215, 1.0000736713409424, 1.0000723600387573, 1.000070571899414, 1.0000741481781006, 1.0000733137130737, 1.0000721216201782, 1.0000779628753662, 1.000072717666626, 1.0000718832015991, 1.0000706911087036, 1.0000739097595215, 1.000074028968811, 1.0000725984573364, 1.0000790357589722, 1.0000746250152588, 1.000074863433838, 1.0000742673873901, 1.0000759363174438, 1.0000742673873901, 1.0000720024108887, 1.0000723600387573, 1.0000771284103394, 1.0000715255737305, 1.0000730752944946, 1.0000755786895752, 1.0000739097595215, 1.0000721216201782, 1.0000710487365723, 1.0000739097595215, 1.000074028968811, 1.000073790550232, 1.0000768899917603, 1.0000767707824707, 1.000073790550232, 1.0000754594802856, 1.000073790550232, 1.0000721216201782, 1.0000752210617065, 1.0000780820846558, 1.0000733137130737, 1.0000754594802856, 1.0000745058059692, 1.0000720024108887, 1.0000724792480469, 1.0000755786895752, 1.0000752210617065, 1.0000725984573364, 1.0000718832015991, 1.000076413154602, 1.000072717666626, 1.0000730752944946, 1.0000718832015991, 1.0000730752944946, 1.0000746250152588, 1.0000752210617065, 1.0000735521316528, 1.0000739097595215, 1.0000735521316528, 1.0000733137130737, 1.0000759363174438, 1.000073790550232, 1.0000736713409424, 1.000075340270996, 1.0000755786895752, 1.0000742673873901, 1.0000728368759155, 1.0000739097595215, 1.000074863433838, 1.0000725984573364, 1.0000734329223633, 1.0000736713409424, 1.0000739097595215, 1.0000721216201782, 1.000072956085205, 1.0000731945037842, 1.0000733137130737, 1.0000721216201782, 1.0000802278518677, 1.0000722408294678, 1.0000733137130737, 1.0000734329223633, 1.0000752210617065, 1.000075340270996, 1.000072717666626, 1.000074863433838, 1.000074028968811, 1.000072956085205, 1.0000728368759155, 1.0000739097595215, 1.0000720024108887, 1.0000720024108887, 1.0000736713409424, 1.000072956085205, 1.000075101852417, 1.0000725984573364, 1.0000742673873901, 1.0000773668289185, 1.0000743865966797, 1.0000746250152588, 1.0000722408294678, 1.000073790550232, 1.0000723600387573, 1.0000710487365723, 1.0000736713409424, 1.0000739097595215, 1.000074028968811, 1.0000735521316528, 1.0000746250152588, 1.0000736713409424, 1.0000746250152588, 1.000073790550232, 1.0000731945037842, 1.0000710487365723, 1.0000776052474976, 1.000075101852417, 1.000075340270996, 1.0000717639923096, 1.0000722408294678, 1.000075340270996, 1.0000730752944946, 1.0000746250152588, 1.000077247619629, 1.0000725984573364, 1.0000746250152588, 1.000077486038208, 1.0000735521316528, 1.0000725984573364, 1.0000758171081543, 1.0000786781311035, 1.000072717666626, 1.00007164478302, 1.0000741481781006, 1.000074028968811, 1.000073790550232, 1.0000733137130737, 1.0000735521316528, 1.000073790550232, 1.0000721216201782, 1.000074028968811, 1.0000734329223633, 1.0000743865966797, 1.0000723600387573, 1.000074028968811, 1.0000730752944946, 1.0000731945037842, 1.0000706911087036, 1.0000724792480469, 1.000073790550232, 1.0000723600387573, 1.0000717639923096, 1.0000710487365723, 1.0000767707824707, 1.0000730752944946, 1.0000742673873901, 1.0000709295272827, 1.0000743865966797, 1.000071406364441, 1.0000730752944946, 1.000072717666626, 1.000073790550232, 1.0000723600387573, 1.0000717639923096, 1.0000718832015991, 1.0000730752944946, 1.0000734329223633, 1.0000752210617065, 1.0000735521316528, 1.000073790550232, 1.000074863433838, 1.0000741481781006, 1.0000776052474976, 1.0000720024108887, 1.000071406364441, 1.000071406364441],