{"L": 14, "J": 0.014154003921436415, "B": 0.07077001960718207, "nit": 14, "init_state": "random computational-basis state", "energy_avg": -0.9334683561914361, "energy_std": 0.06533454668244806, "gsf_avg": 0.6484993790592003, "gsf_std": 0.4121568074387763, "norm_check_samples": [1.0000903606414795, 1.000090479850769, 1.0000909566879272, 1.0000905990600586, 1.0000898838043213, 1.0000896453857422, 1.0000914335250854, 1.0000895261764526, 1.000089406967163, 1.0000897645950317, 1.0000910758972168, 1.0000895261764526, 1.0000901222229004, 1.0000900030136108, 1.000089168548584, 1.0000903606414795, 1.0000884532928467, 1.000089168548584, 1.0000900030136108, 1.0000909566879272, 1.000091314315796, 1.0000895261764526, 1.00009024143219, 1.0000907182693481, 1.0000907182693481, 1.0000907182693481, 1.000091791152954, 1.0000896453857422, 1.0000900030136108, 1.0000903606414795, 1.0000903606414795, 1.0000903606414795, 1.0000896453857422, 1.0000903606414795, 1.000090479850769, 1.0000900030136108, 1.0000909566879272, 1.0000907182693481, 1.0000898838043213, 1.0000910758972168, 1.0000905990600586, 1.0000898838043213, 1.0000909566879272, 1.000089168548584, 1.000091314315796, 1.0000896453857422, 1.0000916719436646, 1.000089406967163, 1.0000895261764526, 1.00009024143219, 1.000091552734375, 1.0000911951065063, 1.000090479850769, 1.000090479850769, 1.0000885725021362, 1.0000900030136108, 1.0000900030136108, 1.0000901222229004, 1.00009024143219, 1.0000901222229004, 1.0000898838043213, 1.0000896453857422, 1.0000907182693481, 1.0000903606414795, 1.00009024143219, 1.0000901222229004, 1.000091314315796, 1.000091314315796, 1.0000901222229004, 1.0000890493392944, 1.000089168548584, 1.0000905990600586, 1.0000901222229004, 1.000089168548584, 1.0000897645950317, 1.0000907182693481, 1.0000916719436646, 1.0000888109207153, 1.00009024143219, 1.00009286403656, 1.0000898838043213, 1.00009024143219, 1.0000908374786377, 1.0000907182693481, 1.0000908374786377, 1.0000921487808228, 1.0000897645950317, 1.0000901222229004, 1.0000890493392944, 1.0000903606414795, 1.0000897645950317, 1.0000910758972168, 1.0000909566879272, 1.0000897645950317, 1.0000896453857422, 1.0000900030136108, 1.0000901222229004, 1.0000897645950317, 1.0000905990600586, 1.0000921487808228, 1.0000892877578735, 1.0000897645950317, 1.0000892877578735, 1.0000914335250854, 1.0000911951065063, 1.0000892877578735, 1.0000901222229004, 1.0000909566879272, 1.0000896453857422, 1.0000909566879272, 1.0000914335250854, 1.000091791152954, 1.000091314315796, 1.0000901222229004, 1.0000896453857422, 1.00009024143219, 1.0000898838043213, 1.0000884532928467, 1.0000897645950317, 1.000090479850769, 1.0000909566879272, 1.0000916719436646, 1.0000892877578735, 1.0000901222229004, 1.0000895261764526, 1.0000909566879272, 1.0000900030136108, 1.000090479850769, 1.0000908374786377, 1.0000910758972168, 1.0000908374786377, 1.00009024143219, 1.000089406967163, 1.000091314315796, 1.0000896453857422, 1.0000909566879272, 1.0000895261764526, 1.00009024143219, 1.00009024143219, 1.0000896453857422, 1.000091552734375, 1.0000884532928467, 1.000089168548584, 1.0000896453857422, 1.0000890493392944, 1.0000909566879272, 1.0000908374786377, 1.0000890493392944, 1.0000892877578735, 1.00009286403656, 1.000089168548584, 1.0000895261764526, 1.000089168548584, 1.000089168548584, 1.0000884532928467, 1.0000916719436646, 1.0000895261764526, 1.0000903606414795, 1.00009024143219, 1.0000903606414795, 1.0000916719436646, 1.0000889301300049, 1.0000892877578735, 1.0000890493392944, 1.0000908374786377, 1.0000903606414795, 1.000091791152954, 1.0000909566879272, 1.000091552734375, 1.0000910758972168, 1.0000896453857422, 1.0000910758972168, 1.0000895261764526, 1.0000908374786377, 1.000090479850769, 1.000091314315796, 1.0000914335250854, 1.0000908374786377, 1.0000901222229004, 1.0000905990600586, 1.0000885725021362, 1.0000919103622437, 1.0000901222229004, 1.0000908374786377, 1.000090479850769, 1.0000911951065063, 1.0000909566879272, 1.00009024143219, 1.0000889301300049, 1.0000892877578735, 1.0000896453857422, 1.0000901222229004, 1.0000919103622437, 1.0000903606414795, 1.0000933408737183, 1.0000903606414795, 1.000090479850769, 1.000089168548584, 1.0000903606414795, 1.0000909566879272],