{"L": 15, "J": 0.013209775668685178, "B": 0.06604887834342589, "nit": 15, "init_state": "random computational-basis state", "energy_avg": -0.9257389937213333, "energy_std": 0.06792393333889428, "gsf_avg": 0.5820276856175198, "gsf_std": 0.43280830007553833, "norm_check_samples": [1.0001124143600464, 1.0001122951507568, 1.0001130104064941, 1.0001112222671509, 1.0001107454299927, 1.0001107454299927, 1.000110387802124, 1.0001108646392822, 1.0001108646392822, 1.0001122951507568, 1.0001120567321777, 1.0001120567321777, 1.0001107454299927, 1.000112533569336, 1.0001105070114136, 1.000111699104309, 1.0001112222671509, 1.000111699104309, 1.0001122951507568, 1.0001120567321777, 1.0001119375228882, 1.000111699104309, 1.000111699104309, 1.0001119375228882, 1.000110149383545, 1.000113606452942, 1.0001121759414673, 1.0001112222671509, 1.000112533569336, 1.00011146068573, 1.0001126527786255, 1.0001109838485718, 1.0001120567321777, 1.000111699104309, 1.0001113414764404, 1.000113844871521, 1.0001131296157837, 1.0001120567321777, 1.0001112222671509, 1.0001122951507568, 1.0001121759414673, 1.0001130104064941, 1.0001112222671509, 1.0001109838485718, 1.000111699104309, 1.0001111030578613, 1.0001119375228882, 1.000111699104309, 1.0001115798950195, 1.0001100301742554, 1.000111699104309, 1.0001118183135986, 1.0001126527786255, 1.000111699104309, 1.0001111030578613, 1.00011146068573, 1.0001118183135986, 1.0001111030578613, 1.00011146068573, 1.0001121759414673, 1.0001112222671509, 1.0001120567321777, 1.0001121759414673, 1.0001111030578613, 1.0001115798950195, 1.0001106262207031, 1.0001109838485718, 1.000112533569336, 1.0001109838485718, 1.0001119375228882, 1.000111699104309, 1.0001107454299927, 1.0001105070114136, 1.0001112222671509, 1.0001122951507568, 1.0001105070114136, 1.0001121759414673, 1.0001108646392822, 1.0001124143600464, 1.0001112222671509, 1.0001128911972046, 1.0001120567321777, 1.0001112222671509, 1.000112533569336, 1.000111699104309, 1.00011146068573, 1.0001112222671509, 1.00011146068573, 1.0001120567321777, 1.000111699104309, 1.0001119375228882, 1.0001122951507568, 1.0001109838485718, 1.0001126527786255, 1.000111699104309, 1.0001126527786255, 1.0001124143600464, 1.0001113414764404, 1.0001102685928345, 1.0001130104064941, 1.0001108646392822, 1.000112771987915, 1.0001120567321777, 1.0001112222671509, 1.0001111030578613, 1.0001120567321777, 1.0001118183135986, 1.0001124143600464, 1.0001113414764404, 1.000111699104309, 1.0001121759414673, 1.000112533569336, 1.0001115798950195, 1.0001121759414673, 1.0001126527786255, 1.000111699104309, 1.00011146068573, 1.0001097917556763, 1.0001124143600464, 1.0001134872436523, 1.0001111030578613, 1.0001109838485718, 1.0001118183135986, 1.0001108646392822, 1.0001111030578613, 1.0001112222671509, 1.0001118183135986, 1.0001102685928345, 1.0001119375228882, 1.0001122951507568, 1.0001126527786255, 1.000110387802124, 1.0001126527786255, 1.0001113414764404, 1.000111699104309, 1.0001106262207031, 1.0001126527786255, 1.0001112222671509, 1.0001126527786255, 1.0001108646392822, 1.0001137256622314, 1.0001132488250732, 1.0001124143600464, 1.0001106262207031, 1.0001128911972046, 1.000111699104309, 1.0001118183135986, 1.00011146068573, 1.0001126527786255, 1.0001124143600464, 1.0001115798950195, 1.000113606452942, 1.0001119375228882, 1.0001112222671509, 1.0001100301742554, 1.0001130104064941, 1.00011146068573, 1.0001120567321777, 1.0001131296157837, 1.0001108646392822, 1.0001132488250732, 1.0001115798950195, 1.0001113414764404, 1.0001107454299927, 1.0001113414764404, 1.00011146068573, 1.0001111030578613, 1.0001120567321777, 1.0001112222671509, 1.000112771987915, 1.0001133680343628, 1.0001113414764404, 1.000110149383545, 1.0001120567321777, 1.0001130104064941, 1.0001120567321777, 1.0001107454299927, 1.0001126527786255, 1.000112771987915, 1.0001109838485718, 1.0001121759414673, 1.0001122951507568, 1.0001109838485718, 1.000111699104309, 1.000110149383545, 1.0001122951507568, 1.0001128911972046, 1.0001118183135986, 1.000110387802124, 1.0001107454299927, 1.000110149383545, 1.0001112222671509, 1.0001126527786255, 1.0001112222671509, 1.0001096725463867, 1.0001106262207031, 1.0001107454299927, 1.0001109838485718, 1.000112533569336, 1.0001124143600464],