{"L": 2, "J": 0.44721359549995826, "B": 0.44721359549995826, "nit": 2, "init_state": "random computational-basis state", "energy_avg": -0.6813341912563449, "energy_std": 0.07515764802553233, "gsf_avg": 0.6218657427612998, "gsf_std": 0.12494622242680091, "norm_check_samples": [0.9999996423721313, 0.9999997019767761, 0.9999995231628418, 0.9999993443489075, 0.9999994039535522, 0.9999995231628418, 0.9999993443489075, 0.9999995231628418, 0.9999995827674866, 0.9999997019767761, 0.9999995231628418, 0.9999997019767761, 0.9999994039535522, 0.9999995231628418, 0.9999994039535522, 0.9999995827674866, 0.9999995827674866, 0.9999995231628418, 0.9999994039535522, 0.9999997019767761, 0.9999996423721313, 0.9999994039535522, 0.9999995231628418, 0.9999996423721313, 0.9999995231628418, 0.9999994039535522, 0.9999995827674866, 0.9999995231628418, 0.9999996423721313, 0.9999996423721313, 0.9999995231628418, 0.9999995827674866, 0.9999996423721313, 0.9999994039535522, 0.9999995231628418, 0.9999996423721313, 0.9999994039535522, 0.9999996423721313, 0.9999994039535522, 0.9999995231628418, 0.9999994039535522, 0.9999995231628418, 0.9999997019767761, 0.9999994039535522, 0.9999995231628418, 0.9999997019767761, 0.9999996423721313, 0.9999997019767761, 0.9999995231628418, 0.9999995827674866, 0.9999994039535522, 0.9999997019767761, 0.9999996423721313, 0.9999995231628418, 0.999999463558197, 0.9999996423721313, 0.9999995231628418, 0.9999995231628418, 0.9999997019767761, 0.9999994039535522, 0.9999995231628418, 0.999999463558197, 0.9999996423721313, 0.9999993443489075, 0.9999995231628418, 0.9999995231628418, 0.9999995231628418, 0.9999996423721313, 0.9999997019767761, 0.9999996423721313, 0.9999996423721313, 0.9999997019767761, 0.9999994039535522, 0.9999993443489075, 0.9999994039535522, 0.9999995231628418, 0.9999996423721313, 0.9999995827674866, 0.9999995827674866, 0.9999994039535522, 0.9999994039535522, 0.9999996423721313, 0.9999996423721313, 0.9999995827674866, 0.9999995231628418, 0.9999995231628418, 0.9999996423721313, 0.9999994039535522, 0.9999995231628418, 0.9999996423721313, 0.9999996423721313, 0.9999994039535522, 0.9999995827674866, 0.9999993443489075, 0.999999463558197, 0.9999995231628418, 0.9999995827674866, 0.9999994039535522, 0.9999995231628418, 0.9999994039535522, 0.9999997019767761, 0.999999463558197, 0.9999996423721313, 0.9999995827674866, 0.9999994039535522, 0.9999994039535522, 0.9999997019767761, 0.9999995231628418, 0.9999996423721313, 0.9999995827674866, 0.9999993443489075, 0.9999995827674866, 0.9999996423721313, 0.9999994039535522, 0.9999997019767761, 0.9999996423721313, 0.9999995827674866, 0.9999994039535522, 0.9999993443489075, 0.9999995827674866, 0.9999994039535522, 0.9999997019767761, 0.9999995231628418, 0.9999993443489075, 0.9999995231628418, 0.9999997019767761, 0.9999994039535522, 0.9999995827674866, 0.9999994039535522, 0.9999995231628418, 0.9999997019767761, 0.9999995827674866, 0.9999996423721313, 0.9999995827674866, 0.9999994039535522, 0.9999997019767761, 0.9999997019767761, 0.9999995231628418, 0.9999995827674866, 0.9999994039535522, 0.9999995231628418, 0.9999994039535522, 0.999999463558197, 0.9999997019767761, 0.9999996423721313, 0.9999995231628418, 0.9999996423721313, 0.9999994039535522, 0.9999995231628418, 0.9999993443489075, 0.9999997019767761, 0.9999995231628418, 0.9999994039535522, 0.999999463558197, 0.9999994039535522, 0.9999994039535522, 0.9999994039535522, 0.9999998211860657, 0.9999993443489075, 0.9999994039535522, 0.9999994039535522, 0.999999463558197, 0.9999996423721313, 0.9999995827674866, 0.9999996423721313, 0.9999993443489075, 0.9999997019767761, 0.9999996423721313, 0.9999995827674866, 0.9999993443489075, 0.9999996423721313, 0.9999993443489075, 0.9999997019767761, 0.9999995231628418, 0.9999997019767761, 0.9999997019767761, 0.9999997019767761, 0.9999995231628418, 0.9999995827674866, 0.9999996423721313, 0.9999995231628418, 0.9999997019767761, 0.9999996423721313, 0.9999997019767761, 0.9999996423721313, 0.9999996423721313, 0.9999995231628418, 0.9999994039535522, 0.9999997019767761, 0.9999993443489075, 0.9999996423721313, 0.9999997019767761, 0.9999995231628418, 0.9999997019767761, 0.9999997019767761, 0.9999995231628418, 0.9999995231628418, 0.9999997019767761, 0.9999997019767761, 0.9999995231628418],