{"L": 4, "J": 0.21013831273060335, "B": 0.21013831273060335, "nit": 4, "init_state": "random computational-basis state", "energy_avg": -0.6922120445956697, "energy_std": 0.10750945509860632, "gsf_avg": 0.43600647254280894, "gsf_std": 0.23721212839257544, "norm_check_samples": [0.9999967217445374, 0.999996542930603, 0.9999961256980896, 0.9999967217445374, 0.9999966025352478, 0.9999968409538269, 0.9999962449073792, 0.9999970197677612, 0.9999967217445374, 0.9999967813491821, 0.9999968409538269, 0.999996542930603, 0.9999967217445374, 0.9999969005584717, 0.9999966621398926, 0.9999967217445374, 0.9999967217445374, 0.9999966025352478, 0.9999964237213135, 0.9999966621398926, 0.9999963045120239, 0.9999969005584717, 0.9999970197677612, 0.9999967217445374, 0.9999968409538269, 0.9999967813491821, 0.9999967813491821, 0.9999968409538269, 0.9999968409538269, 0.9999967813491821, 0.999996542930603, 0.9999966025352478, 0.9999964833259583, 0.9999967813491821, 0.9999968409538269, 0.9999967813491821, 0.9999967217445374, 0.9999964833259583, 0.9999967813491821, 0.999996542930603, 0.999997079372406, 0.9999974370002747, 0.9999968409538269, 0.9999964833259583, 0.9999963641166687, 0.9999968409538269, 0.9999967217445374, 0.9999967217445374, 0.9999967217445374, 0.9999967813491821, 0.9999969601631165, 0.9999967217445374, 0.999996542930603, 0.9999963641166687, 0.9999967813491821, 0.9999966025352478, 0.9999966621398926, 0.999996542930603, 0.9999969601631165, 0.9999964833259583, 0.9999964833259583, 0.9999964237213135, 0.9999964237213135, 0.9999969601631165, 0.9999964833259583, 0.9999968409538269, 0.9999969005584717, 0.9999966025352478, 0.9999967813491821, 0.9999966621398926, 0.9999969005584717, 0.9999971389770508, 0.9999964833259583, 0.9999969005584717, 0.999996542930603, 0.999996542930603, 0.9999967813491821, 0.9999966025352478, 0.9999968409538269, 0.9999968409538269, 0.9999969601631165, 0.9999967217445374, 0.999996542930603, 0.9999966025352478, 0.9999967217445374, 0.9999967217445374, 0.9999964237213135, 0.9999967217445374, 0.9999964237213135, 0.999996542930603, 0.9999968409538269, 0.9999964833259583, 0.9999970197677612, 0.9999967217445374, 0.9999967217445374, 0.999996542930603, 0.9999971389770508, 0.9999961256980896, 0.9999969601631165, 0.9999967217445374, 0.9999967217445374, 0.9999963641166687, 0.9999969601631165, 0.999996542930603, 0.9999969005584717, 0.9999960064888, 0.9999971389770508, 0.9999970197677612, 0.9999968409538269, 0.9999966025352478, 0.999996542930603, 0.9999964237213135, 0.9999964833259583, 0.9999961853027344, 0.9999967217445374, 0.9999961853027344, 0.9999966621398926, 0.9999969601631165, 0.9999964833259583, 0.9999968409538269, 0.9999966621398926, 0.9999970197677612, 0.9999963045120239, 0.9999963045120239, 0.9999961853027344, 0.9999962449073792, 0.9999964237213135, 0.9999968409538269, 0.9999970197677612, 0.9999969601631165, 0.9999964833259583, 0.9999969005584717, 0.9999968409538269, 0.9999964833259583, 0.9999967813491821, 0.9999960660934448, 0.9999966621398926, 0.9999969005584717, 0.9999966621398926, 0.9999968409538269, 0.9999963641166687, 0.9999963641166687, 0.9999968409538269, 0.9999964833259583, 0.9999969601631165, 0.9999964237213135, 0.9999968409538269, 0.9999967813491821, 0.9999966025352478, 0.9999964833259583, 0.9999966621398926, 0.9999962449073792, 0.9999964833259583, 0.9999963045120239, 0.9999966025352478, 0.9999969601631165, 0.9999963045120239, 0.9999966025352478, 0.9999963045120239, 0.9999968409538269, 0.9999966025352478, 0.9999964833259583, 0.9999966621398926, 0.999996542930603, 0.9999969601631165, 0.9999968409538269, 0.9999967217445374, 0.9999962449073792, 0.9999968409538269, 0.999996542930603, 0.9999966621398926, 0.9999963641166687, 0.9999966025352478, 0.9999967813491821, 0.9999962449073792, 0.9999963641166687, 0.9999964833259583, 0.9999969601631165, 0.999997079372406, 0.9999967217445374, 0.999996542930603, 0.9999964833259583, 0.999996542930603, 0.9999964237213135, 0.9999964833259583, 0.9999968409538269, 0.9999967217445374, 0.9999963641166687, 0.999997079372406, 0.9999966621398926, 0.9999970197677612, 0.9999964833259583, 0.9999963045120239, 0.9999966025352478, 0.9999971389770508, 0.9999968409538269, 0.9999968409538269, 0.999997079372406, 0.9999964237213135, 0.9999968409538269],