{"L": 5, "J": 0.03968214607433024, "B": 0.1984107303716512, "nit": 5, "init_state": "random computational-basis state", "energy_avg": -0.9343392884616296, "energy_std": 0.12108236698279619, "gsf_avg": 0.8549718874773032, "gsf_std": 0.31609355536645745, "norm_check_samples": [1.0000032186508179, 1.000003457069397, 1.0000035762786865, 1.0000038146972656, 1.0000033378601074, 1.0000035762786865, 1.0000035762786865, 1.0000038146972656, 1.000003695487976, 1.0000033378601074, 1.000003457069397, 1.0000035762786865, 1.0000038146972656, 1.0000041723251343, 1.0000035762786865, 1.000003457069397, 1.0000038146972656, 1.0000030994415283, 1.0000040531158447, 1.000003695487976, 1.0000033378601074, 1.0000038146972656, 1.0000038146972656, 1.0000033378601074, 1.000003457069397, 1.000003457069397, 1.0000035762786865, 1.0000033378601074, 1.0000033378601074, 1.0000033378601074, 1.000003457069397, 1.0000040531158447, 1.0000033378601074, 1.000003695487976, 1.0000033378601074, 1.0000033378601074, 1.0000039339065552, 1.000003457069397, 1.0000035762786865, 1.0000038146972656, 1.0000039339065552, 1.0000035762786865, 1.000003457069397, 1.000003457069397, 1.0000035762786865, 1.0000032186508179, 1.0000038146972656, 1.0000035762786865, 1.0000035762786865, 1.0000033378601074, 1.0000040531158447, 1.0000035762786865, 1.0000030994415283, 1.0000035762786865, 1.0000035762786865, 1.0000032186508179, 1.0000035762786865, 1.0000039339065552, 1.0000035762786865, 1.000003457069397, 1.0000032186508179, 1.0000032186508179, 1.0000035762786865, 1.0000033378601074, 1.0000039339065552, 1.0000032186508179, 1.0000033378601074, 1.0000035762786865, 1.000003695487976, 1.0000038146972656, 1.0000033378601074, 1.000003457069397, 1.000003695487976, 1.0000029802322388, 1.0000030994415283, 1.000003457069397, 1.000003457069397, 1.0000029802322388, 1.0000029802322388, 1.0000032186508179, 1.000003695487976, 1.000003457069397, 1.0000035762786865, 1.0000030994415283, 1.0000032186508179, 1.0000030994415283, 1.0000035762786865, 1.000003457069397, 1.000003457069397, 1.000003695487976, 1.0000038146972656, 1.0000030994415283, 1.0000035762786865, 1.000003695487976, 1.0000038146972656, 1.000003695487976, 1.0000035762786865, 1.0000035762786865, 1.0000029802322388, 1.0000035762786865, 1.0000039339065552, 1.0000033378601074, 1.0000035762786865, 1.0000030994415283, 1.0000033378601074, 1.000003695487976, 1.0000033378601074, 1.0000032186508179, 1.000003457069397, 1.0000038146972656, 1.000003457069397, 1.0000038146972656, 1.0000035762786865, 1.0000039339065552, 1.0000033378601074, 1.000003457069397, 1.0000033378601074, 1.0000032186508179, 1.0000033378601074, 1.0000038146972656, 1.000003457069397, 1.0000038146972656, 1.0000038146972656, 1.000003457069397, 1.0000032186508179, 1.0000035762786865, 1.0000033378601074, 1.0000035762786865, 1.0000032186508179, 1.0000033378601074, 1.0000032186508179, 1.000003695487976, 1.0000038146972656, 1.0000035762786865, 1.0000032186508179, 1.0000029802322388, 1.0000033378601074, 1.0000035762786865, 1.0000035762786865, 1.000003695487976, 1.0000038146972656, 1.0000035762786865, 1.0000035762786865, 1.0000035762786865, 1.0000033378601074, 1.0000035762786865, 1.0000035762786865, 1.000003457069397, 1.000003695487976, 1.0000035762786865, 1.0000033378601074, 1.000003695487976, 1.0000038146972656, 1.0000035762786865, 1.0000038146972656, 1.0000039339065552, 1.0000033378601074, 1.0000033378601074, 1.000003457069397, 1.0000041723251343, 1.0000035762786865, 1.0000033378601074, 1.000003457069397, 1.0000035762786865, 1.000003457069397, 1.000003457069397, 1.0000035762786865, 1.0000032186508179, 1.0000032186508179, 1.000003695487976, 1.0000033378601074, 1.0000035762786865, 1.0000039339065552, 1.000003695487976, 1.0000029802322388, 1.0000040531158447, 1.000003695487976, 1.0000033378601074, 1.000003457069397, 1.0000038146972656, 1.0000033378601074, 1.0000038146972656, 1.0000038146972656, 1.000003457069397, 1.0000029802322388, 1.0000033378601074, 1.0000035762786865, 1.000003695487976, 1.0000032186508179, 1.0000033378601074, 1.0000033378601074, 1.0000035762786865, 1.0000033378601074, 1.0000038146972656, 1.0000029802322388, 1.0000033378601074, 1.000003457069397, 1.0000032186508179, 1.0000033378601074, 1.0000039339065552],