{"L": 11, "J": 0.09871298654195385, "B": 0.01974259730839077, "K": 10, "init_state": "random computational-basis state", "energy_avg": -0.9338416587627288, "energy_std": 0.088046966669583, "gsf_avg": 0.7294747099770812, "gsf_std": 0.3435925607662809, "norm_check_samples": [0.9991103410720825, 0.9989954233169556, 0.9993175864219666, 0.9991949796676636, 0.9995152354240417, 0.999340832233429, 0.9994420409202576, 0.9994949698448181, 0.9995975494384766, 0.9991527199745178, 0.9995141625404358, 0.9992992281913757, 0.9994878768920898, 0.9991851449012756, 0.9988647103309631, 0.9993406534194946, 0.9996431469917297, 0.9990996718406677, 0.9989792108535767, 0.9991695880889893, 0.9992266297340393, 0.9989806413650513, 0.9994125962257385, 0.9992715716362, 0.9989798069000244, 0.999357283115387, 0.9991552233695984, 0.9991055727005005, 0.9991998672485352, 0.9989630579948425, 0.999163031578064, 0.9995782971382141, 0.9990112781524658, 0.9992270469665527, 0.999159574508667, 0.998780369758606, 0.9992761611938477, 0.9994630813598633, 0.9995225071907043, 0.9993835091590881, 0.9993242025375366, 0.9994370937347412, 0.9992234706878662, 0.9991987347602844, 0.9991745948791504, 0.9992881417274475, 0.9994053244590759, 0.9994454383850098, 0.999388575553894, 0.99940425157547, 0.9990156292915344, 0.9993796348571777, 0.9993305206298828, 0.999160647392273, 0.999221920967102, 0.9992228746414185, 0.9992231130599976, 0.9995260834693909, 0.9996562600135803, 0.9989820122718811, 0.9993168711662292, 0.9990774393081665, 0.9993801116943359, 0.9991163611412048, 0.9992154240608215, 0.9993043541908264, 0.9992969036102295, 0.999107301235199, 0.9991744160652161, 0.9989926815032959, 0.9994188547134399, 0.9993975758552551, 0.9987697601318359, 0.9993746280670166, 0.9992996454238892, 0.999618649482727, 0.9994726181030273, 0.9991241693496704, 0.9992465972900391, 0.9991909861564636, 0.9992967844009399, 0.999675452709198, 0.9993768334388733, 0.9994313716888428, 0.9994519948959351, 0.9991582632064819, 0.9993157982826233, 0.9989394545555115, 0.9993501305580139, 0.9992830157279968, 0.9992251396179199, 0.9992755055427551, 0.9992815852165222, 0.9992470741271973, 0.9993274807929993, 0.9990769624710083, 0.9994722604751587, 0.9994484782218933, 0.9995800256729126, 0.9989318251609802], "energy_samples": [-0.9947130466767128, -0.9904091420272204, -0.9979393759128947, -0.9827552902341599, -0.9977252236889341, -0.989527979590053, -0.7863654305119973, -0.8803745232906013, -0.9899902758232035, -0.8081535283087374, -0.9868693368713048, -0.8044695956889186, -0.9944071312621242, -0.9398434870820204, -0.9698432686759345, -0.7874951940704131, -0.8790166900772861, -0.9963081560040432, -0.8727154599120972, -0.9962005462912482, -0.8833641490696084, -0.9911636741208093, -0.9863313389600167, -0.9962997630530327, -0.9979707870870819, -0.9891849341427517, -0.9980771680634017, -0.7859894290302961, -0.5845086624368695, -0.9906098408249011, -0.9866082271101799, -0.7161384261611785, -0.9731823973718293, -0.9737636511773847, -0.9816323821781444, -0.8423984202857572, -0.7854353169674719, -0.9792892496905317, -0.9928438840678177, -0.9756721780355605, -0.9985109194802807, -0.9961501994032964, -0.819815529979608, -0.8488198214069336, -0.8037078221073037, -0.9596759818597068, -0.9964284315649385, -0.7907472473545322, -0.9982217218763532, -0.9715092811714465, -0.8230734356396779, -0.9794536525258634, -0.8051754064463954, -0.9940536899254794, -0.9395709750998856, -0.9983885857544814, -0.8081888608442881, -0.9957993060715538, -0.9626716031371386, -0.9790822115352786, -0.7312833017158954, -0.8061608112571994, -0.8714488354661777, -0.9924175960322233, -0.9926176851599203, -0.997552291362206, -0.9790107336705158, -0.9948869534912693, -0.9431408011373152, -0.9466521949148923, -0.878816833785985, -0.988126007119166, -0.7972558130167409, -0.9858437535218761, -0.99830282524072, -0.6959015285530893, -0.9868851344742782, -0.9118877428615694, -0.7974774341046369, -0.9875707370414848, -0.9431715869209204, -0.9962102137093307, -0.9876437905310855, -0.9891020960529294, -0.9969985577275481, -0.9724474164433916, -0.9755998347556755, -0.9941948311472649, -0.978194024714745, -0.9868384617106208, -0.9332476792075952, -0.9935557962878333, -0.9945419821935043, -0.9916446256394083, -0.9981576948820677, -0.996665680327725, -0.9898242572596151, -0.8720457537701936, -0.9911902552887957, -0.9950210787565099], "gsf_samples": [0.9828354810163547, 0.9673619834375763, 0.9921200648826581, 0.9161462631832693, 0.9909425271686559, 0.9527748623296045, 0.07173249837521864, 0.5344734033920604, 0.958231459096428, 0.45189408136134745, 0.943655412018556, 0.11494778673745787, 0.9828667135420279, 0.6795925399074069, 0.8880108645577648, 0.07036745557647546, 0.2826323570324653, 0.984373506733344, 0.43782291057657813, 0.9878256971719528, 0.6350798812734847, 0.967077855282726, 0.9406118944922881, 0.9842229989646111, 0.9928100801071089, 0.9601515600839061, 0.9933107514875517, 0.015915087690430547, 0.06347395493531978, 0.9514710723788776, 0.9369502376512845, 0.023355078232623817, 0.901095532498029, 0.8859446049070397, 0.9298738004577782, 0.2548017890285125, 0.2455077043502869, 0.893345255156665, 0.9667644532913936, 0.8675894653220151, 0.9954902021493484, 0.9858489711603764, 0.08292123898084976, 0.3429623787721008, 0.03691603496815191, 0.7918086481805526, 0.9862146311316894, 0.08562007118708248, 0.9938690773929896, 0.8908456295819023, 0.18884173147698574, 0.9225542924334544, 0.07693500951647378, 0.9717508473071216, 0.7238658180643948, 0.9949345553301977, 0.18210123906734973, 0.9807646919552154, 0.8390535595763251, 0.9389672542153141, 0.09033307995072049, 0.3030683665361894, 0.3392947310634094, 0.974497449958755, 0.9729115670054188, 0.990402697614255, 0.9401108328815477, 0.9766724552075505, 0.7406913586049269, 0.7553059626761359, 0.6380972626533722, 0.9574334173400099, 0.017202868959974207, 0.9603663769629504, 0.9945114652114603, 0.007209176198549495, 0.9501035888636646, 0.5146424048122693, 0.036365923726115135, 0.9456913971543041, 0.7529839177204039, 0.9851296104944828, 0.9546580830045608, 0.950200270148737, 0.9881813475608425, 0.8755700310899265, 0.9312895181017836, 0.977784146361441, 0.8979621273505987, 0.926699504314631, 0.7776149861860628, 0.9736220926544404, 0.9752740259405064, 0.9632761424903807, 0.9936750498487154, 0.986459748541978, 0.9525178311090994, 0.42854639598815225, 0.9590933203780264, 0.9797936569047633]}