{"L": 12, "J": 0.016514967374464822, "B": 0.08257483687232411, "K": 5, "init_state": "random computational-basis state", "energy_avg": -0.9867971945916395, "energy_std": 0.04270642936560333, "gsf_avg": 0.9328963320726683, "gsf_std": 0.23617767717658433, "norm_check_samples": [1.005092978477478, 1.0051074028015137, 1.0051052570343018, 1.005081295967102, 1.005096673965454, 1.005075454711914, 1.005053997039795, 1.005115270614624, 1.0050818920135498, 1.0050650835037231, 1.0050545930862427, 1.0048974752426147, 1.0050957202911377, 1.0050662755966187, 1.0050508975982666, 1.0050796270370483, 1.005061149597168, 1.0050678253173828, 1.0050723552703857, 1.0051026344299316, 1.005096197128296, 1.0050926208496094, 1.0051003694534302, 1.0050770044326782, 1.005104660987854, 1.005100965499878, 1.0051064491271973, 1.005062222480774, 1.0051096677780151, 1.0051151514053345, 1.005072832107544, 1.0050486326217651, 1.0050756931304932, 1.0050972700119019, 1.0050969123840332, 1.005147099494934, 1.005100965499878, 1.0051227807998657, 1.0051409006118774, 1.0051651000976562, 1.0050920248031616, 1.0050957202911377, 1.005082368850708, 1.005056381225586, 1.005119800567627, 1.0051178932189941, 1.0050667524337769, 1.0050734281539917, 1.0050997734069824, 1.0051116943359375, 1.0049985647201538, 1.0050804615020752, 1.005112886428833, 1.0050503015518188, 1.0051028728485107, 1.0050872564315796, 1.0051225423812866, 1.0050710439682007, 1.005104899406433, 1.005091667175293, 1.0050708055496216, 1.005110263824463, 1.0050970315933228, 1.0050605535507202, 1.005028486251831, 1.0049701929092407, 1.005109429359436, 1.005104660987854, 1.005075454711914, 1.0050982236862183, 1.0050383806228638, 1.0050296783447266, 1.005035638809204, 1.0050528049468994, 1.005054235458374, 1.0050657987594604, 1.00510835647583, 1.0051263570785522, 1.005090594291687, 1.005101203918457, 1.0050629377365112, 1.0050618648529053, 1.0050779581069946, 1.0050963163375854, 1.0050855875015259, 1.0050503015518188, 1.0050846338272095, 1.0051122903823853, 1.0050643682479858, 1.0050913095474243, 1.0050405263900757, 1.0050671100616455, 1.0051138401031494, 1.0050888061523438, 1.0050463676452637, 1.005094051361084, 1.0050716400146484, 1.0050859451293945, 1.0050792694091797, 1.0050740242004395], "energy_samples": [-0.9983615271057631, -0.9983897778689097, -0.9974300179357558, -0.9986436213931208, -0.9936522322062389, -0.9983970552348744, -0.9982271741746556, -0.9983630043742128, -0.8203263756663797, -0.8138936225004265, -0.9973515837685714, -0.9436236219067838, -0.9983790730236333, -0.9983631999969016, -0.998372360295591, -0.9982995788100759, -0.9983618569812608, -0.9983597994969785, -0.9984594693771077, -0.998422384554142, -0.9984190420792386, -0.9983199561526223, -0.9983737179809442, -0.9983599684464625, -0.9983714952018677, -0.9984551996434441, -0.9983623497948937, -0.9982159956090955, -0.9983623804684525, -0.9983625675608859, -0.9984321087085026, -0.997763600436779, -0.9983629449379385, -0.9983426890112068, -0.9983970461886295, -0.9984270493821239, -0.9983567842011297, -0.9985082984575231, -0.9983520480435275, -0.9979043213008354, -0.9983990264044676, -0.9983630699566678, -0.9984560811105478, -0.9983765086391884, -0.9985700985298215, -0.998362845735013, -0.9983587791669315, -0.9983457993204302, -0.9984326036934086, -0.9983630781888843, -0.9969725968870977, -0.9983625892479061, -0.9983568962256132, -0.998580311220524, -0.998362059266585, -0.9983940663550233, -0.9983593392419732, -0.9983540953074173, -0.9983340892530983, -0.9983657891532645, -0.9984438756095986, -0.9984745054552804, -0.9976204232973369, -0.9983678267180089, -0.8284188822226864, -0.7975043460014906, -0.9982952016573039, -0.9983241271657632, -0.9983342187888686, -0.9983717846727388, -0.9983541794493879, -0.8175556049580839, -0.9840492697106967, -0.9983078000689718, -0.9981473608755393, -0.9981919377285443, -0.9983600980779193, -0.9962877020121302, -0.9983627545462794, -0.9983631149206957, -0.9983085664652376, -0.9953329686504946, -0.9983628816796694, -0.9984290303648505, -0.9984748641547472, -0.998362548944262, -0.9983628194929841, -0.9983687938673318, -0.9984337066056777, -0.9982601990272217, -0.998455716453831, -0.9983617036212935, -0.8406511632667861, -0.998363013981078, -0.998432157659075, -0.9983692650422963, -0.9966971880760449, -0.9983628007420261, -0.9981786901925818, -0.998419743757775], "gsf_samples": [0.9949502852844156, 0.9950285709676564, 0.991606012364593, 0.995750330302709, 0.9814718967153273, 0.994963259115258, 0.9942724546799797, 0.9949575784601927, 7.173925729986457e-06, 1.2799283080008422e-06, 0.9922409842063925, 0.8457748531812503, 0.9949920981460886, 0.9949583969218198, 0.9949829833408228, 0.9946243177818581, 0.994940328590478, 0.9949477457746669, 0.9952152415259009, 0.9951074863495072, 0.9950997444578936, 0.9948289661908626, 0.9949873604507928, 0.9949487001352156, 0.9949800279934642, 0.9952150290929048, 0.9949556967919225, 0.9945366720346284, 0.9949560963836284, 0.9949576298988656, 0.9951460945781446, 0.9933490465384348, 0.994958077997284, 0.9948519480439371, 0.9950362522286644, 0.9951301759431337, 0.9949396828685586, 0.995353286183331, 0.9949304295906877, 0.9935797746650555, 0.9950482634410446, 0.9949544010915203, 0.9952012209151584, 0.994991447045995, 0.99555003628995, 0.9949577551381861, 0.9949464082119137, 0.9949134036141573, 0.9951545683192861, 0.9949584244601931, 0.9908536692115311, 0.9949581837204984, 0.99492761817881, 0.9955590210432168, 0.99495319602018, 0.9950412293600915, 0.9949486429364404, 0.9949343759817323, 0.9948714346119387, 0.99496571528803, 0.9951803906654144, 0.9952414839848417, 0.9929652507650736, 0.9949708595097008, 1.35536884863023e-05, 0.00026915082006684864, 0.9947737619572722, 0.9948516375883463, 0.9948732765375902, 0.9949813178247106, 0.9949340419231533, 0.00012137596798613414, 0.9533997629021081, 0.9947776865747004, 0.9936946461595213, 0.9944417958954576, 0.9949455668871897, 0.9891395064209417, 0.9949570207555989, 0.9949583982957538, 0.9947627373170775, 0.9868486954591834, 0.9949581123563312, 0.9951371599080442, 0.9952690472610489, 0.9949566529610272, 0.9949579481287631, 0.9949738588437052, 0.995152182962364, 0.994686811807361, 0.9951965846898959, 0.9949509325228001, 3.4166293196057562e-06, 0.9949575183011047, 0.9951332981085246, 0.9949775816518914, 0.9904642504895317, 0.9949576112390166, 0.9944719604661503, 0.9951033765295066]}