{"L": 12, "J": 0.06699731579516105, "B": 0.06699731579516105, "K": 5, "init_state": "random computational-basis state", "energy_avg": -0.9325373158382727, "energy_std": 0.0631233844433347, "gsf_avg": 0.504096278358692, "gsf_std": 0.43009898514977635, "norm_check_samples": [1.0008037090301514, 1.0008991956710815, 1.0009217262268066, 1.0009148120880127, 1.000892162322998, 1.0008515119552612, 1.0007702112197876, 1.0008305311203003, 1.0009315013885498, 1.0008124113082886, 1.000802993774414, 1.0008808374404907, 1.0010401010513306, 1.0009551048278809, 1.0009362697601318, 1.0009994506835938, 1.0008530616760254, 1.0008128881454468, 1.0007927417755127, 1.000856637954712, 1.0008833408355713, 1.000916600227356, 1.0008333921432495, 1.0008857250213623, 1.0008288621902466, 1.000905156135559, 1.0009371042251587, 1.0009199380874634, 1.000917673110962, 1.0008805990219116, 1.0007100105285645, 1.0007203817367554, 1.000830054283142, 1.0008556842803955, 1.0008065700531006, 1.0007771253585815, 1.0007860660552979, 1.0009132623672485, 1.0008386373519897, 1.0006916522979736, 1.00070321559906, 1.0010141134262085, 1.0008176565170288, 1.0009723901748657, 1.0009180307388306, 1.000929594039917, 1.0008983612060547, 1.0009759664535522, 1.0008673667907715, 1.0009340047836304, 1.0007227659225464, 1.000874638557434, 1.0008573532104492, 1.000880479812622, 1.0009046792984009, 1.000916600227356, 1.0008962154388428, 1.0008915662765503, 1.0007356405258179, 1.000773549079895, 1.0008240938186646, 1.0009573698043823, 1.0008398294448853, 1.0007696151733398, 1.0006897449493408, 1.0008832216262817, 1.0008509159088135, 1.000964879989624, 1.000946044921875, 1.0009098052978516, 1.0008294582366943, 1.000913381576538, 1.0009568929672241, 1.0008820295333862, 1.000851035118103, 1.0008825063705444, 1.0007771253585815, 1.0008295774459839, 1.0008559226989746, 1.0008260011672974, 1.000915765762329, 1.0009616613388062, 1.0010359287261963, 1.0008128881454468, 1.000747799873352, 1.0008552074432373, 1.0009236335754395, 1.000820517539978, 1.0007795095443726, 1.0009516477584839, 1.0009101629257202, 1.0008481740951538, 1.0009115934371948, 1.0008625984191895, 1.00076425075531, 1.000991702079773, 1.0007282495498657, 1.0009517669677734, 1.000741958618164, 1.0009859800338745], "energy_samples": [-0.9952164696224899, -0.9880327945841323, -0.9983123929865797, -0.9559390643672669, -0.9170967927679214, -0.9974710154421277, -0.9935533076331716, -0.8875209350079222, -0.9767455281388164, -0.9888680175006879, -0.9805656533473935, -0.9980610450392119, -0.8636545521749652, -0.8111155069565663, -0.9718211234466441, -0.8021103137439843, -0.9935685393460711, -0.8506166733069356, -0.9073859409879895, -0.9867769519055175, -0.8507657661151143, -0.8381583077088424, -0.9942637864071243, -0.9377991263590418, -0.9365484321993381, -0.8558353031971634, -0.8813244712774989, -0.8587676877583011, -0.9969805339969691, -0.8936601649503163, -0.9983400046171543, -0.9812135072236422, -0.9381143045842042, -0.940536671146274, -0.9231393476582198, -0.9277865891419637, -0.9614909326637788, -0.9268819831613095, -0.9640686843857211, -0.9958115047165991, -0.9892253600692714, -0.7964421430990942, -0.9817724982081784, -0.9553438741526893, -0.8294321931883646, -0.9854895925194068, -0.8570361383692466, -0.940278886344326, -0.9442228705447298, -0.9950759855609861, -0.9956728511480477, -0.9830979880966718, -0.9989990931348178, -0.9085660652678132, -0.9982355639525488, -0.9928107768381121, -0.9956926115784114, -0.9950880586615852, -0.9943631194283763, -0.9901669383771295, -0.8326955597009275, -0.9409483604147791, -0.9193174576886258, -0.9289723180602341, -0.9925254344175839, -0.9956729430633375, -0.8840815712153445, -0.9678169550753832, -0.8810264353319381, -0.8336090383637565, -0.8762190205450101, -0.9069882561518289, -0.9695453105065033, -0.9911179850809504, -0.8535456746959821, -0.9975781800772971, -0.8465306299572879, -0.990796473765828, -0.9406861680382893, -0.9105222407048533, -0.8794800870361112, -0.9475872051589312, -0.8622114782611981, -0.9061905416458985, -0.9625624189561892, -0.9529311588141226, -0.8729170798771687, -0.9249652776405669, -0.9919273022457453, -0.797432121287467, -0.8054645569034676, -0.9928245834470871, -0.924928999809305, -0.977453787780909, -0.9809626017713571, -0.878339542473007, -0.9817589954467139, -0.8350451054854027, -0.9849582439381229, -0.7406621468779744], "gsf_samples": [0.9758406767037544, 0.950334709443047, 0.9883604386737083, 0.5813220457274623, 0.005682391823694853, 0.9835226924975613, 0.9572723917535101, 0.24727598571229475, 0.8774402741978997, 0.9389242998300041, 0.8879314469110375, 0.9862029906626668, 2.6004965652110773e-06, 0.0027458802327577675, 0.8502747637729904, 0.34586626188370756, 0.9744031009246313, 0.0003363501551492163, 0.0002735297487100745, 0.9449391723154689, 0.1552302779020207, 0.016110033894861937, 0.9651573019130246, 0.7015291977860396, 0.00026965212526900085, 8.79511202529304e-06, 0.06154398495872449, 0.04282739774242801, 0.9822166056916612, 9.274908359466154e-07, 0.9863225344177781, 0.9153031648314592, 0.052218973400578246, 0.7083610848110273, 0.0003479277157658129, 7.000894941882717e-06, 0.8426808237227832, 0.003152765318201271, 0.7932174755107937, 0.9777481932859465, 0.9427307756180061, 0.0004423041097168222, 0.9302800523078897, 5.295969231923319e-06, 0.0398595301627464, 0.9017102637633027, 0.00027330339001227597, 0.01088392533166966, 1.796846739712254e-05, 0.9763963267266026, 0.9786068491689631, 0.8741811589442722, 0.9925595411596708, 0.11217300313032887, 0.9865197359895824, 0.9652244453205884, 0.9768960504046982, 0.9764354789607187, 0.9678568630574634, 0.9546164657620582, 0.0002974940751730672, 0.10521292619455723, 0.0003714813858062795, 0.4634606198639104, 0.965477773939192, 0.975123748704563, 1.9288012935626073e-06, 0.8797488524857227, 4.7184416974803125e-09, 0.20113517096780872, 0.010056507214621275, 0.6239592815098582, 0.7580672338235669, 0.9381256958162545, 0.019293360648770592, 0.9839979760483312, 0.08633029344814318, 0.9446176560727756, 0.21161224917039687, 0.1407172599149693, 0.46913051186838584, 0.8318090088544227, 0.002327632363118392, 1.3226166647794678e-06, 0.005382582840232652, 0.7970888642967522, 0.0024030749542232727, 0.7090299405774987, 0.9259751857301737, 0.19072852986252306, 0.008946444377567074, 0.9588285684625449, 0.06819454317141578, 0.869576226618575, 0.9100586446662909, 1.988027603585381e-06, 0.9220420092671396, 0.3310217147152308, 0.808302824928198, 0.0002952431287774019]}