{"L": 2, "J": 0.9284766908852597, "B": 0.18569533817705194, "K": 10, "init_state": "random computational-basis state", "energy_avg": -0.9704149840563963, "energy_std": 0.008439836697776981, "gsf_avg": 0.9992790193774449, "gsf_std": 0.0001447759116018901, "norm_check_samples": [1.0006462335586548, 1.0006815195083618, 1.0006815195083618, 1.0006458759307861, 1.0006815195083618, 1.0006462335586548, 1.0006815195083618, 1.0006458759307861, 1.0006815195083618, 1.0006462335586548, 1.0006462335586548, 1.0006458759307861, 1.0006462335586548, 1.0006458759307861, 1.0006458759307861, 1.0006815195083618, 1.0006458759307861, 1.0006462335586548, 1.0006815195083618, 1.0006458759307861, 1.0006815195083618, 1.0006458759307861, 1.0006458759307861, 1.0006462335586548, 1.0006458759307861, 1.0006815195083618, 1.0006458759307861, 1.0006462335586548, 1.0006462335586548, 1.0006815195083618, 1.0006458759307861, 1.0006462335586548, 1.0006815195083618, 1.0006462335586548, 1.0006458759307861, 1.0006815195083618, 1.0006458759307861, 1.0006462335586548, 1.0006458759307861, 1.0006458759307861, 1.0006462335586548, 1.0006458759307861, 1.0006458759307861, 1.0006458759307861, 1.0006458759307861, 1.0006458759307861, 1.0006462335586548, 1.0006458759307861, 1.0006458759307861, 1.0006462335586548, 1.0006458759307861, 1.0006815195083618, 1.0006458759307861, 1.0006458759307861, 1.0006458759307861, 1.0006462335586548, 1.0006462335586548, 1.0006462335586548, 1.0006458759307861, 1.0006462335586548, 1.0006462335586548, 1.0006458759307861, 1.0006462335586548, 1.0006462335586548, 1.0006458759307861, 1.0006462335586548, 1.0006458759307861, 1.0006462335586548, 1.0006686449050903, 1.0006462335586548, 1.0006462335586548, 1.0006462335586548, 1.0006815195083618, 1.0006458759307861, 1.0006458759307861, 1.0006462335586548, 1.0006458759307861, 1.0006462335586548, 1.0006458759307861, 1.0006458759307861, 1.0006815195083618, 1.0006462335586548, 1.0006462335586548, 1.0006462335586548, 1.0006462335586548, 1.0006462335586548, 1.0006473064422607, 1.0006462335586548, 1.0006815195083618, 1.0006815195083618, 1.0006815195083618, 1.0006815195083618, 1.0006462335586548, 1.0006462335586548, 1.0006462335586548, 1.0006458759307861, 1.0006462335586548, 1.0006462335586548, 1.0006458759307861, 1.0006815195083618], "energy_samples": [-0.9625884908905337, -0.9833108450978897, -0.9833108450978897, -0.9717821740737371, -0.9833108450978897, -0.9625884908905337, -0.9833108450978897, -0.9717821740737371, -0.9833108450978897, -0.9625884908905337, -0.9625884908905337, -0.9717821740737371, -0.9625884908905337, -0.9717821740737371, -0.9717821740737371, -0.9833108450978897, -0.9717821740737371, -0.9625884908905337, -0.9833108450978897, -0.9717821740737371, -0.9833108450978897, -0.9717821740737371, -0.9717821740737371, -0.9625884908905337, -0.9717821740737371, -0.9833108450978897, -0.9717821740737371, -0.9625884908905337, -0.9625884908905337, -0.9833108450978897, -0.9717821740737371, -0.9625884908905337, -0.9833108450978897, -0.9625884908905337, -0.9717821740737371, -0.9833108450978897, -0.9717821740737371, -0.9625884908905337, -0.9717821740737371, -0.9717821740737371, -0.9625884908905337, -0.9717821740737371, -0.9717821740737371, -0.9717821740737371, -0.9717821740737371, -0.9717821740737371, -0.9625884908905337, -0.9717821740737371, -0.9717821740737371, -0.9625884908905337, -0.9717821740737371, -0.9833108450978897, -0.9717821740737371, -0.9717821740737371, -0.9717821740737371, -0.9625884908905337, -0.9625884908905337, -0.9625884908905337, -0.9717821740737371, -0.9625884908905337, -0.9625884908905337, -0.9717821740737371, -0.9625884908905337, -0.9625884908905337, -0.9717821740737371, -0.9625884908905337, -0.9717821740737371, -0.9625884908905337, -0.9468030381755309, -0.9625884908905337, -0.9625884908905337, -0.9625884908905337, -0.9833108450978897, -0.9717821740737371, -0.9717821740737371, -0.9625884908905337, -0.9717821740737371, -0.9625884908905337, -0.9717821740737371, -0.9717821740737371, -0.9833108450978897, -0.9625884908905337, -0.9625884908905337, -0.9625884908905337, -0.9625884908905337, -0.9625884908905337, -0.997216215082934, -0.9625884908905337, -0.9833108450978897, -0.9833108450978897, -0.9833108450978897, -0.9833108450978897, -0.9625884908905337, -0.9625884908905337, -0.9625884908905337, -0.9717821740737371, -0.9625884908905337, -0.9625884908905337, -0.9717821740737371, -0.9833108450978897], "gsf_samples": [0.9994132564988252, 0.9990577817266265, 0.9990577817266265, 0.9992555896057315, 0.9990577817266265, 0.9994132564988252, 0.9990577817266265, 0.9992555896057315, 0.9990577817266265, 0.9994132564988252, 0.9994132564988252, 0.9992555896057315, 0.9994132564988252, 0.9992555896057315, 0.9992555896057315, 0.9990577817266265, 0.9992555896057315, 0.9994132564988252, 0.9990577817266265, 0.9992555896057315, 0.9990577817266265, 0.9992555896057315, 0.9992555896057315, 0.9994132564988252, 0.9992555896057315, 0.9990577817266265, 0.9992555896057315, 0.9994132564988252, 0.9994132564988252, 0.9990577817266265, 0.9992555896057315, 0.9994132564988252, 0.9990577817266265, 0.9994132564988252, 0.9992555896057315, 0.9990577817266265, 0.9992555896057315, 0.9994132564988252, 0.9992555896057315, 0.9992555896057315, 0.9994132564988252, 0.9992555896057315, 0.9992555896057315, 0.9992555896057315, 0.9992555896057315, 0.9992555896057315, 0.9994132564988252, 0.9992555896057315, 0.9992555896057315, 0.9994132564988252, 0.9992555896057315, 0.9990577817266265, 0.9992555896057315, 0.9992555896057315, 0.9992555896057315, 0.9994132564988252, 0.9994132564988252, 0.9994132564988252, 0.9992555896057315, 0.9994132564988252, 0.9994132564988252, 0.9992555896057315, 0.9994132564988252, 0.9994132564988252, 0.9992555896057315, 0.9994132564988252, 0.9992555896057315, 0.9994132564988252, 0.9996842311563302, 0.9994132564988252, 0.9994132564988252, 0.9994132564988252, 0.9990577817266265, 0.9992555896057315, 0.9992555896057315, 0.9994132564988252, 0.9992555896057315, 0.9994132564988252, 0.9992555896057315, 0.9992555896057315, 0.9990577817266265, 0.9994132564988252, 0.9994132564988252, 0.9994132564988252, 0.9994132564988252, 0.9994132564988252, 0.9988194070848324, 0.9994132564988252, 0.9990577817266265, 0.9990577817266265, 0.9990577817266265, 0.9990577817266265, 0.9994132564988252, 0.9994132564988252, 0.9994132564988252, 0.9992555896057315, 0.9994132564988252, 0.9994132564988252, 0.9992555896057315, 0.9990577817266265]}