{"L": 3, "J": 0.06622517641798507, "B": 0.3311258820899253, "K": 5, "init_state": "random computational-basis state", "energy_avg": -0.9913656789894439, "energy_std": 0.07529130052185622, "gsf_avg": 0.9892016242801227, "gsf_std": 0.0994319242856809, "norm_check_samples": [1.0001575946807861, 1.0001522302627563, 1.0001548528671265, 1.0001548528671265, 1.0001499652862549, 1.0001548528671265, 1.0001592636108398, 1.0001541376113892, 1.0001577138900757, 1.0001462697982788, 1.0001531839370728, 1.0001530647277832, 1.0001559257507324, 1.0001517534255981, 1.0001574754714966, 1.0001583099365234, 1.000153660774231, 1.0001612901687622, 1.0001457929611206, 1.0001589059829712, 1.0001531839370728, 1.000151515007019, 1.0001537799835205, 1.0001543760299683, 1.0001500844955444, 1.0001485347747803, 1.000154733657837, 1.0001534223556519, 1.0001522302627563, 1.0001548528671265, 1.0001566410064697, 1.0001442432403564, 1.0001524686813354, 1.0001561641693115, 1.0001565217971802, 1.0001524686813354, 1.0001555681228638, 1.000153660774231, 1.0001535415649414, 1.000154733657837, 1.0001550912857056, 1.0001487731933594, 1.0001485347747803, 1.0001540184020996, 1.000154972076416, 1.0001530647277832, 1.0001541376113892, 1.0001556873321533, 1.0001565217971802, 1.0001530647277832, 1.0001529455184937, 1.0001546144485474, 1.0001522302627563, 1.0001544952392578, 1.0001604557037354, 1.0001565217971802, 1.0001590251922607, 1.0001558065414429, 1.0001541376113892, 1.0001546144485474, 1.0001566410064697, 1.0001566410064697, 1.0001492500305176, 1.0001577138900757, 1.0001459121704102, 1.0001593828201294, 1.0001521110534668, 1.000151515007019, 1.0001569986343384, 1.0001564025878906, 1.0001556873321533, 1.000152349472046, 1.0001565217971802, 1.0001516342163086, 1.0001541376113892, 1.0001596212387085, 1.0001517534255981, 1.00015127658844, 1.0001517534255981, 1.0001572370529175, 1.0001541376113892, 1.0001567602157593, 1.000152826309204, 1.000159502029419, 1.000152349472046, 1.00015389919281, 1.000156283378601, 1.0001567602157593, 1.0001546144485474, 1.0001530647277832, 1.0001534223556519, 1.0001559257507324, 1.0001510381698608, 1.0001524686813354, 1.0001572370529175, 1.0001554489135742, 1.0001541376113892, 1.0001510381698608, 1.0001569986343384, 1.0001567602157593], "energy_samples": [-0.9992549569501903, -0.999073462197564, -0.99925515103341, -0.9992549476596628, -0.9992554150508753, -0.9992550235450406, -0.9992549615580901, -0.9992549759506336, -0.9992549671820738, -0.9992551446444803, -0.9992577697678794, -0.9992552070993028, -0.9992550095123715, -0.9992550571915896, -0.9992549921459144, -0.9992550615415751, -0.9992551730445002, -0.9992549312157776, -0.9765282404917891, -0.9992551318275152, -0.9992549788786074, -0.9992550122593924, -0.9992550536798225, -0.9992550235988302, -0.9992551337286605, -0.999254734631113, -0.999254768977615, -0.9992551069164479, -0.9992550462176908, -0.9992566531664261, -0.9992549410793676, -0.2425815389352324, -0.9992551019756851, -0.9992549899207709, -0.9992550001102393, -0.9992551617574974, -0.9992551172714269, -0.9992730000420554, -0.9992549566957555, -0.9991080124797644, -0.999255215760032, -0.9993121446189898, -0.9992549150319497, -0.9992730479973846, -0.9992549911595707, -0.9992870359988281, -0.9992550454503866, -0.9992549960554656, -0.9992550155633858, -0.9992549849169688, -0.9943489797704406, -0.9992565574547415, -0.9992551608143141, -0.9992550416373993, -0.9992549325974028, -0.9992550155633858, -0.9992550533597744, -0.999254901845364, -0.999255019275046, -0.9992550886701037, -0.9992550744708368, -0.9992549410793676, -0.9977525115282607, -0.9992551312608773, -0.9992571698811522, -0.9992550471126252, -0.9992550295740773, -0.9992550122593924, -0.999277435364914, -0.9992550221722091, -0.9992550861359832, -0.9992548957101788, -0.9992774379532309, -0.9992550528163668, -0.9992551505541071, -0.9992549940343369, -0.9992549595100236, -0.9992574567212162, -0.9992549400257059, -0.9992550636409754, -0.9992551505541071, -0.9992807823082457, -0.9992551486472485, -0.9992552549731855, -0.999254684075208, -0.9992551286029905, -0.9992550287765138, -0.9992549964378038, -0.9992547004603964, -0.9992551209279675, -0.9992548743365451, -0.9992551210401308, -0.9977527135657366, -0.9977532740736073, -0.9992552044379227, -0.9992550791547277, -0.9992550406397679, -0.9992551583758952, -0.9992550544873109, -0.9992549157896958], "gsf_samples": [0.9994270332896493, 0.9992973485537107, 0.9994272341974796, 0.9994270270711418, 0.9994273704377629, 0.9994271059703019, 0.9994270515530236, 0.9994270695356229, 0.999427052006683, 0.9994271959688183, 0.9994290208015782, 0.9994272744728239, 0.9994270813784538, 0.999427142421755, 0.999427089185797, 0.9994271384218429, 0.999427254363565, 0.9994270230954215, 0.9834573454644937, 0.999427200380124, 0.999427054766072, 0.9994271187338225, 0.9994271317143008, 0.9994271133708005, 0.9994272148524462, 0.9994268950172284, 0.9994269499825365, 0.9994271703298634, 0.9994271477409509, 0.9994282452180203, 0.9994270260787655, 2.357057147380267e-09, 0.9994271827601963, 0.999427077598564, 0.9994270866593059, 0.9994272228128098, 0.9994271588040112, 0.9994392312832832, 0.9994270346686278, 0.9993232590588916, 0.9994272899221411, 0.9994801141553773, 0.9994269913819557, 0.9994392737947424, 0.9994270671167849, 0.9994343959537488, 0.999427107844408, 0.9994270764333606, 0.999427109864293, 0.9994270621252744, 0.9957639709659281, 0.9994281509695635, 0.999427230366836, 0.9994271079767908, 0.9994270187447706, 0.999427109864293, 0.9994271260957109, 0.9994270032444206, 0.9994270905278142, 0.9994271619372463, 0.9994271668132187, 0.9994270260787655, 0.9983034575189643, 0.9994271970483782, 0.9994285008826004, 0.9994271235324499, 0.9994270817992931, 0.9994271187338225, 0.9994296479885856, 0.9994270933952861, 0.999427162611451, 0.9994269745433059, 0.9994296469634268, 0.9994271116209177, 0.9994272162857826, 0.9994270766276865, 0.999427037496288, 0.9994287709960945, 0.9994270168170565, 0.9994271370402288, 0.9994272162857826, 0.9994451643822788, 0.9994272328691249, 0.9994273288426219, 0.9994268337919096, 0.9994272076828072, 0.9994271161113197, 0.9994270801087436, 0.9994268740478078, 0.999427182517755, 0.9994269693135601, 0.9994272002634069, 0.9983036634013635, 0.9983040696177753, 0.9994272581577712, 0.9994271661704246, 0.999427105631486, 0.99942722664105, 0.9994271352855145, 0.9994269904331027]}