{"L": 3, "J": 0.28620826421558143, "B": 0.28620826421558143, "K": 5, "init_state": "random computational-basis state", "energy_avg": -0.9569931701338723, "energy_std": 0.16059445444116557, "gsf_avg": 0.9458705326826332, "gsf_std": 0.2170923652788362, "norm_check_samples": [0.9999746084213257, 0.9999768733978271, 0.9999713897705078, 0.9999696016311646, 0.999974250793457, 0.9999747276306152, 0.999968945980072, 0.9999722242355347, 0.9999723434448242, 0.9999706149101257, 0.9999695420265198, 0.9999745488166809, 0.9999765157699585, 0.9999765753746033, 0.9999712109565735, 0.9999774694442749, 0.9999772906303406, 0.9999712705612183, 0.9999698400497437, 0.999973714351654, 0.9999734163284302, 0.9999759197235107, 0.9999726414680481, 0.9999735355377197, 0.9999733567237854, 0.9999722838401794, 0.9999729990959167, 0.9999749064445496, 0.9999760389328003, 0.9999732971191406, 0.9999756813049316, 0.999974250793457, 0.999973714351654, 0.9999719262123108, 0.9999727606773376, 0.9999749064445496, 0.9999706745147705, 0.9999725818634033, 0.9999706149101257, 0.9999708533287048, 0.9999721050262451, 0.9999727010726929, 0.9999747276306152, 0.9999756813049316, 0.9999731183052063, 0.9999719262123108, 0.9999744892120361, 0.9999739527702332, 0.9999733567237854, 0.999971866607666, 0.9999724626541138, 0.9999715685844421, 0.9999753832817078, 0.9999721050262451, 0.9999707937240601, 0.999975860118866, 0.9999771118164062, 0.9999775290489197, 0.9999732375144958, 0.9999745488166809, 0.9999805688858032, 0.9999756217002869, 0.9999741315841675, 0.9999804496765137, 0.9999740123748779, 0.9999727010726929, 0.9999740719795227, 0.9999750256538391, 0.9999757409095764, 0.9999731779098511, 0.9999740719795227, 0.9999762773513794, 0.9999725818634033, 0.999971866607666, 0.9999776482582092, 0.9999734163284302, 0.9999741315841675, 0.9999746680259705, 0.9999748468399048, 0.9999737739562988, 0.9999790787696838, 0.9999746084213257, 0.9999744296073914, 0.9999719262123108, 0.9999684691429138, 0.9999679923057556, 0.9999755024909973, 0.9999740123748779, 0.9999694228172302, 0.9999739527702332, 0.9999734163284302, 0.9999770522117615, 0.9999714493751526, 0.9999790787696838, 0.9999713897705078, 0.9999739527702332, 0.9999731779098511, 0.9999707937240601, 0.9999729990959167, 0.9999766945838928], "energy_samples": [-0.9955777835301853, -0.9972124792358372, -0.9950252294822576, -0.9955776308609865, -0.9955777975725607, -0.9955777165404467, -0.9947647294484571, -0.9955775633347602, -0.994796773705587, -0.9949211342986855, -0.9955778722499256, -0.995659574201516, -0.9941766360209688, -0.9955675609600797, -0.996632188406657, -0.9955806422591673, -0.9955540263727392, -0.9955778633355268, -0.9942283382724387, -0.9955777578413295, -0.9980662507401241, -0.9955676158676372, -0.9955779113258593, -0.9955779728376285, -0.9955779110096533, -0.9960513160558678, -0.9981318168583372, -0.9955777234622994, -0.9955776783988489, -0.9956941446788973, -0.9955751639596468, -0.9927668994550735, -0.9956479081237694, -0.9971605074422561, -0.9958406949923474, -0.9777301759298284, -0.9960511354765377, -0.9971931528892896, -0.9955631104142103, -0.9955752588863465, -0.9949272940997373, -0.997788353979169, -0.27399788045293794, -0.9946217012583831, -0.9956936990948901, -0.9957292375717323, -0.9936431967478815, -0.9979429228260215, -0.9955276983243587, -0.9955777351304249, -0.9971987747781446, -0.995118579724109, -0.2878053494158356, -0.996546981983306, -0.9947525198065518, -0.923532852997552, -0.27277676337961987, -0.9955778818373019, -0.9950318084181161, -0.9893778849102152, -0.9939544673698137, -0.9955777581404717, -0.995836547523395, -0.21373629713193745, -0.9947996439549647, -0.9934898079053057, -0.9955777510671557, -0.9955775576192465, -0.9987824640193469, -0.9955854458630812, -0.9955214284602394, -0.9955777274717145, -0.9955777680724299, -0.9088391971475639, -0.9971372525343772, -0.9955777413947136, -0.9957709546856469, -0.9955196413992536, -0.9955778717418637, -0.9958407365964085, -0.9955777953772531, -0.9942346420031782, -0.9955442688210127, -0.9955779003798813, -0.99657902281308, -0.9979428207878487, -0.9955776498055019, -0.9955748994471084, -0.9955640856327973, -0.9955776492918255, -0.9955773165293961, -0.9955778637468133, -0.9956246428765744, -0.24762546959184917, -0.9925267856576693, -0.9955768182456294, -0.9955778167467259, -0.9960512776212491, -0.9955777016475728, -0.9955777627944634], "gsf_samples": [0.9967811895715989, 0.9977029350586296, 0.9964460769661984, 0.996781129182641, 0.9967811987222882, 0.9967811871767125, 0.9963759887354517, 0.9967810927266415, 0.9963862181490105, 0.9962267659813453, 0.9967812634593797, 0.9968193335363373, 0.9960346762132425, 0.9967731411005644, 0.9974239556545916, 0.996783043097061, 0.9967653408820314, 0.9967812652013168, 0.9959878496071436, 0.9967811662315823, 0.9981072328548416, 0.9967732495858861, 0.9967812954121216, 0.9967813394283773, 0.9967812783563309, 0.9971550927148636, 0.9981760147944997, 0.9967811562331237, 0.9967811193750657, 0.9968816224691798, 0.9967798058507259, 0.9930475433059145, 0.9968969622724079, 0.9977091924544266, 0.9964824392183514, 0.9865868841728895, 0.9971549835932491, 0.9976758058879973, 0.9967559670307266, 0.9967797089620655, 0.996078403328144, 0.9980622464613762, 2.959288488705055e-07, 0.9961867577533321, 0.9968813174125105, 0.9969105436472238, 0.995519880822045, 0.9979559092283579, 0.9967505778572716, 0.9967811207200684, 0.9977702984668093, 0.9965746502101016, 2.356504945974683e-09, 0.9971248715262316, 0.996279355953956, 0.9555370969487942, 9.732384565819791e-08, 0.9967812935392073, 0.9964505100748855, 0.9929839242146833, 0.9956708181434523, 0.9967811864047013, 0.9959803021070986, 1.8281902757312725e-05, 0.9963189660557495, 0.9954302106762218, 0.9967811654508253, 0.9967810408212651, 0.99909209867799, 0.9967873289449953, 0.9967413122200993, 0.9967811423889374, 0.996781183754658, 0.9472418880461472, 0.9977444546600525, 0.9967811719326366, 0.9966723719713536, 0.996738688959022, 0.9967812848671771, 0.9964823992756925, 0.9967812082053936, 0.9959901102960174, 0.9967730879451508, 0.9967812597974625, 0.9973879677759802, 0.997955818974754, 0.9967811076356886, 0.9967955137396016, 0.9967687444216942, 0.9967811165958796, 0.9967809412936685, 0.9967812897021946, 0.9967937365016304, 2.657119455603398e-05, 0.9937360475158853, 0.9967804360753642, 0.9967812196817862, 0.9971550728811467, 0.9967808377190489, 0.9967812180485832]}