{"L": 3, "J": 0.48596110151427613, "B": 0.09719222030285522, "K": 5, "init_state": "random computational-basis state", "energy_avg": -0.9657624973207778, "energy_std": 0.11661761488228521, "gsf_avg": 0.9713025952088636, "gsf_std": 0.11965971611745327, "norm_check_samples": [0.9999411702156067, 0.999937891960144, 0.9999398589134216, 0.9999436736106873, 0.9999418258666992, 0.9999369978904724, 0.999936044216156, 0.9999368786811829, 0.9999372959136963, 0.9999381899833679, 0.9999340176582336, 0.9999368786811829, 0.9999377727508545, 0.9999346733093262, 0.999935507774353, 0.9999416470527649, 0.9999419450759888, 0.9999417662620544, 0.9999394416809082, 0.9999396204948425, 0.9999435544013977, 0.9999446868896484, 0.9999347925186157, 0.9999338388442993, 0.99993896484375, 0.9999374747276306, 0.9999420046806335, 0.9999375939369202, 0.9999410510063171, 0.9999370574951172, 0.9999347925186157, 0.9999405741691589, 0.9999383687973022, 0.9999368190765381, 0.9999372363090515, 0.9999353885650635, 0.999941885471344, 0.9999444484710693, 0.999940037727356, 0.9999425411224365, 0.9999346733093262, 0.9999375343322754, 0.999938428401947, 0.9999362230300903, 0.9999414086341858, 0.9999332427978516, 0.9999367594718933, 0.9999421834945679, 0.9999416470527649, 0.9999427199363708, 0.9999422430992126, 0.9999389052391052, 0.9999372363090515, 0.9999393820762634, 0.9999427199363708, 0.9999361038208008, 0.9999367594718933, 0.9999439120292664, 0.9999391436576843, 0.9999374151229858, 0.9999398589134216, 0.9999380111694336, 0.9999356269836426, 0.9999408721923828, 0.999940812587738, 0.9999386668205261, 0.9999359846115112, 0.9999423623085022, 0.999936044216156, 0.999937117099762, 0.9999395608901978, 0.9999392032623291, 0.9999381899833679, 0.9999384880065918, 0.9999383091926575, 0.9999436736106873, 0.9999379515647888, 0.9999396204948425, 0.9999356865882874, 0.9999389052391052, 0.9999396800994873, 0.9999361038208008, 0.9999380707740784, 0.9999375343322754, 0.9999424815177917, 0.9999325275421143, 0.9999390244483948, 0.9999392032623291, 0.9999384880065918, 0.9999390244483948, 0.9999376535415649, 0.9999398589134216, 0.9999398589134216, 0.9999355673789978, 0.9999368190765381, 0.9999426007270813, 0.999938428401947, 0.9999353289604187, 0.9999454021453857, 0.9999406337738037], "energy_samples": [-0.9849663610066931, -0.9889741747065811, -0.9879509455705268, -0.9882166895524714, -0.9862814124948317, -0.9474925258931112, -0.4053051773803162, -0.9803465277467133, -0.9911634270158862, -0.9876408653280828, -0.988445838788557, -0.9895270845713404, -0.9868228065041329, -0.9880972491544255, -0.9884194983560542, -0.985750000669622, -0.9882083895892907, -0.9891342798960352, -0.9895400235106363, -0.988469826189819, -0.9889057710791126, -0.9887169808581028, -0.9873561355350627, -0.9881648429391913, -0.981351269306, -0.9910143206983347, -0.9881395888854688, -0.9846493692557508, -0.9879598385466853, -0.9882424255007839, -0.9871761865825212, -0.9882970597915868, -0.9917116698794859, -0.987928374795111, -0.9889526807516575, -0.9883911683655844, -0.9872041612264076, -0.08794062843288922, -0.9887466828310858, -0.9887299665522938, -0.9879150905097779, -0.9884012413407579, -0.9878956096182643, -0.9883137341723106, -0.9908856396486381, -0.9892492134697289, -0.9888981241367787, -0.9881864196266744, -0.6994554014085205, -0.9882534768988278, -0.9855977093357654, -0.9879189175638554, -0.987972422367478, -0.9890721589039883, -0.9883781478743394, -0.9897843744980807, -0.9877897478975909, -0.9881633303763779, -0.9879436420075521, -0.9878969971318186, -0.9881569691473324, -0.9874898842596032, -0.9881962941965181, -0.9887074256661568, -0.9845533576195018, -0.9881680290349588, -0.9880941410456555, -0.9912233986264228, -0.9880769457879643, -0.9895030368424228, -0.9881126442169136, -0.9897138894675518, -0.9877192806396979, -0.988002598075027, -0.9874220455900116, -0.9885012718691935, -0.9856569195640279, -0.9896594871491501, -0.9873862778551871, -0.9883247889042724, -0.9902383872845132, -0.9882709881079226, -0.9892468693974978, -0.9882772199357017, -0.9890337115804585, -0.9872223116237236, -0.5701773629037582, -0.9885017474570893, -0.9867953124359695, -0.9883285808469874, -0.9868541587723945, -0.9885587963111291, -0.9896427117672436, -0.9884561578134445, -0.988135098008982, -0.9910200807394448, -0.9882355058679743, -0.9883853899019112, -0.9882825955959879, -0.9816144356427171], "gsf_samples": [0.9941285460262822, 0.9945354317347808, 0.994324056970982, 0.9943388348838853, 0.9942754980620063, 0.9547237038376126, 0.43514754715905873, 0.9872084875481864, 0.9944733007700707, 0.9942826626686668, 0.9943543693926936, 0.994425296263715, 0.9942625297704929, 0.9943322212703818, 0.9943434359328015, 0.9941890267129644, 0.9943394446143832, 0.9946039597084817, 0.9944080606769654, 0.9943558613955085, 0.994383501443994, 0.9945083660020516, 0.994266376200732, 0.9943274469427613, 0.9874240648177632, 0.9946045428415224, 0.9943256200598899, 0.989036726379657, 0.994325068700974, 0.9943320614412448, 0.9921871711289237, 0.994329792086116, 0.9945673305080309, 0.9943208669605834, 0.9943781544363752, 0.994350722638061, 0.994226842430969, 0.048097136053067785, 0.9943679945839348, 0.994401278520438, 0.9943814607368128, 0.99435148280593, 0.9942705265616907, 0.9943340700402323, 0.9950584063643297, 0.9939929902055875, 0.9942394732811236, 0.9943284445682354, 0.6895109223157291, 0.9943333354654929, 0.9941679626031015, 0.9943127844526712, 0.9943235741126135, 0.9944403539152707, 0.9943499752040784, 0.9944288833661223, 0.994126463164987, 0.9943360456649015, 0.9943217844733808, 0.9943173019226325, 0.9943381030645916, 0.9942923958938998, 0.9943381038026807, 0.9944173518619497, 0.9941021367904264, 0.9943359317234455, 0.9943583175221123, 0.9945017653703256, 0.9943270511331206, 0.9949218735726235, 0.9942685848988184, 0.9944360912482397, 0.9943000503073873, 0.9943258252178829, 0.9942868359323327, 0.9943579826944341, 0.9941759143794541, 0.9944331119288224, 0.9942082596336784, 0.9943448472515455, 0.9933436814037765, 0.9943430403347657, 0.9945536046446758, 0.9942753208411095, 0.9943912152629071, 0.9942750882757031, 0.5675114484634465, 0.9943599295124628, 0.9942418963685427, 0.9944959517854577, 0.9942515839361783, 0.9943159526212599, 0.9943987399750841, 0.9943550135535036, 0.9943342890923499, 0.9951058577049723, 0.9943406922414953, 0.9940690959333424, 0.9942728020324553, 0.9882142018731848]}