{"L": 4, "J": 0.21013831273060304, "B": 0.21013831273060304, "K": 5, "init_state": "random computational-basis state", "energy_avg": -0.929914929688129, "energy_std": 0.15887805442521147, "gsf_avg": 0.8549790992672786, "gsf_std": 0.3380280112957431, "norm_check_samples": [1.0001277923583984, 1.000130295753479, 1.000126838684082, 1.0001204013824463, 1.0001274347305298, 1.0001246929168701, 1.0001307725906372, 1.0001306533813477, 1.000122308731079, 1.0001275539398193, 1.0001236200332642, 1.0001227855682373, 1.0001293420791626, 1.000131368637085, 1.000119686126709, 1.0001245737075806, 1.0001286268234253, 1.0001277923583984, 1.000123381614685, 1.0001299381256104, 1.0001267194747925, 1.0001263618469238, 1.0001277923583984, 1.0001274347305298, 1.0001300573349, 1.0001250505447388, 1.0001318454742432, 1.0001308917999268, 1.0001267194747925, 1.0001276731491089, 1.0001256465911865, 1.0001294612884521, 1.000126600265503, 1.000126838684082, 1.0001311302185059, 1.0001293420791626, 1.0001282691955566, 1.0001295804977417, 1.0001306533813477, 1.0001274347305298, 1.0001271963119507, 1.000126600265503, 1.0001264810562134, 1.0001251697540283, 1.0001310110092163, 1.000125765800476, 1.000125527381897, 1.0001312494277954, 1.000127911567688, 1.0001260042190552, 1.000124454498291, 1.000130534172058, 1.0001336336135864, 1.0001252889633179, 1.0001239776611328, 1.0001280307769775, 1.0001230239868164, 1.0001291036605835, 1.0001256465911865, 1.0001298189163208, 1.000130295753479, 1.0001322031021118, 1.0001311302185059, 1.0001275539398193, 1.0001296997070312, 1.0001301765441895, 1.000125527381897, 1.0001299381256104, 1.0001312494277954, 1.0001269578933716, 1.000129222869873, 1.0001277923583984, 1.0001331567764282, 1.0001286268234253, 1.0001252889633179, 1.0001327991485596, 1.0001280307769775, 1.0001283884048462, 1.0001262426376343, 1.0001252889633179, 1.000125527381897, 1.0001212358474731, 1.0001220703125, 1.0001256465911865, 1.0001320838928223, 1.000125765800476, 1.0001301765441895, 1.0001298189163208, 1.0001275539398193, 1.0001341104507446, 1.0001285076141357, 1.000127911567688, 1.0001285076141357, 1.0001333951950073, 1.0001299381256104, 1.0001280307769775, 1.0001311302185059, 1.000125527381897, 1.000126600265503, 1.0001256465911865], "energy_samples": [-0.9760427635106602, -0.997275056113878, -0.5572380225461798, -0.557169433517014, -0.9972745633544744, -0.5783879440146793, -0.9956566564274497, -0.9963069242814464, -0.7591408549574531, -0.9948191672107877, -0.9972750596791448, -0.9969120444901596, -0.993915893270351, -0.9915663129089358, -0.5759982555017081, -0.997649930792731, -0.9962510119245477, -0.9973108994543951, -0.9976870973071416, -0.9975285726057856, -0.9974272986901446, -0.9971296082460887, -0.9794271676960227, -0.9963198065726082, -0.5596695725794575, -0.9975098535340535, -0.9972748400514538, -0.995426174989073, -0.5710861802434822, -0.5584872989427718, -0.9959037052337302, -0.9972500473869503, -0.9910578994584021, -0.38094622533162, -0.9972668580920765, -0.9906957224949152, -0.9980280518735242, -0.5574465271357321, -0.9972747613910548, -0.9913676681167671, -0.9972760716398485, -0.4951838193968301, -0.9440635806493369, -0.997274814345335, -0.9974439589505503, -0.9974274539905795, -0.9973146382795604, -0.9980158511960832, -0.984951266725367, -0.9953593826717229, -0.9974020098257624, -0.9957204741750855, -0.9968485021238943, -0.9973193589615992, -0.9972735942184153, -0.9848538596394275, -0.36924392291713076, -0.9974963970284959, -0.9946672096623793, -0.9972752427160189, -0.9951583793962521, -0.9972749362192073, -0.9986155905918154, -0.5798397681970974, -0.9827371156399322, -0.9135586268971833, -0.9972774916919552, -0.9933396678314587, -0.9972600524442513, -0.9957882751851481, -0.9972414886548165, -0.9973317076780756, -0.9948685164183049, -0.9973038293024656, -0.9936239131701694, -0.99475331506666, -0.9974340057356111, -0.9429542194681637, -0.997370185780364, -0.9963585168723873, -0.9961640794718237, -0.9973429691702723, -0.9972748482357384, -0.9946236536886235, -0.9972746309311945, -0.9972685520533414, -0.9972749981489524, -0.9971987924872922, -0.9610333373385394, -0.9850039768945282, -0.9974606267932206, -0.996688330863034, -0.9982675174178641, -0.9958528750243685, -0.9975251500126006, -0.9618983692268964, -0.5454391288601543, -0.9981648223151416, -0.9915600429252382, -0.9972735236704724], "gsf_samples": [0.9771088772890983, 0.9964170098550199, 1.1423709818461418e-06, 6.137933478781644e-06, 0.9964187030247049, 0.0020861083896636574, 0.9949714722265354, 0.9950790833853417, 0.24254661799550017, 0.9934685402985102, 0.9964192270087198, 0.9958984325873182, 0.9928530830569254, 0.990348397739429, 0.0022679259699353127, 0.9965091372806805, 0.9952637941828623, 0.9964827960075462, 0.9963631203133068, 0.9968316209844446, 0.9964003366958942, 0.9963220650435435, 0.9674241645875856, 0.9951264658704543, 6.878006823504272e-10, 0.9966773131445429, 0.9964190519804166, 0.9946074799116102, 3.542129099727981e-07, 3.4958942573134933e-06, 0.9951784218329276, 0.9963920207261278, 0.9907899084059136, 0.03123692181205616, 0.9964120395129874, 0.9897300591196562, 0.9973758492907251, 0.0002976644965534032, 0.9964188744172047, 0.9917176929102666, 0.9964197842545459, 3.7866868842612675e-08, 0.9082715667410909, 0.9964190168018915, 0.9964167298104856, 0.9964005127911731, 0.9964810016000452, 0.9971850775481486, 0.9809635008993967, 0.9926126938777415, 0.9965490548472189, 0.9945935358779199, 0.9966657421412152, 0.9964644771445949, 0.9964150979359203, 0.9829067747120686, 2.485927699867248e-07, 0.9966585302012981, 0.9940279500359384, 0.9964125403167217, 0.9953218287887132, 0.9964191502302592, 0.9979498670674963, 3.006675130532467e-09, 0.9677619776072479, 0.9162948063671189, 0.9964220259995452, 0.9930955444315699, 0.9964022928580075, 0.9950090973073583, 0.9963416118704863, 0.9964982684919503, 0.9941797190449467, 0.9964509626428574, 0.9929488166339818, 0.9935889278599503, 0.9965848592573107, 0.9453636355082936, 0.9961528631067924, 0.9957452009469562, 0.9949408081473965, 0.9958307902267959, 0.9964190574968753, 0.9936801421243917, 0.9964189004644353, 0.9964110582492168, 0.9964192075148561, 0.9963481470762964, 0.9621991982908419, 0.9836990577273156, 0.9965944079307438, 0.9958478230661861, 0.9974805426070243, 0.9951638681926486, 0.9972850396530484, 0.9629601077124035, 7.033470290659406e-07, 0.9971928846817312, 0.990335446700701, 0.9964159940399233]}