{"L": 5, "J": 0.1659289965874811, "B": 0.1659289965874811, "K": 5, "init_state": "random computational-basis state", "energy_avg": -0.925148459343967, "energy_std": 0.14004762788504307, "gsf_avg": 0.7973256135141618, "gsf_std": 0.3755427375234295, "norm_check_samples": [1.0006777048110962, 1.0006805658340454, 1.0006742477416992, 1.0006802082061768, 1.00067937374115, 1.0006821155548096, 1.000684380531311, 1.0006831884384155, 1.0006802082061768, 1.0006827116012573, 1.0006860494613647, 1.00067937374115, 1.0006794929504395, 1.0006799697875977, 1.0006822347640991, 1.000677466392517, 1.0006808042526245, 1.0006815195083618, 1.000685691833496, 1.0006749629974365, 1.0006767511367798, 1.0006810426712036, 1.0006818771362305, 1.0006831884384155, 1.0006718635559082, 1.0006815195083618, 1.000683307647705, 1.000685214996338, 1.0006803274154663, 1.000679850578308, 1.0006835460662842, 1.000684380531311, 1.0006853342056274, 1.0006812810897827, 1.0006794929504395, 1.0006762742996216, 1.0006834268569946, 1.0006811618804932, 1.0006866455078125, 1.000679612159729, 1.0006719827651978, 1.0006792545318604, 1.0006805658340454, 1.0006781816482544, 1.0006846189498901, 1.0006818771362305, 1.0006967782974243, 1.000678539276123, 1.0006718635559082, 1.0006828308105469, 1.0006792545318604, 1.0006769895553589, 1.0006786584854126, 1.0006823539733887, 1.0006760358810425, 1.000685214996338, 1.0006791353225708, 1.0006831884384155, 1.000683307647705, 1.0006775856018066, 1.000675916671753, 1.000684142112732, 1.0006725788116455, 1.0006786584854126, 1.0006780624389648, 1.0006786584854126, 1.000681757926941, 1.0006825923919678, 1.0006771087646484, 1.0006771087646484, 1.0006935596466064, 1.000676155090332, 1.000678539276123, 1.0006784200668335, 1.000675916671753, 1.000675082206726, 1.0006742477416992, 1.000680923461914, 1.0006831884384155, 1.0006800889968872, 1.0006804466247559, 1.0006861686706543, 1.00067138671875, 1.0006729364395142, 1.0006814002990723, 1.0006924867630005, 1.000677466392517, 1.0006741285324097, 1.0006765127182007, 1.0006790161132812, 1.00067937374115, 1.0006837844848633, 1.0006754398345947, 1.0006743669509888, 1.000677227973938, 1.0006773471832275, 1.0006771087646484, 1.0006802082061768, 1.0006868839263916, 1.0006818771362305], "energy_samples": [-0.9934532179524843, -0.9922714827055565, -0.9951572764509925, -0.9953172573144399, -0.9952990223747658, -0.991719769097878, -0.9827636901690633, -0.49552097657434524, -0.9776177843732548, -0.9952962530374515, -0.9952115257712896, -0.9868173868612268, -0.995313409359281, -0.9952880989278865, -0.9953411578446004, -0.9952993076195452, -0.9953883035385096, -0.9792025793175869, -0.9849393051112345, -0.8682986868176352, -0.9953065513728271, -0.9952994722074052, -0.9624985440038116, -0.9952918124584388, -0.9953164954112215, -0.7003647251243112, -0.9948617733835864, -0.9897533095987071, -0.9463049357722633, -0.9952984800499605, -0.995296384356043, -0.9865547699514113, -0.9953705631479276, -0.9927419618011286, -0.4792540720320447, -0.9920323090845605, -0.9922093696373128, -0.9952918902711163, -0.6242683101735654, -0.8794872636325136, -0.995302096678694, -0.9953000316538467, -0.99483809171001, -0.6656363762327266, -0.9951658162336746, -0.9956004139987408, -0.5704434931696565, -0.9947015699884398, -0.9960620853754986, -0.5971417179574745, -0.7471818292809144, -0.995336134990272, -0.9938365865592528, -0.7123271024399085, -0.9950175055042337, -0.5028477864379247, -0.9911215090911931, -0.9948350233719656, -0.7169699884707414, -0.9917500541547862, -0.9948425512981784, -0.9947256446736306, -0.9945271230265419, -0.993049746963954, -0.9423391403065686, -0.5240281913900106, -0.9935191526198487, -0.9921570944742255, -0.9909989213538002, -0.995317803086415, -0.8041118928452269, -0.9934983356410965, -0.9970350491717076, -0.9898296664163326, -0.993914446815231, -0.9953381078971036, -0.9934188149304529, -0.9947743950407784, -0.9468488786208443, -0.9921528743483357, -0.9953260463060204, -0.9917150253946942, -0.9950947587970069, -0.99294583351438, -0.7023550706664641, -0.7216221485665002, -0.9934935909547519, -0.9950524338530196, -0.8490247107542862, -0.9953694781910032, -0.9953466790268135, -0.9734114271318671, -0.9898496881795475, -0.9852877861800605, -0.9948251637156128, -0.8681194796641343, -0.9872318874003011, -0.9901289783059561, -0.5187567586438312, -0.7137264602410291], "gsf_samples": [0.9876104324187999, 0.9832650374361611, 0.9885383989601407, 0.988769270120512, 0.9887396973221283, 0.9848576286767217, 0.9699549307058372, 0.32147150637788685, 0.965369016612749, 0.9887362398539709, 0.9885974692385308, 0.9770366755480981, 0.9887349006849145, 0.9887192945153737, 0.9887618353750417, 0.9887406971464281, 0.9892186824228293, 0.9594337873873998, 0.9743049997916561, 3.510149545340063e-11, 0.988745169021205, 0.9887408758556414, 0.9520477998619793, 0.9887417304831035, 0.9887647008285056, 1.0702684235584837e-09, 0.9879263490495221, 0.9813310430698322, 0.9227952731095285, 0.988730413165991, 0.988731886897531, 0.9769308055803454, 0.9887778463495758, 0.9852154931672289, 3.3153381357620024e-09, 0.9848232341528622, 0.986156698056726, 0.9887297157597343, 0.08942288438524469, 0.8259760360414863, 0.9887447260794364, 0.9887413766476743, 0.9885820519672407, 5.377454705492298e-08, 0.9883534853497299, 0.9892930563605575, 0.00019851964435654384, 0.9877229400398816, 0.990745863039799, 1.4060951079985934e-08, 2.6501210402119394e-09, 0.9888200472934375, 0.9865859376914894, 5.628400774340582e-08, 0.9882031758584187, 0.017181880156950942, 0.9844791373505959, 0.9879529016752421, 5.6904433796257664e-06, 0.9797957896372763, 0.9880342198018359, 0.988301281046824, 0.9876988204618516, 0.9850009905121482, 0.9177054035220085, 0.08348100844627675, 0.98629187619678, 0.9844011788888383, 0.9775057949078695, 0.9885956537598714, 5.447920363810283e-07, 0.9878525026631853, 0.9926958390961287, 0.9812519320835219, 0.9884204079175931, 0.9887719410534414, 0.9848852154925188, 0.9877969526299147, 0.9233134352641468, 0.9834275974109667, 0.9887751563168757, 0.9832909344856363, 0.9893121502150465, 0.9853894735343626, 1.7627207293070363e-07, 4.481173231126127e-06, 0.9878460763567418, 0.9890309888489838, 0.7871178472245678, 0.9888311411900658, 0.9887810959016134, 0.9619596527031761, 0.9832440710851681, 0.9750636289638079, 0.9879176359410704, 1.3922045885983735e-09, 0.9774553846930849, 0.9842509603306702, 4.885054055949993e-07, 2.244477594650921e-06]}