{"L": 5, "J": 0.03968214607433029, "B": 0.19841073037165147, "K": 5, "init_state": "random computational-basis state", "energy_avg": -0.9856053241296486, "energy_std": 0.07401740620286312, "gsf_avg": 0.9683444727855735, "gsf_std": 0.17036522689981237, "norm_check_samples": [0.9997454285621643, 0.9997377991676331, 0.9997454285621643, 0.9997377395629883, 0.9997556209564209, 0.9997407793998718, 0.9997429847717285, 0.9997374415397644, 0.9997464418411255, 0.9997453093528748, 0.9997392296791077, 0.9997462630271912, 0.9997419714927673, 0.9997403025627136, 0.999737024307251, 0.9997419118881226, 0.9997390508651733, 0.9997463226318359, 0.9997386932373047, 0.9997498989105225, 0.9997442960739136, 0.9997454285621643, 0.9997533559799194, 0.9997485280036926, 0.9997383952140808, 0.9997451901435852, 0.999739944934845, 0.9997438788414001, 0.9997414350509644, 0.9997456669807434, 0.9997426867485046, 0.9997438192367554, 0.9997396469116211, 0.9997408986091614, 0.9997384548187256, 0.9997432231903076, 0.9997396469116211, 0.9997469782829285, 0.9997431039810181, 0.9997423887252808, 0.9997402429580688, 0.9997429251670837, 0.9997446537017822, 0.9997426867485046, 0.9997438788414001, 0.9997369647026062, 0.999752402305603, 0.9997401237487793, 0.9997410774230957, 0.999744713306427, 0.9997423887252808, 0.9997411966323853, 0.99974524974823, 0.9997445940971375, 0.9997393488883972, 0.9997407793998718, 0.9997481107711792, 0.9997422099113464, 0.9997391104698181, 0.9997422099113464, 0.9997437596321106, 0.999740481376648, 0.9997430443763733, 0.9997432827949524, 0.9997424483299255, 0.999747097492218, 0.9997396469116211, 0.9997517466545105, 0.999742865562439, 0.9997425079345703, 0.9997358918190002, 0.9997402429580688, 0.9997342228889465, 0.9997420907020569, 0.9997432827949524, 0.9997404217720032, 0.9997408986091614, 0.9997422695159912, 0.9997450113296509, 0.9997471570968628, 0.9997445344924927, 0.9997519254684448, 0.999744713306427, 0.9997475743293762, 0.9997438788414001, 0.9997414350509644, 0.9997440576553345, 0.9997431039810181, 0.9997394680976868, 0.9997381567955017, 0.9997397065162659, 0.9997429251670837, 0.9997749328613281, 0.999739408493042, 0.9997467398643494, 0.999739408493042, 0.9997527599334717, 0.9997401237487793, 0.9997445940971375, 0.9997453093528748], "energy_samples": [-0.9990550166272643, -0.9990549786696901, -0.9990550166272643, -0.9990549204858536, -0.99905410263734, -0.9990546426710096, -0.9990549003110506, -0.9990549343360252, -0.9989299816918404, -0.9990549433073177, -0.9990549209901214, -0.9990549580791721, -0.9990547324915272, -0.9990541257184014, -0.999054833357528, -0.9990549987782228, -0.9990548723233033, -0.9990549263957542, -0.9990549228185065, -0.9990546108761326, -0.9990549231334492, -0.9990550166272643, -0.9990535310683184, -0.9990539092790282, -0.9990549101995079, -0.9990549946547943, -0.9990549150564831, -0.9990545180517493, -0.999055132184871, -0.9990549130298545, -0.9990549898374215, -0.9990549050513998, -0.99905486136535, -0.9990547240889313, -0.9990548313455619, -0.9990549412052074, -0.9990549102677777, -0.9990545054115553, -0.9990549678930329, -0.9990549494292572, -0.9990549423033867, -0.9990549273239013, -0.9990549230565582, -0.9990549022262433, -0.9990549600510044, -0.9990549951543932, -0.9990579701556417, -0.9571835839959082, -0.9990549756291596, -0.9990548792242057, -0.9990549237369695, -0.9990549505115911, -0.9990550250085051, -0.9990548944501252, -0.9990547720674459, -0.999054935667565, -0.9991123022661627, -0.9990549129810996, -0.99905490777879, -0.9990549335006994, -0.9990549936512064, -0.9990549403671296, -0.9990549410501168, -0.999053880496106, -0.9990548827000818, -0.9990549582213449, -0.9990549417336138, -0.9990548401708274, -0.9990549781633081, -0.9990524798457282, -0.9990548612791645, -0.9990549988689111, -0.9990548064358211, -0.9990549641813757, -0.999033892244361, -0.5644089842298754, -0.9990548804638368, -0.9990548849534924, -0.9990544492279768, -0.9990548593918847, -0.9991121452682981, -0.9990538910783718, -0.9990549579019722, -0.9990548832532545, -0.9962109144875005, -0.9990554245853281, -0.5479644865960908, -0.9990508502383728, -0.9990550111589949, -0.999054591062845, -0.9990547653186721, -0.9990512658961113, -0.9990633497810892, -0.9990549133274103, -0.9990548857297392, -0.9990549831763136, -0.5845843944760953, -0.9990548734851066, -0.999055219069509, -0.9990548839341257], "gsf_samples": [0.9988354640437512, 0.9988354098041616, 0.9988354640437512, 0.9988353481136829, 0.9988335466012576, 0.998834790385414, 0.9988353006001256, 0.9988353764235121, 0.9986922627649274, 0.9988353724203236, 0.9988353612233997, 0.9988354059630334, 0.9988349461207416, 0.9988336262761015, 0.9988352437958676, 0.9988354112964571, 0.9988352962898166, 0.9988353576530209, 0.9988353650118194, 0.9988347920262601, 0.9988353528049332, 0.9988354640437512, 0.9988323207904171, 0.9988342493337399, 0.9988353268645966, 0.9988354359498243, 0.9988353538488751, 0.9988345105779267, 0.9988354906945284, 0.9988353563758313, 0.9988354344258447, 0.9988353419931519, 0.9988352663166447, 0.9988349282509181, 0.9988351218062039, 0.9988353115163229, 0.9988353369243171, 0.9988343690103312, 0.9988354018664135, 0.9988353856559729, 0.9988353902056495, 0.9988353760165144, 0.9988353451125522, 0.9988353427375207, 0.9988353745273248, 0.9988354461967321, 0.9988386408040583, 0.9498506226566662, 0.9988353664609422, 0.9988351723878027, 0.998835307291915, 0.9988353760026487, 0.998835445422202, 0.9988353290634814, 0.9988350504313481, 0.9988353867019838, 0.9988990201678345, 0.9988353475433713, 0.998835333669179, 0.9988353743910398, 0.9988354110733996, 0.9988353489684811, 0.9988353664630746, 0.9988331857794283, 0.9988353096120423, 0.9988353930256494, 0.9988353597416945, 0.9988351695702606, 0.9988354045741132, 0.9988326704846906, 0.9988353053840722, 0.9988354151533209, 0.9988351670600917, 0.9988353080375685, 0.9987888415885802, 3.0074880921539084e-06, 0.9988352146990587, 0.9988352975613644, 0.9988343374194979, 0.998835287602405, 0.99889881702066, 0.9988339160936187, 0.9988354039967063, 0.998835236015871, 0.9953080178011681, 0.9988356522187629, 1.657377680012739e-07, 0.9988308591600858, 0.9988354381687492, 0.9988345885699008, 0.9988351107145592, 0.9988272074829185, 0.9988430433928247, 0.9988353301926466, 0.9988353097964576, 0.9988354216934444, 1.070937046992538e-05, 0.9988352870356236, 0.9988357084267664, 0.9988353066827232]}