{"L": 7, "J": 0.16419577752050152, "B": 0.032839155504100305, "K": 10, "init_state": "random computational-basis state", "energy_avg": -0.9692192968606902, "energy_std": 0.07599500621757456, "gsf_avg": 0.9223874533656512, "gsf_std": 0.19126371196647818, "norm_check_samples": [1.0005719661712646, 1.0005545616149902, 1.0006403923034668, 1.0005587339401245, 1.000591516494751, 1.0005362033843994, 1.0006297826766968, 1.0005401372909546, 1.0005552768707275, 1.000594139099121, 1.0005077123641968, 1.0006169080734253, 1.0005743503570557, 1.0005892515182495, 1.000449538230896, 1.000553846359253, 1.0006444454193115, 1.0005861520767212, 1.000563621520996, 1.0005353689193726, 1.00063955783844, 1.0006481409072876, 1.0005815029144287, 1.000581979751587, 1.000485897064209, 1.000597596168518, 1.0005266666412354, 1.0006095170974731, 1.0005519390106201, 1.000605821609497, 1.0005475282669067, 1.0005419254302979, 1.0005972385406494, 1.0005691051483154, 1.0005522966384888, 1.0005754232406616, 1.0005651712417603, 1.0005513429641724, 1.0006234645843506, 1.0005677938461304, 1.0006568431854248, 1.000604271888733, 1.000664472579956, 1.0005943775177002, 1.0006719827651978, 1.0005333423614502, 1.0005805492401123, 1.0005464553833008, 1.0005908012390137, 1.0005841255187988, 1.0005784034729004, 1.0005583763122559, 1.0004063844680786, 1.000567078590393, 1.0004817247390747, 1.00057053565979, 1.0005745887756348, 1.0006500482559204, 1.0005769729614258, 1.000539779663086, 1.000690221786499, 1.000585913658142, 1.000687837600708, 1.000565528869629, 1.0006647109985352, 1.0006791353225708, 1.0006383657455444, 1.0006192922592163, 1.0005571842193604, 1.0006494522094727, 1.000571370124817, 1.000523328781128, 1.0005582571029663, 1.0005526542663574, 1.0006380081176758, 1.0006269216537476, 1.000639796257019, 1.0006446838378906, 1.0005125999450684, 1.0006139278411865, 1.0005561113357544, 1.0005840063095093, 1.0005836486816406, 1.000563621520996, 1.0004945993423462, 1.0005812644958496, 1.0006200075149536, 1.0005714893341064, 1.0005481243133545, 1.0006779432296753, 1.000637173652649, 1.0005942583084106, 1.0005731582641602, 1.0005611181259155, 1.0004463195800781, 1.0005669593811035, 1.0006104707717896, 1.0005972385406494, 1.000515103340149, 1.0006815195083618], "energy_samples": [-0.9838894858086032, -0.9917765271705552, -0.9972793060286097, -0.9970583753558927, -0.978627086807996, -0.9888982706118796, -0.9964586577066912, -0.9686423281713623, -0.9964512528910435, -0.9973633370108527, -0.9972193556280984, -0.9972375987158432, -0.9946420061088004, -0.9846847590682062, -0.9967999768360342, -0.997009476015335, -0.9972638747161566, -0.9973342375036268, -0.9604908903341907, -0.9967256209521975, -0.7879629198851702, -0.9970973915942903, -0.6744523699866192, -0.9963755349059312, -0.9695200367070248, -0.9542214300013173, -0.9972210990589677, -0.9951178555718465, -0.9971385928107824, -0.9973715862420883, -0.9971695910734165, -0.8054726084603733, -0.995982954514382, -0.9972317989325278, -0.9305529613503604, -0.9972095271108092, -0.9948489351803945, -0.9675846184256988, -0.9902080215993836, -0.9969900092140404, -0.9972971570377009, -0.7755587402570538, -0.9968165755556678, -0.9971854855789862, -0.9972065858470418, -0.9973347457288677, -0.9953888689996594, -0.9894229234594618, -0.7923880451807686, -0.9968932965085908, -0.9891621315818548, -0.9968901025434507, -0.9948092172369777, -0.9971410801568107, -0.902482625950585, -0.9967855561372656, -0.9973513051557503, -0.9952450097360238, -0.9905914465827425, -0.9972988435831301, -0.8418278336576627, -0.9926797938310561, -0.9957594281527066, -0.9954542461663299, -0.544631733315149, -0.9972863678039198, -0.9972484656723505, -0.9278898424294876, -0.9890232305874049, -0.9972823178916548, -0.9955060049647636, -0.8823567680215835, -0.9592667226624451, -0.9909638871559803, -0.9958976228226252, -0.9959182691167694, -0.9935758149693364, -0.9957382744100897, -0.6636051257338283, -0.9927238318792291, -0.9968189156028407, -0.9975282213560819, -0.9973177583620552, -0.997020427481441, -0.9962611528865344, -0.9964039844981636, -0.9975645943620806, -0.9971546448159696, -0.9880492115400169, -0.9973079327730124, -0.9973033256485532, -0.9955237257400692, -0.9964309839443405, -0.9951243619739775, -0.997491349957068, -0.9972713783008743, -0.9971225894303197, -0.9972131698592644, -0.9967965452491967, -0.9967578221569912], "gsf_samples": [0.9584003043504183, 0.9792273739304534, 0.9948725344897245, 0.9941555805611011, 0.9469940568852429, 0.9686750280775437, 0.991964155174942, 0.9278009763172612, 0.9928011480188127, 0.9950370455343447, 0.9946452560793018, 0.9947152371161935, 0.9860702359527616, 0.9541036846790688, 0.9941819509833909, 0.9941113509926648, 0.9948049497464142, 0.9949138629718965, 0.9186066573660309, 0.9935483645997385, 0.44680987717944365, 0.9943360949062704, 0.021867042561492137, 0.9926897908602134, 0.9200795817285596, 0.8847461428246217, 0.9947563182650313, 0.9881499032410221, 0.9944804622917836, 0.9951694182933689, 0.9945303868436294, 0.40718002444197166, 0.9908666571911287, 0.9947384369200041, 0.8828093908894551, 0.9948143804610994, 0.9872244429654166, 0.9388802307855639, 0.9824542781979481, 0.9939485951623843, 0.9949279762118957, 0.5935360609785992, 0.9940236125459287, 0.994637970250984, 0.994623147152477, 0.9950442015982026, 0.9881243835423414, 0.9709277573229876, 0.39653901769829025, 0.9934211592697644, 0.9683079132779533, 0.99378748528768, 0.9887072819980416, 0.9943903940675175, 0.7677983755056813, 0.9936321889831793, 0.9950484085454241, 0.9908355146412363, 0.9750810113113756, 0.9949281902805917, 0.4707023400052396, 0.9809096330681419, 0.9898388566466354, 0.9887565811201037, 0.007034493897166974, 0.9950583971969479, 0.9947625828747739, 0.7912109707373156, 0.9670084068647444, 0.9948711709208149, 0.9907719888488342, 0.6111825800131978, 0.8658275247256014, 0.9770995988135307, 0.9905389332296616, 0.9903573796522438, 0.9879362605858585, 0.9897642663767269, 0.2808359429465901, 0.9806233882430718, 0.9935233104724658, 0.9955707057453237, 0.9949527462619194, 0.9942540177731812, 0.9913110004749632, 0.9921769044476639, 0.9956411752746592, 0.9944304781529694, 0.9664397443249657, 0.9949601724836209, 0.9949249061905007, 0.989228649383121, 0.9922051870311808, 0.9897824247356023, 0.9954890906354158, 0.9948592725040235, 0.9943700264430801, 0.9946622752639105, 0.9931770219167618, 0.9932116699747104]}