{"L": 8, "J": 0.02478276127298553, "B": 0.12391380636492764, "K": 5, "init_state": "random computational-basis state", "energy_avg": -0.9877442735670556, "energy_std": 0.05319508639889479, "gsf_avg": 0.9572047705576523, "gsf_std": 0.19538160336530905, "norm_check_samples": [0.9994422197341919, 0.9994271993637085, 0.999448835849762, 0.9994484186172485, 0.9994423389434814, 0.9994463920593262, 0.9994405508041382, 0.999447226524353, 0.9994505643844604, 0.9994401335716248, 0.9994421005249023, 0.9994481205940247, 0.9994486570358276, 0.9995034337043762, 0.9994474053382874, 0.9994421601295471, 0.9994421601295471, 0.9994449019432068, 0.9994426965713501, 0.9994520545005798, 0.9994406700134277, 0.9994426369667053, 0.9994431734085083, 0.9994388222694397, 0.9994415044784546, 0.9994450211524963, 0.9994429349899292, 0.9994452595710754, 0.9994426965713501, 0.999442994594574, 0.999448299407959, 0.9994412064552307, 0.9994586706161499, 0.9994431138038635, 0.9994324445724487, 0.9994349479675293, 0.999409019947052, 0.9994621276855469, 0.9994455575942993, 0.9994415044784546, 0.9994396567344666, 0.9994421601295471, 0.9994383454322815, 0.9994469881057739, 0.9994418025016785, 0.9994470477104187, 0.9994528293609619, 0.9994620680809021, 0.999446451663971, 0.9994509220123291, 0.999445378780365, 0.9994391202926636, 0.9994493722915649, 0.9994426965713501, 0.9994218945503235, 0.9994479417800903, 0.9994503259658813, 0.9994441270828247, 0.9994421005249023, 0.9994432330131531, 0.99944007396698, 0.9994378089904785, 0.9994493722915649, 0.9994426369667053, 0.9994425773620605, 0.9994328618049622, 0.9994441270828247, 0.9994442462921143, 0.9994481801986694, 0.9994490742683411, 0.9994440674781799, 0.9994204640388489, 0.9994434118270874, 0.9994418025016785, 0.999445378780365, 0.9994206428527832, 0.9994483590126038, 0.99944669008255, 0.9994426369667053, 0.9994436502456665, 0.9994511604309082, 0.9994444251060486, 0.99944669008255, 0.9994381666183472, 0.999442994594574, 0.9994431734085083, 0.9994468688964844, 0.9994274377822876, 0.99944669008255, 0.9994453191757202, 0.9994404315948486, 0.9994493126869202, 0.9994450807571411, 0.9994454979896545, 0.9994452595710754, 0.9994474053382874, 0.9994426965713501, 0.9994490146636963, 0.9994586706161499, 0.9994466304779053], "energy_samples": [-0.9988373736841557, -0.9973077787918314, -0.9988360534944819, -0.9988373314958106, -0.9988373432014833, -0.9988049921345765, -0.9987520083163207, -0.9988366118458529, -0.9960592962993512, -0.9988373132657783, -0.9988277702621134, -0.9988365764051899, -0.9986162262022628, -0.9987382434366724, -0.9988373515360902, -0.9987546778236189, -0.9980239683186517, -0.9988373803952738, -0.9988371746265094, -0.9988374197583679, -0.998841764319, -0.998837375582775, -0.9988405181469147, -0.9984695986728145, -0.9988373691840483, -0.9988374487055613, -0.9987710688946823, -0.9988372235164581, -0.9988373043146491, -0.9988437280959795, -0.9988396594250221, -0.9988327868480922, -0.9906887087605479, -0.9988370562758638, -0.9988371580539883, -0.9988369330732801, -0.998835447250534, -0.9939096215026848, -0.998841257644644, -0.9988384476596553, -0.9986347370879572, -0.9988370123602132, -0.9988374066766886, -0.9988374255960825, -0.998837400970443, -0.9988373034934203, -0.9988359736867171, -0.7268009579513431, -0.9988198831593017, -0.9988358723813415, -0.9988494594407265, -0.9988371266174663, -0.9986991485517266, -0.9988373460368226, -0.9988338101874586, -0.9986363539790227, -0.9988370450710644, -0.9988368875231565, -0.9988373798279456, -0.9987722375672703, -0.7119072470314994, -0.998837391172278, -0.9987135379215287, -0.9988383359114502, -0.9988351050740385, -0.9973071256548853, -0.9988207696523732, -0.998852416778896, -0.9988391160358465, -0.9988370834972611, -0.9988826270745725, -0.9987681067972446, -0.7559751082975562, -0.9959857560300082, -0.9987527373809862, -0.7162594170069204, -0.9987419022914641, -0.9988357814240315, -0.9988373003142049, -0.9988372421011095, -0.9988450838771589, -0.998811868681171, -0.9985884625468082, -0.9988369130427863, -0.998815106703875, -0.99883740395429, -0.998836699405154, -0.9988330683570208, -0.9988373034900029, -0.9988379257425305, -0.9988094306475628, -0.9988373064667044, -0.998837357390734, -0.998700896361448, -0.9988372458536966, -0.9988373370952197, -0.9988373015022289, -0.9988374170479853, -0.9988775507829882, -0.9988374349202827], "gsf_samples": [0.997617491274349, 0.9943901532104071, 0.9976118776368637, 0.9976173335267521, 0.9976172244132647, 0.9975411375973864, 0.9974744694828488, 0.9976155839304045, 0.9927208518698829, 0.9976171629814103, 0.9975921945901615, 0.9976143137003802, 0.9971990439419286, 0.9974291089194298, 0.9976172343690065, 0.9974699990998087, 0.9952409165413849, 0.9976174855856792, 0.9976168679465243, 0.9976174030028733, 0.9976245629140029, 0.9976173687137132, 0.9976226594400258, 0.9968727744038969, 0.9976174794324624, 0.9976175491265973, 0.9974902173448507, 0.9976169344288311, 0.9976171424766106, 0.9976339182443686, 0.9976240102264639, 0.9976097792343711, 0.982919199508249, 0.99761639838249, 0.9976168359337069, 0.9976161276721761, 0.9976128674214806, 0.9879002897887257, 0.9976235774534878, 0.9976190244184573, 0.9972367634786221, 0.9976161766618041, 0.9976174387588007, 0.9976174347014631, 0.9976174786079831, 0.997617233099889, 0.9976124078724742, 6.074786214245175e-05, 0.9975880818533007, 0.9976120581251433, 0.9976397851402938, 0.9976164976541801, 0.9973756938249707, 0.9976172677938298, 0.9976111746412301, 0.997242590677184, 0.997616815216401, 0.9976157735957297, 0.9976174517313803, 0.997494555648719, 4.44642235004989e-06, 0.9976171997997911, 0.9973972063537575, 0.9976189927736194, 0.9976133324656906, 0.9922237476892516, 0.997559868066661, 0.9976547016576048, 0.9976259855343429, 0.9976163850073909, 0.9976973670964177, 0.9974787274159777, 0.00019192436095780962, 0.9915521262697801, 0.9974760896571373, 7.633050774319009e-05, 0.9974651915534166, 0.9976147492632268, 0.9976172597216714, 0.9976168281612026, 0.9976283267666707, 0.997568140980105, 0.9967490397849572, 0.9976159137987798, 0.9975725553557581, 0.9976175416940971, 0.9976151278672272, 0.9976094073053512, 0.9976171924131304, 0.9976177060777263, 0.9975594728953256, 0.997617103846156, 0.997617318555999, 0.9973911653989312, 0.9976171675194453, 0.9976173700210652, 0.9976172120461193, 0.9976175277464209, 0.9977058842255103, 0.9976174245571943]}