{"L": 9, "J": 0.09001252049949558, "B": 0.09001252049949558, "K": 5, "init_state": "random computational-basis state", "energy_avg": -0.9298025259899708, "energy_std": 0.09704754816582067, "gsf_avg": 0.674542252661707, "gsf_std": 0.41746245313432434, "norm_check_samples": [0.9967025518417358, 0.9967294931411743, 0.9967002868652344, 0.9967118501663208, 0.9966875910758972, 0.9966670870780945, 0.996706485748291, 0.9966591000556946, 0.9966840147972107, 0.9967288374900818, 0.9966881275177002, 0.9966912269592285, 0.9966464042663574, 0.9967109560966492, 0.9967027902603149, 0.9966643452644348, 0.996665358543396, 0.9966805577278137, 0.9966474175453186, 0.9966844916343689, 0.9966719746589661, 0.9966949224472046, 0.9966603517532349, 0.9966670274734497, 0.9966809153556824, 0.996665894985199, 0.9966639280319214, 0.9966546297073364, 0.9966751933097839, 0.9967222809791565, 0.9966951012611389, 0.996658205986023, 0.9966936111450195, 0.9966492652893066, 0.9966825842857361, 0.9967036843299866, 0.9966846108436584, 0.9966880083084106, 0.996660590171814, 0.9966781139373779, 0.9967249631881714, 0.9966753125190735, 0.996696949005127, 0.9966724514961243, 0.9966720938682556, 0.9966970682144165, 0.9967024922370911, 0.9966715574264526, 0.9967365860939026, 0.9967447519302368, 0.9966943860054016, 0.9966874122619629, 0.9966927766799927, 0.9966792464256287, 0.9966488480567932, 0.9966769218444824, 0.9966904520988464, 0.996701180934906, 0.9966706037521362, 0.9966771006584167, 0.9966831207275391, 0.9966734051704407, 0.9966863989830017, 0.996685802936554, 0.9966654181480408, 0.9966800808906555, 0.9966912269592285, 0.9966829419136047, 0.9966710209846497, 0.9966822862625122, 0.9966868162155151, 0.996703565120697, 0.9966839551925659, 0.9966919422149658, 0.9966539144515991, 0.9966624975204468, 0.996720016002655, 0.9966649413108826, 0.9966753721237183, 0.9967056512832642, 0.9966689348220825, 0.996654748916626, 0.9966918230056763, 0.9966579079627991, 0.9966752529144287, 0.9967498183250427, 0.9966768026351929, 0.9966720938682556, 0.9966425895690918, 0.9966679215431213, 0.9966745376586914, 0.9966663718223572, 0.9966632127761841, 0.9966700673103333, 0.9966812133789062, 0.9966697096824646, 0.9966745376586914, 0.9966579675674438, 0.9966568946838379, 0.996703565120697], "energy_samples": [-0.8789292517014301, -0.7176696134957133, -0.8486747354033669, -0.8699133817224068, -0.9818202706912186, -0.9882977225511147, -0.9356248851072582, -0.9990588254925318, -0.9978484524639815, -0.646269622762107, -0.9890402487734299, -0.7336778032875663, -0.9974135999926288, -0.8975975990895042, -0.7097259877112636, -0.9238460917957595, -0.999036667850848, -0.7820479278344987, -0.9891010343183524, -0.7168964860715962, -0.9919038672492292, -0.9988749557076918, -0.998734826319631, -0.9984350538308863, -0.9989096874382616, -0.9910881610225578, -0.9861700038156938, -0.9939816635864129, -0.9216869201594333, -0.9728524126615642, -0.9968210728060775, -0.9954596215748446, -0.9947682230708684, -0.9966821496985931, -0.9177956567223945, -0.7276590783921523, -0.9971793753162845, -0.9740198938894676, -0.9469008085357477, -0.8603174849182799, -0.9420534574956041, -0.9928243149395736, -0.69991589212251, -0.9984143156302888, -0.995480904931832, -0.8906495091024097, -0.8657956634566054, -0.9109161293404181, -0.6968157404143728, -0.7408967928900209, -0.9988006591135615, -0.994625934884353, -0.9962891998207577, -0.9930514964416707, -0.9992120872707333, -0.9971513317930101, -0.9461672921254978, -0.8950439036902524, -0.9581081526019614, -0.992795811883348, -0.7512113937894083, -0.9490333680347589, -0.985148919661596, -0.9947175614779238, -0.9949147975554551, -0.811119563838384, -0.9696934071658261, -0.8511606122062711, -0.9978403933086721, -0.9974266687613591, -0.9979907811977322, -0.741858729428015, -0.93007626084254, -0.9797084687599533, -0.9971014068377461, -0.9959078088030897, -0.9032707218031892, -0.9992468898689549, -0.9882034212038207, -0.8694522362533642, -0.7972192603620609, -0.9947305915345702, -0.9794494140825367, -0.9884492923947767, -0.6384928314909213, -0.8078910506371755, -0.9933251738325205, -0.8827379967097911, -0.9971556964705331, -0.9972542170605618, -0.9183849571720594, -0.9968358117114826, -0.9972120700563254, -0.9984950170573784, -0.9930261319738661, -0.9746739908998586, -0.9964292903388935, -0.9985578013179377, -0.9912174415902083, -0.9658914367241397], "gsf_samples": [0.5960481225092625, 0.07753694308505206, 0.4870824813685371, 0.5863885628380389, 0.9283291906076314, 0.9591952210175626, 0.6264188701460951, 0.996531283080878, 0.9905595249279422, 0.05014320575099738, 0.9648861440696819, 0.00018230737582257043, 0.9915284826541755, 0.0024907228068726736, 0.0014741003307816114, 3.878672440869419e-05, 0.9963737585829164, 0.3610638024907903, 0.9397261247830976, 0.0001401312338746248, 0.9793760646652065, 0.9952367700864839, 0.9956456186432907, 0.9941892291106643, 0.9953396880780384, 0.9726567814183943, 0.9525626190266073, 0.9775580567347831, 0.1857942619677876, 0.9211109284010558, 0.9851644252541558, 0.9856234509244194, 0.9850587723377964, 0.989236748604345, 0.7728801109184116, 0.0010981341865778805, 0.9873246284234446, 0.8149426851130309, 0.8460917111903911, 1.0183468058192189e-08, 0.7619381142147699, 0.9727591598383747, 0.008954545918034615, 0.9942544702795588, 0.9843757296004723, 2.631840347914513e-05, 0.005853278360349854, 0.7549400754795791, 0.045562945727622844, 0.0068917294104144655, 0.9951793936204338, 0.9799009294275963, 0.9869283776568016, 0.9815215167424187, 0.997267754962432, 0.9901096289293296, 0.6510952502943476, 0.002975717325766823, 2.484694117528918e-09, 0.9769041505942514, 0.0158379180139586, 0.858572356526602, 0.964685494576227, 0.9844200804983329, 0.9854972871231384, 1.2464699189710023e-05, 0.8869446673387503, 0.001546378278695157, 0.9933343959151839, 0.9905128431376644, 0.9945465602135397, 0.0005691700471008314, 0.7476097499180442, 0.9369661582091758, 0.9917755473394562, 0.9854270589694333, 0.0020471957781801023, 0.9973948914786294, 0.9624185576003781, 0.6258053605633971, 9.195649716260735e-05, 0.9832936923941521, 0.9257894543751287, 0.9645531666547114, 0.00014553064183602148, 4.5913233564236766e-06, 0.9730921634786575, 7.676910973403988e-05, 0.9904270126923582, 0.9915405844395537, 0.00023574752551100902, 0.9909259543439414, 0.9915302215901979, 0.994335403747394, 0.9751523587821381, 0.9049657775837382, 0.9898756151480077, 0.9950476295116727, 0.9787095477249833, 0.8880404014578652]}