{"L": 10, "J": 0.10964486480896526, "B": 0.021928972961793053, "K": 5, "init_state": "random computational-basis state", "energy_avg": -0.866076784595881, "energy_std": 0.1354883269928944, "gsf_avg": 0.5712126199840565, "gsf_std": 0.4082894368011988, "norm_check_samples": [0.9977516531944275, 0.9977673888206482, 0.9977054595947266, 0.9978572726249695, 0.9977760910987854, 0.9977200031280518, 0.9978246688842773, 0.9977762699127197, 0.997816801071167, 0.9977194666862488, 0.9977104067802429, 0.9977519512176514, 0.9978597164154053, 0.9978194832801819, 0.9977111220359802, 0.9977279901504517, 0.9977629780769348, 0.9978255033493042, 0.9977665543556213, 0.997759222984314, 0.9977632761001587, 0.9979205131530762, 0.9978753924369812, 0.9978476762771606, 0.9977726936340332, 0.9978989362716675, 0.9978913068771362, 0.9978594183921814, 0.9978844523429871, 0.9978067874908447, 0.9978596568107605, 0.9979050159454346, 0.9977947473526001, 0.9978448748588562, 0.9977368712425232, 0.99781733751297, 0.9979586601257324, 0.9979067444801331, 0.99786376953125, 0.9978988170623779, 0.9977570176124573, 0.9977802634239197, 0.9979367256164551, 0.9977615475654602, 0.9978207945823669, 0.9978920817375183, 0.9978522062301636, 0.9977739453315735, 0.9977558851242065, 0.9978315234184265, 0.9979630708694458, 0.9977065324783325, 0.9977866411209106, 0.997949481010437, 0.9977758526802063, 0.9978049397468567, 0.9978855848312378, 0.9979265928268433, 0.9978967308998108, 0.9978018999099731, 0.9978922009468079, 0.9979224801063538, 0.9978803992271423, 0.9978860020637512, 0.9977615475654602, 0.9977851510047913, 0.9979833364486694, 0.997850775718689, 0.9979169368743896, 0.9977147579193115, 0.9977638721466064, 0.9978500604629517, 0.9977439045906067, 0.997858464717865, 0.99790358543396, 0.9979060888290405, 0.9978894591331482, 0.9978306889533997, 0.9978842735290527, 0.9978553056716919, 0.9977824687957764, 0.9977083206176758, 0.997789204120636, 0.9977118372917175, 0.9978504776954651, 0.9978711009025574, 0.9977169632911682, 0.9978364109992981, 0.9978481531143188, 0.9978593587875366, 0.9978585839271545, 0.9979279041290283, 0.9978316426277161, 0.9979068040847778, 0.9977136254310608, 0.9978802800178528, 0.9977697134017944, 0.9978435635566711, 0.9978430867195129, 0.9978059530258179, 0.9977079033851624, 0.9977679252624512, 0.9977808594703674, 0.997789740562439, 0.997746467590332, 0.9978705048561096, 0.9977083802223206, 0.9978148341178894, 0.9979003071784973, 0.9976884126663208, 0.9979057908058167, 0.9977102279663086, 0.9978950023651123, 0.9978489279747009, 0.9977009892463684, 0.9977024793624878, 0.9977124929428101, 0.9979009032249451, 0.9979603886604309, 0.9977346658706665, 0.9977858066558838, 0.9977162480354309, 0.9977375864982605, 0.9977944493293762, 0.9976944327354431, 0.9977946877479553, 0.9976978302001953, 0.9976974129676819, 0.9978132843971252, 0.9977176785469055, 0.997724711894989, 0.9978370666503906, 0.9978261590003967, 0.9977154731750488, 0.9976937770843506, 0.9977331757545471, 0.9977220296859741, 0.9978669881820679, 0.9977399706840515, 0.9978424310684204, 0.9977821707725525, 0.9978322982788086, 0.9977203011512756, 0.9978293776512146, 0.9977738857269287, 0.9976930618286133, 0.9978103637695312, 0.9977259039878845, 0.997793436050415, 0.9977710843086243, 0.9978451728820801, 0.9977056384086609, 0.9978547692298889, 0.9977270364761353, 0.9977042078971863, 0.9978156089782715, 0.9977009892463684, 0.9978018403053284, 0.9977529048919678, 0.9978598952293396, 0.9977190494537354, 0.9978621602058411, 0.9976971745491028, 0.997830331325531, 0.9977942109107971, 0.9978054165840149, 0.997725248336792, 0.9977851510047913, 0.9978623390197754, 0.997708797454834, 0.9978488683700562, 0.9976974725723267, 0.9976993203163147, 0.997706949710846, 0.9977019429206848, 0.9979084134101868, 0.9977024793624878, 0.9977381825447083, 0.9978592395782471, 0.9977721571922302, 0.9977195858955383, 0.9978382587432861, 0.9976955652236938, 0.9977395534515381, 0.9977176189422607, 0.9979342818260193, 0.9977118372917175, 0.9978002309799194, 0.9978699684143066, 0.9977431893348694, 0.9977203607559204, 0.9977201223373413, 0.9978352785110474, 0.9977959990501404, 0.9977043867111206, 0.9978307485580444, 0.9978737831115723, 0.9978085160255432, 0.9978256225585938, 0.9978465437889099], "energy_samples": [-0.9929547263689235, -0.8925720258313036, -0.6618771173650584, -0.8428930775457842, -0.8476169793492825, -0.9595247109640282, -0.9915581177044775, -0.6447682088958062, -0.6634565171707935, -0.9914789092342908, -0.7681451823886708, -0.9911249774050297, -0.7492499633793103, -0.7658512651540574, -0.9922900016777232, -0.9910399597200769, -0.9925467945449397, -0.8355638657210641, -0.5950280909771785, -0.9728637587538105, -0.7942289371839344, -0.9913794977342832, -0.9773317805401058, -0.7955420849482264, -0.9902569406675688, -0.6989222852308985, -0.9875373388973351, -0.9913245549930833, -0.9018347300877679, -0.9906781995741948, -0.9924214439877882, -0.9029690862318336, -0.8705929477549501, -0.9908910492507863, -0.9913118902079755, -0.9858955730326013, -0.9907155603530556, -0.8669491133143368, -0.989575814861035, -0.6696688338775627, -0.5585388246523467, -0.7806869122591353, -0.9874232539736126, -0.6204783001420641, -0.8351911827235924, -0.9904173385225871, -0.7985402928774163, -0.9902930818026733, -0.8261157298134273, -0.9402226654768845, -0.8040882911601667, -0.9910630265194951, -0.6067125259348704, -0.9868052486827663, -0.9899646937339497, -0.6933334367514065, -0.9911029746057431, -0.7112806592684824, -0.9117218403581903, -0.7609389738639453, -0.9922987337618412, -0.6628584721288396, -0.9905353777883399, -0.8114828633561572, -0.969674487657865, -0.7782000310691841, -0.9904987712126614, -0.833207549391077, -0.7364065905609277, -0.9912080865238755, -0.6734232085887611, -0.9899454053181137, -0.9912909089917121, -0.9910908796085746, -0.9900699745422583, -0.7654128236744453, -0.9910399597200769, -0.9844747602990572, -0.5448732714863918, -0.9205504436777137, -0.9876993867174929, -0.7557359292350245, -0.9923339306594089, -0.6510394169313252, -0.6431646069411856, -0.68840903877357, -0.989933600523887, -0.8769605500514255, -0.7614720158239482, -0.9803222306769869, -0.9894413378722161, -0.9908593523017791, -0.8085052049735645, -0.9034687338746352, -0.9912239016978021, -0.9142146408367668, -0.6857828756138136, -0.5890599328809888, -0.7704353074091087, -0.7517227004316158],