{"L": 10, "J": 0.0807657236752511, "B": 0.0807657236752511, "K": 10, "init_state": "random computational-basis state", "energy_avg": -0.9733118849010733, "energy_std": 0.052088986299140494, "gsf_avg": 0.8001009900805811, "gsf_std": 0.38287583369339706, "norm_check_samples": [1.0019688606262207, 1.0018842220306396, 1.0019906759262085, 1.001977801322937, 1.0020021200180054, 1.001982569694519, 1.0020052194595337, 1.0019569396972656, 1.0020290613174438, 1.0020020008087158, 1.0019700527191162, 1.001966953277588, 1.001964807510376, 1.0019686222076416, 1.0018895864486694, 1.0019619464874268, 1.0019464492797852, 1.0019657611846924, 1.0019561052322388, 1.0017675161361694, 1.0019543170928955, 1.001981258392334, 1.0019793510437012, 1.0019904375076294, 1.0019820928573608, 1.001915454864502, 1.0019505023956299, 1.001952886581421, 1.0020042657852173, 1.00178062915802, 1.0019335746765137, 1.0019989013671875, 1.0019209384918213, 1.001967191696167, 1.0019917488098145, 1.0019524097442627, 1.0018012523651123, 1.0019726753234863, 1.0019320249557495, 1.0019546747207642, 1.0019820928573608, 1.0019975900650024, 1.0019789934158325, 1.001965880393982, 1.0018949508666992, 1.001992106437683, 1.0019930601119995, 1.001973032951355, 1.0019690990447998, 1.001993179321289, 1.0019584894180298, 1.001967430114746, 1.0019078254699707, 1.0019452571868896, 1.0019727945327759, 1.0020030736923218, 1.001944899559021, 1.0019559860229492, 1.001984715461731, 1.001930832862854, 1.001926064491272, 1.002007007598877, 1.0019655227661133, 1.0019850730895996, 1.0019738674163818, 1.0019551515579224, 1.001950740814209, 1.0019936561584473, 1.0019965171813965, 1.0019888877868652, 1.0019923448562622, 1.001995325088501, 1.001960277557373, 1.0019830465316772, 1.0019667148590088, 1.0019378662109375, 1.0019514560699463, 1.001974105834961, 1.0019718408584595, 1.001966953277588, 1.0019793510437012, 1.0019780397415161, 1.0019629001617432, 1.0019856691360474, 1.0019644498825073, 1.0019596815109253, 1.0019645690917969, 1.001997709274292, 1.0019850730895996, 1.0019882917404175, 1.0019458532333374, 1.0019487142562866, 1.00197172164917, 1.001961588859558, 1.001983880996704, 1.0019928216934204, 1.0020304918289185, 1.001981258392334, 1.0019737482070923, 1.0020052194595337, 1.0020062923431396, 1.0019809007644653, 1.0019893646240234, 1.0019195079803467, 1.0020151138305664, 1.001954436302185, 1.0019773244857788, 1.0019919872283936, 1.0019893646240234, 1.0019776821136475, 1.0020440816879272, 1.0019885301589966, 1.0019887685775757, 1.0020074844360352, 1.0018336772918701, 1.0019692182540894, 1.0020159482955933, 1.0019652843475342, 1.0019862651824951, 1.0019795894622803, 1.0020110607147217, 1.0019521713256836, 1.0019575357437134, 1.0019776821136475, 1.001974105834961, 1.0019012689590454, 1.001997709274292, 1.0018870830535889, 1.0019744634628296, 1.001936912536621, 1.0019822120666504, 1.002035140991211, 1.001943588256836, 1.0018236637115479, 1.0019537210464478, 1.0020391941070557, 1.0019769668579102, 1.0019969940185547, 1.0020250082015991, 1.001941204071045, 1.0019339323043823, 1.0020058155059814, 1.0020394325256348, 1.0018773078918457, 1.001967191696167, 1.0019184350967407, 1.0019954442977905, 1.0019704103469849, 1.0020098686218262, 1.0020174980163574, 1.0019258260726929, 1.002000331878662, 1.0019910335540771, 1.0019713640213013, 1.0019253492355347, 1.0019190311431885, 1.001958966255188, 1.0019586086273193, 1.0019557476043701, 1.0019798278808594, 1.0019465684890747, 1.0019928216934204, 1.0019944906234741, 1.0019534826278687, 1.0019690990447998, 1.001952886581421, 1.001853346824646, 1.0019540786743164, 1.0019598007202148, 1.0019423961639404, 1.002030611038208, 1.00198233127594, 1.001962661743164, 1.0019989013671875, 1.0019456148147583, 1.001999855041504, 1.0019675493240356, 1.0019757747650146, 1.0019354820251465, 1.001965045928955, 1.0019779205322266, 1.0019447803497314, 1.0019299983978271, 1.0020219087600708, 1.0019844770431519, 1.0019747018814087, 1.0020126104354858, 1.0019651651382446, 1.002010464668274, 1.0019694566726685, 1.0019794702529907, 1.0019747018814087, 1.0020041465759277, 1.0019035339355469, 1.0019574165344238, 1.0019882917404175, 1.0019339323043823, 1.001975655555725, 1.0019993782043457, 1.0020198822021484], "energy_samples": [-0.9213241706643569, -0.9990226469098175, -0.9994287559967485, -0.9968576499512056, -0.9958403809285541, -0.999381834079176, -0.9989530660860492, -0.9199257736809272, -0.999442348523328, -0.9989412185148201, -0.9991059061084836, -0.9993532317173481, -0.9992484311482336, -0.9990231473501584, -0.8297832405985528, -0.9983282796899077, -0.9982367352097462, -0.9066396898146577, -0.9993731192637239, -0.9146659340727668, -0.9991358794927987, -0.998808024289279, -0.9987188996519558, -0.9996126511455138, -0.999088532633336, -0.8673930653248205, -0.9996980650281291, -0.8608612189616832, -0.9997099574457203, -0.9171084648123361, -0.9976747909514905, -0.9985435142605922, -0.9991618635552724, -0.7897686097903243, -0.9977766072296694, -0.9987442653359826, -0.9987636634785381, -0.9994020408128877, -0.992657996652022, -0.9059806497761401, -0.9981097831266813, -0.9997891485602018, -0.999273739729179, -0.9140860637225735, -0.9991007605951372, -0.8781651594393831, -0.9989606253409439, -0.9986662607130571, -0.9961341405753151, -0.9952166945358594, -0.9993138912447137, -0.9227282212012751, -0.9993757959812414, -0.9983357971868236, -0.99871303904888, -0.8311051992025815, -0.9990670116824766, -0.9990934133566282, -0.9995258670035758, -0.9995849213849727, -0.9997301040372089, -0.9988525758118776, -0.9963129186000653, -0.9980557391850353, -0.9990711953755456, -0.9544885021070648, -0.7756735155039928, -0.9186271130489061, -0.9988384025962218, -0.9122719701960031, -0.9991253826682797, -0.988946784399308, -0.9993811993740548, -0.9993788323580435, -0.999352287264545, -0.9973976631885391, -0.9995869478024358, -0.9991635697655689, -0.832798323604732, -0.9993336471424498, -0.9988062175419009, -0.8715099912385182, -0.9923340744603372, -0.9995350500830923, -0.9987183649733185, -0.9997700905025388, -0.9973849605131432, -0.9988382647774849, -0.999086101122659, -0.9036772112939131, -0.9996285691422309, -0.9993207540831447, -0.9996516699142189, -0.8973075671625566, -0.9989978541297866, -0.9990802619673897, -0.9982999005441899, -0.9992907463147722, -0.9979318418199375, -0.9998024699237772],