{"L": 10, "J": 0.01982125929328925, "B": 0.09910629646644625, "K": 5, "init_state": "random computational-basis state", "energy_avg": -0.9881863674232854, "energy_std": 0.049972532147632344, "gsf_avg": 0.9383219361783098, "gsf_std": 0.2371198962760167, "energy_samples": [-1.0013994715296264, -1.001200075586866, -1.001200075586866, -0.9922684994783311, -1.001200075586866, -1.0012140296038363, -1.001200075586866, -1.001200075586866, -0.7819329345945685, -1.001160783109527, -1.0012118548272615, -0.9963344885768245, -1.001200075586866, -1.0012033897978498, -0.8115714254898377, -1.0014531140124503, -0.9958177799961394, -1.001378124090682, -1.001200075586866, -1.001200075586866, -1.001575243442155, -1.001200912524034, -1.0009711566643065, -1.0014832646564387, -1.0012741200718236, -1.00153492267699, -1.001200075586866, -1.001200075586866, -1.001300011009184, -1.001200075586866, -1.0014531140124503, -1.001200075586866, -1.001200075586866, -1.0011650762300668, -1.0012317456001631, -1.001200075586866, -1.001200075586866, -1.0001454283720297, -0.7823556434980321, -1.001390323680127, -1.0011971158470978, -1.001200075586866, -1.001200075586866, -1.0011650762300668, -1.001200075586866, -1.0017570722154558, -1.001390323680127, -1.001200075586866, -1.0011705768402495, -1.0011844218055983, -1.001200075586866, -1.001200075586866, -1.0012140607105822, -0.7928196454881604, -1.0011629098577797, -1.001200075586866, -1.001200075586866, -1.001490590489234, -1.0011722758961425, -1.0012740139459888, -1.0013007134808052, -0.803120293800642, -1.0011905830094001, -1.001244145134322, -1.0013068890453813, -1.0012012489943216, -1.00153492267699, -1.0011034025382743, -1.001200075586866, -0.9997924928636396, -0.9817714644069981, -1.001200075586866, -1.0012012489943216, -1.001200075586866, -1.001200075586866, -1.0013009819599652, -1.00121338967562, -0.7741481539560484, -1.0008584738396673, -1.0011606921042362, -1.001200075586866, -1.001364137151122, -1.0010229071102037, -1.001200075586866, -1.0011971158470978, -1.0012049004750658, -1.000733746218377, -1.0015115845679134, -1.001200075586866, -1.0014973065696882, -1.0013009819599652, -1.001200075586866, -1.001200075586866, -1.001200075586866, -1.0011392471735447, -1.001200075586866, -0.9988174802562949, -1.001200075586866, -1.001200075586866, -1.0011705768402495], "gsf_samples": [0.9997049391742188, 0.9992061861598179, 0.9992061861598179, 0.977072406507676, 0.9992061861598179, 0.9992370669596398, 0.9992061861598179, 0.9992061861598179, 1.3601880232234853e-31, 0.9991250236445145, 0.9992333992890233, 0.9885187260901839, 0.9992061861598179, 0.9992096627816582, 1.2465100082560285e-30, 0.9997910805430857, 0.9863409190775335, 0.9996101646960717, 0.9992061861598179, 0.9992061861598179, 1.0001233511841643, 0.9992063420751153, 0.9987630606188548, 0.9998741424505972, 0.9993665482130489, 0.9999507618076754, 0.9992061861598179, 0.9992061861598179, 0.9994393936499433, 0.9992061861598179, 0.9997910805430857, 0.9992061861598179, 0.9992061861598179, 0.9991172497266023, 0.9992878782893931, 0.9992061861598179, 0.9992061861598179, 0.9966292419605837, 1.251854463851703e-32, 0.9996359923281576, 0.9992050723337167, 0.9992061861598179, 0.9992061861598179, 0.9991172497266023, 0.9992061861598179, 1.0005469292261917, 0.9996359923281576, 0.9992061861598179, 0.9990724752859639, 0.9991720864650785, 0.9992061861598179, 0.9992061861598179, 0.9992343328478691, 5.238529448733282e-32, 0.999250289283246, 0.9992061861598179, 0.9992061861598179, 0.9999251663422076, 0.9991471293566322, 0.9993834341586117, 0.9994163572059918, 1.802670427946453e-31, 0.9991809571887512, 0.999294208200378, 0.9994853937866411, 0.999214111082389, 0.9999507618076754, 0.9990643637573423, 0.9992061861598179, 0.9961647032708134, 0.9548526361313803, 0.9992061861598179, 0.999214111082389, 0.9992061861598179, 0.9992061861598179, 0.9994413369949104, 0.9992412834901748, 1.7333369499485123e-32, 0.9984417907636857, 0.9990539714842902, 0.9992061861598179, 0.9995860515151613, 0.9988790351527725, 0.9992061861598179, 0.9992050723337167, 0.9992170397203457, 0.9981865806269526, 0.9999224203204359, 0.9992061861598179, 0.9998889158469079, 0.9994413369949104, 0.9992061861598179, 0.9992061861598179, 0.9992061861598179, 0.9991955692746968, 0.9992061861598179, 0.9934418437937284, 0.9992061861598179, 0.9992061861598179, 0.9990724752859639]}