{"L": 10, "J": 0.01982125929328925, "B": 0.09910629646644625, "K": 5, "init_state": "random computational-basis state", "energy_avg": -0.9821979834489442, "energy_std": 0.05951828966212896, "gsf_avg": 0.9177142677268983, "gsf_std": 0.27062517087988375, "norm_check_samples": [1.0012249946594238, 1.001262903213501, 1.001230239868164, 1.0012612342834473, 1.0012621879577637, 1.0012961626052856, 1.0012564659118652, 1.001231074333191, 1.0012602806091309, 1.001287579536438, 1.0012861490249634, 1.0012540817260742, 1.0012657642364502, 1.0012513399124146, 1.0012543201446533, 1.0012707710266113, 1.0012704133987427, 1.0012803077697754, 1.001234531402588, 1.0012530088424683, 1.0012471675872803, 1.0012718439102173, 1.001245379447937, 1.001277208328247, 1.0012449026107788, 1.0012589693069458, 1.0012710094451904, 1.0012325048446655, 1.001261830329895, 1.001284122467041, 1.0012705326080322, 1.0012562274932861, 1.0012893676757812, 1.0012609958648682, 1.0012667179107666, 1.001243233680725, 1.0012562274932861, 1.00124192237854, 1.0012763738632202, 1.001267910003662, 1.0012692213058472, 1.0012418031692505, 1.0012669563293457, 1.0012764930725098, 1.0012867450714111, 1.0012669563293457, 1.0012569427490234, 1.0012699365615845, 1.0012502670288086, 1.0012648105621338, 1.0012609958648682, 1.0012751817703247, 1.0012534856796265, 1.001280426979065, 1.0012543201446533, 1.001267433166504, 1.0012632608413696, 1.001295804977417, 1.0012603998184204, 1.0012668371200562, 1.0012305974960327, 1.0012675523757935, 1.0012743473052979, 1.0012768507003784, 1.0012956857681274, 1.0012450218200684, 1.0012836456298828, 1.0012884140014648, 1.0012472867965698, 1.0012495517730713, 1.001267671585083, 1.0012824535369873, 1.0012701749801636, 1.0012452602386475, 1.0012654066085815, 1.0012767314910889, 1.0012825727462769, 1.0012538433074951, 1.0012946128845215, 1.0012645721435547, 1.0012283325195312, 1.001291036605835, 1.0012781620025635, 1.0012351274490356, 1.0012741088867188, 1.0012812614440918, 1.0012601613998413, 1.0012586116790771, 1.0012400150299072, 1.0012787580490112, 1.0012707710266113, 1.0012749433517456, 1.0012656450271606, 1.0012413263320923, 1.0012542009353638, 1.0012623071670532, 1.001287817955017, 1.0012714862823486, 1.0012555122375488, 1.0012520551681519, 1.0012768507003784, 1.00128173828125, 1.001245141029358, 1.0012805461883545, 1.00128173828125, 1.00128173828125, 1.0012807846069336, 1.00128173828125, 1.00128173828125, 1.001280426979065, 1.0012807846069336, 1.0012824535369873, 1.0012842416763306, 1.00128173828125, 1.00128173828125, 1.0012794733047485, 1.001282811164856, 1.001280665397644, 1.00126051902771, 1.0012825727462769, 1.00128173828125, 1.001281499862671, 1.0012810230255127, 1.00128173828125, 1.0012818574905396, 1.0012834072113037, 1.00128173828125, 1.0012813806533813, 1.001281976699829, 1.001279354095459, 1.0013256072998047, 1.001281499862671, 1.0012792348861694, 1.00128173828125, 1.0012824535369873, 1.00128173828125, 1.0012823343276978, 1.00128173828125, 1.0012611150741577, 1.0012506246566772, 1.00128173828125, 1.001283049583435, 1.00128173828125, 1.001308560371399, 1.00128173828125, 1.00128173828125, 1.00128173828125, 1.00128173828125, 1.001316785812378, 1.001284122467041, 1.0012816190719604, 1.00128173828125, 1.00128173828125, 1.0012866258621216, 1.0012915134429932, 1.00128173828125, 1.0012826919555664, 1.00128173828125, 1.001283884048462, 1.00128173828125, 1.0012799501419067, 1.0012813806533813, 1.00128173828125, 1.0012798309326172, 1.0012824535369873, 1.001280665397644, 1.00128173828125, 1.0012438297271729, 1.00128173828125, 1.00128173828125, 1.00128173828125, 1.0012816190719604, 1.0012816190719604, 1.00128173828125, 1.0012825727462769, 1.0012818574905396, 1.00128173828125, 1.00128173828125, 1.001283049583435, 1.00128173828125, 1.00128173828125, 1.00128173828125, 1.0012890100479126, 1.001313328742981, 1.00128173828125, 1.0012816190719604, 1.0012824535369873, 1.00128173828125, 1.0012704133987427, 1.00128173828125, 1.0012810230255127, 1.0012365579605103, 1.0012834072113037, 1.00128173828125, 1.0012824535369873, 1.00128173828125, 1.001306176185608, 1.00128173828125, 1.00128173828125, 1.0012866258621216], "energy_samples": [-0.9998527783778274, -0.9999184418418294, -0.9999289355509767, -1.0001202969022858, -0.9999377379661439, -0.9999184418418294, -0.9994562003049039, -0.9999184418418294, -0.9989737997199473, -0.9997650559202761, -0.9998829767604482, -0.999942972459893, -0.9999964732898476, -0.9999184418418294, -0.9999184418418294, -0.9999218756475964, -0.9999188856966722, -0.7907780004486952, -1.0001541719851093, -1.0002144587644448, -0.9999184418418294, -0.9989274899737792, -1.0001718708164642, -0.9999184418418294, -0.9995845584629762, -1.0002828081829485, -0.9999184418418294, -0.9998355159824162, -0.999996549065299, -0.9999178668290475, -0.7746759714137686, -0.7773856911525487, -0.9998812477557744, -0.9999184418418294, -1.000017534984394, -0.9999184418418294, -1.00001679636788, -0.9999184418418294, -1.0002034679994298, -1.0002307584038936, -0.9999184418418294, -0.9999199706567236, -1.0001392301255758, -0.7748190784328863, -0.9999184418418294, -0.9999184418418294, -0.9999184418418294, -0.9999184418418294, -0.7862769177805687, -0.9999206706720836, -0.9998297000700909, -0.9999184418418294, -0.9999184418418294, -1.0000348010061566, -0.9977541758337274, -0.9999184418418294, -0.9999717364103549, -0.9999184418418294, -0.999755763753068, -0.9999184418418294, -0.9999412054206466, -0.9997408786825637, -0.9999184418418294, -0.9999941904486152, -1.0002374322072263, -1.0000097393545417, -0.9999184418418294, -0.9966377482563984, -0.9999184418418294, -0.9999184418418294, -0.9999184418418294, -0.999883606330453, -0.9999625740282007, -0.9999506780560204, -1.000032137163367, -1.0001898645481226, -0.9999184418418294, -0.9999184418418294, -0.9999199706567236, -0.9999184418418294, -0.9999184418418294, -0.9999184418418294, -0.9945056908338095, -0.9967988772755384, -0.9999184418418294, -0.7850723283831994, -0.9998924373160519, -0.9999184418418294, -0.9995652991348639, -0.9999184418418294, -0.7814773095864156, -1.0001815138457562, -1.0000433098335726, -0.9999184418418294, -0.9971332001233447, -0.9999184418418294, -0.7732116828537242, -0.9998906777374215, -0.9999184418418294, -1.0001488527432065],