{"L": 10, "J": 0.10964486480896526, "B": 0.021928972961793053, "K": 10, "init_state": "random computational-basis state", "energy_avg": -0.957517708262579, "energy_std": 0.0898052516282864, "gsf_avg": 0.8412697171731602, "gsf_std": 0.3286585152905871, "norm_check_samples": [1.001055121421814, 1.0011177062988281, 1.0010855197906494, 1.001089334487915, 1.001150369644165, 1.0011082887649536, 1.001116394996643, 1.001150369644165, 1.0010926723480225, 1.0010926723480225, 1.0010249614715576, 1.0010491609573364, 1.0011918544769287, 1.0010623931884766, 1.0011637210845947, 1.0010418891906738, 1.0011353492736816, 1.001121997833252, 1.0009883642196655, 1.001192569732666, 1.0010117292404175, 1.0011659860610962, 1.0010442733764648, 1.001181721687317, 1.001078486442566, 1.001209020614624, 1.001071810722351, 1.0011687278747559, 1.0010756254196167, 1.0009653568267822, 1.0010695457458496, 1.0011751651763916, 1.0011765956878662, 1.001045823097229, 1.0010254383087158, 1.001023292541504, 1.0010995864868164, 1.0010812282562256, 1.0010164976119995, 1.0011634826660156, 1.001169204711914, 1.0011231899261475, 1.0010510683059692, 1.0011626482009888, 1.0010026693344116, 1.0010818243026733, 1.0010558366775513, 1.0011554956436157, 1.001013159751892, 1.0011202096939087, 1.0010100603103638, 1.00108802318573, 1.0011329650878906, 1.0010275840759277, 1.0011913776397705, 1.0011012554168701, 1.0012001991271973, 1.0010710954666138, 1.0010794401168823, 1.0011905431747437, 1.0010643005371094, 1.0011721849441528, 1.001169204711914, 1.0011327266693115, 1.0011701583862305, 1.0011464357376099, 1.0011059045791626, 1.000959038734436, 1.001050353050232, 1.001170039176941, 1.0010685920715332, 1.0010322332382202, 1.0011149644851685, 1.0010956525802612, 1.001107931137085, 1.0010778903961182, 1.0011861324310303, 1.0011433362960815, 1.0011767148971558, 1.0010977983474731, 1.001181721687317, 1.0011671781539917, 1.0010634660720825, 1.001038908958435, 1.0010623931884766, 1.0010361671447754, 1.0011013746261597, 1.0011396408081055, 1.0010181665420532, 1.001119613647461, 1.0011391639709473, 1.0011721849441528, 1.0009939670562744, 1.0010517835617065, 1.0011215209960938, 1.0011464357376099, 1.0010935068130493, 1.0011154413223267, 1.001150369644165, 1.0011743307113647, 1.0011461973190308, 1.001112937927246, 1.0010590553283691, 1.001112937927246, 1.0010156631469727, 1.0011461973190308, 1.0011461973190308, 1.0010168552398682, 1.0011310577392578, 1.0011759996414185, 1.0011461973190308, 1.0011461973190308, 1.0011461973190308, 1.0011461973190308, 1.0011417865753174, 1.0011411905288696, 1.001112937927246, 1.0011030435562134, 1.001112937927246, 1.0011461973190308, 1.001112937927246, 1.001092553138733, 1.001096248626709, 1.0009989738464355, 1.001112937927246, 1.0011461973190308, 1.001112937927246, 1.001022458076477, 1.0011532306671143, 1.001176357269287, 1.0010857582092285, 1.0011357069015503, 1.0010486841201782, 1.0011461973190308, 1.001158595085144, 1.001112937927246, 1.0011461973190308, 1.001112937927246, 1.0011461973190308, 1.0011399984359741, 1.0010907649993896, 1.0011461973190308, 1.0011121034622192, 1.0011461973190308, 1.001112937927246, 1.0011271238327026, 1.0009607076644897, 1.0011398792266846, 1.001139521598816, 1.0011612176895142, 1.0010881423950195, 1.001112937927246, 1.0011461973190308, 1.0011461973190308, 1.0010132789611816, 1.001112937927246, 1.001033067703247, 1.001112937927246, 1.0011703968048096, 1.001112937927246, 1.0010937452316284, 1.001112937927246, 1.0011266469955444, 1.0011461973190308, 1.001112937927246, 1.0011461973190308, 1.001112937927246, 1.0011461973190308, 1.001112937927246, 1.0011461973190308, 1.001096248626709, 1.0011461973190308, 1.0011461973190308, 1.001112937927246, 1.0011461973190308, 1.0011461973190308, 1.0010523796081543, 1.0010737180709839, 1.001112937927246, 1.0011135339736938, 1.001192569732666, 1.001055359840393, 1.001112937927246, 1.00117826461792, 1.0011590719223022, 1.0011721849441528, 1.0011407136917114, 1.001068115234375, 1.0011461973190308, 1.0011593103408813, 1.001157522201538, 1.0011563301086426, 1.001112937927246, 1.001112937927246, 1.0010353326797485, 1.0011461973190308, 1.0011461973190308, 1.0011461973190308, 1.0010658502578735, 1.001112937927246], "energy_samples": [-0.9995737993237954, -0.9994688038565792, -0.9324898213763803, -0.9994688038565792, -0.9954950120705196, -0.9995737993237954, -0.9995737993237954, -0.9133921297823204, -0.9993980930438734, -0.8871240708626009, -0.9995737993237954, -0.9995737993237954, -0.9995737993237954, -0.9995737993237954, -0.981853880266114, -0.9994441827269607, -0.9994688038565792, -0.9231282174249886, -0.9994688038565792, -0.9995737993237954, -0.9994688038565792, -0.9506454189158817, -0.9387023337308809, -0.770355270216887, -0.9994688038565792, -0.9995737993237954, -0.9994688038565792, -0.7556610681002696, -0.9993291331028951, -0.9813532386772759, -0.9912582068462655, -0.9842369048702894, -0.8642912438595256, -0.9995737993237954, -0.9955324022603059, -0.9994688038565792, -0.9995737993237954, -0.9994688038565792, -0.9995737993237954, -0.9992714950876238, -0.9932560118816725, -0.9995737993237954, -0.7636253301327585, -0.9995737993237954, -0.9994688038565792, -0.9987996604319017, -0.9883810546989305, -0.9890935443254845, -0.9937508145203705, -0.7257782485207059, -0.8252601627531263, -0.9994688038565792, -0.9995737993237954, -0.9995737993237954, -0.7619617466862492, -0.9994688038565792, -0.7922716745548195, -0.9994688038565792, -0.9990407237223313, -0.9994688038565792, -0.9927134607937477, -0.9994688038565792, -0.9736950817615913, -0.9995737993237954, -0.9994688038565792, -0.9995737993237954, -0.9994688038565792, -0.9995737993237954, -0.9994688038565792, -0.9995737993237954, -0.7135782763269374, -0.9995737993237954, -0.9995737993237954, -0.9994688038565792, -0.9995737993237954, -0.9995737993237954, -0.9860468649391466, -0.7965686923323522, -0.9994688038565792, -0.9986884174937706, -0.9995896034775921, -0.9994049436483794, -0.9994688038565792, -0.9981591960665045, -0.9982967857117221, -0.8723977527061596, -0.9992905695983766, -0.7606779393231652, -0.9995737993237954, -0.9995181930023572, -0.7758568043997421, -0.9980704250536117, -0.9994688038565792, -0.9994688038565792, -0.5662120658671227, -0.9995737993237954, -0.9995737993237954, -0.9995737993237954, -0.6535069846812239, -0.9994688038565792],