{"L": 11, "J": 0.07324052344033093, "B": 0.07324052344033093, "K": 2, "init_state": "random computational-basis state", "energy_avg": -0.5725220217607498, "energy_std": 0.12082026186713758, "gsf_avg": 0.029697948702440014, "gsf_std": 0.08789386294419402, "norm_check_samples": [1.0004973411560059, 1.0005178451538086, 1.000529170036316, 1.0005066394805908, 1.0005122423171997, 1.0004938840866089, 1.0004812479019165, 1.000489592552185, 1.0005087852478027, 1.000503659248352, 1.000489592552185, 1.0004997253417969, 1.0005048513412476, 1.0005229711532593, 1.000503659248352, 1.0005184412002563, 1.0005054473876953, 1.0004979372024536, 1.0004987716674805, 1.000501275062561, 1.0005059242248535, 1.0005096197128296, 1.0004862546920776, 1.0005079507827759, 1.0004717111587524, 1.0004842281341553, 1.000536322593689, 1.0004982948303223, 1.0004807710647583, 1.000532627105713, 1.000477910041809, 1.0004830360412598, 1.0005015134811401, 1.0005043745040894, 1.0005323886871338, 1.0004956722259521, 1.0004956722259521, 1.0005030632019043, 1.000493049621582, 1.0004749298095703, 1.0005042552947998, 1.0005046129226685, 1.0005017518997192, 1.000512957572937, 1.000483512878418, 1.0004976987838745, 1.0005193948745728, 1.0004937648773193, 1.0005149841308594, 1.0005100965499878, 1.0005261898040771, 1.000497579574585, 1.0004922151565552, 1.0005114078521729, 1.0005213022232056, 1.000502109527588, 1.0005160570144653, 1.0005009174346924, 1.0004956722259521, 1.0005078315734863, 1.000491976737976, 1.0004924535751343, 1.0004969835281372, 1.0004783868789673, 1.0005232095718384, 1.0004966259002686, 1.0005110502243042, 1.0005183219909668, 1.0004888772964478, 1.0005152225494385, 1.0004804134368896, 1.000511884689331, 1.000483512878418, 1.000484585762024, 1.0004887580871582, 1.0004907846450806, 1.000499963760376, 1.0005123615264893, 1.0005213022232056, 1.000488519668579, 1.000485897064209, 1.0005220174789429, 1.0005277395248413, 1.000518560409546, 1.0004950761795044, 1.0004782676696777, 1.0004979372024536, 1.0005041360855103, 1.000512719154358, 1.000487208366394, 1.0005040168762207, 1.000473141670227, 1.00049889087677, 1.000511646270752, 1.0004948377609253, 1.000504970550537, 1.0005147457122803, 1.0005147457122803, 1.0005184412002563, 1.0004947185516357, 1.000488519668579, 1.0004992485046387, 1.000489354133606, 1.0005100965499878, 1.000508189201355, 1.000501275062561, 1.0005109310150146, 1.0005290508270264, 1.0004962682724, 1.0004979372024536, 1.0005007982254028, 1.0004990100860596, 1.0005135536193848, 1.0005030632019043, 1.000503659248352, 1.0005075931549072, 1.0004749298095703, 1.000492811203003, 1.0005158185958862, 1.0005016326904297, 1.00047767162323, 1.0004618167877197, 1.0005136728286743, 1.0005030632019043, 1.0004920959472656, 1.0004969835281372, 1.0005017518997192, 1.0005189180374146, 1.0005038976669312, 1.0004957914352417, 1.0004829168319702, 1.0004910230636597, 1.0005148649215698, 1.0005064010620117, 1.0004961490631104, 1.0005091428756714, 1.0004826784133911, 1.0004905462265015, 1.0005013942718506, 1.0004647970199585, 1.000496506690979, 1.0004942417144775, 1.000488519668579, 1.0004855394363403, 1.0004808902740479, 1.0005075931549072, 1.0005139112472534, 1.0005159378051758, 1.0004955530166626, 1.00053071975708, 1.0004956722259521, 1.000497817993164, 1.0005195140838623, 1.0005028247833252, 1.0005033016204834, 1.0005064010620117, 1.0004801750183105, 1.000490427017212, 1.0005160570144653, 1.0004887580871582, 1.0004842281341553, 1.000518798828125, 1.0004879236221313, 1.0004812479019165, 1.0004963874816895, 1.0004940032958984, 1.0004878044128418, 1.0004831552505493, 1.0004862546920776, 1.0004783868789673, 1.0005052089691162, 1.0005162954330444, 1.0004940032958984, 1.0004913806915283, 1.0004903078079224, 1.0004727840423584, 1.0004751682281494, 1.000504970550537, 1.0005239248275757, 1.0004819631576538, 1.00050687789917, 1.0005086660385132, 1.000514268875122, 1.0004875659942627, 1.0004894733428955, 1.0005074739456177, 1.000495195388794, 1.0005089044570923, 1.0004956722259521, 1.0004838705062866, 1.000497579574585, 1.0005135536193848, 1.0005069971084595, 1.0005120038986206, 1.0004903078079224, 1.0005213022232056, 1.0005030632019043, 1.0005074739456177, 1.0005145072937012, 1.0005046129226685], "energy_samples": [-0.5141563096039029, -0.5786398613969186, -0.4962273891959323, -0.6213981570554711, -0.6614406265223127, -0.4885133084444122, -0.8262767919148237, -0.8644464516334022, -0.522529280922492, -0.5013156954627213, -0.6293228311151482, -0.5630681721770303, -0.6464337423360129, -0.5270344590174233, -0.5120992434922647, -0.6187683780763601, -0.3545267158421374, -0.5102401391068379, -0.6884825323927384, -0.685168357577644, -0.4405351515640929, -0.24952021989331974, -0.7187495888561928, -0.5686590676094788, -0.5397594938056213, -0.4870766700545892, -0.6026275484252627, -0.7239070264106955, -0.5106268480869867, -0.5113798154703121, -0.646327382981313, -0.4918618732240447, -0.5602496982733703, -0.5686522615795564, -0.5343535135517065, -0.7029030778809119, -0.4251116626162592, -0.4905843847098524, -0.4441099160941041, -0.3097989656955422, -0.5545392461999182, -0.5105904036635913, -0.5332776964676794, -0.48393137131411484, -0.4883913353393262, -0.47781048205215493, -0.6382449090844036, -0.7310388608734809, -0.6000911397700232, -0.8353538334237787, -0.5665970263720526, -0.6136319559192722, -0.8163955346271934, -0.5565897241632154, -0.6158512620177596, -0.6571305955493035, -0.4351748736497441, -0.6626216271694321, -0.8519948100716144, -0.6183384674055791, -0.5400668537968892, -0.7757860565627486, -0.5596716671036925, -0.4424654603420291, -0.4864239515089862, -0.4680635558958817, -0.4183281671856105, -0.45810730020133894, -0.566279832973452, -0.34753624840587266, -0.5874779227777118, -0.6449920041100127, -0.5018378595854345, -0.5542332545086985, -0.440464345816798, -0.38616096481055107, -0.47030140979040025, -0.5941556284506424, -0.834108797971222, -0.4968939689506527, -0.508613890674536, -0.6741754142439044, -0.7360052874748805, -0.6431542613142697, -0.46634028684778256, -0.6696113925313321, -0.5548564600035113, -0.7569132904824106, -0.549441257164765, -0.458063268447458, -0.5124498603291547, -0.7029539029276929, -0.5861810300050883, -0.7230754315787167, -0.4108248360544559, -0.7029618023165742, -0.5809268599051645, -0.551147065443432, -0.7519065758401067, -0.5547669865382976],