{"L": 11, "J": 0.07324052344033093, "B": 0.07324052344033093, "K": 10, "init_state": "random computational-basis state", "energy_avg": -0.9709810328646812, "energy_std": 0.046666388036501076, "gsf_avg": 0.8372739668611845, "gsf_std": 0.33993264894770153, "energy_samples": [-0.9887027672773883, -0.9888912080577374, -0.9848455989221919, -0.9896521664644093, -0.9893092682805141, -0.989710461858571, -0.9886372831225185, -0.9888978067699843, -0.9279166110193827, -0.9883073596720799, -0.9878436759302927, -0.9886346521288538, -0.9870766441062901, -0.9892657306196684, -0.9894982880850852, -0.9880014299697799, -0.9891564967326953, -0.9845406143919136, -0.9302158603310533, -0.896565068718233, -0.9893437448388699, -0.9890988207565341, -0.9056368409410896, -0.9893259898030798, -0.9893120740117427, -0.9681815253360416, -0.9887746906007369, -0.9787931885476997, -0.9900196725215316, -0.9893382008042761, -0.9893299821594022, -0.988773073496003, -0.9884874737872423, -0.9889583033421361, -0.9897756256831787, -0.9869525382678888, -0.989540968469409, -0.884321427697607, -0.9832878126914868, -0.9878238295772399, -0.9897118495101651, -0.9898837666304494, -0.9893123410161307, -0.8615818725392184, -0.988578649388815, -0.9871458599417469, -0.9895739942622457, -0.9793957300110909, -0.9894813353822862, -0.9875131424414354, -0.718056962712581, -0.9892077987161684, -0.9836187152275306, -0.9878008868139294, -0.9888779365737681, -0.9885958272663752, -0.9895468136935102, -0.9891483905799048, -0.9851081461629019, -0.9890313894291125, -0.9896620894033976, -0.9883768678373757, -0.9862121672857288, -0.9815966780535728, -0.9887349272580709, -0.9792373625262503, -0.9886623045585397, -0.98718269558435, -0.9889134239764623, -0.9885830207786833, -0.9885400571356358, -0.9896466644999236, -0.9251870715981285, -0.9891274557146899, -0.9894750281276765, -0.9892802067985398, -0.9889414107028935, -0.9893687635371181, -0.7388854792092202, -0.9895245568602878, -0.9866890290011906, -0.9891636173160807, -0.8278205617958528, -0.9882193618964007, -0.9892193126354418, -0.9882562964828298, -0.9233760071533201, -0.9283599132188336, -0.9111273817541512, -0.9890163944920998, -0.9888941553553154, -0.9891421320754368, -0.926904576538319, -0.9897130308252889, -0.9897998236334171, -0.87569386842172, -0.9894968729182465, -0.9377642415991769, -0.9825155918795901, -0.9898767019376377], "gsf_samples": [0.9822227838159985, 0.9837360073094022, 0.9713328853933031, 0.9884586608810214, 0.9868394730858847, 0.9882058916813907, 0.9846723040643768, 0.9852054588876411, 1.600363524350726e-30, 0.9842949122524618, 0.9814299485076289, 0.9846832805094738, 0.9775269150360828, 0.987053740519581, 0.9876717823889694, 0.9813040773364913, 0.9870210277444198, 0.9645222131025566, 2.5037089277034066e-31, 2.085440277206248e-29, 0.9870450984545892, 0.9856196026440625, 4.1696383295983656e-30, 0.986323024773736, 0.986833174663602, 0.9202011413986351, 0.9851393203978263, 0.942562698500487, 0.9891655631320082, 0.9871033243517131, 0.9867966267296341, 0.9854152758653001, 0.9829133400728202, 0.9856883193069316, 0.9877483898167183, 0.9774249732919573, 0.9879558853377145, 1.6336700753264726e-31, 0.964329612567247, 0.9807427477355165, 0.988291931621246, 0.9890202778183128, 0.9860295132737706, 9.272967496235663e-30, 0.9830402673556865, 0.9791003930760287, 0.9878368289952911, 0.9257250307954078, 0.9866395365328982, 0.9803646571368434, 4.504413102181476e-30, 0.9864306497410171, 0.9605479559815095, 0.9816126274266994, 0.9854154824242259, 0.9839083632100482, 0.9878505905168016, 0.9863043835605689, 0.9635070180007382, 0.984924258890359, 0.9880697631540931, 0.9832579626666862, 0.9765978202425585, 0.9540638905399775, 0.9848547997862641, 0.9426801909656618, 0.9844106822526424, 0.9785090593386295, 0.9851164354841717, 0.9846160271409077, 0.9821721945156976, 0.988306357319055, 5.007417855406813e-31, 0.9863323276157846, 0.9876963592207798, 0.9868877528614138, 0.9853419171141509, 0.9874368926578023, 0.009918319851884405, 0.9874965297991687, 0.9756651066465821, 0.9862609950777088, 0.05656909215662817, 0.9831688188795658, 0.986513604470646, 0.9827578162689997, 6.933347799794048e-30, 0.7655789591607641, 3.802604230446768e-30, 0.9839378750924586, 0.9854895996304907, 0.9863674062895039, 2.821487368527301e-31, 0.987979457968249, 0.9885086025965402, 0.5177479755227902, 0.9880256243534877, 9.893550272565842e-28, 0.9582076087077425, 0.9891136128543567]}