{"L": 11, "J": 0.09871298654195385, "B": 0.01974259730839077, "K": 10, "init_state": "random computational-basis state", "energy_avg": -0.9556575833484585, "energy_std": 0.0998852432348059, "gsf_avg": 0.8319553682208783, "gsf_std": 0.3492076488760494, "norm_check_samples": [1.0019158124923706, 1.0018460750579834, 1.0019266605377197, 1.0017763376235962, 1.0017508268356323, 1.001684546470642, 1.0019192695617676, 1.0017073154449463, 1.0017204284667969, 1.001656174659729, 1.0018301010131836, 1.0017896890640259, 1.0017651319503784, 1.001853108406067, 1.0020188093185425, 1.0018662214279175, 1.0019323825836182, 1.0018723011016846, 1.0019158124923706, 1.001712441444397, 1.0016272068023682, 1.0016785860061646, 1.0018678903579712, 1.0016733407974243, 1.001841425895691, 1.0018310546875, 1.0018141269683838, 1.001652717590332, 1.0016416311264038, 1.0017508268356323, 1.0018925666809082, 1.0018255710601807, 1.0018136501312256, 1.0018736124038696, 1.0019125938415527, 1.0019224882125854, 1.00215482711792, 1.0017985105514526, 1.0016902685165405, 1.0017956495285034, 1.0020071268081665, 1.001708745956421, 1.0019803047180176, 1.0020712614059448, 1.0017750263214111, 1.0016059875488281, 1.0019323825836182, 1.0018483400344849, 1.0017507076263428, 1.0018283128738403, 1.0017365217208862, 1.001839518547058, 1.0019323825836182, 1.0019323825836182, 1.001722812652588, 1.0017189979553223, 1.0019111633300781, 1.0019381046295166, 1.001656413078308, 1.0015970468521118, 1.0017012357711792, 1.001731514930725, 1.001751184463501, 1.001692533493042, 1.001693606376648, 1.001656413078308, 1.001677393913269, 1.0018770694732666, 1.0019006729125977, 1.0017913579940796, 1.001941442489624, 1.0017722845077515, 1.001684546470642, 1.0017528533935547, 1.0018696784973145, 1.0018211603164673, 1.001874327659607, 1.0018775463104248, 1.001943826675415, 1.0018916130065918, 1.00191330909729, 1.0017116069793701, 1.0018367767333984, 1.0016779899597168, 1.0019108057022095, 1.0017058849334717, 1.0018616914749146, 1.0018320083618164, 1.0018572807312012, 1.0017820596694946, 1.0016506910324097, 1.0019346475601196, 1.0017679929733276, 1.0017470121383667, 1.0017300844192505, 1.0019323825836182, 1.001706838607788, 1.0017598867416382, 1.001909852027893, 1.0017311573028564, 1.0017420053482056, 1.0018917322158813, 1.001947283744812, 1.0019135475158691, 1.0016875267028809, 1.0019469261169434, 1.0016945600509644, 1.001907467842102, 1.0020275115966797, 1.0019135475158691, 1.0019135475158691, 1.0017790794372559, 1.0019298791885376, 1.0019001960754395, 1.0018917322158813, 1.0019114017486572, 1.0017629861831665, 1.001693606376648, 1.0019375085830688, 1.0019135475158691, 1.0019118785858154, 1.0019500255584717, 1.0020358562469482, 1.0019439458847046, 1.0019135475158691, 1.0019025802612305, 1.0018560886383057, 1.0018823146820068, 1.0019463300704956, 1.0019383430480957, 1.0018917322158813, 1.0019073486328125, 1.0019001960754395, 1.0019135475158691, 1.0018917322158813, 1.0018969774246216, 1.0019221305847168, 1.001901388168335, 1.0018917322158813, 1.001868724822998, 1.0018917322158813, 1.0018917322158813, 1.0018644332885742, 1.0018675327301025, 1.0019135475158691, 1.001896858215332, 1.001869797706604, 1.0019135475158691, 1.0021694898605347, 1.00164794921875, 1.0018025636672974, 1.0019046068191528, 1.0019084215164185, 1.0018290281295776, 1.0017855167388916, 1.0018631219863892, 1.0018917322158813, 1.0019135475158691, 1.0019135475158691, 1.0019015073776245, 1.0019904375076294, 1.0019135475158691, 1.0019135475158691, 1.0019135475158691, 1.0018917322158813, 1.0019135475158691, 1.0018917322158813, 1.0019135475158691, 1.0019135475158691, 1.0019997358322144, 1.0019135475158691, 1.0019135475158691, 1.0015780925750732, 1.0018917322158813, 1.0018032789230347, 1.0020049810409546, 1.0018917322158813, 1.0018917322158813, 1.0018528699874878, 1.001773476600647, 1.0018917322158813, 1.0018162727355957, 1.0019218921661377, 1.0019147396087646, 1.0018917322158813, 1.0019803047180176, 1.0019135475158691, 1.0019135475158691, 1.0018715858459473, 1.0018917322158813, 1.0018917322158813, 1.0019135475158691, 1.0018917322158813, 1.0018917322158813, 1.0019118785858154, 1.0019135475158691, 1.0018223524093628, 1.0019097328186035, 1.0021575689315796, 1.0019135475158691], "energy_samples": [-0.9811876304396009, -1.0003713550203717, -0.801767936529005, -1.0005315777593276, -0.8469011539560684, -1.0002369310260166, -0.9891741403667947, -0.9978599849550998, -0.8227175143344788, -1.0005315777593276, -1.0005315777593276, -0.9917083032848463, -1.000572218137184, -0.9990842842887251, -1.0003713550203717, -0.6083710177955037, -0.9940150363536308, -0.8210471104570812, -0.9995737575437686, -1.0005315777593276, -0.6144898927629439, -0.9940881129237277, -0.9010091715583071, -1.0005022378598878, -1.0005315777593276, -1.0002832559004724, -0.9997387616762591, -0.9996624154135869, -0.7450981595664253, -0.9189656717023779, -1.0003713550203717, -0.9974208277756134, -0.6167154194180413, -1.0005315777593276, -1.0003713550203717, -1.0003442555611335, -0.9948379684400457, -0.9955467788955572, -1.0003713550203717, -1.000373080421178, -1.0003713550203717, -1.0003713550203717, -0.7945806493888655, -1.0003397917357455, -1.0005315777593276, -0.9999830709275639, -0.9986552783135489, -1.0005315777593276, -0.8298401083795474, -0.9126011638165263, -0.8098230399875339, -0.6113141709089664, -0.606756684686067, -0.9982695621601472, -0.992968256523023, -0.9989870944613802, -1.0003713550203717, -1.0005315777593276, -1.0005315777593276, -1.000127311314539, -0.8027636394450282, -1.0005315777593276, -1.0005315777593276, -1.0005315777593276, -1.0003713550203717, -1.0005315777593276, -1.0003713550203717, -1.0005315777593276, -1.0005315777593276, -0.8088586895228835, -1.0005315777593276, -1.0005315777593276, -0.9968350343786092, -1.0003713550203717, -0.9999981482259005, -0.9833701335383335, -1.0003713550203717, -1.0003713550203717, -1.0002853084976404, -0.9998774270399677, -1.0003713550203717, -0.998399300133491, -1.0001744497660359, -0.9925849284582875, -1.0003713550203717, -0.9990312355833909, -1.0005315777593276, -1.0005315777593276, -0.9978214619154909, -1.0003713550203717, -1.0003713550203717, -1.0005315777593276, -1.0003713550203717, -1.0003713550203717, -1.0001995863309028, -1.0005315777593276, -0.981505530958244, -0.9981343291905509, -0.7990978860626778, -1.0005315777593276],