{"L": 12, "J": 0.016514967374464822, "B": 0.08257483687232411, "K": 2, "init_state": "random computational-basis state", "energy_avg": -0.9312349008683511, "energy_std": 0.07776391866853916, "gsf_avg": 0.6742746855514175, "gsf_std": 0.4183590233883352, "norm_check_samples": [1.0016316175460815, 1.0016460418701172, 1.0016452074050903, 1.0016525983810425, 1.0016558170318604, 1.001631259918213, 1.001623511314392, 1.0016441345214844, 1.0016562938690186, 1.0016204118728638, 1.0016385316848755, 1.0016283988952637, 1.0016478300094604, 1.0016282796859741, 1.0016520023345947, 1.0016441345214844, 1.001665711402893, 1.0016560554504395, 1.0016419887542725, 1.0016469955444336, 1.0016320943832397, 1.0016177892684937, 1.0016448497772217, 1.0016560554504395, 1.0016354322433472, 1.0016449689865112, 1.0016337633132935, 1.001642107963562, 1.0016251802444458, 1.0016621351242065, 1.0016251802444458, 1.0016505718231201, 1.001641869544983, 1.0016528367996216, 1.001619815826416, 1.0016320943832397, 1.0016262531280518, 1.0016365051269531, 1.0016400814056396, 1.0016573667526245, 1.0016390085220337, 1.0016252994537354, 1.0016276836395264, 1.001631259918213, 1.00163996219635, 1.0016459226608276, 1.0016134977340698, 1.0016297101974487, 1.001611590385437, 1.0016326904296875, 1.0016552209854126, 1.0016505718231201, 1.0016429424285889, 1.0016452074050903, 1.0016611814498901, 1.0016356706619263, 1.0016283988952637, 1.0016357898712158, 1.0016541481018066, 1.001656413078308, 1.0016582012176514, 1.001638650894165, 1.0016494989395142, 1.0016361474990845, 1.0016379356384277, 1.0016708374023438, 1.0016204118728638, 1.0016450881958008, 1.0016463994979858, 1.0016393661499023, 1.00163996219635, 1.0016510486602783, 1.001640796661377, 1.0016652345657349, 1.0016423463821411, 1.0016454458236694, 1.001635193824768, 1.0016231536865234, 1.0016357898712158, 1.0016523599624634, 1.0016324520111084, 1.0016387701034546, 1.0016487836837769, 1.0016756057739258, 1.001672625541687, 1.0016558170318604, 1.001634120941162, 1.0016450881958008, 1.001650094985962, 1.001659631729126, 1.0016331672668457, 1.0016676187515259, 1.001651644706726, 1.0016417503356934, 1.0016223192214966, 1.0016250610351562, 1.0016298294067383, 1.0016529560089111, 1.0016614198684692, 1.0016334056854248, 1.0016075372695923, 1.0016231536865234, 1.0016233921051025, 1.0016242265701294, 1.001609206199646, 1.0016231536865234, 1.0016202926635742, 1.0016151666641235, 1.0016090869903564, 1.0016233921051025, 1.0016214847564697, 1.0016231536865234, 1.0016146898269653, 1.0016233921051025, 1.0016194581985474, 1.0016170740127563, 1.0016138553619385, 1.0016233921051025, 1.0016157627105713, 1.0016202926635742, 1.0016117095947266, 1.0016160011291504, 1.0016233921051025, 1.0016223192214966, 1.0016111135482788, 1.0016196966171265, 1.0016229152679443, 1.0016233921051025, 1.0016098022460938, 1.0016233921051025, 1.0016077756881714, 1.0016202926635742, 1.0016108751296997, 1.0016154050827026, 1.0016239881515503, 1.0016145706176758, 1.0016229152679443, 1.0016175508499146, 1.0016179084777832, 1.0016233921051025, 1.0016224384307861, 1.0016218423843384, 1.0016170740127563, 1.001622200012207, 1.0015995502471924, 1.0015896558761597, 1.0016204118728638, 1.0016162395477295, 1.001613736152649, 1.0016148090362549, 1.0016088485717773, 1.001617431640625, 1.0016233921051025, 1.0016194581985474, 1.0016120672225952, 1.0016233921051025, 1.0016233921051025, 1.001617193222046, 1.001620888710022, 1.0016076564788818, 1.0016175508499146, 1.0016233921051025, 1.0016218423843384, 1.0016223192214966, 1.001604676246643, 1.001623272895813, 1.001617670059204, 1.0016233921051025, 1.0016188621520996, 1.0016233921051025, 1.001621127128601, 1.0016082525253296, 1.001619815826416, 1.0016214847564697, 1.0016233921051025, 1.0016181468963623, 1.0016237497329712, 1.0016186237335205, 1.0016229152679443, 1.0016233921051025, 1.0016233921051025, 1.00160813331604, 1.0016124248504639, 1.001621961593628, 1.0016241073608398, 1.0016233921051025, 1.0016082525253296, 1.0016124248504639, 1.0016233921051025, 1.0016229152679443, 1.0016170740127563, 1.0016233921051025, 1.001619815826416, 1.0016005039215088, 1.0016233921051025, 1.0016226768493652, 1.0016151666641235, 1.0016099214553833, 1.0016223192214966, 1.0016146898269653], "energy_samples": [-0.8832487575306163, -0.9939891763013211, -0.9940296679829519, -0.9941120013420294, -0.9623226636433528, -0.9939730067581743, -0.9893193751111585, -0.723409030464422, -0.8177076428968375, -0.9940296679829519, -0.8583009203724535, -0.9939730067581743, -0.9206531800423026, -0.9940296679829519, -0.8289781083494415, -0.9928370941425176, -0.9105262864063044, -0.9940296679829519, -0.8187145096457703, -0.9102268577717458, -0.8271005561373347, -0.8093931829280641, -0.9940296679829519, -0.9859439570538029, -0.9676563555312482, -0.9915240381421239, -0.9925289706688569, -0.9940296679829519, -0.8169905589702973, -0.9940296679829519, -0.9637791522180656, -0.9934270690945127, -0.9617085738659151, -0.8185629835629509, -0.8240551400822635, -0.9490397164478442, -0.9936804954029217, -0.9769930864955567, -0.8221320695185792, -0.9940296679829519, -0.9942662970206029, -0.9922631452204943, -0.9780090312340297, -0.8262701298631171, -0.9748963453854369, -0.8145978584327807, -0.8180528855237904, -0.9566207058137267, -0.8233299357606239, -0.8193027934438754, -0.8173441565030409, -0.9125315597996001, -0.9940296679829519, -0.9929984185989424, -0.8671592477143103, -0.9940296679829519, -0.9940296679829519, -0.9907227097572152, -0.9935751605012326, -0.8203463659801493, -0.9612833856206723, -0.9940296679829519, -0.9912786269796194, -0.9909271452896203, -0.8182491717251097, -0.9911020098980337, -0.9222249373851885, -0.9940296679829519, -0.967744016042841, -0.9940296679829519, -0.9937061961568285, -0.9827459785256165, -0.8174767522981303, -0.9929937700630342, -0.9940296679829519, -0.8058081721782702, -0.9939391610691841, -0.9889443198418786, -0.9942279103626551, -0.9940296679829519, -0.9939531057374503, -0.8206887976020846, -0.9847085748568726, -0.978298037296354, -0.9936959710714652, -0.9940296679829519, -0.8180274226272414, -0.8177548437206641, -0.9940296679829519, -0.994058837176571, -0.9056574088469486, -0.9940296679829519, -0.8893717804396055, -0.7758507810178298, -0.9940296679829519, -0.9939708557631866, -0.8165203398151242, -0.9337692975216564, -0.8195191570275934, -0.8153056930088219],