{"L": 12, "J": 0.016514967374464822, "B": 0.08257483687232411, "K": 3, "init_state": "random computational-basis state", "energy_avg": -0.966349389154532, "energy_std": 0.06406741765369516, "gsf_avg": 0.8320565752174679, "gsf_std": 0.3508830941251781, "norm_check_samples": [0.9990643858909607, 0.99901282787323, 0.9989938735961914, 0.998991072177887, 0.9989973306655884, 0.99904465675354, 0.9989626407623291, 0.998971164226532, 0.9990346431732178, 0.9989797472953796, 0.9989219307899475, 0.9990281462669373, 0.999021053314209, 0.9990075826644897, 0.9989786148071289, 0.999016523361206, 0.99898761510849, 0.9989931583404541, 0.9989908337593079, 0.99903804063797, 0.9990473985671997, 0.998980700969696, 0.9989522695541382, 0.9990099668502808, 0.9989650845527649, 0.9989482164382935, 0.9989907145500183, 0.9989899396896362, 0.9990004897117615, 0.9990301132202148, 0.9990034103393555, 0.9989947080612183, 0.9990367889404297, 0.9990168809890747, 0.9990239143371582, 0.9989496469497681, 0.9989263415336609, 0.9989957809448242, 0.9989535808563232, 0.9989988207817078, 0.9990289211273193, 0.9989645481109619, 0.9989728331565857, 0.9989751577377319, 0.9989438056945801, 0.9990079998970032, 0.9990371465682983, 0.9989933371543884, 0.9990769624710083, 0.9990384578704834, 0.9990423321723938, 0.9990294575691223, 0.9989720582962036, 0.9990099668502808, 0.9989606738090515, 0.9990013241767883, 0.9990417957305908, 0.9990166425704956, 0.9990397691726685, 0.9989839792251587, 0.9989689588546753, 0.9989997148513794, 0.9990156292915344, 0.9990345239639282, 0.9990466833114624, 0.9990472793579102, 0.9989612102508545, 0.9989983439445496, 0.9990289211273193, 0.9990726709365845, 0.9990081191062927, 0.9989945888519287, 0.9990188479423523, 0.9989941716194153, 0.9990403056144714, 0.999004602432251, 0.9989623427391052, 0.9990400671958923, 0.9990569949150085, 0.9989736080169678, 0.9990147948265076, 0.9989964365959167, 0.9989877343177795, 0.9989529848098755, 0.9989721179008484, 0.9990025758743286, 0.9989864230155945, 0.9990347623825073, 0.9990294575691223, 0.9990046620368958, 0.9990110397338867, 0.9990036487579346, 0.9990873336791992, 0.9989978075027466, 0.999041736125946, 0.9990094900131226, 0.9989597201347351, 0.9990045428276062, 0.9990061521530151, 0.9990109205245972, 0.9989235997200012, 0.9989200234413147, 0.9989163279533386, 0.998903214931488, 0.9989138245582581, 0.9989235997200012, 0.9989235997200012, 0.9989197850227356, 0.9989235997200012, 0.9989200234413147, 0.9989235997200012, 0.9989087581634521, 0.9989235997200012, 0.9989235997200012, 0.9989235997200012, 0.9989235997200012, 0.9989286065101624, 0.9989445805549622, 0.9989235997200012, 0.9989235997200012, 0.9989235997200012, 0.9989235997200012, 0.9988733530044556, 0.9989264607429504, 0.9989235997200012, 0.9989141821861267, 0.9989235997200012, 0.9989094734191895, 0.9989471435546875, 0.9989235997200012, 0.998954176902771, 0.9989235997200012, 0.9988827705383301, 0.9989235997200012, 0.9989235997200012, 0.998915433883667, 0.9989235997200012, 0.9989235997200012, 0.9989266395568848, 0.9989042282104492, 0.9989235401153564, 0.9989449381828308, 0.9989235997200012, 0.9989416599273682, 0.9989235997200012, 0.9989235997200012, 0.9989235997200012, 0.9989235997200012, 0.9989235997200012, 0.9989371299743652, 0.9989235997200012, 0.9989235997200012, 0.9989235997200012, 0.9989238977432251, 0.9989096522331238, 0.9989235997200012, 0.9989235997200012, 0.9989235997200012, 0.9989087581634521, 0.9989204406738281, 0.9989235997200012, 0.9989235997200012, 0.9989235997200012, 0.9989235997200012, 0.9989235997200012, 0.9989235997200012, 0.9989235997200012, 0.9989391565322876, 0.998924970626831, 0.9989235997200012, 0.9988898634910583, 0.9988850355148315, 0.9989235997200012, 0.9989235997200012, 0.9989235997200012, 0.9989235997200012, 0.998889684677124, 0.9989235997200012, 0.9989069104194641, 0.9989235997200012, 0.9989235997200012, 0.9989235997200012, 0.9989030957221985, 0.9989235997200012, 0.9989235997200012, 0.9989403486251831, 0.9989184737205505, 0.9989235997200012, 0.9989235997200012, 0.9989235997200012, 0.9989235997200012, 0.9989235997200012, 0.9989235997200012, 0.9989235997200012, 0.9989717602729797, 0.9989235997200012, 0.998936116695404, 0.9988983869552612, 0.9989235997200012, 0.9989235997200012], "energy_samples": [-0.9959258369446712, -0.8039203212078696, -0.9769507507580958, -0.8150187201921311, -0.8226369058966483, -0.9959258369446712, -0.9959258369446712, -0.9890819249933381, -0.9959258369446712, -0.8292041760638625, -0.9959258369446712, -0.8178008451584224, -0.9959258369446712, -0.9959258369446712, -0.9959258369446712, -0.9959258369446712, -0.9959113155418033, -0.9958852179722363, -0.9959258369446712, -0.9959258369446712, -0.9959258369446712, -0.9959258369446712, -0.9685791781693118, -0.9958446365058741, -0.9959258369446712, -0.9763099496531902, -0.9959258369446712, -0.8135090943963169, -0.9957057162430276, -0.9959258369446712, -0.9954937369686857, -0.9959258369446712, -0.895458381124987, -0.9959258369446712, -0.9959258369446712, -0.8180783919525599, -0.9959258369446712, -0.9959258369446712, -0.9955091949830932, -0.8145420957035725, -0.8204809599430267, -0.9924048774123843, -0.9959258369446712, -0.9956037320246764, -0.9959258369446712, -0.9959258369446712, -0.9959258369446712, -0.9959258369446712, -0.9959258369446712, -0.9959161425125421, -0.9959258369446712, -0.9959258369446712, -0.9959258369446712, -0.9953701043798001, -0.9793732528498212, -0.9959258369446712, -0.9959258369446712, -0.9959258369446712, -0.8178008451584224, -0.8178285989728202, -0.9959258369446712, -0.9959258369446712, -0.9959258369446712, -0.9959258369446712, -0.9959258369446712, -0.9959258369446712, -0.9959258369446712, -0.995868696689714, -0.9958960514197306, -0.9959258369446712, -0.8172629237934409, -0.8087214826355285, -0.9959258369446712, -0.9959258369446712, -0.9959258369446712, -0.9959258369446712, -0.8151276937810981, -0.9959258369446712, -0.979462324597989, -0.9959258369446712, -0.9959258369446712, -0.9959258369446712, -0.9631747067837395, -0.9959258369446712, -0.9959258369446712, -0.9884202925693646, -0.8124177545380097, -0.9959258369446712, -0.9959258369446712, -0.9959258369446712, -0.9959258369446712, -0.9959258369446712, -0.9959258369446712, -0.9959258369446712, -0.9955101611045459, -0.9959258369446712, -0.9959168526976988, -0.9854648544788689, -0.9959258369446712, -0.9959258369446712],