{"L": 12, "J": 0.016514967374464822, "B": 0.08257483687232411, "K": 2, "init_state": "random computational-basis state", "energy_avg": -0.9297304390466778, "energy_std": 0.07763522711021079, "gsf_avg": 0.673184209117833, "gsf_std": 0.4176820865792873, "norm_check_samples": [1.0016316175460815, 1.0016460418701172, 1.0016452074050903, 1.0016525983810425, 1.0016558170318604, 1.001631259918213, 1.001623511314392, 1.0016441345214844, 1.0016562938690186, 1.0016204118728638, 1.0016385316848755, 1.0016283988952637, 1.0016478300094604, 1.0016282796859741, 1.0016520023345947, 1.0016441345214844, 1.001665711402893, 1.0016560554504395, 1.0016419887542725, 1.0016469955444336, 1.0016320943832397, 1.0016177892684937, 1.0016448497772217, 1.0016560554504395, 1.0016354322433472, 1.0016449689865112, 1.0016337633132935, 1.001642107963562, 1.0016251802444458, 1.0016621351242065, 1.0016251802444458, 1.0016505718231201, 1.001641869544983, 1.0016528367996216, 1.001619815826416, 1.0016320943832397, 1.0016262531280518, 1.0016365051269531, 1.0016400814056396, 1.0016573667526245, 1.0016390085220337, 1.0016252994537354, 1.0016276836395264, 1.001631259918213, 1.00163996219635, 1.0016459226608276, 1.0016134977340698, 1.0016297101974487, 1.001611590385437, 1.0016326904296875, 1.0016552209854126, 1.0016505718231201, 1.0016429424285889, 1.0016452074050903, 1.0016611814498901, 1.0016356706619263, 1.0016283988952637, 1.0016357898712158, 1.0016541481018066, 1.001656413078308, 1.0016582012176514, 1.001638650894165, 1.0016494989395142, 1.0016361474990845, 1.0016379356384277, 1.0016708374023438, 1.0016204118728638, 1.0016450881958008, 1.0016463994979858, 1.0016393661499023, 1.00163996219635, 1.0016510486602783, 1.001640796661377, 1.0016652345657349, 1.0016423463821411, 1.0016454458236694, 1.001635193824768, 1.0016231536865234, 1.0016357898712158, 1.0016523599624634, 1.0016324520111084, 1.0016387701034546, 1.0016487836837769, 1.0016756057739258, 1.001672625541687, 1.0016558170318604, 1.001634120941162, 1.0016450881958008, 1.001650094985962, 1.001659631729126, 1.0016331672668457, 1.0016676187515259, 1.001651644706726, 1.0016417503356934, 1.0016223192214966, 1.0016250610351562, 1.0016298294067383, 1.0016529560089111, 1.0016614198684692, 1.0016334056854248, 1.0016075372695923, 1.0016231536865234, 1.0016233921051025, 1.0016242265701294, 1.001609206199646, 1.0016231536865234, 1.0016202926635742, 1.0016151666641235, 1.0016090869903564, 1.0016233921051025, 1.0016214847564697, 1.0016231536865234, 1.0016146898269653, 1.0016233921051025, 1.0016194581985474, 1.0016170740127563, 1.0016138553619385, 1.0016233921051025, 1.0016157627105713, 1.0016202926635742, 1.0016117095947266, 1.0016160011291504, 1.0016233921051025, 1.0016223192214966, 1.0016111135482788, 1.0016196966171265, 1.0016229152679443, 1.0016233921051025, 1.0016098022460938, 1.0016233921051025, 1.0016077756881714, 1.0016202926635742, 1.0016108751296997, 1.0016154050827026, 1.0016239881515503, 1.0016145706176758, 1.0016229152679443, 1.0016175508499146, 1.0016179084777832, 1.0016233921051025, 1.0016224384307861, 1.0016218423843384, 1.0016170740127563, 1.001622200012207, 1.0015995502471924, 1.0015896558761597, 1.0016204118728638, 1.0016162395477295, 1.001613736152649, 1.0016148090362549, 1.0016088485717773, 1.001617431640625, 1.0016233921051025, 1.0016194581985474, 1.0016120672225952, 1.0016233921051025, 1.0016233921051025, 1.001617193222046, 1.001620888710022, 1.0016076564788818, 1.0016175508499146, 1.0016233921051025, 1.0016218423843384, 1.0016223192214966, 1.001604676246643, 1.001623272895813, 1.001617670059204, 1.0016233921051025, 1.0016188621520996, 1.0016233921051025, 1.001621127128601, 1.0016082525253296, 1.001619815826416, 1.0016214847564697, 1.0016233921051025, 1.0016181468963623, 1.0016237497329712, 1.0016186237335205, 1.0016229152679443, 1.0016233921051025, 1.0016233921051025, 1.00160813331604, 1.0016124248504639, 1.001621961593628, 1.0016241073608398, 1.0016233921051025, 1.0016082525253296, 1.0016124248504639, 1.0016233921051025, 1.0016229152679443, 1.0016170740127563, 1.0016233921051025, 1.001619815826416, 1.0016005039215088, 1.0016233921051025, 1.0016226768493652, 1.0016151666641235, 1.0016099214553833, 1.0016223192214966, 1.0016146898269653], "energy_samples": [-0.8818311810416033, -0.9923783936532367, -0.9924185834895579, -0.9924999565417619, -0.9607765760207456, -0.9923622503132118, -0.9877189812920979, -0.7222424884736257, -0.81639399394218, -0.9924185834895579, -0.8569114515161758, -0.9923622503132118, -0.9191690071971196, -0.9924185834895579, -0.8276377835554352, -0.99123419508509, -0.9090591963479587, -0.9924185834895579, -0.8173937952315827, -0.9087544096687689, -0.8257696552609166, -0.8080873129179366, -0.9924185834895579, -0.9843470319432582, -0.9660998589594884, -0.9899206669865821, -0.9909207901891355, -0.9924185834895579, -0.8156774795316591, -0.9924185834895579, -0.9622320988431675, -0.991820030375709, -0.9601618729842389, -0.8172428053813358, -0.8227190540863726, -0.9475098948117242, -0.9920704491241616, -0.9754153026437457, -0.8208040836330702, -0.9924185834895579, -0.9926557741440898, -0.9906564565908768, -0.9764300715400684, -0.8249319252838516, -0.9733394400435132, -0.8133049833868299, -0.816729447430257, -0.955077072478058, -0.8220034390933572, -0.8179819088659456, -0.8160312857344614, -0.9110579857869442, -0.9924185834895579, -0.9913928992402862, -0.8657635786266895, -0.9924185834895579, -0.9924185834895579, -0.9891231065734956, -0.9919672919170532, -0.8190296476606913, -0.9597309719712709, -0.9924185834895579, -0.9896735324979564, -0.9893221489511246, -0.8169382503198472, -0.9894957882045201, -0.9207354911487107, -0.9924185834895579, -0.9661799039641942, -0.9924185834895579, -0.9920978793703537, -0.9811680125915935, -0.816154731946519, -0.9913862523670475, -0.9924185834895579, -0.8045063627043564, -0.9923278689569454, -0.9873461778851529, -0.992616977115274, -0.9924185834895579, -0.992342145333156, -0.8193711395743334, -0.9831233623164021, -0.9767138449518774, -0.9920847189767983, -0.9924185834895579, -0.8167139403701692, -0.8164383981586002, -0.9924185834895579, -0.9924481778760523, -0.904195258192468, -0.9924185834895579, -0.8879334917169176, -0.7746110130537933, -0.9924185834895579, -0.9923605752315355, -0.8152036500550833, -0.9322684185923882, -0.8181917887618144, -0.813991349457615],