{"L": 13, "J": 0.06173436287790912, "B": 0.06173436287790912, "K": 5, "init_state": "random computational-basis state", "energy_avg": -0.9234430173355309, "energy_std": 0.07542292146002345, "gsf_avg": 0.43525171196856166, "gsf_std": 0.44751705032947287, "energy_samples": [-0.8883583957861186, -0.9288231957259149, -1.0068639539705848, -0.9106584110028381, -0.9966842294491719, -1.007434613834051, -0.8875846641344073, -0.9798972992942826, -0.941763195719544, -0.9753574396132267, -0.8581126465166469, -1.0049672376937462, -0.7926236039571317, -0.9560346579663281, -0.887411786401537, -0.8301608705142165, -0.8800506621546825, -0.7679656991152383, -0.9985781847739796, -0.9514112189467023, -0.9430335571824771, -1.0072867723156245, -0.93650884640591, -1.0084261509199295, -0.793769563393935, -0.9067468020114847, -0.8522421722773874, -0.9790976444121579, -0.8885814848996839, -1.0063716976470727, -1.002681743512582, -1.0079290150199616, -1.0059208460728986, -0.8215894699068773, -1.007407425337885, -0.9240478828333405, -1.008261876602981, -0.9349011314259623, -1.0032412227484397, -1.0074862457560014, -0.8339315830499615, -0.8476508542515984, -0.932191008922894, -0.9823344097232971, -0.8697742102482852, -1.0043419016004755, -0.7995737814248399, -1.0077952558594947, -0.9206050409079132, -0.9070668508620502, -0.7265994048783495, -0.7568592043794672, -1.0076951394755997, -0.7620167033937337, -0.8934701218716247, -0.8064414775739455, -1.0012370691542651, -0.9196473158487526, -0.8796825695119941, -0.7983112370601928, -0.9275069665599407, -1.0068873828970806, -1.0070779346931569, -1.0076343552851648, -0.9307131306934108, -0.8843044328601319, -0.94911698336874, -0.8998083816369238, -0.8319214792484473, -0.8591634956670013, -0.9386792263113779, -0.8744129615748889, -0.9261357913178442, -0.9876250655479004, -1.007153245660127, -0.8479439642435344, -0.8625714436032863, -1.0061527345022028, -0.9415552704384961, -1.006681853587012, -0.9556908670418103, -0.8636822252982549, -0.9934085062314547, -0.8935775569487681, -1.0073810918373403, -0.9617136329368161, -1.0016413180379033, -0.8497097044448454, -0.8587713084410141, -0.9160255731641987, -0.7645866295702382, -0.892055920380197, -1.0084704537415612, -0.8206523732543927, -0.99401129840917, -0.9793476145761214, -0.9724787549079659, -0.8662412603686165, -1.0077179485529721, -0.8805929384611219], "gsf_samples": [1.5407439555097887e-29, 0.6799284129226729, 0.9899943473775503, 1.3302975904865954e-29, 0.9313636744399264, 0.9944004418654847, 1.968454477559306e-29, 0.8631607150612969, 1.2409344410670277e-29, 0.8507950958693985, 0.16679747418230748, 0.9838097772701375, 0.0008261852879820868, 0.7959317203777644, 6.486532052696209e-30, 2.7802724677174137e-30, 6.333661363360474e-30, 3.724567956512627e-30, 0.9401801794210263, 6.372179962248218e-30, 2.7607820566802143e-29, 0.9949228654101875, 8.434802784438338e-30, 0.9991574861069784, 0.00031508269014909494, 0.5465367982621385, 5.710382285108154e-31, 0.8520420534616749, 0.5108483141050837, 0.9934182090565759, 0.96720346923805, 0.9967418096854075, 0.9858717617746017, 5.2703072928156716e-30, 0.9960076851503876, 1.0162795278791177e-29, 0.9996507924429715, 0.5478211452587074, 0.9711991140163139, 0.9936090106995483, 0.03667152728795587, 0.3122680748207912, 2.464016715255801e-29, 0.8735937302280559, 0.24562906809225846, 0.9876378889081687, 2.9028579086776612e-31, 0.9952922749035452, 9.152211688722585e-30, 5.122203280092292e-30, 0.0012562508285387122, 2.614064713516795e-30, 0.996301649710333, 2.151612822682963e-30, 1.745085122609274e-30, 0.08421833585590048, 0.9713139622520224, 1.458795636376112e-29, 2.453634749149339e-31, 3.009265538105056e-30, 4.893402802699089e-30, 0.988944079227198, 0.9949597796282508, 0.9944642697090978, 9.559545871960482e-30, 7.723749448970569e-30, 0.7625745537027997, 1.4621660137787895e-30, 4.243208853473958e-30, 0.059038470471478914, 1.8267686263755983e-29, 0.3821552177594198, 9.653723846241018e-30, 0.9204834539554924, 0.9934349045783789, 7.848646005864083e-31, 0.3188115755087124, 0.99051754439213, 0.6685637143646771, 0.9927581607696733, 0.6687740574681501, 0.005932240294047742, 0.8950784819104505, 3.456081285202895e-30, 0.9965697351822804, 0.7652796832503691, 0.9692291255014053, 0.26910650199367464, 4.94135845831433e-30, 3.3751922275386315e-30, 0.04492141779150596, 6.898873653789518e-30, 0.999365277244287, 6.657217594017529e-30, 0.9246031074807639, 3.723227027788848e-29, 0.8668262741575447, 6.92877371617613e-30, 0.9960631861924889, 1.4292711303286558e-29]}