{"L": 13, "J": 0.08230161513714379, "B": 0.01646032302742876, "K": 10, "init_state": "random computational-basis state", "energy_avg": -0.9420950938627292, "energy_std": 0.10741765177287468, "gsf_avg": 0.7421907485722677, "gsf_std": 0.3998298391760573, "energy_samples": [-1.0100069415084627, -1.009694587909863, -1.004925635549326, -0.894058299926858, -0.8374992605198409, -0.9863234442527922, -1.0100069415084627, -0.9564005994012541, -0.8310658897082124, -1.0100069415084627, -0.8047779381917335, -1.0091109354000813, -1.004980643330394, -1.0074578186405376, -0.993074823524312, -1.0100069415084627, -0.9665829011320448, -1.009694587909863, -0.9920115050196165, -0.657678411214533, -1.009694587909863, -1.009694587909863, -1.009694587909863, -1.009694587909863, -1.0052881028793736, -0.9055718429995685, -1.0100069415084627, -1.0100069415084627, -1.0100069415084627, -0.980859494548751, -0.826386983825899, -0.8591163303435533, -1.0100069415084627, -1.0100069415084627, -0.7620266683579604, -0.8319645850170139, -1.0100069415084627, -0.9841036005412583, -1.0100069415084627, -0.9135269245594029, -1.0091729187203908, -1.009694587909863, -1.006337564751483, -0.8880158982101864, -1.009694587909863, -0.8393283494434314, -0.6796785640487518, -1.0100069415084627, -1.0100069415084627, -1.0096054276936646, -0.9671870960990516, -1.0100069415084627, -1.0100069415084627, -0.8369977699746748, -0.813897549358577, -0.6760279865702072, -1.0098335452851868, -1.0100069415084627, -1.0095759594136444, -1.0100069415084627, -0.853887500670622, -1.0070017900764656, -1.0100069415084627, -1.0100069415084627, -1.0088760011263673, -1.009694587909863, -0.7962622977810685, -1.0100069415084627, -1.0100069415084627, -0.6806552557530305, -1.0100069415084627, -0.6857918402043278, -0.8500555695271319, -0.6512782087180669, -0.8349277826412329, -1.0096393602234899, -1.0100069415084627, -0.8550321591489898, -1.009694587909863, -1.0100069415084627, -1.009694587909863, -1.010045777058937, -0.6313770213181616, -1.0072903087278058, -1.0100069415084627, -1.0097157301003175, -1.0100069415084627, -1.0100069415084627, -0.672726305605425, -1.0088225340214771, -1.0100069415084627, -0.8267971650520626, -1.0047838653955732, -1.000871672463775, -1.001346278466078, -1.0100069415084627, -0.8123587453287437, -1.009694587909863, -0.8132840018365637, -1.009694587909863], "gsf_samples": [1.0059386952485134, 1.0048451081732386, 0.9910537990910827, 0.6423817161070421, 0.05472799307681356, 0.8804382394206888, 1.0059386952485134, 0.8360665576695144, 0.03096876982699789, 1.0059386952485134, 0.3789981762754543, 1.0022833316255888, 0.9905057575227643, 0.9957019553805816, 0.9486339279464809, 1.0059386952485134, 0.8732821220601644, 1.0048451081732386, 0.9436978151845585, 0.0057488311457991525, 1.0048451081732386, 1.0048451081732386, 1.0048451081732386, 1.0048451081732386, 0.9912115494687155, 0.6071002075743305, 1.0059386952485134, 1.0059386952485134, 1.0059386952485134, 0.9057432518398392, 0.012955015735716766, 0.5628315004247729, 1.0059386952485134, 1.0059386952485134, 0.24051374509076878, 0.38797570514247454, 1.0059386952485134, 0.908599550234754, 1.0059386952485134, 0.6517984215264674, 1.002223378452892, 1.0048451081732386, 0.9924738515592247, 0.5237304820854418, 1.0048451081732386, 0.004411988090292519, 0.0003675388904339569, 1.0059386952485134, 1.0059386952485134, 1.0047964172769106, 0.8796943207173251, 1.0059386952485134, 1.0059386952485134, 0.009038586645994119, 0.11984169281987396, 0.002481663176451935, 1.005478669493998, 1.0059386952485134, 1.004069612679718, 1.0059386952485134, 0.000656840239345884, 0.9894658028931419, 1.0059386952485134, 1.0059386952485134, 0.9997448719018306, 1.0048451081732386, 0.008227130929506644, 1.0059386952485134, 1.0059386952485134, 0.0014613727472690397, 1.0059386952485134, 0.012016753977669718, 0.33544195387218134, 0.008163950311239334, 0.0037783447109892743, 1.0043553882512417, 1.0059386952485134, 0.2922980303266341, 1.0048451081732386, 1.0059386952485134, 1.0048451081732386, 1.0059781202350173, 0.004778195751446552, 0.9968809011700098, 1.0059386952485134, 1.0040605645559275, 1.0059386952485134, 1.0059386952485134, 0.00032984624952360985, 0.9986373436285183, 1.0059386952485134, 0.0002704229312102391, 0.9860652538598743, 0.9539912556419681, 0.9722391920758829, 1.0059386952485134, 0.0018504026496527837, 1.0048451081732386, 0.011348208597767443, 1.0048451081732386]}