{"L": 14, "J": 0.01415400392143646, "B": 0.0707700196071823, "K": 3, "init_state": "random computational-basis state", "energy_avg": -0.9687743131562085, "energy_std": 0.05587706384059443, "gsf_avg": 0.8382484074586316, "gsf_std": 0.33981783493427553, "norm_check_samples": [0.997391402721405, 0.9973995685577393, 0.9974486231803894, 0.9974059462547302, 0.9974713921546936, 0.9974064230918884, 0.9974228739738464, 0.9974172711372375, 0.9974225163459778, 0.9974421262741089, 0.9974082112312317, 0.9974536895751953, 0.9974253177642822, 0.997469425201416, 0.9974346160888672, 0.9974400997161865, 0.9974554181098938, 0.9974589347839355, 0.9974380135536194, 0.9974460601806641, 0.9974254369735718, 0.9974008202552795, 0.9974117875099182, 0.997432291507721, 0.9974275231361389, 0.9974137544631958, 0.9974738955497742, 0.9974761605262756, 0.9973949790000916, 0.9973875284194946, 0.9973958134651184, 0.9974560737609863, 0.9974833130836487, 0.9974437355995178, 0.9974395632743835, 0.9974836111068726, 0.9974249601364136, 0.9974634051322937, 0.9974653124809265, 0.9974832534790039, 0.9974406361579895, 0.9974384903907776, 0.9974410533905029, 0.9974136352539062, 0.9974353909492493, 0.9974077343940735, 0.9974177479743958, 0.9974236488342285, 0.9974631667137146, 0.997410237789154, 0.9974985718727112, 0.9974332451820374, 0.9974514842033386, 0.9974058866500854, 0.9974619150161743, 0.997471034526825, 0.9974526166915894, 0.9974573850631714, 0.9974192380905151, 0.9974781274795532, 0.997480034828186, 0.9974067211151123, 0.9974343180656433, 0.9974219799041748, 0.9974110126495361, 0.9974521398544312, 0.9974744319915771, 0.9974397420883179, 0.997480571269989, 0.9974488019943237, 0.9974918365478516, 0.9973859786987305, 0.9974250197410583, 0.997418224811554, 0.9974194765090942, 0.9974542856216431, 0.9974588751792908, 0.9974361062049866, 0.9974777102470398, 0.9974120855331421, 0.9974474906921387, 0.9974142909049988, 0.9974422454833984, 0.997430682182312, 0.9974362850189209, 0.9974334836006165, 0.9974366426467896, 0.9974371194839478, 0.997459352016449, 0.9974629282951355, 0.9974024891853333, 0.9974722266197205, 0.9974631667137146, 0.9974406361579895, 0.9974533915519714, 0.9974408149719238, 0.9974700212478638, 0.9974624514579773, 0.997433066368103, 0.997494637966156, 0.9973522424697876, 0.9973427653312683, 0.9973522424697876, 0.997352659702301, 0.9973522424697876, 0.9973522424697876, 0.9973522424697876, 0.9973520040512085, 0.997323751449585, 0.9973522424697876, 0.9973522424697876, 0.997352123260498, 0.9973522424697876, 0.9973522424697876, 0.9973522424697876, 0.9973522424697876, 0.9973522424697876, 0.997359573841095, 0.9973462820053101, 0.9973522424697876, 0.9973521828651428, 0.9973522424697876, 0.9973479509353638, 0.9973522424697876, 0.9973522424697876, 0.9973669052124023, 0.9973697066307068, 0.9973522424697876, 0.9973522424697876, 0.9973532557487488, 0.9973522424697876, 0.9973522424697876, 0.9973645210266113, 0.9973522424697876, 0.9973158836364746, 0.9973522424697876, 0.9973522424697876, 0.9973522424697876, 0.9973522424697876, 0.9973400831222534, 0.9973522424697876, 0.9973522424697876, 0.9973522424697876, 0.9973522424697876, 0.9973522424697876, 0.9973644614219666, 0.9973499178886414, 0.9973504543304443, 0.9973522424697876, 0.9973522424697876, 0.9973385334014893, 0.99735027551651, 0.9973522424697876, 0.9973635673522949, 0.9973522424697876, 0.9973528385162354, 0.9973522424697876, 0.9973522424697876, 0.9973505735397339, 0.9973515868186951, 0.9973498582839966, 0.9973389506340027, 0.9973522424697876, 0.9973522424697876, 0.9973522424697876, 0.9973538517951965, 0.9973522424697876, 0.9973204731941223, 0.9973522424697876, 0.9973522424697876, 0.9973522424697876, 0.9973499178886414, 0.9973522424697876, 0.9973522424697876, 0.9973598718643188, 0.9973397254943848, 0.9973522424697876, 0.9973522424697876, 0.9973522424697876, 0.9973518252372742, 0.9973485469818115, 0.9973530769348145, 0.9973522424697876, 0.9973522424697876, 0.9973089694976807, 0.9973522424697876, 0.9973522424697876, 0.9973522424697876, 0.9973522424697876, 0.9973522424697876, 0.9973522424697876, 0.9973477721214294, 0.9973598718643188, 0.9973522424697876, 0.9973522424697876, 0.9973522424697876, 0.9973515868186951, 0.9973366260528564, 0.9973522424697876, 0.9973456859588623], "energy_samples": [-0.9931231235653041, -0.8425205687588658, -0.9931231235653041, -0.9923589357863415, -0.9931231235653041, -0.9931231235653041, -0.9931231235653041, -0.8388745531458173, -0.8415624844872721, -0.9931231235653041, -0.9931231235653041, -0.9931158124174365, -0.9931231235653041, -0.9931231235653041, -0.9931231235653041, -0.9931231235653041, -0.9931231235653041, -0.9910628303492652, -0.8431713427693837, -0.9931231235653041, -0.9928419410197834, -0.9931231235653041, -0.9911264197923444, -0.9931231235653041, -0.9931231235653041, -0.9931425088253155, -0.9929704694805401, -0.9931231235653041, -0.9931231235653041, -0.993103624567366, -0.9931231235653041, -0.9931231235653041, -0.9931663489854211, -0.9931231235653041, -0.8174700688325824, -0.9931231235653041, -0.9931231235653041, -0.9931231235653041, -0.9931231235653041, -0.8359536025488876, -0.9931231235653041, -0.9931231235653041, -0.9931231235653041, -0.9931231235653041, -0.9931231235653041, -0.9930898175356031, -0.8462691459791597, -0.992324059723722, -0.9931231235653041, -0.9931231235653041, -0.932521032515427, -0.992496741834988, -0.9931231235653041, -0.9878531482732086, -0.9931231235653041, -0.9919068817942163, -0.9931231235653041, -0.9931231235653041, -0.9880752951197609, -0.9931068524305289, -0.8480805332831345, -0.8374131703494975, -0.9931231235653041, -0.9931231235653041, -0.9931231235653041, -0.9923832798910446, -0.9931231235653041, -0.8345474285550776, -0.9931231235653041, -0.9931231235653041, -0.9931231235653041, -0.8462691459791597, -0.9931231235653041, -0.9931231235653041, -0.9921606080254824, -0.9129120941637825, -0.9931231235653041, -0.9931231235653041, -0.9931231235653041, -0.9931570569524749, -0.9722377478105536, -0.9930383502475641, -0.9931231235653041, -0.9931231235653041, -0.7692690872878721, -0.9931231235653041, -0.9931231235653041, -0.9931231235653041, -0.9931231235653041, -0.9931231235653041, -0.9931231235653041, -0.83606043540586, -0.9931317551166079, -0.9931231235653041, -0.9931231235653041, -0.9931231235653041, -0.9931068524305289, -0.969675371359338, -0.9931231235653041, -0.8365164978713832],