{"L": 14, "J": 0.05723769491823595, "B": 0.05723769491823595, "K": 5, "init_state": "random computational-basis state", "energy_avg": -0.9281100158658357, "energy_std": 0.07609066805526438, "gsf_avg": 0.4943720755855891, "gsf_std": 0.4487016560716204, "norm_check_samples": [1.0024443864822388, 1.0023847818374634, 1.0023887157440186, 1.0024062395095825, 1.0025123357772827, 1.0024207830429077, 1.0025519132614136, 1.0024328231811523, 1.0024714469909668, 1.0024409294128418, 1.002442717552185, 1.0024020671844482, 1.002418041229248, 1.0024089813232422, 1.0024206638336182, 1.0024948120117188, 1.0023910999298096, 1.0024257898330688, 1.002408742904663, 1.0024075508117676, 1.0026273727416992, 1.0024040937423706, 1.0025228261947632, 1.0024527311325073, 1.002402424812317, 1.0023868083953857, 1.0024017095565796, 1.0024218559265137, 1.002427101135254, 1.0025311708450317, 1.0023993253707886, 1.002489686012268, 1.002414345741272, 1.002606749534607, 1.0024335384368896, 1.0024703741073608, 1.0024840831756592, 1.0024172067642212, 1.0024683475494385, 1.0024139881134033, 1.002407193183899, 1.0024404525756836, 1.0024073123931885, 1.0024055242538452, 1.0024620294570923, 1.0025452375411987, 1.0024046897888184, 1.002383828163147, 1.0024161338806152, 1.002405047416687, 1.002420425415039, 1.0025982856750488, 1.0024855136871338, 1.0024075508117676, 1.0024694204330444, 1.002519965171814, 1.0024107694625854, 1.002433180809021, 1.0025564432144165, 1.0023995637893677, 1.0025378465652466, 1.0024341344833374, 1.002407193183899, 1.0024008750915527, 1.0024229288101196, 1.0024199485778809, 1.0024266242980957, 1.0024131536483765, 1.0025776624679565, 1.0024157762527466, 1.002407431602478, 1.0024596452713013, 1.002484679222107, 1.002415657043457, 1.002434492111206, 1.0024117231369019, 1.0024856328964233, 1.00247323513031, 1.0025010108947754, 1.0025463104248047, 1.0023850202560425, 1.0024354457855225, 1.0024833679199219, 1.00233793258667, 1.002422571182251, 1.002425193786621, 1.0024248361587524, 1.0023949146270752, 1.0023949146270752, 1.0024207830429077, 1.0024067163467407, 1.0025767087936401, 1.0024117231369019, 1.00240957736969, 1.0023969411849976, 1.0023945569992065, 1.0024374723434448, 1.0025228261947632, 1.002378225326538, 1.0024925470352173], "energy_samples": [-0.826968042602585, -0.8700388810691247, -0.947331338791568, -0.9603706445028257, -0.7728213663871506, -1.0019573889495186, -0.8900779946841778, -1.0008040169516985, -0.9794000264871313, -0.8467752895138427, -0.9962736435354178, -0.9997173387493514, -0.9984177692123114, -0.9693060505561131, -0.9787318863650062, -0.8469647270799069, -0.9502149654687235, -1.0016482070752848, -0.9982086490553578, -1.0015739061813058, -0.7922263520684024, -0.9856931268160436, -0.8436927394989271, -0.9564816995049757, -0.9338165067937665, -0.8973322471308942, -1.0001719978212325, -1.0014287614784299, -1.0000540570756165, -0.8577824750986163, -0.8906716239951986, -0.9310014501817875, -0.8753132698264396, -0.8341151624723359, -0.9864217382774315, -0.9008357054245553, -0.805548847657159, -1.0009669571943847, -0.8079081036931005, -0.8632803612122577, -0.9966480319955453, -0.9279860865394391, -0.9631473918394834, -0.9984404514742268, -0.9966297404639816, -0.7385059364982546, -0.9986423144900999, -0.9553103571605104, -1.0003078102661338, -1.0011450899505254, -0.9978609580640863, -0.8365282923872349, -0.9271451578791403, -0.9773477218550859, -0.9680407989042017, -0.805368709970803, -0.9691097136446399, -0.9382003028814628, -0.8000511165561475, -0.8861952054764722, -0.8958962077108675, -0.9998069242170387, -0.9133908980353502, -0.9835071809325912, -0.9998891582123848, -0.9990430512243416, -0.9922349264896358, -0.8596784136147838, -0.7046912584671826, -1.0000791675367218, -1.0008527947661108, -0.9139485215018338, -0.9378632868728812, -0.9554671935130351, -0.9843370985029516, -0.9940620677832979, -0.9218594237783367, -0.7890126627271953, -0.8554937847180308, -0.8139873250544357, -0.9352376494672565, -0.9125923508874951, -0.9431441482950429, -0.9185305820805664, -1.000539635328597, -0.9158839062814981, -0.998483309377949, -0.987905273916557, -0.9938644762229465, -0.9758371675182558, -1.0012482876324988, -0.7081414548450979, -0.9993454929423135, -0.9360051707456646, -0.9459230733629171, -0.9143727749603402, -0.8536619522403252, -0.7845777832090725, -1.001570242180132, -0.88407900469259], "gsf_samples": [0.12585488121700447, 0.0350150751693507, 2.672834282204361e-29, 2.2671252361734723e-26, 3.2025102510916996e-28, 0.9993826902732997, 1.3949734372025185e-28, 0.9944379853394392, 0.9027263366724834, 0.01659242684726218, 0.9699952555445186, 0.983711249894625, 0.9811690319745923, 0.7916419586778207, 0.8632291843040336, 7.534123241742155e-30, 1.2032557821556948e-28, 0.997604689557711, 0.9814281278596768, 0.9977047448794779, 8.922051646551811e-29, 0.9314502160472208, 3.1304380341145086e-28, 5.028864214810546e-28, 1.1983159386505323e-28, 0.0513425174519918, 0.9907250076222066, 0.996779988485085, 0.9902699010291011, 0.42683632937290994, 9.370662257070945e-30, 0.6866006031704657, 3.0833651025462924e-29, 8.653756224453801e-29, 0.9226695605433333, 3.1233288015973484e-27, 0.003848421235516851, 0.9951390543704212, 0.06645632719378926, 1.0408945071432333e-28, 0.9637720247556677, 5.39676666068631e-29, 1.9711706628950252e-26, 0.9780867598001982, 0.9747825041386536, 4.9759750000747805e-30, 0.9812134628328928, 7.357662610970443e-27, 0.9907241491061527, 0.9928140066155963, 0.9810699604032485, 1.2649066221489298e-28, 0.6964027794558157, 0.8711550578533349, 0.8700875086204957, 8.861022400649824e-32, 0.8491552504367746, 0.6302863611221206, 1.3187795218618623e-30, 9.556405523418498e-28, 1.2181407234848632e-30, 0.9892001473804154, 2.2348835814989154e-28, 0.8818646423230992, 0.9888642756001466, 0.9836703873353041, 0.9503826704338262, 0.18397261480487787, 0.0006522812256291914, 0.9896320508556263, 0.993931730688974, 0.4497885083907646, 0.728961248329248, 0.7545569751201678, 0.9265296048601515, 0.9558013802530668, 2.6376223931385056e-28, 0.005278018416030654, 7.383364384001761e-29, 0.3382384854536774, 2.1588260416748315e-29, 0.5442924230131143, 0.7406125304709363, 0.3896890255633671, 0.9914652162344774, 6.098957897861859e-29, 0.9810079715513771, 0.9232098738743689, 0.9592969159243826, 0.8420438140679392, 0.9944179351493824, 0.00811005393962506, 0.9861256514809821, 2.2053176960088754e-26, 4.613193458089007e-27, 4.235627887895e-29, 0.0073474769532761225, 0.00934963399126385, 0.9948373023742176, 0.4619153226249071]}