{"L": 14, "J": 0.01415400392143646, "B": 0.0707700196071823, "K": 2, "init_state": "random computational-basis state", "energy_avg": -0.9308997570301275, "energy_std": 0.07162182571709998, "gsf_avg": 0.6277526972500886, "gsf_std": 0.43072454083345674, "energy_samples": [-0.9840899704462116, -0.993202959795872, -0.9014350887280906, -0.9936079477234905, -0.9933183861912893, -0.988623907624467, -0.9722526929474067, -0.9918186400298988, -0.8501034679502175, -0.9911649459970693, -0.8337291686678316, -0.9849031044394617, -0.8685542089816398, -0.9936079477234905, -0.9936079477234905, -0.7962903738227478, -0.8491073824655891, -0.8417830599654195, -0.9675527025871505, -0.9886199969628751, -0.993725243985289, -0.9936079895934681, -0.8428942080280571, -0.8421341594591198, -0.8370461930822247, -0.8397376727771553, -0.843261480868194, -0.8498363666582771, -0.9936400777930734, -0.96682030531601, -0.8365614580729871, -0.8433212053772223, -0.9515731670000145, -0.9539225607441049, -0.9936079477234905, -0.9936079477234905, -0.9079421648449815, -0.8255507964176308, -0.9936079477234905, -0.9633077584214238, -0.8466772999195411, -0.9936079477234905, -0.9468065417347964, -0.903156589514835, -0.8495303753898936, -0.8489776798561626, -0.8731407513875484, -0.9919200342762202, -0.7839232978264498, -0.9933989344488726, -0.9935542211246684, -0.8457776724284518, -0.993048123832382, -0.9936079477234905, -0.9936079477234905, -0.9936079477234905, -0.8347766417453277, -0.9332063508262786, -0.8480623282239409, -0.947762591302031, -0.9936079477234905, -0.9882126477068114, -0.9936079477234905, -0.9933183861912893, -0.9936608869561252, -0.8356359187311326, -0.8419299306282262, -0.8372980886219874, -0.9875805984610349, -0.830706125176379, -0.9850955510706247, -0.9268866729227672, -0.957744226421418, -0.9865928235497438, -0.7339907918749162, -0.990374132847471, -0.9919336055428231, -0.9606199513029721, -0.9936079477234905, -0.9936079477234905, -0.8229067142231391, -0.9853856579160554, -0.8501034679502175, -0.9931803945108363, -0.9899737523637495, -0.9935915927290451, -0.993725243985289, -0.8455913601359641, -0.9918804592359263, -0.8460649277967642, -0.9936079477234905, -0.9920445851436719, -0.9892994243339743, -0.981505128167418, -0.8462624749198189, -0.9833738828620229, -0.993725243985289, -0.8495303753898936, -0.8886091897197912, -0.9923699739059457], "gsf_samples": [0.944090508117964, 0.9735133283137457, 0.6700234786807708, 0.9748694037246387, 0.9738485829889956, 0.9582962702778952, 0.9062254830944633, 0.9687400792576886, 6.437998618097652e-30, 0.9661185456244555, 7.43408958533473e-31, 0.9456412437410001, 0.5579263332370897, 0.9748694037246387, 0.9748694037246387, 0.31145633450814886, 1.0240169514306931e-30, 6.634828658414028e-31, 0.8836509487961256, 0.9573975398470306, 0.9752930839618963, 0.974870445305419, 1.5811884843419204e-31, 7.988757409318253e-31, 9.044648501328555e-31, 1.0585392456838345e-30, 1.615662630346452e-30, 2.4322569267666398e-30, 0.9748580761719979, 0.8882567777209207, 1.5176327961771416e-31, 3.310336536661391e-30, 0.8348560126190241, 0.8402840425412815, 0.9748694037246387, 0.9748694037246387, 0.6960442387153504, 2.5029867039742614e-30, 0.9748694037246387, 0.8742313566095208, 9.745687001085508e-31, 0.9748694037246387, 0.8222092328657534, 0.686006080375123, 3.8500543294516082e-31, 6.711865856189517e-31, 0.5825139576556843, 0.9688686547975474, 2.3413530333915626e-30, 0.974165796864202, 0.9747423507924374, 4.1446012403213316e-31, 0.9730507915653027, 0.9748694037246387, 0.9748694037246387, 0.9748694037246387, 1.9328632921870303e-30, 0.7803647080276356, 4.537972431462425e-31, 0.825567355488721, 0.9748694037246387, 0.9568666546475192, 0.9748694037246387, 0.9738485829889956, 0.9750548240395412, 7.3787190994335965e-31, 3.028524837548928e-30, 1.510699448377348e-30, 0.9546234335221232, 2.3207455829866192e-32, 0.9475152555312555, 0.7570752152326907, 0.8521157732777461, 0.9509345849290712, 0.12407610339978056, 0.9642313149804506, 0.9697560901945906, 0.8649078071064397, 0.9748694037246387, 0.9748694037246387, 1.3511602266091702e-31, 0.9477286915936232, 6.437998618097652e-30, 0.97346839038638, 0.962616743690215, 0.9747172221657349, 0.9752930839618963, 2.7036686041794114e-30, 0.9691205954941909, 1.5259624431866166e-30, 0.9748694037246387, 0.9697469856389455, 0.9599602516166509, 0.9341773175827084, 8.34553593151599e-31, 0.9407515628734276, 0.9752930839618963, 3.8500543294516082e-31, 0.6443493040500824, 0.970888157710141]}