{"L": 14, "J": 0.0759852142889399, "B": 0.015197042857787979, "K": 3, "init_state": "random computational-basis state", "energy_avg": -0.8175546044630784, "energy_std": 0.12822095776069012, "gsf_avg": 0.33473884230204876, "gsf_std": 0.39779294392543213, "norm_check_samples": [1.0004158020019531, 1.000471591949463, 1.000441074371338, 1.0004088878631592, 1.0004557371139526, 1.0004749298095703, 1.000554084777832, 1.000445008277893, 1.0005104541778564, 1.000512957572937, 1.0004440546035767, 1.0003643035888672, 1.000447392463684, 1.0004583597183228, 1.0004427433013916, 1.0004916191101074, 1.000393271446228, 1.0005069971084595, 1.0004209280014038, 1.000489592552185, 1.000443935394287, 1.0004695653915405, 1.0004295110702515, 1.0004476308822632, 1.0005689859390259, 1.0004725456237793, 1.0003955364227295, 1.0004240274429321, 1.000442624092102, 1.0003750324249268, 1.0003736019134521, 1.0004802942276, 1.0004552602767944, 1.0004709959030151, 1.0004838705062866, 1.0003870725631714, 1.000504732131958, 1.0004526376724243, 1.000385046005249, 1.0004644393920898, 1.0003447532653809, 1.0004141330718994, 1.0004090070724487, 1.0004899501800537, 1.0003042221069336, 1.0005539655685425, 1.0004487037658691, 1.0004751682281494, 1.0003635883331299, 1.0004630088806152, 1.0005695819854736, 1.000404715538025, 1.000465750694275, 1.0005505084991455, 1.0004103183746338, 1.0005942583084106, 1.0004197359085083, 1.0004738569259644, 1.0004768371582031, 1.0004003047943115, 1.0005515813827515, 1.0004169940948486, 1.0003803968429565, 1.000362753868103, 1.0004101991653442, 1.0005854368209839, 1.0003563165664673, 1.0003445148468018, 1.0003600120544434, 1.0004252195358276, 1.000491738319397, 1.000411868095398, 1.000420331954956, 1.000458002090454, 1.000510573387146, 1.0004127025604248, 1.0004438161849976, 1.0005167722702026, 1.0004600286483765, 1.0004751682281494, 1.0004315376281738, 1.0004215240478516, 1.0004712343215942, 1.0004656314849854, 1.0003362894058228, 1.0003430843353271, 1.000454068183899, 1.000405192375183, 1.0005189180374146, 1.0003938674926758, 1.000501275062561, 1.0004335641860962, 1.0004256963729858, 1.0004109144210815, 1.0004111528396606, 1.0004392862319946, 1.000469446182251, 1.0004689693450928, 1.0004321336746216, 1.0004477500915527, 1.0004247426986694, 1.0004812479019165, 1.0006070137023926, 1.0004169940948486, 1.0005013942718506, 1.0004609823226929, 1.0004734992980957, 1.000470519065857, 1.0004113912582397, 1.000496506690979, 1.0004600286483765, 1.0005054473876953, 1.0005624294281006, 1.000533938407898, 1.000605821609497, 1.0004489421844482, 1.0005288124084473, 1.000596284866333, 1.0004644393920898, 1.0004501342773438, 1.0005608797073364, 1.0006002187728882, 1.0004842281341553, 1.0005574226379395, 1.0006119012832642, 1.0006036758422852, 1.0004726648330688, 1.0005098581314087, 1.0004900693893433, 1.000487208366394, 1.000524878501892, 1.0006036758422852, 1.0006250143051147, 1.0004318952560425, 1.000570297241211, 1.0005922317504883, 1.0005911588668823, 1.0006029605865479, 1.0005342960357666, 1.000406265258789, 1.0004366636276245, 1.0005269050598145, 1.0005496740341187, 1.0004793405532837, 1.0005831718444824, 1.000524878501892, 1.0004044771194458, 1.0005131959915161, 1.0004674196243286, 1.0005738735198975, 1.000440239906311, 1.0005214214324951, 1.0005106925964355, 1.0005202293395996, 1.0006119012832642, 1.000542402267456, 1.0006036758422852, 1.0004364252090454, 1.0004292726516724, 1.000418782234192, 1.0005310773849487, 1.000549554824829, 1.000576376914978, 1.0004717111587524, 1.0004514455795288, 1.0005288124084473, 1.000570297241211, 1.000489592552185, 1.0003679990768433, 1.0005004405975342, 1.0005321502685547, 1.0006036758422852, 1.0005487203598022, 1.0004976987838745, 1.0005266666412354, 1.0005667209625244, 1.0004609823226929, 1.000434160232544, 1.000529170036316, 1.0005385875701904, 1.0005220174789429, 1.0004304647445679, 1.0006250143051147, 1.000555396080017, 1.0005091428756714, 1.0004726648330688, 1.0004326105117798, 1.000563621520996, 1.0005714893341064, 1.000493049621582, 1.0006117820739746, 1.0005075931549072, 1.0004611015319824, 1.0004868507385254, 1.0004920959472656, 1.0005964040756226, 1.0004100799560547, 1.0006036758422852, 1.0004323720932007, 1.0005720853805542], "energy_samples": [-0.6842427753965131, -0.7055074473997881, -0.9858007245897086, -0.6240222541491895, -0.8167048089657624, -0.7331648778375771, -0.8175248358910843, -0.7905908770021299, -0.6093360039096622, -0.693778797327895, -0.732713451152944, -0.7632231074465552, -0.7405766144458014, -0.8506578477731651, -0.9877626762839897, -0.748159667566684, -0.8314595790724505, -0.9832759362337422, -0.7870612358403174, -0.7734940778666034, -0.7053699955946727, -0.9900609421187213, -0.8375404560655634, -0.9541171327812482, -0.9892507053125256, -0.9893713212201568, -0.6720718193122065, -0.8534863490823104, -0.6761011425719197, -0.8273705737739874, -0.9028543376888326, -0.9893713212201568, -0.9891948770969564, -0.6487532772881387, -0.9905974637238749, -0.9879738061588593, -0.9907653771438741, -0.9901795757330343, -0.8402928671433335, -0.6401963391527167, -0.7636217661397602, -0.8765903562828589, -0.8968159858856746, -0.6998676644353492, -0.9891937708559849, -0.8502540757260915, -0.6212540713717407, -0.8192752136957442, -0.7995705313070145, -0.9893217004187838, -0.6440516684352015, -0.7994227388536167, -0.8513129086895075, -0.8296992763575785, -0.9892507053125256, -0.949139784414484, -0.9893713212201568, -0.7525511500506991, -0.5464410643979933, -0.6082605636012165, -0.8351773942942081, -0.7573301900530992, -0.9673372810277934, -0.7769788909391545, -0.8258993473615407, -0.7894176956865067, -0.9905974637238749, -0.7024273130229555, -0.5026712643767599, -0.6818143517758954, -0.783678801909127, -0.9893713212201568, -0.9587450742934206, -0.7617021943912032, -0.8438873723013509, -0.990895069940611, -0.6664160000251678, -0.7616203355019269, -0.8242435619996117, -0.9559552537690733, -0.7126962693413871, -0.6364279762875616, -0.9891948770969564, -0.7191104155995895, -0.8017636518631628, -0.8945614524065202, -0.6430694574234637, -0.773197554610565, -0.761186148596692, -0.8830615005633836, -0.9888231245296556, -0.8293692132269103, -0.6815462419886605, -0.8308766518465628, -0.7402086596139265, -0.9902693998671377, -0.6401161451353742, -0.9893713212201568, -0.6182715808862792, -0.876929032803813],