{"L": 14, "J": 0.01415400392143646, "B": 0.0707700196071823, "K": 2, "init_state": "random computational-basis state", "energy_avg": -0.9333281935600464, "energy_std": 0.06850148571096117, "gsf_avg": 0.6404731488865164, "gsf_std": 0.4275662797698677, "norm_check_samples": [1.000661849975586, 1.000665307044983, 1.0006706714630127, 1.000697374343872, 1.0006718635559082, 1.0007085800170898, 1.0006718635559082, 1.0006904602050781, 1.0006771087646484, 1.0007033348083496, 1.000659465789795, 1.0006842613220215, 1.0006790161132812, 1.0006541013717651, 1.0006730556488037, 1.0006731748580933, 1.0006999969482422, 1.0007013082504272, 1.000694990158081, 1.0006606578826904, 1.0006954669952393, 1.0006797313690186, 1.0006674528121948, 1.0006529092788696, 1.000689148902893, 1.0006582736968994, 1.0007063150405884, 1.0006574392318726, 1.0006800889968872, 1.0006616115570068, 1.0006579160690308, 1.0007067918777466, 1.0007184743881226, 1.000658392906189, 1.0006650686264038, 1.0006657838821411, 1.000671625137329, 1.0006799697875977, 1.000688910484314, 1.0006719827651978, 1.0006650686264038, 1.0006908178329468, 1.0006687641143799, 1.0006778240203857, 1.0006588697433472, 1.000712513923645, 1.000662922859192, 1.0006648302078247, 1.0006909370422363, 1.000678300857544, 1.000690221786499, 1.0006818771362305, 1.0006849765777588, 1.000677466392517, 1.0006691217422485, 1.0006566047668457, 1.0006837844848633, 1.0006730556488037, 1.0006657838821411, 1.000671625137329, 1.0006699562072754, 1.0006996393203735, 1.0007052421569824, 1.0006812810897827, 1.000691294670105, 1.0006718635559082, 1.0007069110870361, 1.0006890296936035, 1.0006688833236694, 1.0006943941116333, 1.0006803274154663, 1.0006791353225708, 1.0006823539733887, 1.0006598234176636, 1.0006732940673828, 1.0006693601608276, 1.000663161277771, 1.0006771087646484, 1.0006946325302124, 1.0006723403930664, 1.000654697418213, 1.0007002353668213, 1.0006890296936035, 1.0006766319274902, 1.0006587505340576, 1.0006492137908936, 1.0006518363952637, 1.000680923461914, 1.0006771087646484, 1.000676155090332, 1.0006706714630127, 1.0006544589996338, 1.0006643533706665, 1.000690221786499, 1.0006821155548096, 1.0006951093673706, 1.0006802082061768, 1.0006914138793945, 1.0007039308547974, 1.0007061958312988, 1.0006310939788818, 1.0006260871887207, 1.0006331205368042, 1.0006322860717773, 1.0006283521652222, 1.0006238222122192, 1.0006331205368042, 1.0006327629089355, 1.000616192817688, 1.0006331205368042, 1.0006251335144043, 1.0006319284439087, 1.000632643699646, 1.0006316900253296, 1.0006321668624878, 1.0006263256072998, 1.0006245374679565, 1.0006312131881714, 1.0006322860717773, 1.0006322860717773, 1.0006314516067505, 1.0006331205368042, 1.0006208419799805, 1.0006318092346191, 1.000632405281067, 1.0006306171417236, 1.0006331205368042, 1.0006325244903564, 1.0006332397460938, 1.0006319284439087, 1.000631332397461, 1.000632643699646, 1.0006325244903564, 1.0006306171417236, 1.0006331205368042, 1.000624179840088, 1.0006308555603027, 1.0006332397460938, 1.0006332397460938, 1.0006321668624878, 1.0006297826766968, 1.0006331205368042, 1.0006331205368042, 1.0006320476531982, 1.000632643699646, 1.0006321668624878, 1.0006320476531982, 1.000632882118225, 1.00063157081604, 1.0006277561187744, 1.000628113746643, 1.0006272792816162, 1.0006321668624878, 1.0006331205368042, 1.0006325244903564, 1.000632405281067, 1.0006283521652222, 1.000632643699646, 1.0006331205368042, 1.0006331205368042, 1.0006325244903564, 1.0006318092346191, 1.0006331205368042, 1.0006330013275146, 1.0006331205368042, 1.0006327629089355, 1.0006331205368042, 1.0006325244903564, 1.0006321668624878, 1.0006319284439087, 1.0006331205368042, 1.0006320476531982, 1.0006331205368042, 1.000631332397461, 1.0006316900253296, 1.0006332397460938, 1.0006319284439087, 1.0006301403045654, 1.00063157081604, 1.0006310939788818, 1.0006321668624878, 1.0006325244903564, 1.000632405281067, 1.0006312131881714, 1.0006331205368042, 1.0006331205368042, 1.0006331205368042, 1.0006331205368042, 1.0006322860717773, 1.0006319284439087, 1.0006325244903564, 1.0006238222122192, 1.0006319284439087, 1.000632882118225, 1.0006287097930908, 1.0006322860717773, 1.0006301403045654, 1.000632405281067, 1.0006320476531982, 1.0006331205368042], "energy_samples": [-0.8360910785014232, -0.9799621412370123, -0.9923509943594221, -0.8447145070620404, -0.9362698589604687, -0.8277813438231291, -0.9923509943594221, -0.9922855460698468, -0.9038248823273839, -0.8484556858549809, -0.9542441217756239, -0.8993432617315311, -0.844838242986278, -0.9849214382232178, -0.9688714084076773, -0.8510432278001998, -0.9861615596259433, -0.8450948740346353, -0.9914528201784597, -0.9906446320293822, -0.9535473310909134, -0.9923509943594221, -0.8371151056463692, -0.8378344251949315, -0.8495226172923395, -0.9725910682253901, -0.9923509943594221, -0.9843124071371012, -0.8487532952573288, -0.9920938781909824, -0.9774946039589302, -0.9848061119492261, -0.920262101676913, -0.8404026469768161, -0.842598387175338, -0.8377106073633993, -0.8283530573580444, -0.8487532952573288, -0.9923536674098586, -0.981126996434542, -0.7690223906351461, -0.9923509943594221, -0.9923509943594221, -0.9892193206649085, -0.9919262909601445, -0.8054157168651811, -0.8445234646143924, -0.98899526353168, -0.9908504447258637, -0.8455878195825624, -0.9782254799958617, -0.9922120362680893, -0.9881078302533037, -0.9923509943594221, -0.9208264185611318, -0.9912633855871622, -0.9234622086897678, -0.9921349741410761, -0.9908370263393665, -0.9923509943594221, -0.9910057596172257, -0.9462203410352682, -0.9909717480800435, -0.9920881277442958, -0.9923509943594221, -0.9902329106554529, -0.9920617991340152, -0.9810400339021272, -0.9641721950263378, -0.9559075004528308, -0.9923509943594221, -0.8420935454374744, -0.9923509943594221, -0.8471489501929699, -0.842646441611954, -0.9922820310235726, -0.9818374464340339, -0.8013422706071642, -0.9548966979577063, -0.9617988474500021, -0.8487012825490298, -0.8423351319528116, -0.9918150648368856, -0.8416105406011626, -0.9911273717649807, -0.9923509943594221, -0.9923509943594221, -0.9921857398844381, -0.8490294695042047, -0.9780226069166856, -0.9921921014999975, -0.9749716837023907, -0.8510390324072558, -0.9923515090670529, -0.8419196693400444, -0.8379962635057716, -0.9568843004572533, -0.8444188024118536, -0.9673159125678081, -0.9923509943594221],