{"L": 2, "J": 0.9284766908852597, "B": 0.18569533817705194, "K": 3, "init_state": "random computational-basis state", "energy_avg": -0.9553844771073373, "energy_std": 0.03368952874954713, "gsf_avg": 0.9995061310408643, "gsf_std": 0.0005974013731086048, "norm_check_samples": [0.9999260902404785, 0.9999291896820068, 0.9999254941940308, 0.9999260902404785, 0.9999260902404785, 0.9999260902404785, 0.9999260902404785, 0.9999260902404785, 0.9999254941940308, 0.9999260902404785, 0.9999254941940308, 0.9999291896820068, 0.9999291896820068, 0.9999260902404785, 0.9999260902404785, 0.9999291896820068, 0.9999260902404785, 0.9999260902404785, 0.9999291896820068, 0.9999257326126099, 0.9999260902404785, 0.9999291896820068, 0.9999260902404785, 0.9999260902404785, 0.9999260902404785, 0.9999260902404785, 0.9999291896820068, 0.9999254941940308, 0.9999291896820068, 0.9999260902404785, 0.9999254941940308, 0.9999291896820068, 0.9999260902404785, 0.9999260902404785, 0.9999254941940308, 0.9999260902404785, 0.9999275207519531, 0.9999260902404785, 0.9999260902404785, 0.9999260902404785, 0.9999260902404785, 0.9999291896820068, 0.9999260902404785, 0.9999260902404785, 0.9999260902404785, 0.9999291896820068, 0.9999291896820068, 0.9999260902404785, 0.9999254941940308, 0.9999254941940308, 0.9999257326126099, 0.9999291896820068, 0.9999260902404785, 0.9999260902404785, 0.9999254941940308, 0.9999260902404785, 0.9999260902404785, 0.9999260902404785, 0.9999260902404785, 0.9999260902404785, 0.9999291896820068, 0.9999291896820068, 0.9999291896820068, 0.9999260902404785, 0.9999260902404785, 0.9999291896820068, 0.9999291896820068, 0.9999260902404785, 0.9999291896820068, 0.9999291896820068, 0.9999254941940308, 0.9999260902404785, 0.9999291896820068, 0.9999260902404785, 0.9999254941940308, 0.9999291896820068, 0.9999291896820068, 0.9999260902404785, 0.9999260902404785, 0.9999260902404785, 0.9999260902404785, 0.9999260902404785, 0.9999291896820068, 0.9999291896820068, 0.9999260902404785, 0.9999260902404785, 0.9999291896820068, 0.9999254941940308, 0.9999254941940308, 0.9999260902404785, 0.9999254941940308, 0.9999291896820068, 0.9999260902404785, 0.9999254941940308, 0.9999291896820068, 0.9999291896820068, 0.9999254941940308, 0.9999260902404785, 0.9999260902404785, 0.9999254941940308, 0.9999256134033203, 0.9999272227287292, 0.9999272227287292, 0.9999272227287292, 0.9999256134033203, 0.9999256134033203, 0.9999256134033203, 0.9999272227287292, 0.9999256134033203, 0.9999256134033203, 0.9999256134033203, 0.9999272227287292, 0.9999272227287292, 0.9999256134033203, 0.9999256134033203, 0.9999256134033203, 0.9999272227287292, 0.9999256134033203, 0.9999256134033203, 0.9999272227287292, 0.9999272227287292, 0.9999272227287292, 0.9999272227287292, 0.9999272227287292, 0.9999256134033203, 0.9999272227287292, 0.9999256134033203, 0.9999272227287292, 0.9999272227287292, 0.9999256134033203, 0.9999272227287292, 0.9999272227287292, 0.9999272227287292, 0.9999256134033203, 0.9999256134033203, 0.9999272227287292, 0.9999272227287292, 0.9999272227287292, 0.9999272227287292, 0.9999256134033203, 0.9999256134033203, 0.9999272227287292, 0.9999256134033203, 0.9999272227287292, 0.9999272227287292, 0.9999256134033203, 0.9999272227287292, 0.9999272227287292, 0.9999256134033203, 0.9999256134033203, 0.9999272227287292, 0.9999272227287292, 0.9999272227287292, 0.9999272227287292, 0.9999272227287292, 0.9999256134033203, 0.9999272227287292, 0.9999272227287292, 0.9999256134033203, 0.9999272227287292, 0.9999256134033203, 0.9999272227287292, 0.9999272227287292, 0.9999272227287292, 0.9999272227287292, 0.9999272227287292, 0.9999256134033203, 0.9999256134033203, 0.9999256134033203, 0.9999256134033203, 0.9999272227287292, 0.9999272227287292, 0.9999256134033203, 0.9999272227287292, 0.9999256134033203, 0.9999272227287292, 0.9999272227287292, 0.9999272227287292, 0.9999272227287292, 0.9999272227287292, 0.9999272227287292, 0.9999256134033203, 0.9999272227287292, 0.9999256134033203, 0.9999256134033203, 0.9999256134033203, 0.9999272227287292, 0.9999256134033203, 0.9999272227287292, 0.9999272227287292, 0.9999256134033203, 0.9999272227287292, 0.9999272227287292, 0.9999272227287292, 0.9999272227287292, 0.9999272227287292, 0.9999272227287292, 0.9999256134033203, 0.9999272227287292, 0.9999272227287292], "energy_samples": [-0.9975179783614736, -0.9284466648301024, -0.9284466648301024, -0.9284466648301024, -0.9975179783614736, -0.9975179783614736, -0.9975179783614736, -0.9284466648301024, -0.9975179783614736, -0.9975179783614736, -0.9975179783614736, -0.9284466648301024, -0.9284466648301024, -0.9975179783614736, -0.9975179783614736, -0.9975179783614736, -0.9284466648301024, -0.9975179783614736, -0.9975179783614736, -0.9284466648301024, -0.9284466648301024, -0.9284466648301024, -0.9284466648301024, -0.9284466648301024, -0.9975179783614736, -0.9284466648301024, -0.9975179783614736, -0.9284466648301024, -0.9284466648301024, -0.9975179783614736, -0.9284466648301024, -0.9284466648301024, -0.9284466648301024, -0.9975179783614736, -0.9975179783614736, -0.9284466648301024, -0.9284466648301024, -0.9284466648301024, -0.9284466648301024, -0.9975179783614736, -0.9975179783614736, -0.9284466648301024, -0.9975179783614736, -0.9284466648301024, -0.9284466648301024, -0.9975179783614736, -0.9284466648301024, -0.9284466648301024, -0.9975179783614736, -0.9975179783614736, -0.9284466648301024, -0.9284466648301024, -0.9284466648301024, -0.9284466648301024, -0.9284466648301024, -0.9975179783614736, -0.9284466648301024, -0.9284466648301024, -0.9975179783614736, -0.9284466648301024, -0.9975179783614736, -0.9284466648301024, -0.9284466648301024, -0.9284466648301024, -0.9284466648301024, -0.9284466648301024, -0.9975179783614736, -0.9975179783614736, -0.9975179783614736, -0.9975179783614736, -0.9284466648301024, -0.9284466648301024, -0.9975179783614736, -0.9284466648301024, -0.9975179783614736, -0.9284466648301024, -0.9284466648301024, -0.9284466648301024, -0.9284466648301024, -0.9284466648301024, -0.9284466648301024, -0.9975179783614736, -0.9284466648301024, -0.9975179783614736, -0.9975179783614736, -0.9975179783614736, -0.9284466648301024, -0.9975179783614736, -0.9284466648301024, -0.9284466648301024, -0.9975179783614736, -0.9284466648301024, -0.9284466648301024, -0.9284466648301024, -0.9284466648301024, -0.9284466648301024, -0.9284466648301024, -0.9975179783614736, -0.9284466648301024, -0.9284466648301024],