{"L": 2, "J": 0.44721359549995826, "B": 0.44721359549995826, "K": 5, "init_state": "random computational-basis state", "energy_avg": -0.9983184292218376, "energy_std": 0.00018897499137230048, "gsf_avg": 0.9991553561832288, "gsf_std": 9.398920063201728e-05, "energy_samples": [-0.9984763089570659, -0.9983614347032546, -0.9983232697428599, -0.9983614347032546, -0.997253964928617, -0.9983614347032546, -0.9983614347032546, -0.9983422392118015, -0.9983614347032546, -0.9983445720370498, -0.9983614347032546, -0.9982692969936353, -0.9983614347032546, -0.9983614347032546, -0.9983614347032546, -0.9983614347032546, -0.9983614347032546, -0.9983614347032546, -0.9983614347032546, -0.9983016325531471, -0.9983545905207528, -0.9983846790551618, -0.9983614347032546, -0.9983614347032546, -0.9983614347032546, -0.9983614347032546, -0.9983614347032546, -0.9983614347032546, -0.9982963044422909, -0.9983016325531471, -0.9983614347032546, -0.9983016325531471, -0.9981656622859144, -0.9983614347032546, -0.9983614347032546, -0.9983245934859848, -0.9983614347032546, -0.9982692969936353, -0.9982963044422909, -0.9983232697428599, -0.9983614347032546, -0.9983614347032546, -0.9983614347032546, -0.9983614347032546, -0.9985799243994342, -0.9983575856064966, -0.9983614347032546, -0.9983614347032546, -0.9983614347032546, -0.9983614347032546, -0.9983614347032546, -0.9983347188874806, -0.9982692969936353, -0.9983614347032546, -0.9982963044422909, -0.9984767379718572, -0.9982533047080738, -0.9973098070550729, -0.9983614347032546, -0.9983016325531471, -0.9985205869387941, -0.9983614347032546, -0.9983614347032546, -0.9983614347032546, -0.9983614347032546, -0.9982963044422909, -0.9983614347032546, -0.9983614347032546, -0.9983614347032546, -0.9981656622859144, -0.9983614347032546, -0.9983614347032546, -0.9983614347032546, -0.9983614347032546, -0.9983497564044856, -0.9983361668343572, -0.9983614347032546, -0.9983614347032546, -0.9983614347032546, -0.9983614347032546, -0.9982890925506179, -0.9983575856064966, -0.9985052681864902, -0.9982963044422909, -0.997302981165886, -0.9983614347032546, -0.9983614347032546, -0.9983614347032546, -0.9983790790162523, -0.9983767810025346, -0.9983614347032546, -0.9983614347032546, -0.9983614347032546, -0.9983614347032546, -0.9983614347032546, -0.9983614347032546, -0.9982692969936353, -0.9983614347032546, -0.9982845558186938, -0.9982802898861352], "gsf_samples": [0.9992338215909554, 0.9991763033976975, 0.9991584881437365, 0.9991763033976975, 0.9986225900423196, 0.9991763033976975, 0.9991763033976975, 0.9991694360706398, 0.9991763033976975, 0.999170837295048, 0.9991763033976975, 0.9991304615240908, 0.9991763033976975, 0.9991763033976975, 0.9991763033976975, 0.9991763033976975, 0.9991763033976975, 0.9991763033976975, 0.9991763033976975, 0.9991512419065685, 0.999170566989833, 0.9991902965406702, 0.9991763033976975, 0.9991763033976975, 0.9991763033976975, 0.9991763033976975, 0.9991763033976975, 0.9991763033976975, 0.9991435704622031, 0.9991512419065685, 0.9991763033976975, 0.9991512419065685, 0.9990799387229604, 0.9991763033976975, 0.9991763033976975, 0.999160883879723, 0.9991763033976975, 0.9991304615240908, 0.9991435704622031, 0.9991584881437365, 0.9991763033976975, 0.9991763033976975, 0.9991763033976975, 0.9991763033976975, 0.9992857113440969, 0.9991734220830869, 0.9991763033976975, 0.9991763033976975, 0.9991763033976975, 0.9991763033976975, 0.9991763033976975, 0.9991610457091165, 0.9991304615240908, 0.9991763033976975, 0.9991435704622031, 0.999235824767593, 0.9991237277699573, 0.9986553779025878, 0.9991763033976975, 0.9991512419065685, 0.999256396380718, 0.9991763033976975, 0.9991763033976975, 0.9991763033976975, 0.9991763033976975, 0.9991435704622031, 0.9991763033976975, 0.9991763033976975, 0.9991763033976975, 0.9990799387229604, 0.9991763033976975, 0.9991763033976975, 0.9991763033976975, 0.9991763033976975, 0.9991728542331462, 0.9991656486913606, 0.9991763033976975, 0.9991763033976975, 0.9991763033976975, 0.9991763033976975, 0.9991424565709193, 0.9991734220830869, 0.9992484123685896, 0.9991435704622031, 0.9986517532947409, 0.9991763033976975, 0.9991763033976975, 0.9991763033976975, 0.9991897430060889, 0.9991848622285965, 0.9991763033976975, 0.9991763033976975, 0.9991763033976975, 0.9991763033976975, 0.9991763033976975, 0.9991763033976975, 0.9991304615240908, 0.9991763033976975, 0.9991370311231504, 0.9991360761256536]}