{"L": 2, "J": 0.9284766908852597, "B": 0.18569533817705194, "K": 10, "init_state": "random computational-basis state", "energy_avg": -0.9644324663841488, "energy_std": 0.0345476210049965, "gsf_avg": 0.9993817967702756, "gsf_std": 0.0005927192808402503, "norm_check_samples": [1.0007725954055786, 1.0007725954055786, 1.0007725954055786, 1.0007725954055786, 1.0007832050323486, 1.0007832050323486, 1.0007725954055786, 1.0007832050323486, 1.0007832050323486, 1.0007725954055786, 1.0007725954055786, 1.0007725954055786, 1.0007901191711426, 1.0007832050323486, 1.0007832050323486, 1.0007832050323486, 1.000779628753662, 1.0007832050323486, 1.0007832050323486, 1.0007725954055786, 1.0007725954055786, 1.0007725954055786, 1.0007725954055786, 1.0007832050323486, 1.0007725954055786, 1.0007725954055786, 1.0007832050323486, 1.0007832050323486, 1.0007725954055786, 1.0007725954055786, 1.0007725954055786, 1.0007832050323486, 1.0007832050323486, 1.0007725954055786, 1.0007832050323486, 1.0007725954055786, 1.0007725954055786, 1.0007832050323486, 1.0007832050323486, 1.0007832050323486, 1.0007725954055786, 1.0007725954055786, 1.0007725954055786, 1.0007832050323486, 1.0007832050323486, 1.0007832050323486, 1.0007725954055786, 1.0007832050323486, 1.0007725954055786, 1.0007832050323486, 1.0007832050323486, 1.0007832050323486, 1.0007725954055786, 1.0007725954055786, 1.0007832050323486, 1.0007832050323486, 1.0007725954055786, 1.0007832050323486, 1.0007832050323486, 1.0007832050323486, 1.0007832050323486, 1.0007832050323486, 1.0007725954055786, 1.0007832050323486, 1.0007725954055786, 1.0007832050323486, 1.0007725954055786, 1.0007832050323486, 1.0007832050323486, 1.0007725954055786, 1.0007832050323486, 1.0007832050323486, 1.0007725954055786, 1.0007725954055786, 1.0007832050323486, 1.0007832050323486, 1.0007725954055786, 1.0007832050323486, 1.0007832050323486, 1.0007725954055786, 1.0007832050323486, 1.0007832050323486, 1.0007725954055786, 1.0007832050323486, 1.00078547000885, 1.0007832050323486, 1.0007832050323486, 1.0007725954055786, 1.0007832050323486, 1.0007832050323486, 1.0007725954055786, 1.0007901191711426, 1.0007725954055786, 1.0007725954055786, 1.0007725954055786, 1.0007725954055786, 1.0007832050323486, 1.0007725954055786, 1.0007832050323486, 1.0007725954055786, 1.0007606744766235, 1.0007606744766235, 1.0007789134979248, 1.0007789134979248, 1.0007789134979248, 1.0007606744766235, 1.0007789134979248, 1.0007789134979248, 1.0007789134979248, 1.0007789134979248, 1.0007606744766235, 1.0007606744766235, 1.0007789134979248, 1.0007789134979248, 1.0007606744766235, 1.0007606744766235, 1.0007606744766235, 1.0007606744766235, 1.0007789134979248, 1.0007606744766235, 1.0007789134979248, 1.0007606744766235, 1.0007606744766235, 1.0007789134979248, 1.0007606744766235, 1.0007789134979248, 1.0007606744766235, 1.0007606744766235, 1.0007789134979248, 1.0007789134979248, 1.0007606744766235, 1.0007606744766235, 1.0007789134979248, 1.0007606744766235, 1.0007789134979248, 1.0007606744766235, 1.0007789134979248, 1.0007606744766235, 1.0007789134979248, 1.0007606744766235, 1.0007606744766235, 1.0007606744766235, 1.0007789134979248, 1.0007789134979248, 1.0007606744766235, 1.0007789134979248, 1.0007606744766235, 1.0007789134979248, 1.0007789134979248, 1.0007606744766235, 1.0007789134979248, 1.0007606744766235, 1.0007606744766235, 1.0007789134979248, 1.0007606744766235, 1.0007606744766235, 1.0007606744766235, 1.0007789134979248, 1.0007789134979248, 1.0007606744766235, 1.0007789134979248, 1.0007606744766235, 1.0007789134979248, 1.0007789134979248, 1.0007606744766235, 1.0007606744766235, 1.0007789134979248, 1.0007606744766235, 1.0007606744766235, 1.0007789134979248, 1.0007606744766235, 1.0007606744766235, 1.0007606744766235, 1.0007789134979248, 1.0007789134979248, 1.0007789134979248, 1.0007606744766235, 1.0007789134979248, 1.0007789134979248, 1.0007606744766235, 1.0007606744766235, 1.0007789134979248, 1.0007606744766235, 1.0007606744766235, 1.0007606744766235, 1.0007606744766235, 1.0007606744766235, 1.0007635354995728, 1.0007606744766235, 1.0007789134979248, 1.0007789134979248, 1.0007789134979248, 1.0007606744766235, 1.0007789134979248, 1.0007789134979248, 1.0007789134979248, 1.0007606744766235, 1.0007789134979248, 1.0007789134979248, 1.0007606744766235], "energy_samples": [-0.9976247470034662, -0.9976247470034662, -0.9284741680881556, -0.9284741680881556, -0.9284741680881556, -0.9976247470034662, -0.9284741680881556, -0.9284741680881556, -0.9284741680881556, -0.9284741680881556, -0.9976247470034662, -0.9976247470034662, -0.9284741680881556, -0.9284741680881556, -0.9976247470034662, -0.9976247470034662, -0.9976247470034662, -0.9976247470034662, -0.9284741680881556, -0.9976247470034662, -0.9284741680881556, -0.9976247470034662, -0.9976247470034662, -0.9284741680881556, -0.9976247470034662, -0.9284741680881556, -0.9976247470034662, -0.9976247470034662, -0.9284741680881556, -0.9284741680881556, -0.9976247470034662, -0.9976247470034662, -0.9284741680881556, -0.9976247470034662, -0.9284741680881556, -0.9976247470034662, -0.9284741680881556, -0.9976247470034662, -0.9284741680881556, -0.9976247470034662, -0.9976247470034662, -0.9976247470034662, -0.9284741680881556, -0.9284741680881556, -0.9976247470034662, -0.9284741680881556, -0.9976247470034662, -0.9284741680881556, -0.9284741680881556, -0.9976247470034662, -0.9284741680881556, -0.9976247470034662, -0.9976247470034662, -0.9284741680881556, -0.9976247470034662, -0.9976247470034662, -0.9976247470034662, -0.9284741680881556, -0.9284741680881556, -0.9976247470034662, -0.9284741680881556, -0.9976247470034662, -0.9284741680881556, -0.9284741680881556, -0.9976247470034662, -0.9976247470034662, -0.9284741680881556, -0.9976247470034662, -0.9976247470034662, -0.9284741680881556, -0.9976247470034662, -0.9976247470034662, -0.9976247470034662, -0.9284741680881556, -0.9284741680881556, -0.9284741680881556, -0.9976247470034662, -0.9284741680881556, -0.9284741680881556, -0.9976247470034662, -0.9976247470034662, -0.9284741680881556, -0.9976247470034662, -0.9976247470034662, -0.9976247470034662, -0.9976247470034662, -0.9976247470034662, -0.9284738940913196, -0.9976247470034662, -0.9284741680881556, -0.9284741680881556, -0.9284741680881556, -0.9976247470034662, -0.9284741680881556, -0.9284741680881556, -0.9284741680881556, -0.9976247470034662, -0.9284741680881556, -0.9284741680881556, -0.9976247470034662],