{"L": 2, "J": 0.09950371902099898, "B": 0.4975185951049949, "K": 2, "init_state": "random computational-basis state", "energy_avg": -0.9759320964381469, "energy_std": 0.15075216627161986, "gsf_avg": 0.9787658095443877, "gsf_std": 0.13982368910130846, "norm_check_samples": [1.0000133514404297, 1.0000131130218506, 1.000012755393982, 1.0000131130218506, 1.0000139474868774, 1.000012755393982, 1.0000139474868774, 1.0000131130218506, 1.0000115633010864, 1.000012755393982, 1.0000133514404297, 1.0000147819519043, 1.0000115633010864, 1.0000135898590088, 1.0000115633010864, 1.0000147819519043, 1.0000131130218506, 1.0000115633010864, 1.000012993812561, 1.0000139474868774, 1.0000147819519043, 1.000012755393982, 1.0000128746032715, 1.0000139474868774, 1.000012755393982, 1.0000139474868774, 1.0000139474868774, 1.000012755393982, 1.0000131130218506, 1.0000137090682983, 1.0000128746032715, 1.000015377998352, 1.0000128746032715, 1.000012755393982, 1.0000147819519043, 1.0000131130218506, 1.000012755393982, 1.000012755393982, 1.0000133514404297, 1.0000110864639282, 1.000012993812561, 1.000012993812561, 1.0000115633010864, 1.0000139474868774, 1.0000115633010864, 1.0000128746032715, 1.000012993812561, 1.000012755393982, 1.0000131130218506, 1.000012993812561, 1.0000139474868774, 1.0000147819519043, 1.000012993812561, 1.0000139474868774, 1.0000139474868774, 1.0000139474868774, 1.0000133514404297, 1.0000133514404297, 1.0000147819519043, 1.0000115633010864, 1.0000139474868774, 1.000012755393982, 1.0000128746032715, 1.0000139474868774, 1.0000115633010864, 1.000012993812561, 1.0000131130218506, 1.0000128746032715, 1.0000115633010864, 1.0000147819519043, 1.0000128746032715, 1.0000115633010864, 1.0000115633010864, 1.000013828277588, 1.0000147819519043, 1.0000132322311401, 1.000012993812561, 1.0000128746032715, 1.0000128746032715, 1.0000128746032715, 1.0000139474868774, 1.000012755393982, 1.0000115633010864, 1.0000128746032715, 1.0000131130218506, 1.0000139474868774, 1.0000147819519043, 1.000012755393982, 1.0000133514404297, 1.0000115633010864, 1.0000133514404297, 1.000013828277588, 1.0000133514404297, 1.0000131130218506, 1.0000115633010864, 1.000012993812561, 1.000012993812561, 1.0000115633010864, 1.0000131130218506, 1.0000139474868774, 1.0000132322311401, 1.0000132322311401, 1.0000132322311401, 1.0000132322311401, 1.0000132322311401, 1.0000132322311401, 1.0000132322311401, 1.0000132322311401, 1.0000132322311401, 1.0000132322311401, 1.0000132322311401, 1.0000132322311401, 1.0000128746032715, 1.0000131130218506, 1.0000132322311401, 1.0000132322311401, 1.0000132322311401, 1.0000132322311401, 1.0000132322311401, 1.0000132322311401, 1.0000132322311401, 1.0000132322311401, 1.0000132322311401, 1.0000132322311401, 1.0000132322311401, 1.0000132322311401, 1.0000132322311401, 1.0000132322311401, 1.0000132322311401, 1.0000133514404297, 1.0000132322311401, 1.0000132322311401, 1.0000132322311401, 1.0000132322311401, 1.0000132322311401, 1.0000132322311401, 1.0000132322311401, 1.0000132322311401, 1.0000132322311401, 1.0000132322311401, 1.0000132322311401, 1.0000132322311401, 1.0000132322311401, 1.0000132322311401, 1.0000132322311401, 1.0000132322311401, 1.0000132322311401, 1.0000132322311401, 1.0000132322311401, 1.0000132322311401, 1.0000132322311401, 1.0000132322311401, 1.000014305114746, 1.0000132322311401, 1.0000132322311401, 1.0000132322311401, 1.0000132322311401, 1.0000132322311401, 1.0000132322311401, 1.0000132322311401, 1.0000132322311401, 1.0000132322311401, 1.0000132322311401, 1.0000132322311401, 1.0000132322311401, 1.0000132322311401, 1.0000132322311401, 1.0000132322311401, 1.0000132322311401, 1.0000132322311401, 1.0000132322311401, 1.0000132322311401, 1.0000132322311401, 1.0000132322311401, 1.0000132322311401, 1.0000132322311401, 1.0000132322311401, 1.0000132322311401, 1.0000132322311401, 1.0000132322311401, 1.0000132322311401, 1.0000132322311401, 1.0000132322311401, 1.0000132322311401, 1.0000132322311401, 1.0000132322311401, 1.0000132322311401, 1.0000132322311401, 1.0000132322311401, 1.0000132322311401, 1.0000132322311401, 1.0000132322311401, 1.0000132322311401, 1.0000132322311401, 1.0000132322311401, 1.0000132322311401, 1.0000132322311401, 1.0000132322311401, 1.0000132322311401, 1.0000132322311401], "energy_samples": [-0.9974629186339198, -0.9974629186339198, -0.9974629186339198, -0.9974629186339198, -0.9974629186339198, -0.9974629186339198, 0.07579788541251313, -0.9974629186339198, -0.9974629186339198, -0.9974629186339198, -0.9974629186339198, -0.9974629186339198, -0.9974814352650021, 0.08285657649271315, -0.9974629186339198, -0.9974629186339198, -0.9974629186339198, -0.9974629186339198, -0.9974629186339198, -0.9974629186339198, -0.9974629186339198, -0.9974629186339198, -0.9974629186339198, -0.9974629186339198, -0.9974629186339198, -0.9974629186339198, -0.9974629186339198, -0.9974629186339198, -0.9974629186339198, -0.9974630182947729, -0.9974629186339198, -0.9974629186339198, -0.9974629186339198, -0.9974629186339198, -0.9974629186339198, -0.9974629186339198, -0.9974629186339198, -0.9974629186339198, -0.9974629186339198, -0.9974629186339198, -0.9974629186339198, -0.9974629186339198, -0.9974629186339198, -0.9974629186339198, -0.9974629186339198, -0.9974629186339198, -0.9974629186339198, -0.9974629186339198, -0.9974629186339198, -0.9974629186339198, -0.9974629186339198, -0.9974629186339198, -0.9974636686735343, -0.9974629186339198, -0.9979410445252894, -0.9974629186339198, -0.9974629186339198, -0.9974629186339198, -0.9974629186339198, -0.9974629186339198, -0.9974629186339198, -0.9974629186339198, -0.9974629186339198, -0.9974629186339198, -0.9974629186339198, -0.9974629186339198, -0.9974629186339198, -0.9974629186339198, -0.9974629186339198, -0.9974629186339198, -0.9974629186339198, -0.9974629186339198, -0.9974629186339198, -0.9974629186339198, -0.9974629186339198, -0.9974629186339198, -0.9974629186339198, -0.9974629186339198, -0.9974629186339198, -0.9974629186339198, -0.9974629186339198, -0.9974629186339198, -0.9974629186339198, -0.9974629186339198, -0.9974629186339198, -0.9974629186339198, -0.9974629186339198, -0.9974629186339198, -0.9974629186339198, -0.9974629186339198, -0.9974629186339198, -0.9974629186339198, -0.9974629186339198, -0.9974629186339198, -0.9974629186339198, -0.9974629186339198, -0.9974629186339198, -0.9974635060067768, -0.9974629186339198, -0.9974629186339198],