{"L": 2, "J": 0.9284766908852597, "B": 0.18569533817705194, "K": 10, "init_state": "random computational-basis state", "energy_avg": -0.9651740713058666, "energy_std": 0.034565588685854534, "gsf_avg": 1.0001506019347453, "gsf_std": 0.0006021242860586795, "norm_check_samples": [1.0007725954055786, 1.0007725954055786, 1.0007725954055786, 1.0007725954055786, 1.0007832050323486, 1.0007832050323486, 1.0007725954055786, 1.0007832050323486, 1.0007832050323486, 1.0007725954055786, 1.0007725954055786, 1.0007725954055786, 1.0007901191711426, 1.0007832050323486, 1.0007832050323486, 1.0007832050323486, 1.000779628753662, 1.0007832050323486, 1.0007832050323486, 1.0007725954055786, 1.0007725954055786, 1.0007725954055786, 1.0007725954055786, 1.0007832050323486, 1.0007725954055786, 1.0007725954055786, 1.0007832050323486, 1.0007832050323486, 1.0007725954055786, 1.0007725954055786, 1.0007725954055786, 1.0007832050323486, 1.0007832050323486, 1.0007725954055786, 1.0007832050323486, 1.0007725954055786, 1.0007725954055786, 1.0007832050323486, 1.0007832050323486, 1.0007832050323486, 1.0007725954055786, 1.0007725954055786, 1.0007725954055786, 1.0007832050323486, 1.0007832050323486, 1.0007832050323486, 1.0007725954055786, 1.0007832050323486, 1.0007725954055786, 1.0007832050323486, 1.0007832050323486, 1.0007832050323486, 1.0007725954055786, 1.0007725954055786, 1.0007832050323486, 1.0007832050323486, 1.0007725954055786, 1.0007832050323486, 1.0007832050323486, 1.0007832050323486, 1.0007832050323486, 1.0007832050323486, 1.0007725954055786, 1.0007832050323486, 1.0007725954055786, 1.0007832050323486, 1.0007725954055786, 1.0007832050323486, 1.0007832050323486, 1.0007725954055786, 1.0007832050323486, 1.0007832050323486, 1.0007725954055786, 1.0007725954055786, 1.0007832050323486, 1.0007832050323486, 1.0007725954055786, 1.0007832050323486, 1.0007832050323486, 1.0007725954055786, 1.0007832050323486, 1.0007832050323486, 1.0007725954055786, 1.0007832050323486, 1.00078547000885, 1.0007832050323486, 1.0007832050323486, 1.0007725954055786, 1.0007832050323486, 1.0007832050323486, 1.0007725954055786, 1.0007901191711426, 1.0007725954055786, 1.0007725954055786, 1.0007725954055786, 1.0007725954055786, 1.0007832050323486, 1.0007725954055786, 1.0007832050323486, 1.0007725954055786, 1.0007606744766235, 1.0007606744766235, 1.0007789134979248, 1.0007789134979248, 1.0007789134979248, 1.0007606744766235, 1.0007789134979248, 1.0007789134979248, 1.0007789134979248, 1.0007789134979248, 1.0007606744766235, 1.0007606744766235, 1.0007789134979248, 1.0007789134979248, 1.0007606744766235, 1.0007606744766235, 1.0007606744766235, 1.0007606744766235, 1.0007789134979248, 1.0007606744766235, 1.0007789134979248, 1.0007606744766235, 1.0007606744766235, 1.0007789134979248, 1.0007606744766235, 1.0007789134979248, 1.0007606744766235, 1.0007606744766235, 1.0007789134979248, 1.0007789134979248, 1.0007606744766235, 1.0007606744766235, 1.0007789134979248, 1.0007606744766235, 1.0007789134979248, 1.0007606744766235, 1.0007789134979248, 1.0007606744766235, 1.0007789134979248, 1.0007606744766235, 1.0007606744766235, 1.0007606744766235, 1.0007789134979248, 1.0007789134979248, 1.0007606744766235, 1.0007789134979248, 1.0007606744766235, 1.0007789134979248, 1.0007789134979248, 1.0007606744766235, 1.0007789134979248, 1.0007606744766235, 1.0007606744766235, 1.0007789134979248, 1.0007606744766235, 1.0007606744766235, 1.0007606744766235, 1.0007789134979248, 1.0007789134979248, 1.0007606744766235, 1.0007789134979248, 1.0007606744766235, 1.0007789134979248, 1.0007789134979248, 1.0007606744766235, 1.0007606744766235, 1.0007789134979248, 1.0007606744766235, 1.0007606744766235, 1.0007789134979248, 1.0007606744766235, 1.0007606744766235, 1.0007606744766235, 1.0007789134979248, 1.0007789134979248, 1.0007789134979248, 1.0007606744766235, 1.0007789134979248, 1.0007789134979248, 1.0007606744766235, 1.0007606744766235, 1.0007789134979248, 1.0007606744766235, 1.0007606744766235, 1.0007606744766235, 1.0007606744766235, 1.0007606744766235, 1.0007635354995728, 1.0007606744766235, 1.0007789134979248, 1.0007789134979248, 1.0007789134979248, 1.0007606744766235, 1.0007789134979248, 1.0007789134979248, 1.0007789134979248, 1.0007606744766235, 1.0007789134979248, 1.0007789134979248, 1.0007606744766235], "energy_samples": [-0.9983836146857596, -0.9983836146857596, -0.929197369150154, -0.929197369150154, -0.929197369150154, -0.9983836146857596, -0.929197369150154, -0.929197369150154, -0.929197369150154, -0.929197369150154, -0.9983836146857596, -0.9983836146857596, -0.929197369150154, -0.929197369150154, -0.9983836146857596, -0.9983836146857596, -0.9983836146857596, -0.9983836146857596, -0.929197369150154, -0.9983836146857596, -0.929197369150154, -0.9983836146857596, -0.9983836146857596, -0.929197369150154, -0.9983836146857596, -0.929197369150154, -0.9983836146857596, -0.9983836146857596, -0.929197369150154, -0.929197369150154, -0.9983836146857596, -0.9983836146857596, -0.929197369150154, -0.9983836146857596, -0.929197369150154, -0.9983836146857596, -0.929197369150154, -0.9983836146857596, -0.929197369150154, -0.9983836146857596, -0.9983836146857596, -0.9983836146857596, -0.929197369150154, -0.929197369150154, -0.9983836146857596, -0.929197369150154, -0.9983836146857596, -0.929197369150154, -0.929197369150154, -0.9983836146857596, -0.929197369150154, -0.9983836146857596, -0.9983836146857596, -0.929197369150154, -0.9983836146857596, -0.9983836146857596, -0.9983836146857596, -0.929197369150154, -0.929197369150154, -0.9983836146857596, -0.929197369150154, -0.9983836146857596, -0.929197369150154, -0.929197369150154, -0.9983836146857596, -0.9983836146857596, -0.929197369150154, -0.9983836146857596, -0.9983836146857596, -0.929197369150154, -0.9983836146857596, -0.9983836146857596, -0.9983836146857596, -0.929197369150154, -0.929197369150154, -0.929197369150154, -0.9983836146857596, -0.929197369150154, -0.929197369150154, -0.9983836146857596, -0.9983836146857596, -0.929197369150154, -0.9983836146857596, -0.9983836146857596, -0.9983836146857596, -0.9983836146857596, -0.9983836146857596, -0.9291828168698849, -0.9983836146857596, -0.929197369150154, -0.929197369150154, -0.929197369150154, -0.9983836146857596, -0.929197369150154, -0.929197369150154, -0.929197369150154, -0.9983836146857596, -0.929197369150154, -0.929197369150154, -0.9983836146857596],