{"L": 3, "J": 0.48596110151427596, "B": 0.0971922203028552, "K": 5, "init_state": "random computational-basis state", "energy_avg": -0.961075666076873, "energy_std": 0.1453952799620862, "gsf_avg": 0.9664641706916939, "gsf_std": 0.1450208515788367, "norm_check_samples": [0.9999616742134094, 0.9999603629112244, 0.9999625086784363, 0.9999626278877258, 0.9999603629112244, 0.9999595880508423, 0.9999603629112244, 0.9999608993530273, 0.9999608993530273, 0.9999606013298035, 0.9999599456787109, 0.9999607801437378, 0.9999620914459229, 0.9999592304229736, 0.9999616146087646, 0.999958872795105, 0.9999625086784363, 0.9999625086784363, 0.9999595880508423, 0.9999580979347229, 0.9999622106552124, 0.9999625086784363, 0.9999608397483826, 0.999958872795105, 0.9999603629112244, 0.9999625086784363, 0.9999608993530273, 0.9999625086784363, 0.9999613761901855, 0.9999608993530273, 0.9999608993530273, 0.9999608993530273, 0.9999603629112244, 0.9999603629112244, 0.9999597668647766, 0.9999604821205139, 0.9999603629112244, 0.9999628067016602, 0.9999608993530273, 0.9999603629112244, 0.9999620914459229, 0.9999603629112244, 0.9999608993530273, 0.9999604225158691, 0.9999603629112244, 0.9999600648880005, 0.9999603629112244, 0.9999609589576721, 0.9999613761901855, 0.9999600052833557, 0.9999626874923706, 0.9999603033065796, 0.9999603629112244, 0.9999613165855408, 0.9999608993530273, 0.9999608993530273, 0.9999603629112244, 0.9999614953994751, 0.9999620914459229, 0.9999580979347229, 0.9999603629112244, 0.9999608993530273, 0.9999597668647766, 0.9999580979347229, 0.9999608993530273, 0.9999625086784363, 0.9999600052833557, 0.9999592900276184, 0.9999608993530273, 0.9999619126319885, 0.9999597668647766, 0.9999603629112244, 0.9999616742134094, 0.9999603629112244, 0.9999603629112244, 0.9999602437019348, 0.9999603033065796, 0.9999603629112244, 0.9999622106552124, 0.9999624490737915, 0.9999623894691467, 0.9999608993530273, 0.9999609589576721, 0.9999608993530273, 0.9999603629112244, 0.9999608993530273, 0.9999603629112244, 0.999961256980896, 0.9999608993530273, 0.9999595880508423, 0.9999603629112244, 0.9999603629112244, 0.9999580979347229, 0.9999614953994751, 0.9999603629112244, 0.9999613165855408, 0.9999608993530273, 0.9999622702598572, 0.9999604821205139, 0.9999603629112244, 0.9999655485153198, 0.9999655485153198, 0.9999614357948303, 0.9999614357948303, 0.9999614357948303, 0.9999655485153198, 0.9999655485153198, 0.9999632239341736, 0.9999631643295288, 0.9999655485153198, 0.9999614357948303, 0.9999661445617676, 0.9999614357948303, 0.9999614357948303, 0.9999655485153198, 0.9999616742134094, 0.9999614357948303, 0.9999655485153198, 0.9999614357948303, 0.999961793422699, 0.9999645352363586, 0.9999614357948303, 0.9999655485153198, 0.9999622702598572, 0.9999655485153198, 0.999963104724884, 0.9999614357948303, 0.9999614357948303, 0.9999606609344482, 0.9999614357948303, 0.9999614357948303, 0.9999614357948303, 0.9999614357948303, 0.9999622106552124, 0.9999614357948303, 0.9999614357948303, 0.9999645352363586, 0.9999614357948303, 0.9999604225158691, 0.9999614357948303, 0.9999655485153198, 0.9999655485153198, 0.9999614357948303, 0.9999614357948303, 0.9999614357948303, 0.9999614357948303, 0.9999614357948303, 0.9999655485153198, 0.9999655485153198, 0.9999655485153198, 0.9999614357948303, 0.9999616742134094, 0.9999614357948303, 0.9999614357948303, 0.999962568283081, 0.9999655485153198, 0.9999655485153198, 0.9999614357948303, 0.9999614357948303, 0.9999614357948303, 0.9999655485153198, 0.9999614357948303, 0.9999655485153198, 0.9999655485153198, 0.9999639987945557, 0.9999614357948303, 0.9999618530273438, 0.9999614357948303, 0.9999653697013855, 0.9999614357948303, 0.9999625086784363, 0.9999614357948303, 0.9999614357948303, 0.9999614357948303, 0.9999614357948303, 0.9999635219573975, 0.9999602437019348, 0.9999655485153198, 0.9999655485153198, 0.9999655485153198, 0.9999656677246094, 0.9999655485153198, 0.9999611973762512, 0.9999668598175049, 0.9999614357948303, 0.9999601244926453, 0.9999668598175049, 0.9999655485153198, 0.9999655485153198, 0.999965250492096, 0.999962568283081, 0.9999655485153198, 0.9999614357948303, 0.9999614357948303, 0.9999614357948303, 0.9999655485153198, 0.9999614357948303, 0.9999655485153198, 0.9999614357948303, 0.9999663829803467], "energy_samples": [-0.9841138713823475, -0.9841138713823475, -0.9921305907936091, -0.9921305907936091, -0.9921305907936091, -0.9841138713823475, -0.9841138713823475, -0.5329211946348088, -0.9819622186817661, -0.9841138713823475, -0.9921305907936091, -0.9915547007807842, -0.9921305907936091, -0.9921305907936091, -0.9841138713823475, -0.9920864482207844, -0.9921305907936091, -0.9841138713823475, -0.9921305907936091, -0.9842095047132305, -0.9840428659891202, -0.9921305907936091, -0.9841138713823475, -0.9819348652902118, -0.9841138713823475, -0.9841932940141586, -0.9921305907936091, -0.9921305907936091, -0.5814579323667062, -0.9921305907936091, -0.9921305907936091, -0.9921305907936091, -0.9921305907936091, -0.9924452350123548, -0.9921305907936091, -0.9921305907936091, -0.9923331008828405, -0.9921305907936091, -0.992076511807244, -0.9770111089913385, -0.9841138713823475, -0.9841138713823475, -0.9921305907936091, -0.9921305907936091, -0.9921305907936091, -0.9921305907936091, -0.9921305907936091, -0.9841138713823475, -0.9841138713823475, -0.9841138713823475, -0.9921305907936091, -0.10324307735553452, -0.9921305907936091, -0.9921305907936091, -0.9863871098251987, -0.9841138713823475, -0.9841138713823475, -0.9921305907936091, -0.9921305907936091, -0.9921305907936091, -0.9841138713823475, -0.9921305907936091, -0.9841138713823475, -0.9841138713823475, -0.9841145362837972, -0.9921305907936091, -0.9917539028359502, -0.9921305907936091, -0.9926700567505928, -0.9921305907936091, -0.9834502553582576, -0.9921305907936091, -0.9921305907936091, -0.9921305907936091, -0.9921305907936091, -0.9772413975249276, -0.9921101489547983, -0.9841138713823475, -0.9841138713823475, -0.9841138713823475, -0.9842106262862248, -0.9841138713823475, -0.9921669216295242, -0.9926613105894108, -0.9921305907936091, 0.02663710010005611, -0.9926613105894108, -0.9841138713823475, -0.9841138713823475, -0.992116350268485, -0.9916595808834073, -0.9841138713823475, -0.9921305907936091, -0.9921305907936091, -0.9921305907936091, -0.9841138713823475, -0.9921305907936091, -0.9841138713823475, -0.9921305907936091, -0.992724338435569],