{"L": 3, "J": 0.48596110151427613, "B": 0.09719222030285522, "K": 5, "init_state": "random computational-basis state", "energy_avg": -0.9598192415056722, "energy_std": 0.14665822580978605, "gsf_avg": 0.9665919253854481, "gsf_std": 0.14586905347557066, "energy_samples": [-0.9920923300659511, -0.9840799671983845, -0.9755681138200814, -0.9840799671983845, -0.9840799671983845, -0.9920567022392905, -0.9920923300659511, -0.9920923300659511, -0.9840799671983845, -0.991473700718656, -0.9920923300659511, -0.9920923300659511, -0.9840799671983845, -0.9840799671983845, -0.9920923300659511, -0.060178708812340255, -0.9920923300659511, -0.9920923300659511, -0.9840799671983845, -0.9920923300659511, -0.5824640774555905, -0.9840799671983845, -0.9920923300659511, -0.9818254022729294, -0.990454888715455, -0.9922049905588479, -0.9840799671983845, -0.9840799671983845, -0.9840799671983845, -0.9840526642810781, -0.5733886150028801, -0.9840799671983845, -0.9840799671983845, -0.9840799671983845, -0.9920923300659511, -0.9920923300659511, -0.9920923300659511, -0.9920567022392905, -0.9920923300659511, 0.02757321029352728, -0.9840799671983845, -0.9840799671983845, -0.9840799671983845, -0.9887568792052637, -0.9840799671983845, -0.9840912715069507, -0.9840799671983845, -0.9841304785601288, -0.9842928261088524, -0.9920923300659511, -0.9920923300659511, -0.9920923300659511, -0.9920923300659511, -0.9840799671983845, -0.9920923300659511, -0.9840799671983845, -0.9920372479148418, -0.9920372479148418, -0.9840799671983845, -0.9840799671983845, -0.9920923300659511, -0.9840799671983845, -0.9920923300659511, -0.9840799671983845, -0.9920923300659511, -0.9818978171429076, -0.9840799671983845, -0.9841385349731959, -0.9840799671983845, -0.9840799671983845, -0.9919704283033055, -0.9841547055154526, -0.9843667427730473, -0.9840079671414653, -0.9921284229497686, -0.9919626011420095, -0.9920923300659511, -0.9840799671983845, -0.984251062287842, -0.9818978171429076, -0.9920923300659511, -0.9840799671983845, -0.9921284229497686, -0.9920923300659511, -0.9920923300659511, -0.9842928261088524, -0.9840799671983845, -0.9840799671983845, -0.9840799671983845, -0.9840799671983845, -0.9863339854701597, -0.9920923300659511, -0.9920923300659511, -0.9840799671983845, -0.9920962562544596, -0.9863339854701597, -0.9842928261088524, -0.9926284136124222, -0.9840799671983845, -0.9840799671983845], "gsf_samples": [0.9944940450819956, 0.9939933048983792, 0.986640146696933, 0.9939933048983792, 0.9939933048983792, 0.9944614001174329, 0.9944940450819956, 0.9944940450819956, 0.9939933048983792, 0.993679058639071, 0.9944940450819956, 0.9944940450819956, 0.9939933048983792, 0.9939933048983792, 0.9944940450819956, 0.02061324290930029, 0.9944940450819956, 0.9944940450819956, 0.9939933048983792, 0.9944940450819956, 0.6041026637214133, 0.9939933048983792, 0.9944940450819956, 0.9916652938126327, 0.9927724079872006, 0.9945778904449996, 0.9939933048983792, 0.9939933048983792, 0.9939933048983792, 0.9939642366002732, 0.5955765359992169, 0.9939933048983792, 0.9939933048983792, 0.9939933048983792, 0.9944940450819956, 0.9944940450819956, 0.9944940450819956, 0.9944614001174329, 0.9944940450819956, 0.02213421178718084, 0.9939933048983792, 0.9939933048983792, 0.9939933048983792, 0.9909955853086493, 0.9939933048983792, 0.994005185790974, 0.9939933048983792, 0.9940462323944643, 0.9942722506367357, 0.9944940450819956, 0.9944940450819956, 0.9944940450819956, 0.9944940450819956, 0.9939933048983792, 0.9944940450819956, 0.9939933048983792, 0.9944363712102171, 0.9944363712102171, 0.9939933048983792, 0.9939933048983792, 0.9944940450819956, 0.9939933048983792, 0.9944940450819956, 0.9939933048983792, 0.9944940450819956, 0.991745507230205, 0.9939933048983792, 0.9940527998149139, 0.9939933048983792, 0.9939933048983792, 0.9943745142227121, 0.9940614823900283, 0.9942100580351131, 0.9939253927091123, 0.9945340190316091, 0.9943747924892932, 0.9944940450819956, 0.9939933048983792, 0.9941761557225296, 0.991745507230205, 0.9944940450819956, 0.9939933048983792, 0.9945340190316091, 0.9944940450819956, 0.9944940450819956, 0.9942722506367357, 0.9939933048983792, 0.9939933048983792, 0.9939933048983792, 0.9939933048983792, 0.9894564613198532, 0.9944940450819956, 0.9944940450819956, 0.9939933048983792, 0.9945006806957899, 0.9894564613198532, 0.9942722506367357, 0.9950741571082403, 0.9939933048983792, 0.9939933048983792]}