{"L": 3, "J": 0.06622517641798506, "B": 0.33112588208992527, "K": 3, "init_state": "random computational-basis state", "energy_avg": -0.9698974167286335, "energy_std": 0.13370434807899995, "gsf_avg": 0.9578593705679975, "gsf_std": 0.19552268347884058, "norm_check_samples": [1.0000038146972656, 1.0000066757202148, 1.0000046491622925, 1.0000056028366089, 1.0000056028366089, 1.000007152557373, 1.0000048875808716, 1.0000063180923462, 1.0000038146972656, 1.0000077486038208, 1.0000061988830566, 1.0000066757202148, 1.0000061988830566, 1.000003695487976, 1.000005841255188, 1.0000041723251343, 1.0000072717666626, 1.0000046491622925, 1.000006914138794, 1.0000048875808716, 1.000007152557373, 1.000005841255188, 1.000003695487976, 1.0000053644180298, 1.0000053644180298, 1.0000065565109253, 1.000003695487976, 1.000005841255188, 1.0000067949295044, 1.000006079673767, 1.000004529953003, 1.0000051259994507, 1.0000059604644775, 1.0000057220458984, 1.000004768371582, 1.000004768371582, 1.000004529953003, 1.0000081062316895, 1.0000053644180298, 1.000008463859558, 1.0000057220458984, 1.0000066757202148, 1.0000019073486328, 1.0000057220458984, 1.0000051259994507, 1.000003695487976, 1.0000067949295044, 1.0000066757202148, 1.0000057220458984, 1.0000053644180298, 1.0000050067901611, 1.000006079673767, 1.000005841255188, 1.000003695487976, 1.0000030994415283, 1.0000054836273193, 1.000005841255188, 1.0000057220458984, 1.000006914138794, 1.0000048875808716, 1.0000032186508179, 1.0000066757202148, 1.000003695487976, 1.0000052452087402, 1.0000053644180298, 1.0000077486038208, 1.0000079870224, 1.0000050067901611, 1.0000054836273193, 1.0000056028366089, 1.0000073909759521, 1.000006079673767, 1.000003695487976, 1.0000046491622925, 1.000005841255188, 1.000005841255188, 1.0000067949295044, 1.0000089406967163, 1.0000077486038208, 1.0000051259994507, 1.0000048875808716, 1.0000059604644775, 1.0000059604644775, 1.000007152557373, 1.0000077486038208, 1.0000046491622925, 1.0000067949295044, 1.0000042915344238, 1.000005841255188, 1.0000088214874268, 1.0000070333480835, 1.000008463859558, 1.0000056028366089, 1.000005841255188, 1.0000059604644775, 1.0000046491622925, 1.0000046491622925, 1.0000073909759521, 1.0000046491622925, 1.0000053644180298, 1.000003457069397, 1.000003457069397, 1.000003457069397, 1.0000083446502686, 1.0000063180923462, 1.0000083446502686, 1.0000038146972656, 1.0000051259994507, 1.000003457069397, 1.000003457069397, 1.000003457069397, 1.000003457069397, 1.000003457069397, 1.000003457069397, 1.000003457069397, 1.000003457069397, 1.000003457069397, 1.0000033378601074, 1.000003457069397, 1.0000025033950806, 1.000003457069397, 1.000003457069397, 1.000003457069397, 1.000003457069397, 1.0000083446502686, 1.000003457069397, 1.0000051259994507, 1.0000046491622925, 1.000003457069397, 1.000003457069397, 1.0000041723251343, 1.000003457069397, 1.000004529953003, 1.000003457069397, 1.000003457069397, 1.000003457069397, 1.000002384185791, 1.000003457069397, 1.000003457069397, 1.000003457069397, 1.000003457069397, 1.000006079673767, 0.999998927116394, 1.000003457069397, 1.0000032186508179, 1.000003457069397, 1.0000044107437134, 1.000003457069397, 1.000003457069397, 1.000003457069397, 1.000003457069397, 1.0000025033950806, 1.000003457069397, 1.000003457069397, 1.000003457069397, 1.0000032186508179, 1.000003457069397, 1.000003457069397, 1.0000057220458984, 1.000003457069397, 1.000003457069397, 1.000002145767212, 1.000003457069397, 1.000003457069397, 1.0000027418136597, 1.000003457069397, 1.000003457069397, 1.000003457069397, 1.000003457069397, 1.000003457069397, 1.000003457069397, 1.0000067949295044, 1.000003457069397, 1.0000066757202148, 1.000003457069397, 1.000003457069397, 1.000003457069397, 1.0000051259994507, 1.000003457069397, 1.000003457069397, 1.000003457069397, 1.0000052452087402, 1.000003695487976, 1.000003457069397, 1.000003457069397, 1.0000038146972656, 1.000003457069397, 1.000003457069397, 1.000003457069397, 1.000003457069397, 1.000003457069397, 1.000003457069397, 1.000003457069397, 1.0000057220458984, 1.000003457069397, 1.000004768371582, 1.0000032186508179, 1.0000072717666626, 1.000003457069397, 1.000003457069397], "energy_samples": [-0.9971419165606543, -0.9971419165606543, -0.9971419165606543, -0.9971398859710967, -0.9979573653922219, -0.9971398859710967, -0.9975100251828167, -0.9966811476348395, -0.9971419165606543, -0.9971419165606543, -0.9971419165606543, -0.9971419165606543, -0.9971419165606543, -0.9971419165606543, -0.9971419165606543, -0.9971419165606543, -0.9971419165606543, -0.3791590354901114, -0.9971419165606543, -0.9971418596943031, -0.9971419165606543, -0.9971419165606543, -0.9971419165606543, -0.9971419165606543, -0.9971398859710967, -0.9971419165606543, -0.9966811476348395, -0.9968371422922763, -0.9971419165606543, -0.9971419165606543, -0.997973309723706, -0.9971419165606543, -0.264093889708633, -0.9971419165606543, -0.9971419165606543, -0.9971419165606543, -0.38091571016104053, -0.9971419165606543, -0.9971419165606543, -0.9971419165606543, -0.9971419165606543, -0.9966793049497473, -0.9971690357596628, -0.9971419165606543, -0.9971257103401967, -0.9971419165606543, -0.9918655628752294, -0.9971419165606543, -0.9971419165606543, -0.9971419165606543, -0.9971419165606543, -0.9971418596943031, -0.9971419165606543, -0.9971419165606543, -0.9971419165606543, -0.9971257103401967, -0.9971419165606543, -0.9971419165606543, -0.997133351668375, -0.9971419165606543, -0.9971419165606543, -0.997146831982628, -0.9971419165606543, -0.9971419165606543, -0.9971484710388946, -0.9971419165606543, -0.9971419165606543, -0.9971419165606543, -0.9971419165606543, -0.9971419165606543, -0.9971419165606543, -0.9966811536752515, -0.9971419165606543, -0.9971418455266944, -0.9971419165606543, -0.9971419165606543, -0.9971419165606543, -0.9966811476348395, -0.9971419165606543, -0.9971419165606543, -0.9971419165606543, -0.9967149912196411, -0.24688815318881463, -0.995640921528206, -0.9971419165606543, -0.9975100251828167, -0.9971419165606543, -0.9971419165606543, -0.9971419165606543, -0.9971419165606543, -0.9971419165606543, -0.9971419165606543, -0.9971419165606543, -0.997133351668375, -0.9971419165606543, -0.9968347382545805, -0.9971257103401967, -0.9979750956028041, -0.9971419165606543, -0.9971419165606543],