{"L": 3, "J": 0.06622517641798506, "B": 0.33112588208992527, "K": 2, "init_state": "random computational-basis state", "energy_avg": -0.9702512363380298, "energy_std": 0.13407261177709037, "gsf_avg": 0.9582786252612294, "gsf_std": 0.19562110881677588, "norm_check_samples": [1.000012755393982, 1.0000128746032715, 1.000014066696167, 1.0000132322311401, 1.0000139474868774, 1.0000112056732178, 1.0000133514404297, 1.0000122785568237, 1.0000121593475342, 1.0000128746032715, 1.000011920928955, 1.0000125169754028, 1.000012993812561, 1.000012755393982, 1.0000126361846924, 1.0000125169754028, 1.0000134706497192, 1.000012755393982, 1.0000134706497192, 1.0000121593475342, 1.000011920928955, 1.0000128746032715, 1.0000131130218506, 1.0000134706497192, 1.0000125169754028, 1.0000137090682983, 1.000012993812561, 1.0000128746032715, 1.0000122785568237, 1.000013828277588, 1.000012755393982, 1.000014066696167, 1.0000128746032715, 1.0000133514404297, 1.0000122785568237, 1.000012755393982, 1.0000128746032715, 1.0000114440917969, 1.000012993812561, 1.0000118017196655, 1.0000128746032715, 1.0000121593475342, 1.0000128746032715, 1.000012755393982, 1.0000145435333252, 1.0000134706497192, 1.0000135898590088, 1.0000135898590088, 1.0000134706497192, 1.0000131130218506, 1.0000125169754028, 1.0000139474868774, 1.0000128746032715, 1.0000126361846924, 1.0000128746032715, 1.0000121593475342, 1.000012993812561, 1.0000128746032715, 1.0000128746032715, 1.0000123977661133, 1.0000115633010864, 1.0000131130218506, 1.0000134706497192, 1.0000135898590088, 1.0000128746032715, 1.0000134706497192, 1.0000128746032715, 1.0000134706497192, 1.0000128746032715, 1.0000126361846924, 1.0000125169754028, 1.000011920928955, 1.0000139474868774, 1.0000128746032715, 1.000012993812561, 1.0000128746032715, 1.0000128746032715, 1.000012755393982, 1.0000115633010864, 1.0000128746032715, 1.0000125169754028, 1.0000134706497192, 1.0000133514404297, 1.0000134706497192, 1.0000132322311401, 1.000012755393982, 1.0000126361846924, 1.0000120401382446, 1.0000126361846924, 1.0000133514404297, 1.0000131130218506, 1.0000121593475342, 1.000012755393982, 1.0000126361846924, 1.000014066696167, 1.0000135898590088, 1.000013828277588, 1.0000132322311401, 1.000012755393982, 1.0000132322311401, 1.0000137090682983, 1.0000133514404297, 1.0000133514404297, 1.0000133514404297, 1.0000133514404297, 1.0000134706497192, 1.000012993812561, 1.000011920928955, 1.0000126361846924, 1.0000133514404297, 1.0000132322311401, 1.0000133514404297, 1.0000133514404297, 1.0000133514404297, 1.0000132322311401, 1.0000133514404297, 1.0000133514404297, 1.0000133514404297, 1.0000126361846924, 1.0000134706497192, 1.0000133514404297, 1.0000133514404297, 1.0000133514404297, 1.0000132322311401, 1.0000133514404297, 1.0000133514404297, 1.0000133514404297, 1.0000131130218506, 1.0000133514404297, 1.0000133514404297, 1.0000133514404297, 1.0000133514404297, 1.0000133514404297, 1.0000132322311401, 1.0000133514404297, 1.0000133514404297, 1.0000122785568237, 1.0000137090682983, 1.000011920928955, 1.000012993812561, 1.0000133514404297, 1.0000133514404297, 1.0000133514404297, 1.0000133514404297, 1.0000133514404297, 1.000012993812561, 1.000012993812561, 1.000012993812561, 1.0000133514404297, 1.0000133514404297, 1.0000135898590088, 1.0000133514404297, 1.0000133514404297, 1.000014066696167, 1.0000133514404297, 1.000011920928955, 1.000012755393982, 1.0000128746032715, 1.0000133514404297, 1.0000132322311401, 1.0000133514404297, 1.0000137090682983, 1.0000133514404297, 1.000014066696167, 1.0000115633010864, 1.0000133514404297, 1.000012993812561, 1.0000133514404297, 1.0000133514404297, 1.0000133514404297, 1.0000132322311401, 1.000012993812561, 1.0000118017196655, 1.0000133514404297, 1.0000133514404297, 1.0000133514404297, 1.0000133514404297, 1.0000133514404297, 1.0000128746032715, 1.0000133514404297, 1.0000133514404297, 1.0000135898590088, 1.0000115633010864, 1.000012993812561, 1.0000137090682983, 1.0000133514404297, 1.0000133514404297, 1.0000133514404297, 1.0000133514404297, 1.0000137090682983, 1.0000134706497192, 1.0000133514404297, 1.0000137090682983, 1.0000132322311401, 1.0000132322311401, 1.0000134706497192, 1.0000133514404297, 1.0000133514404297, 1.0000133514404297, 1.0000133514404297], "energy_samples": [-0.9939312410918283, -0.9984363987752796, -0.9984363987752796, -0.9984363987752796, -0.9984363987752796, -0.99831439780433, -0.9983149871017792, -0.9984366705008408, -0.31779878625412766, -0.9984363987752796, -0.9982294463867891, -0.9984363987752796, -0.9984363987752796, -0.9984363987752796, -0.9982294463867891, -0.9984363987752796, -0.9984363987752796, -0.9984363987752796, -0.9957605617959111, -0.99831439780433, -0.9984363987752796, -0.9984363987752796, -0.9984363987752796, -0.9982294463867891, -0.9984363987752796, -0.9984363987752796, -0.9984363987752796, -0.9950912636792074, -0.9984363987752796, -0.9984363987752796, -0.9984363987752796, -0.9984363987752796, -0.9984363987752796, -0.9982294463867891, -0.9984363987752796, -0.9984370830584594, -0.993972044134701, -0.9928968762674001, -0.9984366705008408, -0.9939638753917577, -0.9984363987752796, -0.9984363987752796, -0.9984370830584594, -0.9984363987752796, -0.9984363987752796, -0.993954345482289, -0.9983149871017792, -0.9939638753917577, -0.9984363987752796, -0.9984363987752796, -0.3559017338936144, -0.9984363987752796, -0.9984363987752796, -0.9984376853919693, -0.9984370830584594, -0.9984366705008408, -0.9948369975982377, -0.9915393611360752, -0.9984363987752796, -0.9982294463867891, -0.9984363987752796, -0.9965090720854295, -0.9984363987752796, -0.9984376853919693, -0.9984143297001218, -0.9984363987752796, -0.9983149871017792, -0.9984363987752796, -0.9984363987752796, -0.9984363987752796, -0.9982294463867891, -0.9939638753917577, -0.998349363714169, -0.9984363987752796, -0.9977913312770641, -0.9984363987752796, -0.9984363987752796, -0.9984363987752796, -0.9984328751118359, -0.9984363987752796, -0.9984363987752796, -0.9711374688181252, -0.9984143297001218, -0.31336837366719617, -0.27003376843329924, -0.9984363987752796, -0.9984363987752796, -0.9984370830584594, -0.9984363987752796, -0.9983611867580304, -0.9984601903574253, -0.9984363987752796, -0.9983923623236265, -0.9982294463867891, -0.9982294463867891, -0.99831439780433, -0.9979703664756668, -0.9984363987752796, -0.9984363987752796, -0.9984363987752796],