{"L": 4, "J": 0.04962748692122745, "B": 0.2481374346061372, "K": 10, "init_state": "random computational-basis state", "energy_avg": -0.9886037311980591, "energy_std": 0.07478698331915161, "gsf_avg": 0.979287727376103, "gsf_std": 0.1398982640140666, "energy_samples": [-0.999283251149263, -0.999283251149263, -0.999283251149263, -0.999283251149263, -0.999283251149263, -0.999283251149263, -0.999283251149263, -0.999283251149263, -0.999283251149263, -0.999283251149263, -0.999283251149263, -0.999283251149263, -0.437949073439123, -0.999283251149263, -0.999283251149263, -0.999283251149263, -0.9988952519038607, -0.999283251149263, -0.9988835869458684, -0.9992978540411451, -0.9993047025108965, -0.999283251149263, -0.999283251149263, -0.999283251149263, -0.999283251149263, -0.999283251149263, -0.999283251149263, -0.9992925899471337, -0.999283251149263, -0.9993841788725287, -0.999283251149263, -0.999283251149263, -0.999283251149263, -0.999283251149263, -0.999283251149263, -0.999283251149263, -0.999283251149263, -0.999283251149263, -0.999283251149263, -0.9988628849245511, -0.999283251149263, -0.999283251149263, -0.999283251149263, -0.999283251149263, -0.999283251149263, -0.999283251149263, -0.999283251149263, -0.999283251149263, -0.999283251149263, -0.999283251149263, -0.999283251149263, -0.999283251149263, -0.999283251149263, -0.999283251149263, -0.9992741788733432, -0.999283251149263, -0.999283251149263, -0.999291583234585, -0.999283251149263, -0.999283251149263, -0.999283251149263, -0.999283251149263, -0.4936965287012033, -0.999283251149263, -0.999283251149263, -0.999283251149263, -0.999283251149263, -0.999283251149263, -0.999283251149263, -0.999283251149263, -0.999283251149263, -0.999283251149263, -0.999283251149263, -0.999283251149263, -0.999283251149263, -0.999283251149263, -0.999283251149263, -0.999283251149263, -0.999283251149263, -0.999283251149263, -0.999283251149263, -0.999283251149263, -0.999283251149263, -0.999283251149263, -0.999283251149263, -0.999283251149263, -0.999283251149263, -0.999283251149263, -0.999228420305287, -0.999283251149263, -0.9992754066609102, -0.999283251149263, -0.999283251149263, -0.9992885208271806, -0.999283251149263, -0.9993720109309255, -0.999283251149263, -0.999283251149263, -0.999283251149263, -0.999283251149263], "gsf_samples": [0.9992833565773297, 0.9992833565773297, 0.9992833565773297, 0.9992833565773297, 0.9992833565773297, 0.9992833565773297, 0.9992833565773297, 0.9992833565773297, 0.9992833565773297, 0.9992833565773297, 0.9992833565773297, 0.9992833565773297, 3.0814879110195774e-33, 0.9992833565773297, 0.9992833565773297, 0.9992833565773297, 0.9988911169079197, 0.9992833565773297, 0.9988898957550694, 0.9992979224057762, 0.9993050712187846, 0.9992833565773297, 0.9992833565773297, 0.9992833565773297, 0.9992833565773297, 0.9992833565773297, 0.9992833565773297, 0.9992945147118931, 0.9992833565773297, 0.9993861749131088, 0.9992833565773297, 0.9992833565773297, 0.9992833565773297, 0.9992833565773297, 0.9992833565773297, 0.9992833565773297, 0.9992833565773297, 0.9992833565773297, 0.9992833565773297, 0.9988805750482377, 0.9992833565773297, 0.9992833565773297, 0.9992833565773297, 0.9992833565773297, 0.9992833565773297, 0.9992833565773297, 0.9992833565773297, 0.9992833565773297, 0.9992833565773297, 0.9992833565773297, 0.9992833565773297, 0.9992833565773297, 0.9992833565773297, 0.9992833565773297, 0.9992740351756294, 0.9992833565773297, 0.9992833565773297, 0.9992900078561374, 0.9992833565773297, 0.9992833565773297, 0.9992833565773297, 0.9992833565773297, 4.3333423748712807e-32, 0.9992833565773297, 0.9992833565773297, 0.9992833565773297, 0.9992833565773297, 0.9992833565773297, 0.9992833565773297, 0.9992833565773297, 0.9992833565773297, 0.9992833565773297, 0.9992833565773297, 0.9992833565773297, 0.9992833565773297, 0.9992833565773297, 0.9992833565773297, 0.9992833565773297, 0.9992833565773297, 0.9992833565773297, 0.9992833565773297, 0.9992833565773297, 0.9992833565773297, 0.9992833565773297, 0.9992833565773297, 0.9992833565773297, 0.9992833565773297, 0.9992833565773297, 0.9992342210529066, 0.9992833565773297, 0.9992853104289894, 0.9992833565773297, 0.9992833565773297, 0.999286747969249, 0.9992833565773297, 0.9993718350935468, 0.9992833565773297, 0.9992833565773297, 0.9992833565773297, 0.9992833565773297]}