{"L": 4, "J": 0.21013831273060304, "B": 0.21013831273060304, "K": 20, "init_state": "random computational-basis state", "energy_avg": -0.9967227875183298, "energy_std": 0.018139589933310926, "gsf_avg": 0.9886210862762905, "gsf_std": 0.09937018201277786, "energy_samples": [-0.9973086658546161, -0.9991650311358788, -0.9986524958314228, -0.9991650311358788, -0.9991650311358788, -0.9991650311358788, -0.9991650311358788, -0.9985035034138391, -0.9991272364185568, -0.9991650311358788, -0.9991654083953291, -0.9953498009082352, -0.9991505052900127, -0.9979979818748974, -0.9991650311358788, -0.9991650311358788, -0.9991650311358788, -0.9986729229507192, -0.9925176786738419, -0.9985510357175466, -0.9991650311358788, -0.9991716947027286, -0.9991650311358788, -0.9958402662990306, -0.9991650311358788, -0.9991994358094334, -0.9936478900425678, -0.9991650311358788, -0.9991383627118504, -0.997699493557257, -0.9955675291761135, -0.9991650311358788, -0.9992290615971566, -0.9991650311358788, -0.9986317817525365, -0.9991581578987007, -0.9991650311358788, -0.9991458604652952, -0.9991566072926863, -0.9991606161743023, -0.9992574602256896, -0.9991376770655637, -0.9991650311358788, -0.9982614990221343, -0.9991366900149347, -0.9991650311358788, -0.9991650311358788, -0.9991650311358788, -0.9991650311358788, -0.9992972405185345, -0.9991380844445268, -0.9991650311358788, -0.9991650311358788, -0.9907145223066223, -0.9991650311358788, -0.9988177644686397, -0.9980194807545489, -0.999171460224542, -0.9991698906327535, -0.9991650311358788, -0.9991260606422498, -0.9991554986582194, -0.9991532696738405, -0.9988156152039949, -0.9960312779081635, -0.9991650311358788, -0.9991650311358788, -0.9991650311358788, -0.993547196513972, -0.9991952683301978, -0.9991650311358788, -0.9991570507705714, -0.9991432438455817, -0.9991650311358788, -0.9988247154488464, -0.9991526880647161, -0.9991806698978037, -0.9985035034138391, -0.9991650311358788, -0.9991650311358788, -0.9991554986582194, -0.9993225710197543, -0.9991650311358788, -0.9986076334761961, -0.9960645147995991, -0.9991650311358788, -0.9991650311358788, -0.8168749959120343, -0.9992506652675328, -0.9989696082713837, -0.9991273384156788, -0.9956709918337463, -0.9990781512562562, -0.9991650311358788, -0.9991025070831113, -0.9990669272515165, -0.9991387966021972, -0.9991239002320971, -0.9991650311358788, -0.995766678866991], "gsf_samples": [0.9974297285719155, 0.9991891928119309, 0.9986255075188546, 0.9991891928119309, 0.9991891928119309, 0.9991891928119309, 0.9991891928119309, 0.9985726878625232, 0.9991579873723316, 0.9991891928119309, 0.9991896061460427, 0.9957563547989662, 0.9991746966358723, 0.9982498077188773, 0.9991891928119309, 0.9991891928119309, 0.9991891928119309, 0.9986425111708198, 0.9928667854275575, 0.9986097841249464, 0.9991891928119309, 0.9992024468664396, 0.9991891928119309, 0.9962870472992462, 0.9991891928119309, 0.9992331687440975, 0.9944242265484777, 0.9991891928119309, 0.9991625485696577, 0.9977522479512023, 0.9959186708589359, 0.9991891928119309, 0.9992280904823141, 0.9991891928119309, 0.9986046819433273, 0.999182202109787, 0.9991891928119309, 0.9991308169251977, 0.9991807298125102, 0.9991848400867924, 0.9992712835922242, 0.9991618509621799, 0.9991891928119309, 0.9983127341815731, 0.9991747244597663, 0.9991891928119309, 0.9991891928119309, 0.9991891928119309, 0.9991891928119309, 0.9993186971739216, 0.9991631891119866, 0.9991891928119309, 0.9991891928119309, 0.9912456375775384, 0.9991891928119309, 0.9988403538401913, 0.9981213148784378, 0.9991955809078261, 0.999194053646077, 0.9991891928119309, 0.999156816638387, 0.9991825691348033, 0.9991773484442238, 0.9988381828026854, 0.9962177685169012, 0.9991891928119309, 0.9991891928119309, 0.9991891928119309, 0.9938892615159546, 0.999197546002368, 0.9991891928119309, 0.9991811652627718, 0.9991674161768818, 0.9991891928119309, 0.9988539333442271, 0.9991768818426974, 0.9992048598346945, 0.9985726878625232, 0.9991891928119309, 0.9991891928119309, 0.9991825691348033, 0.9993111181687159, 0.9991891928119309, 0.9986772632907023, 0.9962507747741828, 0.9991891928119309, 0.9991891928119309, 5.291685115198369e-30, 0.9992810134278233, 0.9989674957694394, 0.9991513522732927, 0.9958878235608255, 0.9990888172957609, 0.9991891928119309, 0.9991143392789398, 0.999088408386966, 0.9991629783790396, 0.9991480990093069, 0.9991891928119309, 0.9962134075802963]}