{"L": 4, "J": 0.21013831273060313, "B": 0.21013831273060313, "K": 5, "init_state": "random computational-basis state", "energy_avg": -0.9083808776886915, "energy_std": 0.19756533587100278, "gsf_avg": 0.822472205927883, "gsf_std": 0.3727108214888483, "norm_check_samples": [1.0000089406967163, 1.0000077486038208, 1.0000125169754028, 1.0000115633010864, 1.0000100135803223, 1.0000141859054565, 1.0000072717666626, 1.0000139474868774, 1.0000115633010864, 1.0000087022781372, 1.000012993812561, 1.0000108480453491, 1.0000107288360596, 1.000009536743164, 1.0000098943710327, 1.000009298324585, 1.000009298324585, 1.0000110864639282, 1.0000133514404297, 1.0000150203704834, 1.000007152557373, 1.0000112056732178, 1.0000113248825073, 1.0000073909759521, 1.0000090599060059, 1.0000107288360596, 1.0000114440917969, 1.0000114440917969, 1.0000088214874268, 1.0000042915344238, 1.0000135898590088, 1.0000114440917969, 1.00001060962677, 1.000012755393982, 1.0000098943710327, 1.0000123977661133, 1.0000123977661133, 1.000011920928955, 1.0000065565109253, 1.0000104904174805, 1.0000133514404297, 1.0000109672546387, 1.0000101327896118, 1.0000096559524536, 1.000011682510376, 1.0000101327896118, 1.000011920928955, 1.0000104904174805, 1.0000109672546387, 1.000011682510376, 1.000009536743164, 1.0000134706497192, 1.0000108480453491, 1.0000081062316895, 1.0000122785568237, 1.000012993812561, 1.0000128746032715, 1.000008463859558, 1.0000128746032715, 1.00001060962677, 1.0000089406967163, 1.0000100135803223, 1.0000096559524536, 1.0000096559524536, 1.0000081062316895, 1.000011920928955, 1.000012993812561, 1.0000102519989014, 1.000010371208191, 1.0000112056732178, 1.0000108480453491, 1.0000112056732178, 1.000012993812561, 1.0000094175338745, 1.0000073909759521, 1.0000072717666626, 1.0000101327896118, 1.000007152557373, 1.0000108480453491, 1.0000114440917969, 1.0000123977661133, 1.0000101327896118, 1.0000098943710327, 1.0000076293945312, 1.0000113248825073, 1.0000088214874268, 1.0000150203704834, 1.0000087022781372, 1.0000088214874268, 1.000012755393982, 1.0000072717666626, 1.0000089406967163, 1.0000114440917969, 1.0000078678131104, 1.0000066757202148, 1.0000096559524536, 1.0000104904174805, 1.0000090599060059, 1.0000134706497192, 1.0000146627426147, 1.0000158548355103, 1.0000115633010864, 1.0000083446502686, 1.0000097751617432, 1.0000087022781372, 1.0000118017196655, 1.000015377998352, 1.0000126361846924, 1.0000108480453491, 1.0000101327896118, 1.0000107288360596, 1.0000112056732178, 1.000009536743164, 1.0000118017196655, 1.000005841255188, 1.0000115633010864, 1.0000141859054565, 1.0000076293945312, 1.0000094175338745, 1.0000114440917969, 1.0000126361846924, 1.0000101327896118, 1.000008225440979, 1.0000139474868774, 1.0000108480453491, 1.0000101327896118, 1.0000118017196655, 1.000011682510376, 1.0000128746032715, 1.0000139474868774, 1.000012755393982, 1.0000108480453491, 1.0000109672546387, 1.00001060962677, 1.0000108480453491, 1.0000118017196655, 1.0000120401382446, 1.0000128746032715, 1.0000159740447998, 1.0000091791152954, 1.0000160932540894, 1.0000149011611938, 1.000015139579773, 1.0000113248825073, 1.0000108480453491, 1.0000108480453491, 1.0000131130218506, 1.0000108480453491, 1.0000122785568237, 1.000012993812561, 1.0000128746032715, 1.0000035762786865, 1.0000073909759521, 1.000005841255188, 1.0000108480453491, 1.0000104904174805, 1.0000126361846924, 1.0000118017196655, 1.0000100135803223, 1.0000089406967163, 1.0000065565109253, 1.000009536743164, 1.0000076293945312, 1.0000128746032715, 1.0000144243240356, 1.0000089406967163, 1.0000108480453491, 1.0000108480453491, 1.0000139474868774, 1.0000108480453491, 1.0000108480453491, 1.000014066696167, 1.0000091791152954, 1.0000110864639282, 1.0000108480453491, 1.0000109672546387, 1.0000100135803223, 1.0000108480453491, 1.0000120401382446, 1.0000083446502686, 1.0000097751617432, 1.0000085830688477, 1.0000079870224, 1.0000144243240356, 1.0000108480453491, 1.0000113248825073, 1.0000053644180298, 1.0000079870224, 1.00001060962677, 0.9999985694885254, 1.0000101327896118, 1.0000108480453491, 1.0000108480453491, 1.0000121593475342, 1.0000097751617432, 1.000013828277588, 1.0000035762786865, 1.0000139474868774, 1.0000097751617432, 1.000003695487976], "energy_samples": [-0.9976342244610135, -0.9972905232566383, -0.9971590943707899, -0.9972795435537636, -0.9972625365697835, -0.9976183036563002, -0.9973449377485171, -0.9974280350773148, -0.9972753666257199, -0.557124434296719, -0.9973821514537538, -0.9924828719449647, -0.49095943286165844, -0.9934351451625401, -0.4450187102725203, -0.9974784050136815, -0.9973320271023405, -0.48113839968509764, -0.9879088673930961, -0.9782765429025825, -0.9972577580469921, -0.557124434296719, -0.5639414054392449, -0.9938844687026265, -0.9972753666257199, -0.9908997949883767, -0.9915679681483932, -0.9970234380968575, -0.9969059865157773, -0.9969079711909548, -0.5737602019340055, -0.9972753666257199, -0.9968971058836574, -0.9974458303763764, -0.9972753666257199, -0.9915679681483932, -0.9972944916983082, -0.9940093803609775, -0.9969027080152862, -0.9972633924256458, -0.5624084034025899, -0.996939066578761, -0.9982677257740136, -0.9972448264565981, -0.9972753666257199, -0.9975010284242914, -0.7426192528532778, -0.9972753666257199, -0.9958735517864127, -0.9972606736100786, -0.9975544215087754, -0.5727360824565123, -0.9972693138323395, -0.9948043213425023, -0.9972753666257199, -0.9940145991069992, -0.9974280350773148, -0.9983629334254281, -0.9891858958364449, -0.9972740988355748, -0.9962783356451649, -0.9972895562029905, -0.9939438541804552, -0.9969059865157773, -0.9890377037030893, -0.919989157552004, -0.9972909716303615, -0.9972753666257199, -0.9972834671754518, -0.9972753666257199, -0.9972753666257199, -0.9679895656191341, -0.9972783539711884, -0.9900155838376771, -0.9972753666257199, -0.9972854998288636, -0.5766997972241744, -0.5594791404800599, -0.7894794406526441, -0.9946583001579913, -0.5614443894362883, -0.9823007026303684, -0.9856036600378547, -0.9961648827637056, -0.9972753666257199, -0.9974371338253855, -0.4053912727188266, -0.997501282857066, -0.9980065874041655, 0.08972567688351855, -0.9975176266154984, -0.9972753666257199, -0.9972753666257199, -0.9971676072165147, -0.9952280299072327, -0.997122459021391, -0.43926294279402933, -0.9778088403134991, -0.9976426327614972, -0.5245008269526457],