{"L": 4, "J": 0.21013831273060313, "B": 0.21013831273060313, "K": 3, "init_state": "random computational-basis state", "energy_avg": -0.8485695677484874, "energy_std": 0.21318555003144674, "gsf_avg": 0.7161912539523546, "gsf_std": 0.425637039549296, "norm_check_samples": [1.000044822692871, 1.000044584274292, 1.000044345855713, 1.0000460147857666, 1.0000464916229248, 1.0000470876693726, 1.0000419616699219, 1.0000449419021606, 1.000044584274292, 1.0000461339950562, 1.0000463724136353, 1.0000450611114502, 1.0000447034835815, 1.000045657157898, 1.000044822692871, 1.0000463724136353, 1.0000457763671875, 1.000046968460083, 1.000042200088501, 1.0000454187393188, 1.0000476837158203, 1.000045895576477, 1.0000463724136353, 1.0000462532043457, 1.0000464916229248, 1.0000464916229248, 1.0000461339950562, 1.0000466108322144, 1.0000437498092651, 1.0000427961349487, 1.0000470876693726, 1.0000468492507935, 1.000044345855713, 1.0000475645065308, 1.0000454187393188, 1.0000449419021606, 1.0000461339950562, 1.000047206878662, 1.0000470876693726, 1.000044584274292, 1.0000441074371338, 1.0000431537628174, 1.0000463724136353, 1.0000449419021606, 1.0000483989715576, 1.000043272972107, 1.000046730041504, 1.0000455379486084, 1.000047206878662, 1.0000461339950562, 1.0000470876693726, 1.000044822692871, 1.0000433921813965, 1.0000463724136353, 1.0000438690185547, 1.0000463724136353, 1.0000452995300293, 1.0000439882278442, 1.0000427961349487, 1.0000485181808472, 1.0000473260879517, 1.000047206878662, 1.000044822692871, 1.000046730041504, 1.000046730041504, 1.0000438690185547, 1.000045895576477, 1.0000439882278442, 1.000046730041504, 1.000046968460083, 1.0000451803207397, 1.0000474452972412, 1.0000466108322144, 1.0000447034835815, 1.0000462532043457, 1.000044822692871, 1.0000466108322144, 1.000044584274292, 1.0000449419021606, 1.0000441074371338, 1.000043272972107, 1.000047206878662, 1.0000455379486084, 1.0000450611114502, 1.0000437498092651, 1.000045895576477, 1.0000437498092651, 1.0000464916229248, 1.0000470876693726, 1.0000466108322144, 1.0000444650650024, 1.0000455379486084, 1.0000479221343994, 1.0000433921813965, 1.0000447034835815, 1.000044345855713, 1.0000461339950562, 1.0000449419021606, 1.0000468492507935, 1.0000450611114502, 1.0000427961349487, 1.0000430345535278, 1.000046968460083, 1.0000450611114502, 1.000042200088501, 1.0000406503677368, 1.0000476837158203, 1.000046730041504, 1.0000452995300293, 1.0000442266464233, 1.0000450611114502, 1.0000451803207397, 1.000046968460083, 1.0000461339950562, 1.0000461339950562, 1.0000481605529785, 1.000048279762268, 1.000048041343689, 1.0000460147857666, 1.0000466108322144, 1.0000454187393188, 1.0000463724136353, 1.0000466108322144, 1.0000449419021606, 1.0000452995300293, 1.000045657157898, 1.0000452995300293, 1.000045657157898, 1.0000442266464233, 1.0000462532043457, 1.0000407695770264, 1.000045657157898, 1.000041127204895, 1.000045895576477, 1.000045895576477, 1.0000449419021606, 1.0000475645065308, 1.000044584274292, 1.0000451803207397, 1.0000429153442383, 1.0000487565994263, 1.000043272972107, 1.000044822692871, 1.0000461339950562, 1.000048279762268, 1.0000468492507935, 1.0000417232513428, 1.0000489950180054, 1.0000487565994263, 1.0000473260879517, 1.0000414848327637, 1.000047206878662, 1.000045895576477, 1.000042200088501, 1.0000450611114502, 1.0000452995300293, 1.0000451803207397, 1.0000431537628174, 1.0000475645065308, 1.000048279762268, 1.0000450611114502, 1.00004243850708, 1.0000488758087158, 1.0000468492507935, 1.000046968460083, 1.000045895576477, 1.000044584274292, 1.0000476837158203, 1.0000455379486084, 1.0000454187393188, 1.0000427961349487, 1.0000419616699219, 1.0000417232513428, 1.0000463724136353, 1.0000451803207397, 1.0000454187393188, 1.000045657157898, 1.0000479221343994, 1.0000462532043457, 1.000044345855713, 1.000044345855713, 1.000045895576477, 1.0000442266464233, 1.0000462532043457, 1.000044584274292, 1.00003981590271, 1.0000470876693726, 1.0000451803207397, 1.0000447034835815, 1.0000436305999756, 1.000047206878662, 1.0000462532043457, 1.000046968460083, 1.000044345855713, 1.0000457763671875, 1.0000489950180054, 1.0000476837158203, 1.000044822692871, 1.0000419616699219, 1.0000451803207397], "energy_samples": [-0.9925722358797173, -0.27846486698361506, -0.9883414024902483, -0.9406996541410786, -0.48656290055022927, -0.463099539842978, -0.9912616568399029, -0.9644950659782817, -0.9290117541114412, -0.39321722886439486, -0.9874243040296473, -0.5719165230668388, -0.9721645426860492, -0.9788034095516364, -0.991952505273041, -0.9924604013972669, -0.9804856528042479, -0.9915792380818162, -0.9626529079899598, -0.968039377126403, -0.9810483279110696, -0.9911332474221185, -0.9769383684527566, -0.9931462233208519, -0.6061217212341811, -0.9396420727231408, -0.9865054810349119, -0.994603872891659, -0.9602420803557421, -0.9925762844791903, -0.5532575539882583, -0.6406618854452334, -0.3949872813810275, -0.9793305426157436, -0.5265200781143184, -0.9661003194859258, -0.993548694614581, -0.9891446789066947, -0.9798923415492357, -0.9549046116537652, -0.8889045162956802, -0.49765018302453506, -0.9677008833256519, -0.9730441373951259, -0.9928005395179932, -0.9788023484454446, -0.2083086486412229, -0.9155277091471595, -0.9833803302582361, -0.9623046541405069, -0.4755393415011321, -0.9912100040785807, -0.9625730269998702, -0.7715191354419408, -0.5661463291354306, -0.9840829912749905, -0.9704349659679535, -0.5535685082582639, -0.9810972731511916, -0.958668225731745, -0.9924462058428614, -0.4553866171427731, -0.971947760511373, -0.9598653701123218, -0.9795653620030293, -0.9706844098320468, -0.9917419355560572, -0.9724835345655521, -0.9717244276544458, -0.5257051935679498, -0.5281532014060881, -0.5425916968994006, -0.4944526891189764, -0.9904887814629362, -0.9850839712964726, -0.9499841327760998, -0.9918639007246189, -0.5298231149298542, -0.9875771546956684, -0.9921753675578059, -0.9658306658854056, -0.9790556553116659, -0.8660587566201828, -0.5836050626481091, -0.5092343100935856, -0.5668181529366805, -0.9769587400816734, -0.9803641603971759, -0.9685716489382206, -0.987042616699809, -0.6302528278167536, -0.9925762844791903, -0.9813670877470829, -0.933260394934974, -0.976581998125238, -0.9897973063930627, -0.9652412644746238, -0.9902678083853739, -0.46592487446936, -0.9556277437523902],