{"L": 4, "J": 0.21013831273060313, "B": 0.21013831273060313, "K": 2, "init_state": "random computational-basis state", "energy_avg": -0.7269739966422363, "energy_std": 0.214473109209462, "gsf_avg": 0.5174924861236895, "gsf_std": 0.42197267995237464, "norm_check_samples": [0.9999651312828064, 0.9999645352363586, 0.9999638795852661, 0.9999658465385437, 0.9999651908874512, 0.9999674558639526, 0.9999637007713318, 0.9999645948410034, 0.9999666213989258, 0.9999647736549377, 0.9999657869338989, 0.9999662637710571, 0.9999664425849915, 0.9999656081199646, 0.999965488910675, 0.9999645352363586, 0.9999645352363586, 0.9999662637710571, 0.9999648332595825, 0.9999657273292542, 0.9999662041664124, 0.9999658465385437, 0.9999656081199646, 0.9999648332595825, 0.9999657869338989, 0.9999639391899109, 0.9999641180038452, 0.9999660849571228, 0.999964714050293, 0.9999659061431885, 0.9999657869338989, 0.9999657869338989, 0.9999651908874512, 0.9999647736549377, 0.9999634623527527, 0.9999650120735168, 0.9999656081199646, 0.9999665021896362, 0.9999643564224243, 0.9999637007713318, 0.9999660849571228, 0.9999657869338989, 0.9999675750732422, 0.9999649524688721, 0.9999655485153198, 0.9999654293060303, 0.9999655485153198, 0.9999642968177795, 0.9999653697013855, 0.9999666213989258, 0.9999671578407288, 0.9999653697013855, 0.999965488910675, 0.9999649524688721, 0.9999659657478333, 0.999965250492096, 0.9999642968177795, 0.9999665021896362, 0.9999659061431885, 0.9999654293060303, 0.9999637007713318, 0.9999663829803467, 0.9999662637710571, 0.9999650120735168, 0.9999678730964661, 0.9999645352363586, 0.9999682903289795, 0.9999675750732422, 0.999965488910675, 0.9999657869338989, 0.9999661445617676, 0.9999667406082153, 0.9999648332595825, 0.9999644160270691, 0.999966561794281, 0.9999659657478333, 0.999967634677887, 0.9999659061431885, 0.9999660849571228, 0.9999662637710571, 0.9999659061431885, 0.9999643564224243, 0.9999659061431885, 0.9999657869338989, 0.9999649524688721, 0.9999688267707825, 0.9999680519104004, 0.9999655485153198, 0.9999647736549377, 0.9999664425849915, 0.9999666810035706, 0.9999653697013855, 0.9999668002128601, 0.9999663233757019, 0.9999644756317139, 0.9999662637710571, 0.9999647736549377, 0.9999657273292542, 0.9999672174453735, 0.9999665021896362, 0.9999668598175049, 0.9999657273292542, 0.9999644160270691, 0.9999662637710571, 0.9999668002128601, 0.9999664425849915, 0.9999642968177795, 0.9999674558639526, 0.9999650120735168, 0.9999659061431885, 0.9999645948410034, 0.9999672770500183, 0.999963104724884, 0.9999675750732422, 0.9999666213989258, 0.9999659061431885, 0.9999648928642273, 0.9999635815620422, 0.9999656677246094, 0.9999647736549377, 0.9999639391899109, 0.9999651908874512, 0.9999653697013855, 0.9999662637710571, 0.9999675750732422, 0.9999672174453735, 0.9999643564224243, 0.9999659657478333, 0.999968409538269, 0.9999644160270691, 0.9999650120735168, 0.9999649524688721, 0.9999664425849915, 0.9999673366546631, 0.9999659657478333, 0.999965250492096, 0.9999668598175049, 0.9999651908874512, 0.9999647736549377, 0.9999645352363586, 0.9999662041664124, 0.9999631643295288, 0.9999638795852661, 0.9999653697013855, 0.9999649524688721, 0.9999672770500183, 0.9999671578407288, 0.9999650120735168, 0.9999633431434631, 0.9999641180038452, 0.9999657869338989, 0.9999659657478333, 0.9999648928642273, 0.9999638199806213, 0.9999626278877258, 0.9999647736549377, 0.9999661445617676, 0.9999676942825317, 0.9999650120735168, 0.9999657273292542, 0.9999650120735168, 0.9999637007713318, 0.9999657273292542, 0.9999645948410034, 0.9999663829803467, 0.9999663829803467, 0.9999653697013855, 0.9999628663063049, 0.9999635815620422, 0.9999659061431885, 0.9999644160270691, 0.9999657869338989, 0.9999653100967407, 0.9999670386314392, 0.9999621510505676, 0.9999656081199646, 0.9999648928642273, 0.999966561794281, 0.9999624490737915, 0.9999642372131348, 0.999965488910675, 0.9999663829803467, 0.999965250492096, 0.9999659061431885, 0.9999658465385437, 0.9999650120735168, 0.9999645352363586, 0.9999650120735168, 0.9999663233757019, 0.9999647736549377, 0.9999666810035706, 0.9999639987945557, 0.9999665021896362, 0.9999671578407288, 0.9999649524688721, 0.9999657869338989, 0.9999684691429138, 0.9999628663063049, 0.9999629259109497, 0.9999653697013855], "energy_samples": [-0.5811690219516994, -0.9004575151418183, -0.6204198369974505, -0.9395679686893448, -0.47172433027451355, -0.5618633649963777, -0.9060042753608357, -0.8585571858586131, -0.6136820795823207, -0.8087254322745483, -0.37208956266621, -0.576409531691002, -0.725484829748078, -0.910027001795848, -0.4963163382221768, -0.9069760817326846, -0.9098846433487988, -0.5657587452213185, -0.8698544382242773, -0.8395039845753758, -0.9033248206617063, -0.41667829018867636, -0.8566058168112188, -0.5291074899921663, -0.45593677612844363, -0.6827769686976302, -0.9339564830369119, -0.941079309160258, -0.5446507177201364, -0.8388382489624165, -0.22642759855144282, -0.5850737712835591, -0.5860919901322347, -0.5784896673905923, -0.5933316273590079, -0.4994199360306763, -0.48778442557266066, -0.955635834007097, -0.6179361783439831, -0.9693334442142261, -0.9541623335953173, -0.9476634836089081, -0.6274185076700564, -0.5883676562925141, -0.5931624631186269, -0.8246761779011273, -0.5969468977056689, -0.7241652044150209, -0.5628593751195063, -0.9374202951536164, -0.8501370021367398, -0.14259275774106323, -0.9661476633557723, -0.9815838099287613, -0.8448968842695785, -0.672152569913343, -0.9267858097905545, -0.5498341703716072, -0.9498147211053106, -0.9295632803098938, -0.7924524828386473, -0.9748751354946089, -0.7251214134306592, -0.6457615894104436, -0.9618010354136668, -0.4331098452656531, -0.9023582557802622, -0.9756732264355306, -0.8384063266746704, -0.5235891018607114, -0.9672280687976562, -0.6436856837875041, -0.4858059523821718, -0.5199902418181002, -0.8195116975518396, -0.7662223477482734, -0.9721657543690035, -0.8174631706808363, -0.9275541849133668, -0.4352415900176884, -0.447690093171379, -0.9341551206288737, -0.39632148846097726, -0.6668779879766913, -0.864441346788129, -0.8816542259462975, -0.5602766271402554, -0.9688379391761827, -0.9006441535421907, -0.9560361420735628, -0.9493046550171879, -0.622861339919084, -0.7641138389856293, -0.5813713239559164, -0.9602009176363464, -0.5189815763720632, 0.05406073267983216, -0.9520333740457286, -0.9623676300254769, -0.9279668852688733],