{"L": 4, "J": 0.326612219552346, "B": 0.0653224439104692, "K": 2, "init_state": "random computational-basis state", "energy_avg": -0.8289284129871015, "energy_std": 0.26062798198979986, "gsf_avg": 0.7824416455250467, "gsf_std": 0.3202147718026575, "energy_samples": [-0.9744462230496851, -0.9763881288021781, -0.9743031267488856, -0.9667241917854951, -0.9943202455438395, -0.9743624922185384, -0.9627737854036937, -0.9884276639414795, -0.9743031267488856, -0.9686455436340767, -0.9743031267488856, -0.9536616826203919, -0.9941559810039255, -0.020270404101804522, -0.9768320720972952, -0.9743624922185384, -0.9800503260781058, -0.974829533589199, -0.08782639226057469, -0.963529691429546, -0.5013169891220401, -0.974829533589199, -0.9772390380628566, -0.984384690613369, -0.570098053387087, -0.9667241917854951, -0.9667241917854951, -0.9920254959216452, -0.9657691150196538, -0.7927651666325595, -0.974829533589199, -0.40330142626160354, -0.9774322782239465, -0.614763282635651, -0.9719333833317042, -0.9605747711164101, -0.970977037497849, -0.987019233511341, -0.9743913351464278, -0.8855804551721681, -0.9872194554127789, -0.9927285286901123, -0.9743031267488856, -0.991592841765321, -0.9357255944530785, -0.9667241917854951, -0.974829533589199, -0.9934057634147789, -0.47736964793090203, -0.8616066839254601, -0.38483636942200994, -0.5360861071731563, 0.04009657235571787, -0.983395315730549, -0.9748780259659771, -0.9664698042721555, -0.37785645408176516, -0.9743031267488856, -0.377002697450247, -0.9657691150196538, -0.5086322485386148, -0.8252768886030476, -0.3681835177767043, -0.7395558342956339, -0.39457049815958556, -0.9743031267488856, -0.34527870109567793, -0.36471905959191914, -0.9842315494756085, -0.4837442668441992, -0.9743031267488856, -0.47288262987503155, -0.6842205809421367, -0.17621928424959576, -0.9842953088657702, -0.9929830373187618, -0.9680813322564128, -0.9860935597669744, -0.9762164719887275, -0.9744243757793754, -0.9857595569477775, -0.39799631948778896, -0.9800503260781058, -0.954123205690323, -0.9743031267488856, -0.9884276639414795, -0.9767143288430571, -0.9799957693468738, -0.9779736196326454, -0.9678002582221622, -0.9820363004358201, -0.9729594433412226, -0.9649116596490506, -0.3686165947842162, -0.6555939104840153, -0.9756351356178281, -0.9678002582221622, -0.9721883664948315, -0.9767120843390302, -0.9718267278259124], "gsf_samples": [0.9655658020774411, 0.9684657102245557, 0.9621582690729417, 0.9566848300221953, 0.9942434598847355, 0.9661738806399506, 0.9478945331396209, 0.9873707206986856, 0.9621582690729417, 0.9568673837731384, 0.9621582690729417, 0.9343535640489481, 0.9931171565806333, 0.03836082303668567, 0.969717736712388, 0.9661738806399506, 0.9727311617792107, 0.9673171044746183, 0.1838413499911768, 0.9488369499575647, 0.2832164558195065, 0.9673171044746183, 0.969873753412226, 0.981381974750665, 0.39312862244813973, 0.9566848300221953, 0.9566848300221953, 0.9926273257500244, 0.955037137723655, 0.6834050855600611, 0.9673171044746183, 0.12401271248493315, 0.9663541642018969, 0.4498559731214798, 0.9660256547272745, 0.9466155592260765, 0.9645768166981716, 0.9848880385813845, 0.9651327764978587, 0.839904268955505, 0.9850493778578135, 0.9943009531958751, 0.9621582690729417, 0.9901607696693905, 0.9300892256081632, 0.9566848300221953, 0.9673171044746183, 0.9948693460897458, 0.4353826362492022, 0.7736047124280471, 0.11807889454532709, 0.5482881227849186, 0.1529037372814468, 0.9802662792212388, 0.9674319614375817, 0.9518368554289229, 0.12026022410854094, 0.9621582690729417, 0.0990701244060371, 0.955037137723655, 0.30820364246483634, 0.7266451283271689, 0.11958785491223621, 0.6220858005907, 0.1627570862547224, 0.9621582690729417, 0.10893812277024899, 0.09520750685911454, 0.9794849690415033, 0.2606098243919202, 0.9621582690729417, 0.2522546786485177, 0.6676931067165048, 0.01060986388559388, 0.9800462370575376, 0.9924749046268666, 0.9606765172781848, 0.9838994602880144, 0.9679166211782316, 0.9622608368528127, 0.9829870613792078, 0.14349893508706105, 0.9727311617792107, 0.9437996468761461, 0.9621582690729417, 0.9873707206986856, 0.9698277596409258, 0.970610156107071, 0.9727605223436359, 0.9595199318291369, 0.9746413664408673, 0.9594567854022279, 0.9564366050922826, 0.11791291568779157, 0.7121402621611015, 0.9647981680137925, 0.9595199318291369, 0.9583093223368669, 0.9683471499398405, 0.9584893059647243]}