{"L": 4, "J": 0.21013831273060313, "B": 0.21013831273060313, "K": 10, "init_state": "random computational-basis state", "energy_avg": -0.977305878366319, "energy_std": 0.09467234581269342, "gsf_avg": 0.9482380370797958, "gsf_std": 0.2175491818934319, "norm_check_samples": [0.999298095703125, 0.9992961883544922, 0.9993001222610474, 0.9993013143539429, 0.9992936849594116, 0.9992882609367371, 0.9993011355400085, 0.9992969036102295, 0.9992930889129639, 0.9993103742599487, 0.9992979764938354, 0.999301016330719, 0.999301016330719, 0.99930340051651, 0.9992866516113281, 0.9993016719818115, 0.9992914795875549, 0.999304473400116, 0.9993005394935608, 0.9993025064468384, 0.9992932677268982, 0.9992979168891907, 0.9993088245391846, 0.999294102191925, 0.999298632144928, 0.9993008971214294, 0.9992964267730713, 0.9992995262145996, 0.9993005990982056, 0.9992939829826355, 0.9992936849594116, 0.9992928504943848, 0.9992993474006653, 0.9992896318435669, 0.9992936849594116, 0.9992989897727966, 0.9992883205413818, 0.9993036985397339, 0.9993031620979309, 0.9993109703063965, 0.9993044137954712, 0.9992988109588623, 0.9992932081222534, 0.9993086457252502, 0.9992883205413818, 0.9992993474006653, 0.9992964863777161, 0.9993041753768921, 0.9992929697036743, 0.9993044137954712, 0.9993019700050354, 0.9992951154708862, 0.9992929697036743, 0.9993045926094055, 0.9993028044700623, 0.9992935061454773, 0.9993044137954712, 0.9992955923080444, 0.9992988705635071, 0.9992944598197937, 0.9993019700050354, 0.9993077516555786, 0.9993021488189697, 0.9993085265159607, 0.999304473400116, 0.9992960691452026, 0.9993027448654175, 0.9993005394935608, 0.9993004202842712, 0.9992929100990295, 0.9992969036102295, 0.9992972016334534, 0.9993011951446533, 0.9992916584014893, 0.9992899894714355, 0.9993037581443787, 0.9992979764938354, 0.999299943447113, 0.9992923736572266, 0.9992896318435669, 0.9992986917495728, 0.9992932677268982, 0.9992966055870056, 0.9992992281913757, 0.9992994666099548, 0.9992948174476624, 0.9993016719818115, 0.9992948770523071, 0.9992918968200684, 0.9992952346801758, 0.999300479888916, 0.999298632144928, 0.9992951154708862, 0.9992955923080444, 0.999302089214325, 0.9993001818656921, 0.9992972016334534, 0.999297559261322, 0.9992992877960205, 0.9993012547492981, 0.9992887377738953, 0.9992870688438416, 0.9992870688438416, 0.999289870262146, 0.9992870688438416, 0.9992870688438416, 0.999306857585907, 0.9992945790290833, 0.999302864074707, 0.9992870688438416, 0.9992914795875549, 0.9992870688438416, 0.9993008375167847, 0.9992907047271729, 0.9992870688438416, 0.9992931485176086, 0.9992870688438416, 0.9992870688438416, 0.9992852210998535, 0.9992870688438416, 0.9992934465408325, 0.9992945790290833, 0.999297022819519, 0.9992870688438416, 0.9993047714233398, 0.9992948770523071, 0.9992998242378235, 0.9992870688438416, 0.999299168586731, 0.9992870688438416, 0.9992828965187073, 0.9992870688438416, 0.9992870688438416, 0.9992870688438416, 0.9992943406105042, 0.9992783069610596, 0.9992870688438416, 0.9992870688438416, 0.9992899894714355, 0.9993104338645935, 0.9992945790290833, 0.9993033409118652, 0.9992870688438416, 0.9992889761924744, 0.9992946982383728, 0.9992882609367371, 0.9993019700050354, 0.9992887377738953, 0.9992870688438416, 0.9992828965187073, 0.9992945790290833, 0.9992892742156982, 0.9992870688438416, 0.999282956123352, 0.9992946982383728, 0.9992870688438416, 0.999290943145752, 0.999291181564331, 0.9992870688438416, 0.9992923736572266, 0.9992951154708862, 0.999287486076355, 0.9992954730987549, 0.9992870688438416, 0.9992870688438416, 0.9992870688438416, 0.9992870688438416, 0.9992870688438416, 0.9993025660514832, 0.9992868900299072, 0.9993023872375488, 0.999293863773346, 0.9992997646331787, 0.999289333820343, 0.9992867112159729, 0.9992905259132385, 0.9992997646331787, 0.9992914795875549, 0.9992870688438416, 0.9992920756340027, 0.9992967844009399, 0.9992926716804504, 0.9992889761924744, 0.999299943447113, 0.9992954134941101, 0.9992994666099548, 0.9992932677268982, 0.9992995262145996, 0.9992948174476624, 0.9992926716804504, 0.9992967247962952, 0.9992870688438416, 0.9992870688438416, 0.9992997646331787, 0.9992802739143372, 0.9992967247962952, 0.9993019104003906, 0.9992970824241638, 0.9993076920509338, 0.9993014931678772], "energy_samples": [-0.998908396573668, -0.9989069236054884, -0.9989069236054884, -0.9990946443096017, -0.9989069236054884, -0.9989069236054884, -0.9948045873660654, -0.9988200938547147, -0.9958984342260252, -0.9989069236054884, -0.9989112145657584, -0.9989069236054884, -0.9987754602948428, -0.998884794378909, -0.9989069236054884, -0.998805189016987, -0.9989069236054884, -0.9989069236054884, -0.9989534292858827, -0.9989069236054884, -0.5712084334348291, -0.9989142469628974, -0.9989251004515836, -0.9989069236054884, -0.998219289581002, -0.9986244558108068, -0.9985215271718537, -0.9989069236054884, -0.9988183327847042, -0.9989069236054884, -0.9962167203265456, -0.9989069236054884, -0.9989069236054884, -0.9989069236054884, -0.9989328635180714, -0.9988396430970828, -0.9989069236054884, -0.9989069236054884, -0.9956883936831704, -0.9990934329559114, -0.998512916488609, -0.9990104750948233, -0.9989069236054884, -0.9991026824215797, -0.9986869440288938, -0.9984427195142023, -0.9989253828323589, -0.998908396573668, -0.9989069236054884, -0.9962167203265456, -0.9980549880452004, -0.9942768472493805, -0.9989069236054884, -0.9981235144627785, -0.9989973985385247, -0.9989069236054884, -0.9989092178183198, -0.9988726662734643, -0.9989069236054884, -0.9983283938241025, -0.9989151122252593, -0.5359891851625097, -0.9989149052523296, -0.9989069236054884, -0.9989069236054884, -0.9989069236054884, -0.9989069236054884, -0.9989069236054884, -0.9989331140070004, -0.9877833804466147, -0.9941194191480056, -0.9989135964246927, -0.9989435005364655, -0.9988672906087643, -0.43575000694008825, -0.9984359207741216, -0.9988132134859203, -0.9937736544389728, -0.9989069236054884, -0.9929798938666458, -0.7979483809169814, -0.9903840727102641, -0.5655872630747533, -0.9988454920603338, -0.997997437232319, -0.9988361793261581, -0.9989238042495581, -0.9982980605052197, -0.9989515161583853, -0.9903840727102641, -0.9988781885659954, -0.9989069236054884, -0.9989069236054884, -0.9989192917094795, -0.997913633713245, -0.9989100919640949, -0.9989109843119706, -0.998892951740292, -0.9987127296325276, -0.9988189138191588],