{"L": 5, "J": 0.03968214607433029, "B": 0.19841073037165147, "K": 3, "init_state": "random computational-basis state", "energy_avg": -0.974518070917997, "energy_std": 0.08980633863599777, "gsf_avg": 0.9442158744902583, "gsf_std": 0.21665701774659277, "energy_samples": [-0.9959169592886571, -0.9959169592886571, -0.9959169592886571, -0.9959169592886571, -0.9959169592886571, -0.9959169592886571, -0.9959169592886571, -0.9947430660231316, -0.9959169592886571, -0.9959169592886571, -0.9959169592886571, -0.9959169592886571, -0.9928464781755957, -0.5806935394664998, -0.9959169592886571, -0.9959169592886571, -0.9959169592886571, -0.5767473462129703, -0.9959169592886571, -0.9959169592886571, -0.9736652808799297, -0.9959169592886571, -0.9959169592886571, -0.9959169592886571, -0.9959169592886571, -0.9959169592886571, -0.9959169592886571, -0.9907073698852038, -0.9959002085355678, -0.9959169592886571, -0.9914017345919661, -0.9959169592886571, -0.9929593556825904, -0.9947295924571078, -0.9959169592886571, -0.9959169592886571, -0.9959169592886571, -0.9958976894459107, -0.9959163576143978, -0.9959169592886571, -0.9959169592886571, -0.9959169592886571, -0.9959278261719279, -0.9959169592886571, -0.9959169592886571, -0.9959169592886571, -0.9959169592886571, -0.9959169592886571, -0.9959169592886571, -0.9959169592886571, -0.9953407517336105, -0.99586476779357, -0.9959109036033271, -0.9959169592886571, -0.9959169592886571, -0.9959169592886571, -0.9959169592886571, -0.9959169592886571, -0.9959169592886571, -0.9959169592886571, -0.9959169592886571, -0.9959169592886571, -0.9871053340068953, -0.9959169592886571, -0.9959169592886571, -0.9900607005359849, -0.9746282142173266, -0.9959169592886571, -0.9958705445089243, -0.9959169592886571, -0.9959153952962676, -0.9959169592886571, -0.9959169592886571, -0.6041692911572947, -0.9959169592886571, -0.9959169592886571, -0.9959169592886571, -0.9959169592886571, -0.9959169592886571, -0.994404344814798, -0.5511243100780796, -0.9959169592886571, -0.9959169592886571, -0.9949307330615521, -0.9956829652484613, -0.9959005727131132, -0.9959169592886571, -0.9959169592886571, -0.9959169592886571, -0.9959169592886571, -0.9959169592886571, -0.9959169592886571, -0.6063581219185107, -0.9963391613109827, -0.9959169592886571, -0.9958840401375302, -0.9959169592886571, -0.9959109036033271, -0.9959169592886571, -0.9959169592886571], "gsf_samples": [0.9949466678124698, 0.9949466678124698, 0.9949466678124698, 0.9949466678124698, 0.9949466678124698, 0.9949466678124698, 0.9949466678124698, 0.9935469008354544, 0.9949466678124698, 0.9949466678124698, 0.9949466678124698, 0.9949466678124698, 0.991078902465526, 4.285194126261599e-33, 0.9949466678124698, 0.9949466678124698, 0.9949466678124698, 2.5518571763130875e-33, 0.9949466678124698, 0.9949466678124698, 0.966894092542787, 0.9949466678124698, 0.9949466678124698, 0.9949466678124698, 0.9949466678124698, 0.9949466678124698, 0.9949466678124698, 0.989054137262881, 0.9949307291775551, 0.9949466678124698, 0.9893565877697377, 0.9949466678124698, 0.9915294287781204, 0.9935083019619856, 0.9949466678124698, 0.9949466678124698, 0.9949466678124698, 0.9949280603943332, 0.9949634058456266, 0.9949466678124698, 0.9949466678124698, 0.9949466678124698, 0.9949595647271768, 0.9949466678124698, 0.9949466678124698, 0.9949466678124698, 0.9949466678124698, 0.9949466678124698, 0.9949466678124698, 0.9949466678124698, 0.9942400103995122, 0.9948849568084134, 0.9949397161160655, 0.9949466678124698, 0.9949466678124698, 0.9949466678124698, 0.9949466678124698, 0.9949466678124698, 0.9949466678124698, 0.9949466678124698, 0.9949466678124698, 0.9949466678124698, 0.9846478231965711, 0.9949466678124698, 0.9949466678124698, 0.9875199975203329, 0.9676921244221249, 0.9949466678124698, 0.9948963273424504, 0.9949466678124698, 0.994952427427891, 0.9949466678124698, 0.9949466678124698, 3.0814879110195774e-33, 0.9949466678124698, 0.9949466678124698, 0.9949466678124698, 0.9949466678124698, 0.9949466678124698, 0.9931335596494824, 0.0, 0.9949466678124698, 0.9949466678124698, 0.9936759561693218, 0.9947097600797946, 0.9949246814246987, 0.9949466678124698, 0.9949466678124698, 0.9949466678124698, 0.9949466678124698, 0.9949466678124698, 0.9949466678124698, 1.251854463851703e-32, 0.9954295625829535, 0.9949466678124698, 0.9949306389485666, 0.9949466678124698, 0.9949397161160655, 0.9949466678124698, 0.9949466678124698]}