{"L": 5, "J": 0.16592899658748114, "B": 0.16592899658748114, "K": 10, "init_state": "random computational-basis state", "energy_avg": -0.9833677222935286, "energy_std": 0.06081023524823171, "gsf_avg": 0.9460888089879984, "gsf_std": 0.21718763798374563, "norm_check_samples": [0.9994604587554932, 0.9994386434555054, 0.999452531337738, 0.9994577169418335, 0.9994476437568665, 0.9994423985481262, 0.9994590282440186, 0.9994581937789917, 0.9994622468948364, 0.9994561672210693, 0.9994518756866455, 0.9994636178016663, 0.9994539618492126, 0.9994648098945618, 0.999460756778717, 0.9994648098945618, 0.9994663000106812, 0.999466061592102, 0.9994595646858215, 0.999458909034729, 0.9994678497314453, 0.9994520545005798, 0.999455988407135, 0.9994563460350037, 0.9994524121284485, 0.9994645714759827, 0.999460756778717, 0.9994516968727112, 0.9994555115699768, 0.9994569420814514, 0.9994550943374634, 0.9994549751281738, 0.9994398951530457, 0.9994521737098694, 0.9994581341743469, 0.9994485974311829, 0.9994730353355408, 0.9994456171989441, 0.9994642734527588, 0.9994467496871948, 0.9994516968727112, 0.999445915222168, 0.9994633793830872, 0.9994630217552185, 0.999461829662323, 0.9994620084762573, 0.999467670917511, 0.9994637370109558, 0.9994543790817261, 0.9994606971740723, 0.9994475841522217, 0.999462366104126, 0.9994542002677917, 0.9994528889656067, 0.9994560480117798, 0.9994511008262634, 0.9994581937789917, 0.9994661808013916, 0.9994495511054993, 0.9994662404060364, 0.999462902545929, 0.9994648694992065, 0.9994760751724243, 0.9994510412216187, 0.9994566440582275, 0.9994624257087708, 0.999450147151947, 0.9994632005691528, 0.9994686841964722, 0.9994632005691528, 0.9994621276855469, 0.9994578957557678, 0.9994692802429199, 0.9994609355926514, 0.9994585514068604, 0.9994519948959351, 0.9994625449180603, 0.9994580745697021, 0.999473512172699, 0.999460756778717, 0.9994649887084961, 0.9994548559188843, 0.9994630813598633, 0.9994620084762573, 0.9994527101516724, 0.9994685649871826, 0.9994603395462036, 0.9994522333145142, 0.9994632005691528, 0.9994535446166992, 0.999453067779541, 0.9994659423828125, 0.9994663596153259, 0.999461829662323, 0.9994676113128662, 0.9994547963142395, 0.9994502663612366, 0.999455451965332, 0.9994597434997559, 0.9994600415229797, 0.9994617104530334, 0.9994396567344666, 0.999455988407135, 0.9994626045227051, 0.9994544982910156, 0.9994471669197083, 0.9994556307792664, 0.9994632005691528, 0.9994637966156006, 0.9994618892669678, 0.9994596242904663, 0.9994544386863708, 0.9994590282440186, 0.9994529485702515, 0.9994558095932007, 0.9994632601737976, 0.9994640350341797, 0.9994602799415588, 0.9994542598724365, 0.9994635581970215, 0.9994651675224304, 0.9994608759880066, 0.9994542598724365, 0.999458909034729, 0.9994460344314575, 0.9994620084762573, 0.9994626641273499, 0.999462902545929, 0.9994686245918274, 0.9994416236877441, 0.9994649291038513, 0.9994536638259888, 0.9994670748710632, 0.9994663596153259, 0.9994471073150635, 0.9994676113128662, 0.9994587898254395, 0.9994626641273499, 0.9994489550590515, 0.9994415640830994, 0.9994569420814514, 0.9994626641273499, 0.9994521737098694, 0.9994633793830872, 0.9994561076164246, 0.9994478821754456, 0.9994626641273499, 0.9994723200798035, 0.9994484782218933, 0.9994626641273499, 0.9994698762893677, 0.9994626641273499, 0.9994533061981201, 0.999454915523529, 0.999457061290741, 0.9994691014289856, 0.9994683861732483, 0.999469518661499, 0.9994551539421082, 0.999468207359314, 0.9994544386863708, 0.999459445476532, 0.9994687438011169, 0.9994661211967468, 0.9994587302207947, 0.9994722008705139, 0.9994626641273499, 0.9994526505470276, 0.9994702935218811, 0.9994504451751709, 0.9994505047798157, 0.9994619488716125, 0.9994656443595886, 0.99945068359375, 0.9994649291038513, 0.9994657635688782, 0.9994678497314453, 0.99946528673172, 0.9994611144065857, 0.9994620084762573, 0.9994626641273499, 0.9994626641273499, 0.9994615316390991, 0.9994671940803528, 0.9994699954986572, 0.9994565844535828, 0.9994605779647827, 0.999439537525177, 0.9994685649871826, 0.9994592666625977, 0.9994496703147888, 0.9994478225708008, 0.999466598033905, 0.9994660019874573, 0.9994684457778931, 0.9994646310806274, 0.999454140663147, 0.9994627237319946, 0.9994500875473022, 0.9994633197784424], "energy_samples": [-0.9994675413819605, -0.9982328676258168, -0.9994784289943954, -0.9994690258668647, -0.9994687054987913, -0.9959105664828424, -0.9931735274495286, -0.9994353179318499, -0.9985843836503177, -0.9994684685134874, -0.9994673092920103, -0.9947315809204714, -0.998419956234933, -0.7138588275910446, -0.9993402586449709, -0.997475765455628, -0.9993976922107386, -0.9966967880026899, -0.9994665599919592, -0.9935466330483017, -0.99946532624677, -0.9995416263246614, -0.9994665599919592, -0.9992356858325938, -0.9982993101751626, -0.99924066238624, -0.9994676188229701, -0.9549249220287426, -0.7222585327035079, -0.9997032867332946, -0.9989760640283826, -0.9797569498409, -0.6626013393352761, -0.9871966514770073, -0.9781892139985231, -0.9993637530965571, -0.989533299407945, -0.9994676188229701, -0.9978407894028766, -0.9995883706917941, -0.9971520152629679, -0.9994676188229701, -0.9991326416113341, -0.9994010940449686, -0.9986062395165023, -0.9993814618809012, -0.9994676188229701, -0.991646591374083, -0.9888018611199233, -0.9994676188229701, -0.9984733031621728, -0.9994676188229701, -0.9994765183372413, -0.997797523064669, -0.9994644426227414, -0.9990293926111621, -0.7964581085929806, -0.9991518968587608, -0.9994674036382677, -0.9984068446181243, -0.9781035233624568, -0.9949072910723153, -0.999338486311904, -0.9978887584372157, -0.9992972776845277, -0.9994249885768509, -0.9994676188229701, -0.9997199700637655, -0.9989776600638395, -0.9978797952048709, -0.9977926887170683, -0.9994156311740378, -0.9982863231041375, -0.9991938592766288, -0.9994779100043728, -0.9994497752936196, -0.9994266063113253, -0.9994653733333293, -0.999468572342893, -0.9994823980272348, -0.9994676188229701, -0.9994676188229701, -0.9979857258014803, -0.9994673520621605, -0.7191043048592918, -0.9944854379417115, -0.9989571481127691, -0.9985482119689575, -0.9994497528941375, -0.9973551555823232, -0.9986858912786754, -0.9976486884236696, -0.9935330612596419, -0.9994670495499489, -0.9974907559077519, -0.9989969612216008, -0.9928648441977758, -0.9994684059079908, -0.9994698213636888, -0.9994683164425661],