{"L": 5, "J": 0.03968214607433028, "B": 0.19841073037165138, "K": 10, "init_state": "random computational-basis state", "energy_avg": -0.9975340770699407, "energy_std": 0.00423494670161134, "gsf_avg": 0.9973192420705125, "gsf_std": 0.005106090908289243, "norm_check_samples": [0.998480498790741, 0.9984935522079468, 0.9984915256500244, 0.9985224008560181, 0.9984986782073975, 0.9985212683677673, 0.9985253214836121, 0.9984905123710632, 0.9984978437423706, 0.9985255002975464, 0.9984844326972961, 0.9985103607177734, 0.998505175113678, 0.998503565788269, 0.9985210299491882, 0.9985443353652954, 0.9985468983650208, 0.9984687566757202, 0.9985294342041016, 0.9985067844390869, 0.9984915256500244, 0.9984768629074097, 0.9985017776489258, 0.9985126852989197, 0.9985038638114929, 0.9985084533691406, 0.9985317587852478, 0.9985027313232422, 0.9985440969467163, 0.9985544085502625, 0.9984887838363647, 0.9985036253929138, 0.9984998106956482, 0.9984711408615112, 0.9984994530677795, 0.998518168926239, 0.9985403418540955, 0.9985060691833496, 0.9984923005104065, 0.9985436201095581, 0.9985394477844238, 0.9984908103942871, 0.9985224008560181, 0.9984998106956482, 0.9984964728355408, 0.998509407043457, 0.9984939694404602, 0.9985404014587402, 0.9985290765762329, 0.9985065460205078, 0.9984884262084961, 0.9984998106956482, 0.998494029045105, 0.998501718044281, 0.9985262155532837, 0.9984868168830872, 0.9985027313232422, 0.9984930753707886, 0.9985311031341553, 0.9985218048095703, 0.9985028505325317, 0.9985190629959106, 0.9984711408615112, 0.998458981513977, 0.9984952807426453, 0.9985013604164124, 0.9985172152519226, 0.9985331296920776, 0.9985101819038391, 0.9985122680664062, 0.9985381960868835, 0.9985222220420837, 0.9985123872756958, 0.998511791229248, 0.9984936714172363, 0.998501181602478, 0.9985261559486389, 0.9985188245773315, 0.9985373020172119, 0.9985061287879944, 0.9985573291778564, 0.998614490032196, 0.9984978437423706, 0.9985311031341553, 0.9985204935073853, 0.9985303282737732, 0.9985010027885437, 0.9984946250915527, 0.9984973073005676, 0.998488187789917, 0.9984877109527588, 0.9985066056251526, 0.9984717965126038, 0.9985217452049255, 0.9985049962997437, 0.9985144734382629, 0.9985423684120178, 0.9985077977180481, 0.9985180497169495, 0.9985164403915405, 0.9985089898109436, 0.9985089898109436, 0.9985089898109436, 0.9985089898109436, 0.9985089898109436, 0.9985089898109436, 0.9985089898109436, 0.9985089898109436, 0.9985089898109436, 0.9985089898109436, 0.9985089898109436, 0.9985089898109436, 0.9985089898109436, 0.9985089898109436, 0.9985089898109436, 0.9985089898109436, 0.9985089898109436, 0.9985089898109436, 0.9985089898109436, 0.9985246062278748, 0.9985089898109436, 0.9985089898109436, 0.9985089898109436, 0.9985089898109436, 0.9985089898109436, 0.9985089898109436, 0.9985089898109436, 0.9985089898109436, 0.9985089898109436, 0.9985089898109436, 0.9985089898109436, 0.9985089898109436, 0.9985089898109436, 0.9985089898109436, 0.9985089898109436, 0.9985089898109436, 0.9985089898109436, 0.9985089898109436, 0.9985089898109436, 0.9985089898109436, 0.9985089898109436, 0.9985089898109436, 0.9985024929046631, 0.9985089898109436, 0.9985089898109436, 0.9985089898109436, 0.9985157251358032, 0.9985089898109436, 0.9985089898109436, 0.9985089898109436, 0.9985089898109436, 0.9985089898109436, 0.9985089898109436, 0.9985153675079346, 0.9985089898109436, 0.9985089898109436, 0.9985089898109436, 0.9985089898109436, 0.9985089898109436, 0.9985191822052002, 0.9985089898109436, 0.9985089898109436, 0.9985089898109436, 0.9985089898109436, 0.9985089898109436, 0.9985089898109436, 0.9985089898109436, 0.9985089898109436, 0.9985089898109436, 0.9985715746879578, 0.9985089898109436, 0.9985089898109436, 0.9985089898109436, 0.9985089898109436, 0.9985089898109436, 0.9985089898109436, 0.9985089898109436, 0.9985089898109436, 0.9985089898109436, 0.9985089898109436, 0.9985089898109436, 0.9985089898109436, 0.9985089898109436, 0.9985089898109436, 0.9985089898109436, 0.9985089898109436, 0.9985108375549316, 0.9985089898109436, 0.9985089898109436, 0.9985089898109436, 0.9985089898109436, 0.9985089898109436, 0.9985089898109436, 0.9985132813453674, 0.9985089898109436, 0.9985089898109436, 0.9985089898109436, 0.9985089898109436, 0.9985089898109436, 0.9985089898109436], "energy_samples": [-0.9981950233075626, -0.9981950233075626, -0.9981950233075626, -0.9981950233075626, -0.9981950233075626, -0.9981950233075626, -0.9981950233075626, -0.9981950233075626, -0.9981950233075626, -0.9981950233075626, -0.9981950233075626, -0.9981950233075626, -0.9981950233075626, -0.9981950233075626, -0.9981950233075626, -0.9981950233075626, -0.9981950233075626, -0.9981950233075626, -0.9981950233075626, -0.9982576134855424, -0.9981950233075626, -0.9981950233075626, -0.9981950233075626, -0.9981950233075626, -0.9981950233075626, -0.9981950233075626, -0.9981950233075626, -0.9981950233075626, -0.9981950233075626, -0.9981950233075626, -0.9981950233075626, -0.9981950233075626, -0.9981950233075626, -0.9981950233075626, -0.9981950233075626, -0.9981950233075626, -0.9981950233075626, -0.9981950233075626, -0.9981950233075626, -0.9981950233075626, -0.9981950233075626, -0.9981950233075626, -0.9975934185026069, -0.9981950233075626, -0.9981950233075626, -0.9981950233075626, -0.9979014010416295, -0.9981950233075626, -0.9981950233075626, -0.9981950233075626, -0.9981950233075626, -0.9981950233075626, -0.9981950233075626, -0.9932719786518698, -0.9981950233075626, -0.9981950233075626, -0.9981950233075626, -0.9981950233075626, -0.9981950233075626, -0.9687309302514238, -0.9981950233075626, -0.9981950233075626, -0.9981950233075626, -0.9981950233075626, -0.9981950233075626, -0.9981950233075626, -0.9981950233075626, -0.9981950233075626, -0.9981950233075626, -0.967465144450399, -0.9981950233075626, -0.9981950233075626, -0.9981950233075626, -0.9981950233075626, -0.9981950233075626, -0.9981950233075626, -0.9981950233075626, -0.9981950233075626, -0.9981950233075626, -0.9981950233075626, -0.9981950233075626, -0.9981950233075626, -0.9981950233075626, -0.9981950233075626, -0.9981950233075626, -0.9981950233075626, -0.9981734226937491, -0.9981950233075626, -0.9981950233075626, -0.9981950233075626, -0.9981950233075626, -0.9981950233075626, -0.9981950233075626, -0.9980716536210817, -0.9981950233075626, -0.9981950233075626, -0.9981950233075626, -0.9981950233075626, -0.9981950233075626, -0.9981950233075626],