{"L": 5, "J": 0.24566796280110115, "B": 0.04913359256022023, "K": 40, "init_state": "random computational-basis state", "energy_avg": -1.0073741532781415, "energy_std": 0.008660707814882469, "gsf_avg": 1.0064685534402371, "gsf_std": 0.017118764429943943, "energy_samples": [-1.0073959631248703, -1.008243148470663, -1.008243148470663, -1.0085607975020552, -1.008243148470663, -1.0083298036694275, -1.0081211209489238, -1.0085607975020552, -1.0085607975020552, -1.0078268764781926, -1.0079808598743991, -1.008243148470663, -1.008243148470663, -1.008243148470663, -1.008470078494354, -1.0085607975020552, -1.0085607975020552, -1.0085607975020552, -1.0082599998176434, -1.0083205795757588, -1.008243148470663, -1.0085607975020552, -1.0085607975020552, -1.0085607975020552, -1.0085556563734155, -1.0085607975020552, -1.0085607975020552, -1.0083564981047313, -1.0085607975020552, -1.008243148470663, -1.005939110414779, -1.008243148470663, -1.008243148470663, -1.008243148470663, -1.0085607975020552, -1.008243148470663, -1.0085607975020552, -1.0082614520304052, -1.0085607975020552, -1.0085607975020552, -1.0085607975020552, -1.0085607975020552, -1.0083378210756488, -1.0085607975020552, -1.008243148470663, -1.008095231342841, -1.008243148470663, -1.006947456066797, -1.008243148470663, -1.008358356745544, -1.0085607975020552, -1.0083827214001786, -1.0085607975020552, -1.008243148470663, -1.0081342730768248, -1.0065755090073243, -0.9215776055733791, -1.008243148470663, -1.008243148470663, -1.0083257849461913, -1.0085607975020552, -1.008243148470663, -1.0085607975020552, -1.0078193191976692, -1.0084664685240798, -1.0085607975020552, -1.0083829269693465, -1.0085607975020552, -1.0085607975020552, -1.0085607975020552, -1.0085607975020552, -1.0085607975020552, -1.0085607975020552, -1.0083418999182165, -1.0085093747169724, -1.0080771031174807, -1.008243148470663, -1.0085607975020552, -1.0085607975020552, -1.0085607975020552, -1.0082115319059615, -1.0085607975020552, -1.008243148470663, -1.0083923696478914, -1.008243148470663, -1.008358356745544, -1.0085607975020552, -1.008243148470663, -1.008243148470663, -1.008243148470663, -1.008243148470663, -1.0082125147875924, -1.008243148470663, -1.008243148470663, -1.0085607975020552, -1.0085607975020552, -1.0011682959123704, -1.008243148470663, -1.0085607975020552, -1.0085607975020552], "gsf_samples": [1.0073063603730354, 1.0083520298651667, 1.0083520298651667, 1.0085201030437227, 1.0083520298651667, 1.0082896652307098, 1.008186009782992, 1.0085201030437227, 1.0085201030437227, 1.0075336531475374, 1.0078857476449181, 1.0083520298651667, 1.0083520298651667, 1.0083520298651667, 1.0084229998934398, 1.0085201030437227, 1.0085201030437227, 1.0085201030437227, 1.0083814694571835, 1.0084559245794598, 1.0083520298651667, 1.0085201030437227, 1.0085201030437227, 1.0085201030437227, 1.0085021234884477, 1.0085201030437227, 1.0085201030437227, 1.0084402036085323, 1.0085201030437227, 1.0083520298651667, 1.0050301502106032, 1.0083520298651667, 1.0083520298651667, 1.0083520298651667, 1.0085201030437227, 1.0083520298651667, 1.0085201030437227, 1.0083745443669196, 1.0085201030437227, 1.0085201030437227, 1.0085201030437227, 1.0085201030437227, 1.0084621746471096, 1.0085201030437227, 1.0083520298651667, 1.008010719319238, 1.0083520298651667, 1.0057246747624013, 1.0083520298651667, 1.0084693265217726, 1.0085201030437227, 1.0083528788445764, 1.0085201030437227, 1.0083520298651667, 1.008056725476074, 1.004686533959151, 0.8365079326545176, 1.0083520298651667, 1.0083520298651667, 1.008318588802005, 1.0085201030437227, 1.0083520298651667, 1.0085201030437227, 1.007319586696359, 1.0084273823578653, 1.0085201030437227, 1.0083154026293772, 1.0085201030437227, 1.0085201030437227, 1.0085201030437227, 1.0085201030437227, 1.0085201030437227, 1.0085201030437227, 1.0083034072688202, 1.0084499149263055, 1.008155999320292, 1.0083520298651667, 1.0085201030437227, 1.0085201030437227, 1.0085201030437227, 1.0081819418861178, 1.0085201030437227, 1.0083520298651667, 1.0083424007577482, 1.0083520298651667, 1.0084693265217726, 1.0085201030437227, 1.0083520298651667, 1.0083520298651667, 1.0083520298651667, 1.0083520298651667, 1.0083229982692965, 1.0083520298651667, 1.0083520298651667, 1.0085201030437227, 1.0085201030437227, 0.9986756918241243, 1.0083520298651667, 1.0085201030437227, 1.0085201030437227]}