{"L": 5, "J": 0.03968214607433029, "B": 0.19841073037165147, "K": 5, "init_state": "random computational-basis state", "energy_avg": -0.9892758099285601, "energy_std": 0.06109654905043289, "gsf_avg": 0.9777863413360234, "gsf_std": 0.1396946186423484, "energy_samples": [-0.9981612459175616, -0.9981612459175616, -0.9981612459175616, -0.9981612459175616, -0.9981612459175616, -0.9981612459175616, -0.9981612459175616, -0.9981612459175616, -0.9981612459175616, -0.9981612459175616, -0.9981612459175616, -0.9981612459175616, -0.9981612459175616, -0.9981623520496918, -0.9981612459175616, -0.9981612459175616, -0.9981612459175616, -0.580495757657424, -0.9981612459175616, -0.9981612459175616, -0.9981612459175616, -0.9981612459175616, -0.9981612459175616, -0.9981612459175616, -0.9981612459175616, -0.9981612459175616, -0.9981612459175616, -0.9979673009541027, -0.9981612459175616, -0.9981612459175616, -0.9981612459175616, -0.9981612459175616, -0.9981612459175616, -0.9981612459175616, -0.9981612459175616, -0.9981612459175616, -0.9981612459175616, -0.9981612459175616, -0.9981612459175616, -0.9981612459175616, -0.9981612459175616, -0.9981612459175616, -0.9981612459175616, -0.9981612459175616, -0.9981612459175616, -0.9978738790776215, -0.9981612459175616, -0.9982535725169749, -0.9981612459175616, -0.9981612459175616, -0.9981612459175616, -0.9981612459175616, -0.9981612459175616, -0.9981612459175616, -0.9836841571931496, -0.9981612459175616, -0.9981612459175616, -0.9981612459175616, -0.9981612459175616, -0.9981612459175616, -0.9981612459175616, -0.9981612459175616, -0.9981612459175616, -0.9981612459175616, -0.9981612459175616, -0.9981612459175616, -0.9981612459175616, -0.9981612459175616, -0.9981612459175616, -0.9981790488753421, -0.9981612459175616, -0.9981612459175616, -0.9981612459175616, -0.9981612459175616, -0.9981612459175616, -0.9981612459175616, -0.9981612459175616, -0.9981612459175616, -0.9981612459175616, -0.9981612459175616, -0.9981612459175616, -0.9981612459175616, -0.9981612459175616, -0.9981612459175616, -0.9981612459175616, -0.9981612459175616, -0.9981612459175616, -0.5437182377089962, -0.9981612459175616, -0.9981612459175616, -0.9981612459175616, -0.9972186872888125, -0.9981612459175616, -0.9981612459175616, -0.9981612459175616, -0.9975158669533531, -0.9981612459175616, -0.9981612459175616, -0.9981612459175616, -0.9981612459175616], "gsf_samples": [0.9979419944366298, 0.9979419944366298, 0.9979419944366298, 0.9979419944366298, 0.9979419944366298, 0.9979419944366298, 0.9979419944366298, 0.9979419944366298, 0.9979419944366298, 0.9979419944366298, 0.9979419944366298, 0.9979419944366298, 0.9979419944366298, 0.9979435342790173, 0.9979419944366298, 0.9979419944366298, 0.9979419944366298, 0.0, 0.9979419944366298, 0.9979419944366298, 0.9979419944366298, 0.9979419944366298, 0.9979419944366298, 0.9979419944366298, 0.9979419944366298, 0.9979419944366298, 0.9979419944366298, 0.9977153995165704, 0.9979419944366298, 0.9979419944366298, 0.9979419944366298, 0.9979419944366298, 0.9979419944366298, 0.9979419944366298, 0.9979419944366298, 0.9979419944366298, 0.9979419944366298, 0.9979419944366298, 0.9979419944366298, 0.9979419944366298, 0.9979419944366298, 0.9979419944366298, 0.9979419944366298, 0.9979419944366298, 0.9979419944366298, 0.9976179271187723, 0.9979419944366298, 0.998043710320105, 0.9979419944366298, 0.9979419944366298, 0.9979419944366298, 0.9979419944366298, 0.9979419944366298, 0.9979419944366298, 0.9804655359583925, 0.9979419944366298, 0.9979419944366298, 0.9979419944366298, 0.9979419944366298, 0.9979419944366298, 0.9979419944366298, 0.9979419944366298, 0.9979419944366298, 0.9979419944366298, 0.9979419944366298, 0.9979419944366298, 0.9979419944366298, 0.9979419944366298, 0.9979419944366298, 0.9979632434126031, 0.9979419944366298, 0.9979419944366298, 0.9979419944366298, 0.9979419944366298, 0.9979419944366298, 0.9979419944366298, 0.9979419944366298, 0.9979419944366298, 0.9979419944366298, 0.9979419944366298, 0.9979419944366298, 0.9979419944366298, 0.9979419944366298, 0.9979419944366298, 0.9979419944366298, 0.9979419944366298, 0.9979419944366298, 1.9259299443872362e-33, 0.9979419944366298, 0.9979419944366298, 0.9979419944366298, 0.9968812182322487, 0.9979419944366298, 0.9979419944366298, 0.9979419944366298, 0.997224065467941, 0.9979419944366298, 0.9979419944366298, 0.9979419944366298, 0.9979419944366298]}