{"L": 5, "J": 0.24566796280110115, "B": 0.04913359256022023, "K": 5, "init_state": "random computational-basis state", "energy_avg": -0.9491276999424878, "energy_std": 0.15213337346395384, "gsf_avg": 0.9245813250366746, "gsf_std": 0.19863824713998407, "norm_check_samples": [0.9998427629470825, 0.9998525381088257, 0.9998407959938049, 0.9998533725738525, 0.9998444318771362, 0.999842643737793, 0.9998392462730408, 0.9998413324356079, 0.9998497366905212, 0.9998447299003601, 0.9998484253883362, 0.9998462796211243, 0.9998427629470825, 0.9998458027839661, 0.9998420476913452, 0.9998511075973511, 0.9998493194580078, 0.9998387694358826, 0.9998558759689331, 0.9998509287834167, 0.9998461008071899, 0.9998428821563721, 0.9998456239700317, 0.9998487830162048, 0.999849259853363, 0.9998570084571838, 0.9998509883880615, 0.9998490214347839, 0.9998488426208496, 0.9998464584350586, 0.999843180179596, 0.9998443126678467, 0.9998530149459839, 0.9998493790626526, 0.9998432993888855, 0.9998481869697571, 0.9998592734336853, 0.9998470544815063, 0.9998494982719421, 0.9998458027839661, 0.999838650226593, 0.9998382925987244, 0.9998443722724915, 0.9998540878295898, 0.9998476505279541, 0.9998523592948914, 0.9998451471328735, 0.9998481869697571, 0.9998424649238586, 0.9998463988304138, 0.9998340010643005, 0.999841034412384, 0.9998518228530884, 0.9998438954353333, 0.999847948551178, 0.9998481869697571, 0.9998462796211243, 0.999841034412384, 0.9998505115509033, 0.9998435378074646, 0.9998563528060913, 0.9998452067375183, 0.9998443126678467, 0.9998469948768616, 0.9998372793197632, 0.9998446702957153, 0.9998525381088257, 0.9998584389686584, 0.9998385310173035, 0.9998414516448975, 0.9998413324356079, 0.9998396635055542, 0.9998466968536377, 0.9998503923416138, 0.9998547434806824, 0.9998511075973511, 0.9998461008071899, 0.9998475909233093, 0.9998544454574585, 0.9998510479927063, 0.9998565316200256, 0.9998503923416138, 0.9998369812965393, 0.9998514652252197, 0.9998489618301392, 0.9998493790626526, 0.9998434782028198, 0.9998462200164795, 0.9998530745506287, 0.9998488426208496, 0.9998505115509033, 0.9998474717140198, 0.9998435378074646, 0.9998500347137451, 0.9998480677604675, 0.9998472332954407, 0.9998472332954407, 0.9998412132263184, 0.9998431205749512, 0.9998488426208496, 0.9998374581336975, 0.9998403191566467, 0.9998464584350586, 0.9998359680175781, 0.999854564666748, 0.9998395442962646, 0.9998498558998108, 0.9998437762260437, 0.9998437762260437, 0.9998548626899719, 0.9998382329940796, 0.9998414516448975, 0.9998458623886108, 0.9998375177383423, 0.9998377561569214, 0.999843418598175, 0.9998438358306885, 0.9998403787612915, 0.9998395442962646, 0.9998430013656616, 0.9998389482498169, 0.9998424053192139, 0.9998404383659363, 0.9998359680175781, 0.9998307228088379, 0.9998373985290527, 0.9998345375061035, 0.999844491481781, 0.9998483061790466, 0.9998438954353333, 0.9998403191566467, 0.9998435974121094, 0.9998490810394287, 0.9998356699943542, 0.9998539090156555, 0.9998373985290527, 0.9998384714126587, 0.9998403191566467, 0.9998424053192139, 0.9998385906219482, 0.9998382925987244, 0.999851405620575, 0.9998421669006348, 0.9998406171798706, 0.9998371005058289, 0.9998461604118347, 0.9998482465744019, 0.9998403191566467, 0.9998461008071899, 0.9998387694358826, 0.9998434782028198, 0.9998368620872498, 0.999841570854187, 0.9998468160629272, 0.999847948551178, 0.9998509287834167, 0.9998388290405273, 0.9998495578765869, 0.9998569488525391, 0.9998336434364319, 0.9998440146446228, 0.999847948551178, 0.9998366236686707, 0.9998399019241333, 0.9998393058776855, 0.9998370409011841, 0.9998404383659363, 0.9998453259468079, 0.9998403191566467, 0.9998524188995361, 0.9998453855514526, 0.9998403191566467, 0.9998437166213989, 0.9998403191566467, 0.9998417496681213, 0.9998475313186646, 0.999843418598175, 0.9998447299003601, 0.9998367428779602, 0.9998488426208496, 0.9998432993888855, 0.9998435974121094, 0.9998527765274048, 0.9998515844345093, 0.9998342990875244, 0.9998468160629272, 0.9998559951782227, 0.999839186668396, 0.9998345375061035, 0.999849796295166, 0.9998388290405273, 0.9998403191566467, 0.999847948551178, 0.9998403191566467, 0.9998437166213989, 0.9998467564582825, 0.999854564666748, 0.9998403191566467, 0.9998424053192139, 0.9998457431793213], "energy_samples": [-0.8377480807166384, -0.9932201178870281, -0.9937274668234105, -0.9945153772272454, -0.987825586201675, -0.9943111037805065, -0.9923896636640901, -0.9934778269171224, -0.9907991035725965, -0.8842343134867409, -0.9930024923057635, -0.9941854394822041, -0.9239798589647409, -0.9938819241220562, -0.9939417877377441, -0.9935568451024828, -0.9920147023510735, -0.9909933188556069, -0.9940261433504084, -0.989675708708804, -0.9937028935587414, -0.9936265849737125, -0.993796479397303, -0.9946091550508661, -0.9943555678696219, -0.023748099430076074, -0.9942190195659446, -0.9943861680161603, -0.9941201084751301, -0.9945680007574469, -0.9932201178870281, -0.9945576883672897, -0.993583861993702, -0.9910150429723966, -0.9907226531055568, -0.9923940323782648, -0.9934337533065205, -0.9942234717398917, -0.9936265849737125, -0.8894641787629651, -0.9933380178173722, -0.9931781251182543, -0.9753182638767421, -0.9916483668607036, -0.9925809988553339, -0.9895353406103269, -0.5630327267605286, -0.9942234717398917, -0.9943858513880973, -0.04347439996113222, -0.9941775973612763, -0.6005286065746974, -0.8063300448252163, -0.9928191532236413, -0.9929273958083042, -0.992613476471984, -0.9941716958733413, -0.9941344017134852, -0.9934665086703685, -0.9932034302232907, -0.9928905669527387, -0.9929273958083042, -0.964971787881956, -0.60457050955113, -0.9901408041815852, -0.9909143322626974, -0.993796479397303, -0.9924466527725917, -0.9942234717398917, -0.9936116735045952, -0.8427676718683088, -0.9932201178870281, -0.9937672456331536, -0.9932201178870281, -0.9947744302783602, -0.9901793746089748, -0.9906406039157956, -0.9947101913083729, -0.9687781378663427, -0.9883044638794849, -0.9932576475839431, -0.9945576883672897, -0.9928175975522039, -0.9473089470098929, -0.8536772514987397, -0.9801415155092252, -0.9809192766481375, -0.7842233923478453, -0.9942190195659446, -0.9898417953098921, -0.9931660625371326, -0.9942234717398917, -0.9929273958083042, -0.9942234717398917, -0.9925960409980434, -0.9938178830191836, -0.995085481859386, -0.9942234717398917, -0.9936265849737125, -0.9930917716803198],