{"L": 6, "J": 0.13705708646304537, "B": 0.13705708646304537, "K": 40, "init_state": "random computational-basis state", "energy_avg": -0.9922833327797449, "energy_std": 0.020336045045160938, "gsf_avg": 0.9839069146489778, "gsf_std": 0.09895620142258409, "energy_samples": [-0.9939709397010237, -0.994923210244994, -0.994923210244994, -0.9937695309776463, -0.9889708089293506, -0.9947147010772427, -0.9948085749607818, -0.7913660884900844, -0.9944648840305064, -0.9951140864861749, -0.994923210244994, -0.9930663046254792, -0.9948804312731877, -0.994910411391394, -0.9947699317716848, -0.9940440521463372, -0.9947524847674437, -0.994923210244994, -0.9915945939308126, -0.994923210244994, -0.994923210244994, -0.9948773522409925, -0.9950780505102588, -0.995253749271661, -0.9920710407049463, -0.994923210244994, -0.994923210244994, -0.994923210244994, -0.9949165918105035, -0.994909495394429, -0.994994190953823, -0.9949194718385206, -0.994923210244994, -0.994923210244994, -0.9948335688524282, -0.9941922145317055, -0.9868808548475756, -0.9950351152086794, -0.9950756672861083, -0.9924968795020934, -0.994923210244994, -0.9945833487555951, -0.994923210244994, -0.9948988599005905, -0.9736730969077797, -0.9949463726808616, -0.9949107087382093, -0.995027333612702, -0.9943897040591047, -0.994923210244994, -0.994923210244994, -0.9945477098825793, -0.994923210244994, -0.9951134130835664, -0.9949438001654896, -0.9952533599889944, -0.9949718977269958, -0.9949397470646755, -0.9927305516894116, -0.9949238208454708, -0.9949392973502824, -0.994923210244994, -0.994923210244994, -0.9948565200963249, -0.9948248179723481, -0.9949782665698661, -0.9945945213097722, -0.9948328850723194, -0.9946708185655126, -0.9949640709887315, -0.994923210244994, -0.994923210244994, -0.9949118785977529, -0.9940282051894473, -0.9946061189465627, -0.9949848422097912, -0.9951569306475575, -0.994923210244994, -0.9951399305023269, -0.994948663789476, -0.994245118616914, -0.994917630147585, -0.9949256163978626, -0.9946022987786318, -0.9950664000225165, -0.9948512916185432, -0.9949118785977529, -0.9949754687995035, -0.9947031154061602, -0.994923210244994, -0.994923210244994, -0.9949986358846965, -0.994923210244994, -0.993998943182955, -0.994923210244994, -0.994923210244994, -0.995257651001249, -0.9949275516509035, -0.994923210244994, -0.9900014408313951], "gsf_samples": [0.9934388085480704, 0.9948655524946852, 0.9948655524946852, 0.9927424394236858, 0.9849574944984345, 0.9942108459260608, 0.9947104776735511, 1.2657723169654392e-32, 0.9939094977674148, 0.9950109769209061, 0.9948655524946852, 0.9920580982459012, 0.9947369665131093, 0.9948512650789735, 0.9944877457181929, 0.9934038426615405, 0.9945597763291628, 0.9948655524946852, 0.9898528311800617, 0.9948655524946852, 0.9948655524946852, 0.9947790037016758, 0.9950112509255222, 0.9951904757440921, 0.9896815673896509, 0.9948655524946852, 0.9948655524946852, 0.9948655524946852, 0.9948576934079387, 0.9948280735944265, 0.9949365144028919, 0.9948619680440547, 0.9948655524946852, 0.9948655524946852, 0.9947742488810523, 0.9937106440605631, 0.9807781552678072, 0.9949765361230247, 0.9950152880778471, 0.990861504043489, 0.9948655524946852, 0.9941938762886188, 0.9948655524946852, 0.9948424441869591, 0.9630197587855559, 0.9948886760669049, 0.9948386013761563, 0.9949696029135973, 0.9939558327213447, 0.9948655524946852, 0.9948655524946852, 0.9941826249422447, 0.9948655524946852, 0.9950556340918466, 0.9948885770278822, 0.9951740573614944, 0.9949141430689, 0.9948698874645749, 0.9912087203754087, 0.9948661494377082, 0.9948814452665561, 0.9948655524946852, 0.9948655524946852, 0.9947385541138217, 0.9946954235138132, 0.9949204505317931, 0.9942329405715603, 0.9946630383528333, 0.9942697536503903, 0.9949064739583819, 0.9948655524946852, 0.9948655524946852, 0.9948542085963564, 0.993510775993977, 0.9942532076730745, 0.9949264426400641, 0.9949917246355258, 0.9948655524946852, 0.9950797993101509, 0.9948909948629108, 0.9932177632244179, 0.994810415314542, 0.9948393379603251, 0.9943281229675398, 0.9950077005031197, 0.9947075130296683, 0.9948542085963564, 0.9949178284539963, 0.9945282799349155, 0.9948655524946852, 0.9948655524946852, 0.9949194633262245, 0.9948655524946852, 0.9933575742474714, 0.9948655524946852, 0.9948655524946852, 0.9951050655663023, 0.9948756029191158, 0.9948655524946852, 0.9869748615677875]}