{"L": 6, "J": 0.1370570864630454, "B": 0.1370570864630454, "K": 5, "init_state": "random computational-basis state", "energy_avg": -0.9244403566039123, "energy_std": 0.11877888105585449, "gsf_avg": 0.7160848872377492, "gsf_std": 0.4302949086845875, "norm_check_samples": [0.999782383441925, 0.9997766017913818, 0.9997835159301758, 0.9997883439064026, 0.999777615070343, 0.9997864365577698, 0.9997838139533997, 0.9997862577438354, 0.9997880458831787, 0.9997851252555847, 0.9997883439064026, 0.999768853187561, 0.9997899532318115, 0.9997844696044922, 0.9997873902320862, 0.999768078327179, 0.9997805953025818, 0.9997872710227966, 0.9997787475585938, 0.9997870326042175, 0.9997784495353699, 0.9997867345809937, 0.9997779726982117, 0.9997860789299011, 0.9997774958610535, 0.9997904896736145, 0.9997881054878235, 0.9997824430465698, 0.9997906684875488, 0.9997855424880981, 0.9997852444648743, 0.9997925758361816, 0.9997718334197998, 0.9997895359992981, 0.9997830986976624, 0.9997869729995728, 0.9997899532318115, 0.999785840511322, 0.9997726082801819, 0.9997902512550354, 0.9997825026512146, 0.9997951984405518, 0.9997885227203369, 0.9997846484184265, 0.9997826814651489, 0.9997820258140564, 0.9997905492782593, 0.9997831583023071, 0.9997842311859131, 0.9997828006744385, 0.9997873306274414, 0.9997899532318115, 0.9997944235801697, 0.999774694442749, 0.9997766613960266, 0.9997879862785339, 0.999789297580719, 0.999783456325531, 0.9997916221618652, 0.9997880458831787, 0.9997811913490295, 0.9997709393501282, 0.9997881054878235, 0.999782919883728, 0.9997792840003967, 0.9997897744178772, 0.9997856020927429, 0.9997857809066772, 0.9997846484184265, 0.9997895359992981, 0.999782383441925, 0.9997947812080383, 0.9997825622558594, 0.9997854828834534, 0.9997807145118713, 0.9997768998146057, 0.9997853636741638, 0.9997687339782715, 0.999785304069519, 0.999784529209137, 0.9997916221618652, 0.9997738599777222, 0.9997678995132446, 0.99979168176651, 0.9997643828392029, 0.9997810125350952, 0.9997862577438354, 0.9997891783714294, 0.9997868537902832, 0.9997859597206116, 0.9997566342353821, 0.9997848272323608, 0.9997813701629639, 0.999783456325531, 0.999792754650116, 0.999786376953125, 0.9997850060462952, 0.9997802972793579, 0.9997860193252563, 0.9997865557670593, 0.9997823238372803, 0.9997867345809937, 0.9997866153717041, 0.9997918605804443, 0.9997905492782593, 0.9997867345809937, 0.9997856616973877, 0.999785304069519, 0.9997813701629639, 0.9997958540916443, 0.9997743964195251, 0.9997889399528503, 0.9997706413269043, 0.9997884631156921, 0.999789834022522, 0.9997851252555847, 0.9997885227203369, 0.9997597932815552, 0.9997719526290894, 0.9997904896736145, 0.9997903108596802, 0.9997886419296265, 0.9997848272323608, 0.9997850060462952, 0.9997686147689819, 0.9997897148132324, 0.9997777938842773, 0.9997838735580444, 0.999786376953125, 0.9997788071632385, 0.9997717142105103, 0.9997913241386414, 0.9997718334197998, 0.9997851252555847, 0.999774158000946, 0.99977046251297, 0.9997941255569458, 0.9997733235359192, 0.9997907876968384, 0.9997856020927429, 0.9997817277908325, 0.9997841119766235, 0.9997819066047668, 0.9997896552085876, 0.9997979402542114, 0.9997852444648743, 0.9997860789299011, 0.9997915625572205, 0.9997915029525757, 0.9997863173484802, 0.999787449836731, 0.9997866153717041, 0.9997921586036682, 0.9997892379760742, 0.999795138835907, 0.9997912645339966, 0.9997745156288147, 0.9997984766960144, 0.9997836947441101, 0.9997872710227966, 0.9997891187667847, 0.9997857213020325, 0.9997867941856384, 0.9997819066047668, 0.9997828006744385, 0.9997925162315369, 0.9997936487197876, 0.9997866153717041, 0.9997857809066772, 0.9997862577438354, 0.9997914433479309, 0.999787449836731, 0.9997886419296265, 0.9997931122779846, 0.9997838139533997, 0.9997825622558594, 0.9997867345809937, 0.999792218208313, 0.9997866153717041, 0.9997961521148682, 0.9997866153717041, 0.99979567527771, 0.9997875690460205, 0.9997947216033936, 0.9997876286506653, 0.9997912645339966, 0.9997878074645996, 0.9997896552085876, 0.9997986555099487, 0.9997920393943787, 0.9997711777687073, 0.999798059463501, 0.9997915625572205, 0.9997895956039429, 0.9997856616973877, 0.9997866153717041, 0.9997866153717041, 0.999789834022522, 0.9997837543487549, 0.9997849464416504], "energy_samples": [-0.9954273620292801, -0.9989302706794173, -0.9989896001088523, -0.7591791103131187, -0.9974698160055323, -0.8037278986967389, -0.9921228069374761, -0.9757837343081752, -0.794615142875019, -0.9965004851709408, -0.8332736449678034, -0.9985127930299696, -0.7188093089130001, -0.9835722058237901, -0.9967107819660561, -0.9985715567132701, -0.9988123889161874, -0.6258593712867099, -0.6846999602709823, -0.9670280351859347, -0.9967008523772386, -0.6599254000362669, -0.998593726569991, -0.9990501056506659, -0.5696931690695815, -0.9915718987501355, -0.9989096167215938, -0.9989405928243013, -0.9716474298391948, -0.966534288837, -0.7491120661339944, -0.899695234099319, -0.748260230754203, -0.9989833951709387, -0.7216010095125456, -0.7474047320034881, -0.8938578239124927, -0.7218733296071829, -0.9969131798997047, -0.9978127967051706, -0.9978518024851248, -0.9978660763381048, -0.9989645604771898, -0.9990602867117332, -0.9959604521868504, -0.9989899213188979, -0.9978911862825116, -0.9939239642107548, -0.9954164336400273, -0.9837586738551384, -0.7920359102104779, -0.9989896001088523, -0.989296100699908, -0.9724431632333556, -0.931733326159027, -0.9974018879388334, -0.757338559414848, -0.8163862442556183, -0.9990675780730184, -0.9982161329292962, -0.9963093501575829, -0.9989870477010973, -0.9988493148655855, -0.9979356215791375, -0.9979780322764022, -0.9975175728283943, -0.9737892429465317, -0.9989896001088523, -0.9988936606560204, -0.9989868834689514, -0.7514992161695665, -0.9977572822528683, -0.9987153317299841, -0.9194660391830115, -0.9983750168313537, -0.9985419447888957, -0.9988949799792918, -0.827393993236733, -0.9989896001088523, -0.9844684033546288, -0.9989896001088523, -0.9002262528347742, -0.9344310640772181, -0.9746563046836814, -0.8465611249197237, -0.9988393287868977, -0.9973697855461132, -0.9915271775847312, -0.9966946828250303, -0.6900595938596887, -0.47953600297527177, -0.8361816377249146, -0.9990398338619263, -0.9905409495236484, -0.9989502412637271, -0.9989896001088523, -0.9989896001088523, -0.689869961735426, -0.9668099816616859, -0.7651657887736413],