{"L": 6, "J": 0.1370570864630454, "B": 0.1370570864630454, "K": 5, "init_state": "random computational-basis state", "energy_avg": -0.9246375787150332, "energy_std": 0.11880186248532015, "gsf_avg": 0.7162369959627068, "gsf_std": 0.430386296983743, "norm_check_samples": [0.999782383441925, 0.9997766017913818, 0.9997835159301758, 0.9997883439064026, 0.999777615070343, 0.9997864365577698, 0.9997838139533997, 0.9997862577438354, 0.9997880458831787, 0.9997851252555847, 0.9997883439064026, 0.999768853187561, 0.9997899532318115, 0.9997844696044922, 0.9997873902320862, 0.999768078327179, 0.9997805953025818, 0.9997872710227966, 0.9997787475585938, 0.9997870326042175, 0.9997784495353699, 0.9997867345809937, 0.9997779726982117, 0.9997860789299011, 0.9997774958610535, 0.9997904896736145, 0.9997881054878235, 0.9997824430465698, 0.9997906684875488, 0.9997855424880981, 0.9997852444648743, 0.9997925758361816, 0.9997718334197998, 0.9997895359992981, 0.9997830986976624, 0.9997869729995728, 0.9997899532318115, 0.999785840511322, 0.9997726082801819, 0.9997902512550354, 0.9997825026512146, 0.9997951984405518, 0.9997885227203369, 0.9997846484184265, 0.9997826814651489, 0.9997820258140564, 0.9997905492782593, 0.9997831583023071, 0.9997842311859131, 0.9997828006744385, 0.9997873306274414, 0.9997899532318115, 0.9997944235801697, 0.999774694442749, 0.9997766613960266, 0.9997879862785339, 0.999789297580719, 0.999783456325531, 0.9997916221618652, 0.9997880458831787, 0.9997811913490295, 0.9997709393501282, 0.9997881054878235, 0.999782919883728, 0.9997792840003967, 0.9997897744178772, 0.9997856020927429, 0.9997857809066772, 0.9997846484184265, 0.9997895359992981, 0.999782383441925, 0.9997947812080383, 0.9997825622558594, 0.9997854828834534, 0.9997807145118713, 0.9997768998146057, 0.9997853636741638, 0.9997687339782715, 0.999785304069519, 0.999784529209137, 0.9997916221618652, 0.9997738599777222, 0.9997678995132446, 0.99979168176651, 0.9997643828392029, 0.9997810125350952, 0.9997862577438354, 0.9997891783714294, 0.9997868537902832, 0.9997859597206116, 0.9997566342353821, 0.9997848272323608, 0.9997813701629639, 0.999783456325531, 0.999792754650116, 0.999786376953125, 0.9997850060462952, 0.9997802972793579, 0.9997860193252563, 0.9997865557670593, 0.9997823238372803, 0.9997867345809937, 0.9997866153717041, 0.9997918605804443, 0.9997905492782593, 0.9997867345809937, 0.9997856616973877, 0.999785304069519, 0.9997813701629639, 0.9997958540916443, 0.9997743964195251, 0.9997889399528503, 0.9997706413269043, 0.9997884631156921, 0.999789834022522, 0.9997851252555847, 0.9997885227203369, 0.9997597932815552, 0.9997719526290894, 0.9997904896736145, 0.9997903108596802, 0.9997886419296265, 0.9997848272323608, 0.9997850060462952, 0.9997686147689819, 0.9997897148132324, 0.9997777938842773, 0.9997838735580444, 0.999786376953125, 0.9997788071632385, 0.9997717142105103, 0.9997913241386414, 0.9997718334197998, 0.9997851252555847, 0.999774158000946, 0.99977046251297, 0.9997941255569458, 0.9997733235359192, 0.9997907876968384, 0.9997856020927429, 0.9997817277908325, 0.9997841119766235, 0.9997819066047668, 0.9997896552085876, 0.9997979402542114, 0.9997852444648743, 0.9997860789299011, 0.9997915625572205, 0.9997915029525757, 0.9997863173484802, 0.999787449836731, 0.9997866153717041, 0.9997921586036682, 0.9997892379760742, 0.999795138835907, 0.9997912645339966, 0.9997745156288147, 0.9997984766960144, 0.9997836947441101, 0.9997872710227966, 0.9997891187667847, 0.9997857213020325, 0.9997867941856384, 0.9997819066047668, 0.9997828006744385, 0.9997925162315369, 0.9997936487197876, 0.9997866153717041, 0.9997857809066772, 0.9997862577438354, 0.9997914433479309, 0.999787449836731, 0.9997886419296265, 0.9997931122779846, 0.9997838139533997, 0.9997825622558594, 0.9997867345809937, 0.999792218208313, 0.9997866153717041, 0.9997961521148682, 0.9997866153717041, 0.99979567527771, 0.9997875690460205, 0.9997947216033936, 0.9997876286506653, 0.9997912645339966, 0.9997878074645996, 0.9997896552085876, 0.9997986555099487, 0.9997920393943787, 0.9997711777687073, 0.999798059463501, 0.9997915625572205, 0.9997895956039429, 0.9997856616973877, 0.9997866153717041, 0.9997866153717041, 0.999789834022522, 0.9997837543487549, 0.9997849464416504], "energy_samples": [-0.9956440900142289, -0.9991433534053287, -0.9992028146300443, -0.759337158308496, -0.9976787805461831, -0.8038993426268831, -0.992335502444692, -0.9759932760927291, -0.7947889074443317, -0.9967039582058504, -0.833461676906302, -0.99872358367663, -0.7189742118842279, -0.9837803116457591, -0.9969203006955195, -0.9987861706364112, -0.9990236597220645, -0.6260097430327983, -0.6848561399131415, -0.9672306800013919, -0.9969098935557946, -0.6600649100819831, -0.9988086429900451, -0.9992649415712529, -0.569825018163049, -0.9917804554884503, -0.9991316298801651, -0.9991565369715936, -0.9718550404740617, -0.9667481265975559, -0.7492831168218694, -0.8998830179632145, -0.748430997695463, -0.9991980976067822, -0.7217640141403442, -0.747576328795363, -0.8940418842874875, -0.722036998400916, -0.9971217900459329, -0.9980267715563789, -0.9980696533532653, -0.9980815501911441, -0.9991824755757456, -0.9992704780520035, -0.9961617363740665, -0.9992045060172876, -0.9981047019084146, -0.9941311783713619, -0.9956240183081893, -0.9839689309453159, -0.7922042933623745, -0.9992028146300443, -0.9895017601274056, -0.9726481605282362, -0.9319242412439348, -0.9976101245530717, -0.7575093659378934, -0.8165507982703578, -0.9992837283955956, -0.9984285276087851, -0.9965194974181216, -0.9992011552236463, -0.9990623207612813, -0.9981533122239636, -0.9981948395223255, -0.9977245844850715, -0.9739902270768034, -0.9992028146300443, -0.9991076885992038, -0.999200454828527, -0.7516559790240595, -0.9979694008119484, -0.9989264628996276, -0.9196563047809447, -0.9985908982498174, -0.9987591127173048, -0.9991080551773118, -0.8275659463718094, -0.9992028146300443, -0.9846691260735335, -0.9992028146300443, -0.9004102289047423, -0.9346296083365345, -0.9748564216468385, -0.8467409484374803, -0.9990478655086644, -0.9975814648864159, -0.9917357840413615, -0.996895402221425, -0.6902031289203807, -0.47964575658752423, -0.8363505307998056, -0.9992481145836324, -0.9907494075543888, -0.9991644004653535, -0.9992028146300443, -0.9992028146300443, -0.6900149794080478, -0.9670190953357232, -0.7653303757942689],