{"L": 6, "J": 0.19683820800041796, "B": 0.03936764160008359, "K": 10, "init_state": "random computational-basis state", "energy_avg": -0.9815901462194211, "energy_std": 0.06137878000795873, "gsf_avg": 0.9576982456369021, "gsf_std": 0.14152297780242426, "norm_check_samples": [1.000381588935852, 1.0004135370254517, 1.0004273653030396, 1.0003937482833862, 1.000415563583374, 1.0004236698150635, 1.0003880262374878, 1.000392198562622, 1.0004040002822876, 1.0003880262374878, 1.0003948211669922, 1.0004037618637085, 1.000441074371338, 1.0004031658172607, 1.0003994703292847, 1.0003994703292847, 1.0004255771636963, 1.0004241466522217, 1.0004312992095947, 1.0003952980041504, 1.0004035234451294, 1.0003880262374878, 1.000431776046753, 1.0004260540008545, 1.0004172325134277, 1.0003994703292847, 1.0004088878631592, 1.000401258468628, 1.000401258468628, 1.0003888607025146, 1.0004411935806274, 1.0003880262374878, 1.0004229545593262, 1.0004185438156128, 1.0004078149795532, 1.0003952980041504, 1.0003952980041504, 1.000431776046753, 1.0003994703292847, 1.0004067420959473, 1.0003994703292847, 1.0003994703292847, 1.0004115104675293, 1.000440239906311, 1.000407338142395, 1.0003952980041504, 1.0003952980041504, 1.0003880262374878, 1.00039541721344, 1.0003952980041504, 1.0003830194473267, 1.0003994703292847, 1.0004199743270874, 1.0004328489303589, 1.0003994703292847, 1.0003952980041504, 1.000407099723816, 1.000427007675171, 1.00039541721344, 1.00039541721344, 1.0004326105117798, 1.0003907680511475, 1.0003880262374878, 1.0003880262374878, 1.00039541721344, 1.000433325767517, 1.000409722328186, 1.000401258468628, 1.0003952980041504, 1.0004050731658936, 1.000417709350586, 1.0004231929779053, 1.0003880262374878, 1.0003880262374878, 1.0004260540008545, 1.00039541721344, 1.0004358291625977, 1.00039541721344, 1.0003873109817505, 1.0004127025604248, 1.0004403591156006, 1.0003966093063354, 1.0003952980041504, 1.00039541721344, 1.0003994703292847, 1.000426173210144, 1.0003952980041504, 1.0003994703292847, 1.000436782836914, 1.0004063844680786, 1.0004167556762695, 1.0004119873046875, 1.000428557395935, 1.0003981590270996, 1.0003960132598877, 1.0003880262374878, 1.000383734703064, 1.000396966934204, 1.0003880262374878, 1.0003952980041504, 1.0004210472106934, 1.0004000663757324, 1.000378966331482, 1.0004135370254517, 1.0003854036331177, 1.000391960144043, 1.0003701448440552, 1.0003701448440552, 1.000381350517273, 1.000402808189392, 1.00040602684021, 1.0003701448440552, 1.000402569770813, 1.0003985166549683, 1.0003811120986938, 1.0004178285598755, 1.0004000663757324, 1.0004510879516602, 1.0003701448440552, 1.0004371404647827, 1.0004326105117798, 1.0003877878189087, 1.0003968477249146, 1.0004000663757324, 1.0003701448440552, 1.0003999471664429, 1.0003701448440552, 1.0003970861434937, 1.0004000663757324, 1.0003985166549683, 1.000386357307434, 1.0004297494888306, 1.000375509262085, 1.000406265258789, 1.0003701448440552, 1.0003716945648193, 1.0003701448440552, 1.0003795623779297, 1.0004000663757324, 1.0003790855407715, 1.0004080533981323, 1.0004324913024902, 1.0003701448440552, 1.000375509262085, 1.0003796815872192, 1.0004597902297974, 1.0004000663757324, 1.0004149675369263, 1.0003890991210938, 1.000436782836914, 1.000447154045105, 1.0004000663757324, 1.0003701448440552, 1.0004000663757324, 1.0004026889801025, 1.0004199743270874, 1.00039803981781, 1.0004024505615234, 1.00046706199646, 1.0003994703292847, 1.0004581212997437, 1.0004099607467651, 1.00037682056427, 1.0003783702850342, 1.0003966093063354, 1.0003701448440552, 1.0003811120986938, 1.0004236698150635, 1.0003701448440552, 1.0003870725631714, 1.0004128217697144, 1.0003646612167358, 1.0004000663757324, 1.0004000663757324, 1.0003856420516968, 1.0004000663757324, 1.0004258155822754, 1.0003823041915894, 1.0004076957702637, 1.0004000663757324, 1.000373363494873, 1.0003701448440552, 1.0003701448440552, 1.0004045963287354, 1.0003701448440552, 1.0003701448440552, 1.0004030466079712, 1.0003974437713623, 1.0003888607025146, 1.0004000663757324, 1.0003974437713623, 1.0003701448440552, 1.0004000663757324, 1.0004000663757324, 1.0004500150680542, 1.0003701448440552, 1.0004000663757324, 1.0003701448440552, 1.0003701448440552, 1.0003716945648193], "energy_samples": [-0.9985720459646656, -0.9989620026050782, -0.9986615731902655, -0.9991339442196027, -0.9973909885365931, -0.9948416457069735, -0.9986377630897891, -0.9986377630897891, -0.998118705249675, -0.9986903002807758, -0.9972235578273146, -0.9986377630897891, -0.9984792444260567, -0.9986729584649028, -0.9988935777834501, -0.8210607829322701, -0.9989620026050782, -0.9989785705540695, -0.9986377630897891, -0.986990619351248, -0.8619994650084415, -0.9966750493033966, -0.8780157899675366, -0.9989620026050782, -0.9986377630897891, -0.99328930647944, -0.9986377630897891, -0.9960513397058557, -0.9989620026050782, -0.9986729584649028, -0.9990236980693966, -0.9944386686293556, -0.998905538912596, -0.9987365339770723, -0.9986377630897891, -0.9981235818948394, -0.9986377630897891, -0.9968433470006717, -0.9989620026050782, -0.9987492708145884, -0.9986530828105447, -0.99804717887924, -0.9986377630897891, -0.998905538912596, -0.9984912087397828, -0.9949020777624497, -0.9989620026050782, -0.7407277053976095, -0.997737510873262, -0.5398605012863935, -0.9990025846138815, -0.9989620026050782, -0.9986377630897891, -0.9989620026050782, -0.830183262108729, -0.9982257492093047, -0.9985031083377005, -0.9041878419833455, -0.8474953203840577, -0.997249171976611, -0.9915159785233708, -0.9726294531308867, -0.998973568010056, -0.9989619838003151, -0.9988989216222838, -0.9986377630897891, -0.9988935777834501, -0.9988364314636407, -0.9986377630897891, -0.9454777865698706, -0.9984003427795916, -0.9988625022557576, -0.9989620026050782, -0.9989620026050782, -0.9937026754492785, -0.9989620026050782, -0.9986396653781638, -0.9989235955577421, -0.9988231502601297, -0.9989620026050782, -0.9982288249822985, -0.9986377630897891, -0.9986377630897891, -0.9986729587271498, -0.9986377630897891, -0.9986377630897891, -0.9985908013068687, -0.9976309718569897, -0.993173897136836, -0.9989620026050782, -0.9989208874990793, -0.9986377630897891, -0.9989620026050782, -0.9989620026050782, -0.9905808564850044, -0.9986377630897891, -0.9989620026050782, -0.9986377630897891, -0.9986377630897891, -0.9981235818948394],