{"L": 6, "J": 0.13705708646304537, "B": 0.13705708646304537, "K": 10, "init_state": "random computational-basis state", "energy_avg": -0.9802456999047994, "energy_std": 0.05989915712205952, "gsf_avg": 0.9246343514171351, "gsf_std": 0.2530843253186738, "energy_samples": [-0.8035976422059916, -0.988815919593246, -0.9984797217264485, -0.9978728424573113, -0.9981275335285058, -0.9951260389015277, -0.99458891007207, -0.9952939243949871, -0.9976015819027831, -0.9979803747027847, -0.9984098047750488, -0.9960414777730121, -0.9981304195836826, -0.9967323319641712, -0.9978636208310314, -0.9972625820136691, -0.9954038202316062, -0.9956779879667126, -0.9983050636535524, -0.998342846006412, -0.9974358070595669, -0.9973597255713612, -0.9980299372670551, -0.9984079180336755, -0.9976028318030922, -0.9984786125731465, -0.9981600337729593, -0.6634080502977554, -0.9929518648730168, -0.8037811172698769, -0.9974543395004256, -0.9976535411508426, -0.9936567095027027, -0.9982425662436671, -0.9977851804306763, -0.9983991923704307, -0.8028126326709516, -0.9969494347383444, -0.99752577902928, -0.7429233397582338, -0.9983114109084792, -0.9983771237772232, -0.9983155031706272, -0.9980912490788186, -0.987929815198806, -0.9951205036281459, -0.998429354174818, -0.9984079180336755, -0.9981857143449939, -0.9982821693145129, -0.9976553651760773, -0.9984154615868354, -0.9974877883791253, -0.9983666001726907, -0.9966590959941538, -0.9979442758758723, -0.9966675653033314, -0.9983145210416657, -0.9883637726649357, -0.9962855910765461, -0.9974156413493674, -0.9969010635909688, -0.994359955951988, -0.9972835438082096, -0.9979319246028794, -0.998447581339572, -0.9950503617887955, -0.9835639263405239, -0.9984085041726957, -0.9975840291955077, -0.9983798498694076, -0.9946204325468693, -0.9983508286819278, -0.7716320727150255, -0.9974910973014811, -0.978804660929611, -0.9984219763126895, -0.9973418995050263, -0.9974012044523132, -0.996371419984764, -0.9976775842788481, -0.98213750023508, -0.9964770065460875, -0.996394709681368, -0.995556208690165, -0.9984987111318377, -0.9942089301768443, -0.9984151267830401, -0.9965951499083725, -0.9968663658817799, -0.9923849815918605, -0.9971518980551264, -0.7810664302484522, -0.9960013294167791, -0.9973882817848968, -0.9968510909329399, -0.9974130192730528, -0.9908315192114574, -0.9968797051209297, -0.9957286099884504], "gsf_samples": [1.391484384819778e-32, 0.9793847162920253, 0.9979332108792764, 0.9969613685452574, 0.9971361750888608, 0.9917798170981665, 0.991303145393001, 0.9917964314301283, 0.9950475347398362, 0.9968571458317048, 0.9976609330962768, 0.9943552168570367, 0.997223933775084, 0.9950139081399356, 0.9966028638458801, 0.9955860745086564, 0.9925570029581915, 0.9935355479244128, 0.9974062402442139, 0.997586588523343, 0.995423152571835, 0.995490677022677, 0.9969474771764167, 0.9976515511292848, 0.9962376028500856, 0.9978749502544265, 0.9971502387974107, 0.016828980218048226, 0.9875193734193051, 2.315930758125651e-32, 0.9955955326283065, 0.996850462876453, 0.9897817606848374, 0.99740691603647, 0.996443631790203, 0.9976469204352562, 1.9259299443872359e-32, 0.995611559409273, 0.9966566317195681, 4.8148248609680896e-33, 0.9974247713100751, 0.9976642486871123, 0.9975650731332517, 0.9971436643026231, 0.9813283895414426, 0.9919216718781538, 0.9976989264147789, 0.9976515511292848, 0.9973517774392799, 0.9974960670084997, 0.9966403631433419, 0.9976628344690336, 0.9965824136346622, 0.9975893017280957, 0.994964261017353, 0.9968918042564493, 0.9949787636952492, 0.9975141862822339, 0.9817623896361576, 0.9937893495736931, 0.9965619648886593, 0.995145992948401, 0.9904387932474199, 0.995544463962592, 0.9967391221341058, 0.9977414448306032, 0.9922434087903349, 0.9706008335719913, 0.9976612537222387, 0.9962862030268135, 0.9976209923308065, 0.9912875249431741, 0.9975575703284008, 2.2340787354891933e-32, 0.9965888261584795, 0.9656122158919113, 0.9976723881805533, 0.9959748418721777, 0.9955739018958155, 0.9942483990346133, 0.9964618720304843, 0.9703213580344913, 0.9942723111513971, 0.9941240981823455, 0.9933598535480719, 0.9979697884761947, 0.9912388021596563, 0.997634140985488, 0.9942306481757109, 0.9947909367959177, 0.9880089693043235, 0.9954280714290338, 2.2340787354891933e-32, 0.993119470558285, 0.9954692175286697, 0.994398159848087, 0.9959316478995645, 0.9821600087075805, 0.9951144360684516, 0.9938341265987733]}