{"L": 7, "J": 0.11673007904761218, "B": 0.11673007904761218, "K": 10, "init_state": "random computational-basis state", "energy_avg": -0.9701740161714882, "energy_std": 0.07315988199700864, "gsf_avg": 0.8678726826722968, "gsf_std": 0.3237136122681377, "norm_check_samples": [0.9999036192893982, 0.9998677372932434, 0.9998749494552612, 0.9998800158500671, 0.9998686909675598, 0.999889075756073, 0.9998955726623535, 0.9998875260353088, 0.9999189376831055, 0.9998793601989746, 0.999888002872467, 0.9998738765716553, 0.9998776316642761, 0.9998693466186523, 0.9998955726623535, 0.9998958706855774, 0.9998947381973267, 0.9998829364776611, 0.999899685382843, 0.9998886585235596, 0.9998959302902222, 0.999887228012085, 0.9998896718025208, 0.9998878240585327, 0.9998651742935181, 0.9998940229415894, 0.999878466129303, 0.9998953938484192, 0.9998779296875, 0.9998694062232971, 0.9998893737792969, 0.999901294708252, 0.9998957514762878, 0.9998932480812073, 0.9999043345451355, 0.9998890161514282, 0.9998880624771118, 0.9998816847801208, 0.999882698059082, 0.9998645186424255, 0.9998461604118347, 0.9998762607574463, 0.9998961687088013, 0.999862015247345, 0.9998586773872375, 0.9998682141304016, 0.999886155128479, 0.9998833537101746, 0.9998958110809326, 0.9998883008956909, 0.999889075756073, 0.9998595118522644, 0.9998705387115479, 0.9998992681503296, 0.999905526638031, 0.9998894929885864, 0.9998936653137207, 0.9998641014099121, 0.999875545501709, 0.9998805522918701, 0.9998509883880615, 0.999887228012085, 0.9999052882194519, 0.9998907446861267, 0.99989253282547, 0.9999117851257324, 0.9998889565467834, 0.9998807311058044, 0.9998798966407776, 0.9998722076416016, 0.999899685382843, 0.9998971223831177, 0.9998841881752014, 0.9998791217803955, 0.999882161617279, 0.9998890161514282, 0.9998924732208252, 0.9998865723609924, 0.9998867511749268, 0.9998997449874878, 0.9998918175697327, 0.9998860359191895, 0.9999062418937683, 0.9998942017555237, 0.9998779892921448, 0.9998910427093506, 0.9998695254325867, 0.9998980164527893, 0.9998994469642639, 0.9998603463172913, 0.9998927712440491, 0.9998888373374939, 0.999877393245697, 0.9998783469200134, 0.999889612197876, 0.9998868703842163, 0.9998897314071655, 0.9998661875724792, 0.9998970031738281, 0.9998812675476074, 0.9998865127563477, 0.9998984336853027, 0.9998813271522522, 0.9999021887779236, 0.9998994469642639, 0.999896228313446, 0.9999057054519653, 0.9998924136161804, 0.9998972415924072, 0.9998874068260193, 0.9998966455459595, 0.999884307384491, 0.999901294708252, 0.9998531341552734, 0.9998762607574463, 0.9998816847801208, 0.9998707175254822, 0.9998867511749268, 0.9998405575752258, 0.9998720288276672, 0.9998594522476196, 0.9998356103897095, 0.9998935461044312, 0.9998940825462341, 0.999894380569458, 0.9999024271965027, 0.9998274445533752, 0.9998842477798462, 0.9998784065246582, 0.9998897910118103, 0.9998989701271057, 0.9998617172241211, 0.9998664855957031, 0.9999001622200012, 0.9998947978019714, 0.9998578429222107, 0.9998351335525513, 0.9999012351036072, 0.9998984336853027, 0.9998690485954285, 0.999877393245697, 0.999893069267273, 0.9998975992202759, 0.9998781681060791, 0.9999057650566101, 0.9998688697814941, 0.9998869895935059, 0.9999164342880249, 0.9999028444290161, 0.9998989105224609, 0.9998961091041565, 0.9998630285263062, 0.999896764755249, 0.999863862991333, 0.9999138712882996, 0.9998672008514404, 0.9998435378074646, 0.9998912811279297, 0.9999168515205383, 0.999908447265625, 0.9998260736465454, 0.999897837638855, 0.9998457431793213, 0.9998976588249207, 0.999896228313446, 0.9998765587806702, 0.9999131560325623, 0.9998847842216492, 0.9999229311943054, 0.9998882412910461, 0.9998941421508789, 0.9998819828033447, 0.9998928904533386, 0.999931812286377, 0.9999017119407654, 0.9998622536659241, 0.9998887777328491, 0.9998931884765625, 0.9998711347579956, 0.9999012351036072, 0.9998744130134583, 0.9999017715454102, 0.9998565316200256, 0.9998956918716431, 0.9998958706855774, 0.9998536109924316, 0.9998970031738281, 0.9998837113380432, 0.9998688697814941, 0.999886155128479, 0.9999017119407654, 0.9998979568481445, 0.9998492002487183, 0.9999008774757385, 0.9998834729194641, 0.9998902082443237, 0.999891459941864, 0.9999127388000488, 0.9999199509620667, 0.9998998641967773], "energy_samples": [-0.9978092216863093, -0.998641697471936, -0.997331880883494, -0.998487971048998, -0.8497302733862051, -0.9952886106623137, -0.9991982661709696, -0.999527930605077, -0.9992017098851549, -0.9994359156733293, -0.9931317703237736, -0.9995150362717448, -0.99804767287924, -0.99844886243958, -0.9991110495360158, -0.800849840944874, -0.99837276416614, -0.9996120191729864, -0.9948912704149739, -0.9743652994276525, -0.9884002873833091, -0.9989215316111542, -0.9995364871010631, -0.9988143820161418, -0.9966065176600808, -0.9974999138175829, -0.9983828241200887, -0.9908597842703792, -0.9961671795915019, -0.998725958081879, -0.9959373425236113, -0.9697983104332626, -0.9987544767097186, -0.9979119348426947, -0.9969214549306712, -0.8521569743037647, -0.9978796527640174, -0.999072420225721, -0.9990098847926706, -0.9927853758582208, -0.9650771075254219, -0.9992288664708893, -0.9990742325747758, -0.9980608440638066, -0.9981397758177221, -0.9986463864270232, -0.9985537879278046, -0.9946587734543103, -0.9911671659576272, -0.9993682849556825, -0.9957424172639725, -0.8542559703348136, -0.9991514610210543, -0.8070149082475085, -0.9995896942687437, -0.9944652936896493, -0.9991686304024918, -0.9970490235382168, -0.9968052111023239, -0.9958961593275596, -0.9987611971889079, -0.9865912516571674, -0.9983983692861864, -0.9986151812464593, -0.9995527030691536, -0.5989677215378262, -0.9994727340870113, -0.9985080750068248, -0.7247754085225393, -0.9989071050310525, -0.9983015275940457, -0.8453558529768185, -0.9991763043843159, -0.8346576824646902, -0.9991823477346233, -0.9887646436339066, -0.9971124817185234, -0.9995252567810322, -0.8529924072595425, -0.6623935055761306, -0.8253825513710326, -0.9978269963861375, -0.9991769204674096, -0.9995340817760533, -0.9980903020611162, -0.9992125346602839, -0.9984442384217913, -0.9986486369103139, -0.9559569227399232, -0.9979678587787482, -0.9994704803906612, -0.9993865933227059, -0.9993884781751884, -0.9872709052061, -0.9982717322283545, -0.9995816920713227, -0.99896054657044, -0.9984470422119905, -0.8524357191057468, -0.9976798770770365],