{"L": 7, "J": 0.028328208642998804, "B": 0.14164104321499402, "K": 2, "init_state": "random computational-basis state", "energy_avg": -0.9290942105129016, "energy_std": 0.11399363918621343, "gsf_avg": 0.785518036763056, "gsf_std": 0.3839383714553054, "norm_check_samples": [0.9997109770774841, 0.9997101426124573, 0.9997113943099976, 0.9997119903564453, 0.999712347984314, 0.9997110962867737, 0.9997122883796692, 0.999711275100708, 0.9997099041938782, 0.9997113347053528, 0.9997106194496155, 0.9997103810310364, 0.9997116923332214, 0.9997110962867737, 0.999711275100708, 0.9997115731239319, 0.9997108578681946, 0.9997128248214722, 0.9997110962867737, 0.9997105598449707, 0.999712347984314, 0.9997127056121826, 0.999713122844696, 0.999710202217102, 0.999710202217102, 0.9997116923332214, 0.9997110962867737, 0.9997120499610901, 0.999710738658905, 0.9997128248214722, 0.9997118711471558, 0.9997121691703796, 0.9997105002403259, 0.999712347984314, 0.9997124075889587, 0.9997110962867737, 0.9997106194496155, 0.999710738658905, 0.9997109770774841, 0.9997121691703796, 0.9997121691703796, 0.9997130632400513, 0.999710202217102, 0.9997122287750244, 0.9997125267982483, 0.9997129440307617, 0.9997131824493408, 0.9997115731239319, 0.9997122287750244, 0.9997116327285767, 0.9997115135192871, 0.9997103214263916, 0.9997113943099976, 0.9997139573097229, 0.9997117519378662, 0.9997109770774841, 0.9997119307518005, 0.9997106194496155, 0.9997099041938782, 0.9997114539146423, 0.9997106194496155, 0.9997110962867737, 0.9997130632400513, 0.9997120499610901, 0.9997102618217468, 0.9997125267982483, 0.9997127056121826, 0.9997103214263916, 0.9997115135192871, 0.9997133016586304, 0.9997135400772095, 0.9997099041938782, 0.9997100234031677, 0.999713122844696, 0.999711811542511, 0.9997109174728394, 0.9997105598449707, 0.9997129440307617, 0.9997114539146423, 0.9997116923332214, 0.9997110366821289, 0.9997122287750244, 0.9997128844261169, 0.9997114539146423, 0.9997106194496155, 0.9997109174728394, 0.9997131824493408, 0.9997119307518005, 0.9997110366821289, 0.9997097849845886, 0.999710738658905, 0.9997120499610901, 0.9997133612632751, 0.9997120499610901, 0.9997120499610901, 0.9997140169143677, 0.9997107982635498, 0.9997099041938782, 0.9997098445892334, 0.9997117519378662, 0.9997105002403259, 0.9997099041938782, 0.9997078776359558, 0.9997074604034424, 0.9997091889381409, 0.9997087717056274, 0.9997106194496155, 0.9997097849845886, 0.999709963798523, 0.9997112154960632, 0.9997097849845886, 0.999709963798523, 0.9997087717056274, 0.9997088313102722, 0.9997085332870483, 0.999709963798523, 0.9997103214263916, 0.9997103214263916, 0.9997106194496155, 0.999709963798523, 0.9997091889381409, 0.999709963798523, 0.999708354473114, 0.9997100830078125, 0.999709963798523, 0.9997093081474304, 0.9997074604034424, 0.9997096061706543, 0.999709963798523, 0.9997104406356812, 0.9997103214263916, 0.9997103214263916, 0.9997093677520752, 0.9997090101242065, 0.9997097849845886, 0.9997090697288513, 0.9997098445892334, 0.999709963798523, 0.999709963798523, 0.9997093677520752, 0.999709963798523, 0.999709963798523, 0.9997092485427856, 0.9997087121009827, 0.9997097849845886, 0.999709963798523, 0.9997093677520752, 0.9997069835662842, 0.999709963798523, 0.999709963798523, 0.999709963798523, 0.99970942735672, 0.9997091293334961, 0.999709963798523, 0.9997100234031677, 0.999708890914917, 0.999709963798523, 0.9997087121009827, 0.9997087717056274, 0.999709963798523, 0.999709963798523, 0.9997100830078125, 0.999709963798523, 0.999710202217102, 0.9997095465660095, 0.999709963798523, 0.999709963798523, 0.9997096657752991, 0.999709963798523, 0.999709963798523, 0.9997114539146423, 0.999709963798523, 0.9997097253799438, 0.9997094869613647, 0.9997072219848633, 0.999709963798523, 0.9997099041938782, 0.99970942735672, 0.9997103214263916, 0.9997103214263916, 0.9997085928916931, 0.999709963798523, 0.9997096657752991, 0.9997111558914185, 0.9997072219848633, 0.9997087121009827, 0.9997097849845886, 0.9997079968452454, 0.999709963798523, 0.9997101426124573, 0.999709963798523, 0.9997087717056274, 0.9997081160545349, 0.9997093677520752, 0.9997085332870483, 0.9997092485427856, 0.9997096061706543, 0.999708890914917, 0.9997082948684692, 0.9997067451477051], "energy_samples": [-0.7098504438503619, -0.7371793861433953, -0.9864113380788532, -0.6791056873933435, -0.9949435995873072, -0.9172617285821855, -0.9947793181090321, -0.7100369954916871, -0.9949122804139173, -0.9949095444471519, -0.7100369954916871, -0.9949122804139173, -0.7042296201098209, -0.969036959007606, -0.988369900137105, -0.9949122804139173, -0.9949085931880624, -0.9949085931880624, -0.9947793181090321, -0.9949122804139173, -0.9949978661253518, -0.9949122804139173, -0.9705057689409085, -0.9932823074221089, -0.9949122804139173, -0.9948793943000437, -0.6939764405297398, -0.9947539407060648, -0.9949122804139173, -0.9945838471419358, -0.9935424299220708, -0.9935424299220708, -0.9704500869548027, -0.9933558443010342, -0.7100369954916871, -0.9939818053629049, -0.9907863055354161, -0.9949122804139173, -0.9949122804139173, -0.9501019217688655, -0.9949122804139173, -0.9949122804139173, -0.7028932855362472, -0.9906505815346031, -0.7100369954916871, -0.9893100947236655, -0.839720283403289, -0.6940714777293535, -0.9949122804139173, -0.9949122804139173, -0.9949122804139173, -0.9704708167562452, -0.7052044408182887, -0.9949122804139173, -0.9944741772206434, -0.9939728427519328, -0.9949122804139173, -0.6818474425402153, -0.9117184038218112, -0.9949122804139173, -0.9949122804139173, -0.9932823074221089, -0.9949122804139173, -0.9950646933576803, -0.9895028827220649, -0.9949122804139173, -0.9949122804139173, -0.9940738473942548, -0.9949122804139173, -0.9949122804139173, -0.9947507344110265, -0.9949122804139173, -0.9819016252924678, -0.7921129573681673, -0.71555245835322, -0.9949122804139173, -0.992446190382644, -0.6844716234802021, -0.9949085931880624, -0.9949085931880624, -0.9776988422915314, -0.9949122804139173, -0.9777133528270838, -0.9939661752399646, -0.8351708266354433, -0.9681950083102913, -0.7031585483659307, -0.985474872208466, -0.9949122804139173, -0.9944320155541966, -0.9949122804139173, -0.9776617805906207, -0.6932134503586966, -0.9943399667301746, -0.9783593068208789, -0.9938651215889374, -0.9928800842228398, -0.9485919633630001, -0.6997689324074368, -0.7165141979573539],