{"L": 7, "J": 0.0283282086429988, "B": 0.141641043214994, "K": 10, "init_state": "random computational-basis state", "energy_avg": -0.9838890711652231, "energy_std": 0.05062845485585178, "gsf_avg": 0.9626743409240442, "gsf_std": 0.16929892615612613, "energy_samples": [-0.9927973713543545, -0.9927973713543545, -0.9927973713543545, -0.9927973713543545, -0.9926845411634906, -0.9927973713543545, -0.9927973713543545, -0.9927973713543545, -0.9928177878576236, -0.9927973713543545, -0.9927876387241308, -0.9927973713543545, -0.9927973713543545, -0.9927973713543545, -0.9927973713543545, -0.992560072828926, -0.9927937175591323, -0.6789114668161584, -0.9927973713543545, -0.9927973713543545, -0.9927973713543545, -0.9926911136922087, -0.9927973713543545, -0.9927973713543545, -0.992560072828926, -0.9927973713543545, -0.7134351824105192, -0.9927889100908701, -0.9927388246111875, -0.9927973713543545, -0.9927973713543545, -0.9927470829313053, -0.9928009806440644, -0.9927061141537946, -0.9927973713543545, -0.9927052392128051, -0.9927973713543545, -0.9927301163525419, -0.9927973713543545, -0.9927973713543545, -0.9926208878254625, -0.9927973713543545, -0.9927973713543545, -0.9927973713543545, -0.9927973713543545, -0.9926063424399612, -0.9927973713543545, -0.9927973713543545, -0.9927973713543545, -0.9927973713543545, -0.9927973713543545, -0.9927973713543545, -0.9927973713543545, -0.9927973713543545, -0.9927973713543545, -0.9927973713543545, -0.9927973713543545, -0.9927973713543545, -0.9927973713543545, -0.9927973713543545, -0.9927973713543545, -0.9927973713543545, -0.9928112982649336, -0.9928177878576236, -0.9927973713543545, -0.9927973713543545, -0.9927973713543545, -0.9927973713543545, -0.9927973713543545, -0.9927973713543545, -0.9927973713543545, -0.9927973713543545, -0.9927973713543545, -0.9927973713543545, -0.9927973713543545, -0.9927973713543545, -0.9927061141537946, -0.9927973713543545, -0.9927973713543545, -0.9928236421721197, -0.9927973713543545, -0.9927973713543545, -0.9927973713543545, -0.9927973713543545, -0.9927973713543545, -0.9927973713543545, -0.9927973713543545, -0.9927973713543545, -0.9928156130961352, -0.9927973713543545, -0.9927973713543545, -0.9927973713543545, -0.9927916516767129, -0.9927973713543545, -0.9927973713543545, -0.9927973713543545, -0.6966690390610822, -0.9927973713543545, -0.9927803978745493, -0.9927973713543545], "gsf_samples": [0.9924721762470989, 0.9924721762470989, 0.9924721762470989, 0.9924721762470989, 0.9922989888950462, 0.9924721762470989, 0.9924721762470989, 0.9924721762470989, 0.9925058145346565, 0.9924721762470989, 0.9924620215079479, 0.9924721762470989, 0.9924721762470989, 0.9924721762470989, 0.9924721762470989, 0.9920604375595313, 0.9924740729118396, 2.4054865005396576e-31, 0.9924721762470989, 0.9924721762470989, 0.9924721762470989, 0.9923080369630157, 0.9924721762470989, 0.9924721762470989, 0.9920604375595313, 0.9924721762470989, 1.0694688981182322e-30, 0.9924670807865519, 0.9923741525687448, 0.9924721762470989, 0.9924721762470989, 0.9923939748445884, 0.9924744843315114, 0.9923214724445113, 0.9924721762470989, 0.9923119543024629, 0.9924721762470989, 0.9923628592035831, 0.9924721762470989, 0.9924721762470989, 0.9921891704944833, 0.9924721762470989, 0.9924721762470989, 0.9924721762470989, 0.9924721762470989, 0.992163244362254, 0.9924721762470989, 0.9924721762470989, 0.9924721762470989, 0.9924721762470989, 0.9924721762470989, 0.9924721762470989, 0.9924721762470989, 0.9924721762470989, 0.9924721762470989, 0.9924721762470989, 0.9924721762470989, 0.9924721762470989, 0.9924721762470989, 0.9924721762470989, 0.9924721762470989, 0.9924721762470989, 0.9924941624141324, 0.9925058145346565, 0.9924721762470989, 0.9924721762470989, 0.9924721762470989, 0.9924721762470989, 0.9924721762470989, 0.9924721762470989, 0.9924721762470989, 0.9924721762470989, 0.9924721762470989, 0.9924721762470989, 0.9924721762470989, 0.9924721762470989, 0.9923214724445113, 0.9924721762470989, 0.9924721762470989, 0.9925210455759336, 0.9924721762470989, 0.9924721762470989, 0.9924721762470989, 0.9924721762470989, 0.9924721762470989, 0.9924721762470989, 0.9924721762470989, 0.9924721762470989, 0.9925025465859753, 0.9924721762470989, 0.9924721762470989, 0.9924721762470989, 0.9924667060536828, 0.9924721762470989, 0.9924721762470989, 0.9924721762470989, 7.780756975324433e-32, 0.9924721762470989, 0.9924530992399498, 0.9924721762470989]}