{"L": 7, "J": 0.11673007904761218, "B": 0.11673007904761218, "K": 5, "init_state": "random computational-basis state", "energy_avg": -0.92954909757662, "energy_std": 0.10612775509951251, "gsf_avg": 0.7220295437570501, "gsf_std": 0.4199156374629803, "norm_check_samples": [0.9987318515777588, 0.9987185001373291, 0.9987293481826782, 0.9987317323684692, 0.9987257122993469, 0.9987338781356812, 0.9987287521362305, 0.998725414276123, 0.9987337589263916, 0.9987249970436096, 0.9987363219261169, 0.9987317323684692, 0.9987297654151917, 0.9987296462059021, 0.9987302422523499, 0.9987295269966125, 0.9987307786941528, 0.9987345337867737, 0.998727023601532, 0.998735785484314, 0.9987338185310364, 0.9987338185310364, 0.9987269043922424, 0.9987279772758484, 0.9987391829490662, 0.9987335205078125, 0.9987266063690186, 0.9987249970436096, 0.9987293481826782, 0.9987305998802185, 0.9987303614616394, 0.9987204074859619, 0.9987212419509888, 0.9987233281135559, 0.9987271428108215, 0.9987277984619141, 0.9987097978591919, 0.9987353086471558, 0.9986980557441711, 0.9987210631370544, 0.9987164735794067, 0.9987305402755737, 0.9987322092056274, 0.9987243413925171, 0.9987084865570068, 0.9987339377403259, 0.9987301826477051, 0.9987218379974365, 0.9987282156944275, 0.9987277984619141, 0.9987271428108215, 0.9987314939498901, 0.9987286329269409, 0.9987280964851379, 0.998727023601532, 0.9987327456474304, 0.9987067580223083, 0.9987212419509888, 0.9987231492996216, 0.9987297654151917, 0.9987044334411621, 0.9987279772758484, 0.9987276792526245, 0.9987248778343201, 0.9987306594848633, 0.9987356066703796, 0.9986993074417114, 0.9987103939056396, 0.9987303018569946, 0.9987073540687561, 0.9987269639968872, 0.9987229108810425, 0.9987157583236694, 0.9987327456474304, 0.9987247586250305, 0.9987191557884216, 0.9987275004386902, 0.9987172484397888, 0.9987304210662842, 0.99872887134552, 0.9987252354621887, 0.9987289309501648, 0.998733639717102, 0.9987232685089111, 0.9987237453460693, 0.9987253546714783, 0.9987303614616394, 0.9987290501594543, 0.9987093806266785, 0.998727023601532, 0.9987152814865112, 0.9987244009971619, 0.9987024664878845, 0.9987152814865112, 0.9987223148345947, 0.9987270832061768, 0.9987248778343201, 0.998729407787323, 0.9987174272537231, 0.9987221956253052, 0.9987297058105469, 0.9987273216247559, 0.9987252354621887, 0.9987272620201111, 0.998710572719574, 0.998725414276123, 0.9987311363220215, 0.998728334903717, 0.9987243413925171, 0.9987244606018066, 0.9987213611602783, 0.9987215399742126, 0.9987308382987976, 0.998734176158905, 0.9987117648124695, 0.9987392425537109, 0.998726487159729, 0.9987300634384155, 0.9987289309501648, 0.998727023601532, 0.9987143874168396, 0.9987441897392273, 0.998724102973938, 0.998725950717926, 0.9987228512763977, 0.9987398982048035, 0.9987020492553711, 0.99873286485672, 0.9987273216247559, 0.9987325072288513, 0.9987238049507141, 0.9987318515777588, 0.998733639717102, 0.9987106919288635, 0.9987084865570068, 0.9987196326255798, 0.9987321496009827, 0.9987316727638245, 0.9986868500709534, 0.9987155795097351, 0.998724102973938, 0.9987293481826782, 0.9987279772758484, 0.9987415075302124, 0.9987272024154663, 0.9987378716468811, 0.9987338781356812, 0.9987290501594543, 0.9987321496009827, 0.998712420463562, 0.9987241625785828, 0.9987038969993591, 0.9987326264381409, 0.9987300634384155, 0.998735785484314, 0.9987332820892334, 0.998711884021759, 0.9987283945083618, 0.9987283945083618, 0.9987172484397888, 0.9987300038337708, 0.9987298846244812, 0.9987296462059021, 0.9987303018569946, 0.9987287521362305, 0.9987174272537231, 0.9987297058105469, 0.9987285137176514, 0.9987283945083618, 0.9987297654151917, 0.9987356066703796, 0.9987236261367798, 0.9987288117408752, 0.9987268447875977, 0.9987363815307617, 0.9987377524375916, 0.9987273812294006, 0.9987178444862366, 0.9987288117408752, 0.998726487159729, 0.9987267851829529, 0.9987263679504395, 0.9987285733222961, 0.9987209439277649, 0.9987323880195618, 0.9987255930900574, 0.9987298846244812, 0.9987224340438843, 0.9987327456474304, 0.998720109462738, 0.9987262487411499, 0.9987325072288513, 0.9987112879753113, 0.998733401298523, 0.9987279772758484, 0.998727560043335, 0.9987300634384155, 0.9987016320228577, 0.9987408518791199, 0.9987369179725647], "energy_samples": [-0.994996788349847, -0.9826638187013523, -0.9977167027155993, -0.9797520133933045, -0.7248744362863425, -0.7087049347287383, -0.8465163218736843, -0.9232535834830777, -0.9909890911274304, -0.9976742448415878, -0.9832329240388293, -0.8469096049407444, -0.9961545096067642, -0.9972509319583232, -0.6003445929198203, -0.9977332112795022, -0.9934431694369406, -0.9967668833489274, -0.9977056439435423, -0.9392087939688187, -0.9208417988734621, -0.9904583881184512, -0.977264680610957, -0.9967554362973321, -0.9298443709736517, -0.8392181066439842, -0.7099095457668025, -0.9976338002601003, -0.9977071514958746, -0.9939587759290422, -0.9552299594559623, -0.9905959187978262, -0.8940581437175247, -0.8236775193850866, -0.7721864883436735, -0.959131673802039, -0.997732375954493, -0.9869782989212315, -0.7320269425949095, -0.7356071665011348, -0.6902087850411095, -0.97925724243956, -0.9976913901934686, -0.9972369646577672, -0.9921647363025216, -0.9974455087069934, -0.8264689081074403, -0.9977287722288871, -0.952349693168253, -0.681622524170132, -0.9958370993849761, -0.6605016587431367, -0.8220861527307372, -0.8002807425350404, -0.9972553779163991, -0.9970616498920621, -0.6622032262637548, -0.9977240375259471, -0.9977240375259471, -0.9713968909744441, -0.9967717765174142, -0.9976811852723155, -0.9976875587665083, -0.9890877883603486, -0.9914932484469224, -0.9453553566015028, -0.9973374877730511, -0.9948997358330082, -0.9977240375259471, -0.9977006134073191, -0.9978489209997964, -0.9508519171287405, -0.9975527976861124, -0.9928414512408757, -0.996803467362712, -0.9975333281098342, -0.997726763133379, -0.8682228296783704, -0.9976643994130946, -0.9497001264512945, -0.9974437328627853, -0.9889422919843528, -0.7177453083045382, -0.7021925991722904, -0.9948108163703776, -0.8313373546950135, -0.9978218936192336, -0.9934643595188372, -0.9978038835902409, -0.9935445569291023, -0.9977221002703375, -0.9977416836706103, -0.8175778130716778, -0.9891045586168434, -0.9977018542196332, -0.8757764720745577, -0.9932631156779231, -0.7185317364275828, -0.9958406916966074, -0.9931040032856119],