{"L": 8, "J": 0.14083900003351849, "B": 0.028167800006703696, "K": 5, "init_state": "random computational-basis state", "energy_avg": -0.8880602187205454, "energy_std": 0.15219740883344496, "gsf_avg": 0.7217895979333224, "gsf_std": 0.3595711279303792, "norm_check_samples": [1.0001544952392578, 1.0001708269119263, 1.0002026557922363, 1.0001270771026611, 1.0001413822174072, 1.0001769065856934, 1.0001518726348877, 1.0001477003097534, 1.0001784563064575, 1.0001736879348755, 1.0001530647277832, 1.0001614093780518, 1.0001795291900635, 1.000171184539795, 1.000173807144165, 1.0001699924468994, 1.000191569328308, 1.0001237392425537, 1.0001497268676758, 1.0001895427703857, 1.0001429319381714, 1.0001425743103027, 1.00016450881958, 1.0001702308654785, 1.0001776218414307, 1.0001983642578125, 1.0001569986343384, 1.0001609325408936, 1.0001544952392578, 1.0001609325408936, 1.0001695156097412, 1.0001745223999023, 1.0001400709152222, 1.000179409980774, 1.0001336336135864, 1.0001368522644043, 1.0001161098480225, 1.0001522302627563, 1.0001741647720337, 1.000142216682434, 1.0001626014709473, 1.0001968145370483, 1.0001479387283325, 1.000148892402649, 1.0001628398895264, 1.000171422958374, 1.000154972076416, 1.0001370906829834, 1.0001895427703857, 1.0001575946807861, 1.0001589059829712, 1.000156044960022, 1.0001599788665771, 1.000214695930481, 1.000183343887329, 1.0001522302627563, 1.0001709461212158, 1.0001591444015503, 1.0001699924468994, 1.000130295753479, 1.0001848936080933, 1.000169038772583, 1.000160574913025, 1.0001789331436157, 1.0001674890518188, 1.0001360177993774, 1.00016450881958, 1.000167965888977, 1.0001821517944336, 1.0001425743103027, 1.0001808404922485, 1.0001435279846191, 1.0001524686813354, 1.0001420974731445, 1.0002127885818481, 1.000193476676941, 1.0001683235168457, 1.0001715421676636, 1.0001463890075684, 1.0001429319381714, 1.000190019607544, 1.0001779794692993, 1.0002217292785645, 1.0001177787780762, 1.0001754760742188, 1.0001524686813354, 1.000152587890625, 1.0001235008239746, 1.000168800354004, 1.0001471042633057, 1.0001932382583618, 1.0001614093780518, 1.0001767873764038, 1.0001455545425415, 1.000185251235962, 1.0001834630966187, 1.0001531839370728, 1.000146508216858, 1.000145673751831, 1.0001435279846191, 1.0001451969146729, 1.0001795291900635, 1.0001901388168335, 1.0001777410507202, 1.0001720190048218, 1.0001226663589478, 1.0001810789108276, 1.0002415180206299, 1.0002180337905884, 1.000174880027771, 1.0001499652862549, 1.0001826286315918, 1.0002236366271973, 1.0001647472381592, 1.0001842975616455, 1.0001702308654785, 1.000186562538147, 1.0001795291900635, 1.0001916885375977, 1.000187635421753, 1.0001647472381592, 1.0001486539840698, 1.0001412630081177, 1.000212550163269, 1.0001871585845947, 1.0001658201217651, 1.000180721282959, 1.0002195835113525, 1.0002127885818481, 1.0001540184020996, 1.0001709461212158, 1.0001673698425293, 1.0001503229141235, 1.0001823902130127, 1.0001726150512695, 1.000196099281311, 1.0001564025878906, 1.0001723766326904, 1.000174641609192, 1.0001623630523682, 1.0001983642578125, 1.0001426935195923, 1.0001801252365112, 1.0002310276031494, 1.0001643896102905, 1.0002025365829468, 1.0001819133758545, 1.0002031326293945, 1.0001773834228516, 1.0001529455184937, 1.0001834630966187, 1.0001657009124756, 1.0001652240753174, 1.0001451969146729, 1.0002213716506958, 1.0001752376556396, 1.0001869201660156, 1.000180959701538, 1.000183343887329, 1.0001814365386963, 1.0001792907714844, 1.0001806020736694, 1.0001873970031738, 1.000181794166565, 1.0001709461212158, 1.0002098083496094, 1.0001716613769531, 1.0001921653747559, 1.0001522302627563, 1.000179409980774, 1.000177264213562, 1.0001541376113892, 1.000173807144165, 1.000173568725586, 1.000174641609192, 1.0001777410507202, 1.0001800060272217, 1.000200629234314, 1.0001834630966187, 1.0001754760742188, 1.000215768814087, 1.0001804828643799, 1.0001887083053589, 1.0001839399337769, 1.0001709461212158, 1.00015127658844, 1.000174880027771, 1.0002130270004272, 1.0001803636550903, 1.0001424551010132, 1.0001821517944336, 1.0001689195632935, 1.0001769065856934, 1.0001853704452515, 1.0001676082611084, 1.0001459121704102, 1.0001733303070068, 1.0001851320266724, 1.0002080202102661, 1.0001938343048096], "energy_samples": [-0.9027188884296723, -0.992311013485329, -0.9902886963662952, -0.7764401558546, -0.9941527981981132, -0.9855964068408766, -0.9933099350386086, -0.6493973017318494, -0.8643408024717166, -0.9874634303543418, -0.991891718649384, -0.9628034087247055, -0.6307881045332445, -0.992918055494351, -0.9939876610444427, -0.9930161466019851, -0.5774857984954693, -0.992311013485329, -0.9918989047289687, -0.6870410365129216, -0.9124339481116921, -0.46894017818379824, -0.982497589106345, -0.6785110006118955, -0.9901074493238174, -0.9889899035056554, -0.4903346525539825, -0.6758255088440291, -0.6770570451356541, -0.9866937077349671, -0.9810726452235575, -0.8333782099894869, -0.9164468386519857, -0.7344541391247406, -0.7845206902049734, -0.9925234554449168, -0.948651431987436, -0.9948156371024306, -0.9911034438810531, -0.9871401692771455, -0.9921573505135739, -0.9790417902108631, -0.459712239465126, -0.7154259357051772, -0.9946530371283946, -0.7969308875249318, -0.9930998450894392, -0.7811065044417577, -0.6331842921710985, -0.9009058220849994, -0.9927078106511708, -0.9839127308382849, -0.9323577220870372, -0.7514324336377322, -0.4541152804294038, -0.9929616391382935, -0.9926608890666607, -0.9932903792722624, -0.9908705753093975, -0.9921588750422168, -0.9924814777136663, -0.9919836100599233, -0.7521576228538124, -0.994732538192571, -0.9901338386153623, -0.9277843154426177, -0.9561350468241846, -0.9944747743453457, -0.9687223253200569, -0.7986955210407886, -0.9928536702711118, -0.9848210247900894, -0.9330690802030983, -0.992777303434904, -0.9932502921084412, -0.9928165553308889, -0.9919502284654164, -0.7328657258190571, -0.9927790350564585, -0.9913673680741646, -0.6075004671498025, -0.7337284947391356, -0.6696360637363902, -0.8264193257434805, -0.9919485375224636, -0.688412730471172, -0.9935252524440793, -0.4880038188005175, -0.9914286662047743, -0.9802466255380194, -0.9926614821680986, -0.9923244856396415, -0.9685184136861389, -0.9834791772894883, -0.9383157651068469, -0.9735129893283453, -0.9920622513549325, -0.9942508305040364, -0.7873571317329119, -0.9584930480826951],