{"L": 8, "J": 0.10164717780328576, "B": 0.10164717780328576, "K": 2, "init_state": "random computational-basis state", "energy_avg": -0.6111081740792709, "energy_std": 0.14642025425436464, "gsf_avg": 0.13518492805208285, "gsf_std": 0.2253565719449613, "norm_check_samples": [0.9992024302482605, 0.9991991519927979, 0.9992006421089172, 0.9991999268531799, 0.999199390411377, 0.9992033839225769, 0.9992000460624695, 0.9991987347602844, 0.9992005228996277, 0.9992019534111023, 0.9992009401321411, 0.9992006421089172, 0.999198853969574, 0.9992033243179321, 0.9992013573646545, 0.9991998076438904, 0.9992030262947083, 0.999199628829956, 0.999200165271759, 0.9992031455039978, 0.9992005228996277, 0.9991994500160217, 0.9992016553878784, 0.9992002844810486, 0.9992009997367859, 0.9991998076438904, 0.999198853969574, 0.9992011785507202, 0.9992003440856934, 0.999202311038971, 0.9991986155509949, 0.9992014169692993, 0.9992018938064575, 0.9991999864578247, 0.9992005228996277, 0.999203622341156, 0.9992010593414307, 0.9992012977600098, 0.9992038607597351, 0.9991994500160217, 0.9992009997367859, 0.9992008805274963, 0.9992008805274963, 0.999202311038971, 0.9991974830627441, 0.9992008805274963, 0.9992015957832336, 0.9992026090621948, 0.9992007613182068, 0.9992015361785889, 0.999200701713562, 0.9992008209228516, 0.9992047548294067, 0.9992020130157471, 0.9991995096206665, 0.9992011189460754, 0.9992022514343262, 0.9991992712020874, 0.9992002248764038, 0.9992024302482605, 0.9992043375968933, 0.9991992115974426, 0.9992020130157471, 0.9992005825042725, 0.9992020130157471, 0.9992011785507202, 0.9992027282714844, 0.9992010593414307, 0.999200701713562, 0.9992018938064575, 0.9992009997367859, 0.9991990923881531, 0.999200165271759, 0.9991995692253113, 0.9992002248764038, 0.9992014765739441, 0.9991989731788635, 0.9991995692253113, 0.9991998076438904, 0.999202311038971, 0.9992011785507202, 0.9991980195045471, 0.9991993308067322, 0.9992003440856934, 0.999202311038971, 0.9992005825042725, 0.9991990923881531, 0.9992024898529053, 0.9992008805274963, 0.9992019534111023, 0.9991981387138367, 0.9992021322250366, 0.9992003440856934, 0.9992010593414307, 0.9992003440856934, 0.9991995096206665, 0.999200701713562, 0.9991978406906128, 0.9992007613182068, 0.9992015361785889, 0.9992050528526306, 0.9992008805274963, 0.9991998076438904, 0.9992011189460754, 0.999200701713562, 0.9992027282714844, 0.9991999864578247, 0.9991980791091919, 0.999203622341156, 0.9992008805274963, 0.9992035031318665, 0.9991995096206665, 0.9992035031318665, 0.9991996884346008, 0.9992020130157471, 0.9992005228996277, 0.9991985559463501, 0.9992007613182068, 0.9992054104804993, 0.9991966485977173, 0.9991993308067322, 0.9992001056671143, 0.9991976618766785, 0.9991998672485352, 0.9992039799690247, 0.9992015361785889, 0.999199628829956, 0.9992008805274963, 0.9991998672485352, 0.9992020130157471, 0.9992001056671143, 0.9992027878761292, 0.9992011785507202, 0.9992024302482605, 0.9991998076438904, 0.9992002248764038, 0.9992039203643799, 0.9992006421089172, 0.9992037415504456, 0.9992079138755798, 0.99920254945755, 0.9992027282714844, 0.9992023706436157, 0.9992008209228516, 0.9991989135742188, 0.9992032647132874, 0.9992018342018127, 0.9992002844810486, 0.9992009401321411, 0.9992016553878784, 0.9992007613182068, 0.9992011785507202, 0.999203085899353, 0.9992018342018127, 0.9992004036903381, 0.9992012977600098, 0.9991989135742188, 0.9991998076438904, 0.999198317527771, 0.9992014169692993, 0.999203085899353, 0.9992023706436157, 0.9992011189460754, 0.999203085899353, 0.9991986155509949, 0.9992014169692993, 0.9992003440856934, 0.9992007613182068, 0.9992013573646545, 0.9992024302482605, 0.9991978406906128, 0.9992036819458008, 0.9992006421089172, 0.9992014765739441, 0.999199628829956, 0.9992016553878784, 0.9992027878761292, 0.9992005825042725, 0.9992014169692993, 0.9992002844810486, 0.9992026090621948, 0.999197781085968, 0.9991993308067322, 0.9991975426673889, 0.9992008805274963, 0.9991992115974426, 0.999201774597168, 0.9992026686668396, 0.9992035627365112, 0.9991998076438904, 0.9992016553878784, 0.9991990327835083, 0.9992045164108276, 0.9992022514343262, 0.9992027282714844, 0.9992004632949829, 0.9992038607597351, 0.9992017149925232, 0.9992006421089172, 0.9992007613182068], "energy_samples": [-0.7173744741776676, -0.3852173886611333, -0.6853119557403459, -0.7448978882416563, -0.6444121933934942, -0.6374337625570694, -0.9163811326669972, -0.35005544916734865, -0.8945371052647011, -0.5497471791075936, -0.6515388350590826, -0.43324524173702345, -0.6392331677962314, -0.4760447457079166, -0.5666193610161481, -0.3670805494354585, -0.35626054413786906, -0.39241360659836655, -0.8748229051019563, -0.3725548953477556, -0.5140607014208315, -0.5927112734808261, -0.5532723153990557, -0.48821006702220365, -0.7222557699510258, -0.6523750886814822, -0.7477232197708632, -0.6793600829666828, -0.6058200345191448, -0.5668631796460506, -0.4918170410389283, -0.6391575065634436, -0.5974410979779547, -0.5201578774296355, -0.5061750543878073, -0.5702800441832007, -0.8502970175882816, -0.6883478600878566, -0.8009221008166937, -0.8636626686139842, -0.5199092503369768, -0.5811397262878003, -0.5289447537932336, -0.44605542854356395, -0.3785256005203954, -0.7297599677707578, -0.6189906862972332, -0.5083905291721684, -0.4839946808094702, -0.48889780019876905, -0.5311614475153987, -0.5220348790623253, -0.8810823045007061, -0.6206741575979896, -0.6662297446326545, -0.49355051638913955, -0.5941277388935303, -0.555197717809132, -0.6457699739469221, -0.6764327819265967, -0.5501010317310471, -0.5103399018562921, -0.4322596925650753, -0.9477607317678727, -0.5806070054856405, -0.7053094011566509, -0.9686651679391258, -0.7265308303074173, -0.9538298823482269, -0.7644106662322409, -0.4387842663560657, -0.812305124655519, -0.6167630518490722, -0.4974522893974597, -0.49991473444151385, -0.6090491521433248, -0.7505537115763466, -0.6694251385047915, -0.7061502143048869, -0.6760655583899254, -0.5822098486858821, -0.6181526488160138, -0.2973167283065403, -0.32055416772220735, -0.5466674898451827, -0.4954579818603258, -0.727566077781479, -0.734603633949294, -0.6663304767787757, -0.5372966296969683, -0.5843495805343377, -0.6189880997804613, -0.6028246255338559, -0.7486687053314682, -0.5031339701753131, -0.7051712109523187, -0.5699261917952405, -0.8589072419741899, -0.5947183931618318, -0.6047340837703759],