{"L": 8, "J": 0.10164717780328576, "B": 0.10164717780328576, "K": 3, "init_state": "random computational-basis state", "energy_avg": -0.8124502925915159, "energy_std": 0.1635878222058045, "gsf_avg": 0.43671146495323687, "gsf_std": 0.4469323211449089, "norm_check_samples": [1.0007091760635376, 1.000715732574463, 1.0007147789001465, 1.0007072687149048, 1.0007128715515137, 1.000707983970642, 1.0007117986679077, 1.000717282295227, 1.000709891319275, 1.0007320642471313, 1.0007307529449463, 1.0006991624832153, 1.0007303953170776, 1.000720739364624, 1.000720500946045, 1.0007296800613403, 1.00071382522583, 1.0007145404815674, 1.0007057189941406, 1.000718116760254, 1.000718355178833, 1.0007030963897705, 1.0007007122039795, 1.0007200241088867, 1.0007107257843018, 1.000705361366272, 1.0007160902023315, 1.000713586807251, 1.0007188320159912, 1.0007175207138062, 1.0007060766220093, 1.0007048845291138, 1.0007106065750122, 1.0007133483886719, 1.0007011890411377, 1.000711441040039, 1.000705599784851, 1.00070321559906, 1.0007060766220093, 1.000712513923645, 1.0007166862487793, 1.0007104873657227, 1.0007246732711792, 1.0007129907608032, 1.0007034540176392, 1.0007160902023315, 1.0007221698760986, 1.000707745552063, 1.0007060766220093, 1.0007116794586182, 1.0007151365280151, 1.0007143020629883, 1.0007113218307495, 1.000730037689209, 1.0007033348083496, 1.0007166862487793, 1.0007132291793823, 1.0007165670394897, 1.0007250308990479, 1.000725269317627, 1.000714898109436, 1.0007036924362183, 1.0007115602493286, 1.000704050064087, 1.0006999969482422, 1.0007076263427734, 1.0007033348083496, 1.0007147789001465, 1.000717282295227, 1.0007247924804688, 1.0007092952728271, 1.000710368156433, 1.0007104873657227, 1.00070059299469, 1.0007176399230957, 1.0007274150848389, 1.0007070302963257, 1.0007071495056152, 1.0007275342941284, 1.0007303953170776, 1.000705361366272, 1.000715970993042, 1.0007102489471436, 1.0007070302963257, 1.0007078647613525, 1.0007126331329346, 1.000700831413269, 1.0007065534591675, 1.0007174015045166, 1.000709891319275, 1.0006965398788452, 1.0007065534591675, 1.000710368156433, 1.0007168054580688, 1.0007152557373047, 1.0007071495056152, 1.0007224082946777, 1.000699520111084, 1.000716209411621, 1.0007129907608032, 1.00072181224823, 1.0007083415985107, 1.0007033348083496, 1.0007107257843018, 1.0007127523422241, 1.0007092952728271, 1.000705599784851, 1.0007346868515015, 1.000709891319275, 1.000717282295227, 1.0007330179214478, 1.0007054805755615, 1.00070059299469, 1.0007058382034302, 1.0007237195968628, 1.0007004737854004, 1.000719666481018, 1.0007191896438599, 1.0007051229476929, 1.000707745552063, 1.0007214546203613, 1.000706672668457, 1.0007216930389404, 1.0006954669952393, 1.0007132291793823, 1.0007212162017822, 1.000705361366272, 1.000710368156433, 1.000706672668457, 1.0007140636444092, 1.0007199048995972, 1.0007370710372925, 1.000727653503418, 1.0007085800170898, 1.0007076263427734, 1.0007131099700928, 1.0007166862487793, 1.000720739364624, 1.000714659690857, 1.0007147789001465, 1.0007123947143555, 1.0007041692733765, 1.0007175207138062, 1.000740885734558, 1.0007226467132568, 1.00070321559906, 1.0007201433181763, 1.00070321559906, 1.0007009506225586, 1.0007117986679077, 1.0007030963897705, 1.0006991624832153, 1.000727653503418, 1.00071382522583, 1.000718116760254, 1.0007065534591675, 1.0007131099700928, 1.0007045269012451, 1.000726580619812, 1.0007174015045166, 1.0007187128067017, 1.0007156133651733, 1.0007086992263794, 1.0007020235061646, 1.0007036924362183, 1.0007061958312988, 1.0007061958312988, 1.000702977180481, 1.0007073879241943, 1.000707745552063, 1.0007023811340332, 1.0007349252700806, 1.0006988048553467, 1.0007266998291016, 1.0007046461105347, 1.0007033348083496, 1.000709891319275, 1.0007199048995972, 1.000706672668457, 1.000722050666809, 1.0006998777389526, 1.000707983970642, 1.0007054805755615, 1.0007017850875854, 1.0007257461547852, 1.00070321559906, 1.0007156133651733, 1.0007081031799316, 1.0007147789001465, 1.0007069110870361, 1.0006985664367676, 1.0007256269454956, 1.0007143020629883, 1.000699758529663, 1.0007095336914062, 1.0007307529449463, 1.000714659690857, 1.0007224082946777, 1.000722885131836, 1.000701904296875], "energy_samples": [-0.5676576652896957, -0.6644899240564488, -0.9905177621246171, -0.8375628625519873, -0.6916785446020968, -0.9765033476149261, -0.9859072239994728, -0.6929591254741072, -0.9727869681846188, -0.9177612386870552, -0.495669787719952, -0.9854154910956022, -0.8390385246309549, -0.8472611883020281, -0.604096834201858, -0.97752905771376, -0.6186125842927601, -0.5734814541093095, -0.950699116588389, -0.8402843793149897, -0.649128772284454, -0.9498267487548357, -0.6078345471382264, -0.9919382346385901, -0.780658790747034, -0.6179462197113598, -0.9759430023931074, -0.9781134397779668, -0.591455590978011, -0.8120087154432892, -0.9200893869476658, -0.6311992121398301, -0.8103115344331244, -0.7371377376339483, -0.991823373715895, -0.8736257848652926, -0.788483908284001, -0.6607192802721762, -0.8736129299199137, -0.7334856785136404, -0.9654082066176077, -0.9900890782440902, -0.7605724096978084, -0.4769942622063586, -0.7732490032466921, -0.9846235973638334, -0.779509157558008, -0.873364900265353, -0.9839688321594785, -0.8068345345891258, -0.9914620073053186, -0.9862193972895905, -0.5178205036056645, -0.7941551335616621, -0.7807251836975739, -0.9591990646738577, -0.9602331512120144, -0.9784898371299784, -0.5319371098409126, -0.6026891027804396, -0.6363018139610549, -0.9154876204539675, -0.680689957619234, -0.9704537065612194, -0.9796974426791685, -0.9769899386833256, -0.9912612503456495, -0.7399441620592139, -0.7852174004065582, -0.8036022996425388, -0.9879080792810939, -0.4423504102860186, -0.9921763236287721, -0.6565569388246442, -0.9666218011301757, -0.7526447589543577, -0.8517560372892873, -0.7547978877466222, -0.9907244549260951, -0.5895591146948497, -0.9794208601300679, -0.9678325763848412, -0.9879332822481238, -0.9939531322426853, -0.5095032729478308, -0.9874042655422789, -0.8049617177541696, -0.772007259046116, -0.8030288028970876, -0.9906026875780573, -0.9942590296544116, -0.5270733569689489, -0.851751627293516, -0.9907860946325396, -0.7406200580115841, -0.5803364522053761, -0.6612842466600835, -0.552260762621106, -0.5962270906178596, -0.9862408423487086],