{"L": 8, "J": 0.02478276127298553, "B": 0.12391380636492764, "K": 2, "init_state": "random computational-basis state", "energy_avg": -0.9161798357124096, "energy_std": 0.11491278139249458, "gsf_avg": 0.711516197504274, "gsf_std": 0.4282277936335682, "norm_check_samples": [1.000814437866211, 1.0008128881454468, 1.000815749168396, 1.0008095502853394, 1.0008171796798706, 1.000815987586975, 1.0008106231689453, 1.000817060470581, 1.0008152723312378, 1.0008111000061035, 1.000813364982605, 1.0008167028427124, 1.0008103847503662, 1.000815987586975, 1.0008176565170288, 1.000818133354187, 1.0008156299591064, 1.0008186101913452, 1.0008175373077393, 1.00081467628479, 1.0008221864700317, 1.0008175373077393, 1.0008150339126587, 1.0008199214935303, 1.000815510749817, 1.000818133354187, 1.0008183717727661, 1.0008137226104736, 1.0008162260055542, 1.0008184909820557, 1.0008175373077393, 1.0008172988891602, 1.0008124113082886, 1.0008169412612915, 1.0008167028427124, 1.000818133354187, 1.0008196830749512, 1.0008167028427124, 1.0008183717727661, 1.0008174180984497, 1.0008211135864258, 1.0008172988891602, 1.0008145570755005, 1.000816822052002, 1.0008183717727661, 1.0008171796798706, 1.0008180141448975, 1.000815987586975, 1.000817894935608, 1.000815987586975, 1.0008158683776855, 1.0008126497268677, 1.0008164644241333, 1.0008165836334229, 1.000815749168396, 1.0008165836334229, 1.0008172988891602, 1.0008176565170288, 1.0008163452148438, 1.0008162260055542, 1.000816822052002, 1.0008184909820557, 1.0008156299591064, 1.0008169412612915, 1.0008171796798706, 1.000815987586975, 1.0008105039596558, 1.0008165836334229, 1.0008139610290527, 1.00081205368042, 1.000815987586975, 1.000818133354187, 1.0008165836334229, 1.0008145570755005, 1.0008150339126587, 1.0008149147033691, 1.0008152723312378, 1.0008163452148438, 1.000814437866211, 1.0008184909820557, 1.0008114576339722, 1.0008169412612915, 1.000815987586975, 1.0008141994476318, 1.0008175373077393, 1.000812292098999, 1.0008156299591064, 1.000818133354187, 1.000815510749817, 1.0008171796798706, 1.0008174180984497, 1.0008162260055542, 1.000815749168396, 1.0008176565170288, 1.0008175373077393, 1.000816822052002, 1.0008094310760498, 1.0008189678192139, 1.000815987586975, 1.000818133354187, 1.0008145570755005, 1.0008156299591064, 1.00081467628479, 1.0008143186569214, 1.0008151531219482, 1.0008153915405273, 1.0008176565170288, 1.00081467628479, 1.0008145570755005, 1.0008145570755005, 1.000815510749817, 1.0008149147033691, 1.0008141994476318, 1.0008138418197632, 1.0008176565170288, 1.0008151531219482, 1.0008141994476318, 1.00081467628479, 1.0008153915405273, 1.0008145570755005, 1.0008161067962646, 1.000817894935608, 1.00081467628479, 1.000814437866211, 1.0008171796798706, 1.0008156299591064, 1.0008141994476318, 1.0008151531219482, 1.0008174180984497, 1.000819444656372, 1.0008165836334229, 1.0008141994476318, 1.0008151531219482, 1.0008139610290527, 1.0008150339126587, 1.000815510749817, 1.00081467628479, 1.0008141994476318, 1.0008145570755005, 1.00081467628479, 1.000815510749817, 1.0008172988891602, 1.0008161067962646, 1.0008156299591064, 1.0008141994476318, 1.0008162260055542, 1.0008149147033691, 1.00081467628479, 1.0008147954940796, 1.000815749168396, 1.000815987586975, 1.0008156299591064, 1.000819206237793, 1.0008151531219482, 1.0008153915405273, 1.00081467628479, 1.0008163452148438, 1.0008172988891602, 1.0008145570755005, 1.0008174180984497, 1.0008145570755005, 1.00081467628479, 1.0008151531219482, 1.0008172988891602, 1.00081467628479, 1.0008143186569214, 1.000815749168396, 1.000816822052002, 1.0008174180984497, 1.00081467628479, 1.0008139610290527, 1.0008149147033691, 1.000815749168396, 1.0008143186569214, 1.0008140802383423, 1.00081467628479, 1.000815987586975, 1.0008143186569214, 1.0008145570755005, 1.0008183717727661, 1.0008180141448975, 1.00081467628479, 1.000815987586975, 1.0008156299591064, 1.0008169412612915, 1.00081467628479, 1.0008211135864258, 1.0008156299591064, 1.000816822052002, 1.0008161067962646, 1.00081467628479, 1.0008152723312378, 1.00081467628479, 1.0008147954940796, 1.000814437866211, 1.0008150339126587, 1.0008149147033691, 1.00081467628479, 1.0008141994476318, 1.0008156299591064], "energy_samples": [-0.9894663522686623, -0.7333621517793977, -0.9924348944245549, -0.9713709729116208, -0.9909371353702728, -0.9924995849188597, -0.9865666523262929, -0.9924348944245549, -0.9894663522686623, -0.9909745734407105, -0.992463535176077, -0.7421703134522439, -0.9758241756067481, -0.9901622986738806, -0.9666484475902503, -0.9909371353702728, -0.9758241756067481, -0.9924348944245549, -0.7510216276965732, -0.975288897205645, -0.9923481430477559, -0.9913634513625676, -0.9924348944245549, -0.691368048162472, -0.7298000062814823, -0.740736131818772, -0.991950925765732, -0.9537396424560254, -0.991573741699737, -0.7262796994680565, -0.9918314349520025, -0.7241813771797943, -0.9928545711947434, -0.7538191845896094, -0.7357210705910993, -0.9923628893194206, -0.7285845065813318, -0.992472512847186, -0.992862797274465, -0.9924348944245549, -0.7359376756252783, -0.9926239575647865, -0.7255867093870099, -0.9926999198091099, -0.992472512847186, -0.7334624630603723, -0.9935558877617383, -0.9924348944245549, -0.7445694256334334, -0.9892557049230899, -0.7278290862607626, -0.9924757629062079, -0.9862168893782332, -0.9909371353702728, -0.9413365654790424, -0.9924348944245549, -0.9911471558116098, -0.9692442483416408, -0.993489437294218, -0.9908019443218029, -0.992862797274465, -0.9924348944245549, -0.7352170694633959, -0.9917369202610772, -0.9924348944245549, -0.9176135782686977, -0.9922400844376613, -0.9843172003095203, -0.7331899348543367, -0.9924348944245549, -0.7236830633639857, -0.7421703134522439, -0.7326951921492257, -0.9922291479155911, -0.975321252470984, -0.9924348944245549, -0.9902056769001137, -0.9922291479155911, -0.7407259823901662, -0.7419413581853158, -0.987577165743584, -0.9924348944245549, -0.9868023972497321, -0.7220666350435969, -0.9909325157049773, -0.9924348944245549, -0.7464713223419056, -0.9923264608758147, -0.6986004703564334, -0.9923481430477559, -0.9924348944245549, -0.738907715611596, -0.9924348944245549, -0.7445694256334334, -0.991312939331687, -0.9895984442093756, -0.9923785210132967, -0.9924348944245549, -0.991950925765732, -0.9923264608758147],