{"L": 9, "J": 0.022026065406621664, "B": 0.11013032703310832, "K": 10, "init_state": "random computational-basis state", "energy_avg": -0.9909243854245705, "energy_std": 0.0469664078701685, "gsf_avg": 0.9598891393846769, "gsf_std": 0.19598053248204758, "energy_samples": [-1.0007920874211567, -1.0007259781694424, -1.0007990687673858, -1.0007920874211567, -1.0007920874211567, -1.0007920874211567, -1.0007920874211567, -1.000695110565198, -1.0007816554935203, -1.0007920874211567, -1.0007920874211567, -1.0007920874211567, -0.7682200800247934, -1.0007920874211567, -1.0007920874211567, -1.0007920874211567, -1.0007920874211567, -1.0007735245769063, -1.0007920874211567, -1.0005105237313123, -1.0007763957202176, -1.0007920874211567, -1.0007259781694424, -1.0007920874211567, -1.0007920874211567, -1.0008057720311707, -1.0007920874211567, -1.0007454557424176, -1.0007920874211567, -1.0007920874211567, -1.0007920874211567, -1.0007920874211567, -1.0007920874211567, -1.0007920874211567, -1.0007920874211567, -1.000677064935282, -1.0007920874211567, -1.0006472770706716, -1.0007421226411126, -1.0007920874211567, -1.0007920874211567, -1.000780892901896, -1.0007920874211567, -1.0007920874211567, -1.0007920874211567, -0.9998441058868547, -1.000592775345529, -1.0007920874211567, -1.0007920874211567, -1.0007920874211567, -0.9951017318721624, -0.7566325732517052, -1.0008084753537263, -1.0007699286263407, -1.0007920874211567, -1.0007719258142946, -1.0007920874211567, -1.0007920874211567, -1.0007920874211567, -1.0007920874211567, -1.0007532925046736, -1.0007259781694424, -1.0008003843253763, -1.0005098200990996, -1.0007920874211567, -1.0007920874211567, -1.0007920874211567, -1.0008011413814155, -1.0007920874211567, -1.0007906743551838, -1.0007906743551838, -1.0007673939094976, -1.0007851817971762, -0.761313394321868, -1.0007920874211567, -1.000768812735149, -1.0007920874211567, -1.0007920874211567, -1.0007920874211567, -1.0007920874211567, -0.9996415299567533, -1.0007920874211567, -1.0005086328692758, -1.0007920874211567, -1.0007920874211567, -1.0007920874211567, -0.9827893546471229, -1.0006517692062977, -1.0007920874211567, -1.0007920874211567, -1.0007758854324849, -1.0007920874211567, -1.0007920874211567, -1.0007920874211567, -1.0007920874211567, -1.0007920874211567, -1.000730181754234, -1.0007920874211567, -1.0007920874211567, -0.7580807786760231], "gsf_samples": [1.000509598636281, 1.0003872672780727, 1.000514170110363, 1.000509598636281, 1.000509598636281, 1.000509598636281, 1.000509598636281, 1.0003069024798228, 1.000490261737245, 1.000509598636281, 1.000509598636281, 1.000509598636281, 6.933347799794049e-31, 1.000509598636281, 1.000509598636281, 1.000509598636281, 1.000509598636281, 1.0004901425855264, 1.000509598636281, 0.9998536408293573, 1.000478860916278, 1.000509598636281, 1.0003872672780727, 1.000509598636281, 1.000509598636281, 1.000534955045672, 1.000509598636281, 1.0004229948770695, 1.000509598636281, 1.000509598636281, 1.000509598636281, 1.000509598636281, 1.000509598636281, 1.000509598636281, 1.000509598636281, 1.000272295997046, 1.000509598636281, 1.0002781163754342, 1.000409930989371, 1.000509598636281, 1.000509598636281, 1.000496785776992, 1.000509598636281, 1.000509598636281, 1.000509598636281, 0.9986619726805434, 1.000070069283867, 1.000509598636281, 1.000509598636281, 1.000509598636281, 0.9890736311606013, 1.38666955995881e-31, 1.0005418736757232, 1.0004626672599233, 1.000509598636281, 1.0004591440665338, 1.000509598636281, 1.000509598636281, 1.000509598636281, 1.000509598636281, 1.0004226569168957, 1.0003872672780727, 1.0005193367746907, 1.000061889355754, 1.000509598636281, 1.000509598636281, 1.000509598636281, 1.0005198114877514, 1.000509598636281, 1.0005081067662602, 1.0005081067662602, 1.000460781653906, 1.000490642207718, 2.407412430484045e-32, 1.000509598636281, 1.0004542190792225, 1.000509598636281, 1.000509598636281, 1.000509598636281, 1.000509598636281, 0.9982121924239724, 1.000509598636281, 0.9998851100357637, 1.000509598636281, 1.000509598636281, 1.000509598636281, 0.9602576924568703, 1.0001977162789568, 1.000509598636281, 1.000509598636281, 1.0004850524391897, 1.000509598636281, 1.000509598636281, 1.000509598636281, 1.000509598636281, 1.000509598636281, 1.0003744879660268, 1.000509598636281, 1.000509598636281, 7.896312771987667e-32]}