{"L": 9, "J": 0.022026065406621664, "B": 0.11013032703310832, "K": 5, "init_state": "random computational-basis state", "energy_avg": -0.9774463024348292, "energy_std": 0.06658598665895413, "gsf_avg": 0.9065158984047256, "gsf_std": 0.2851221891614289, "norm_check_samples": [0.9965210556983948, 0.9965256452560425, 0.996522843837738, 0.9965331554412842, 0.996503472328186, 0.9965202808380127, 0.9965368509292603, 0.9965225458145142, 0.9965243935585022, 0.9965174794197083, 0.9965127110481262, 0.9965113997459412, 0.9965277314186096, 0.9965366721153259, 0.99654620885849, 0.9965174198150635, 0.9965355396270752, 0.9965394139289856, 0.9965490102767944, 0.9965404868125916, 0.9965065121650696, 0.9965125322341919, 0.9965338110923767, 0.9965326189994812, 0.996529757976532, 0.9965296983718872, 0.9965263605117798, 0.996520459651947, 0.9965488314628601, 0.9965389966964722, 0.9965189099311829, 0.9965146780014038, 0.9965187907218933, 0.9965115785598755, 0.9965429306030273, 0.9965085983276367, 0.9965215921401978, 0.9965367913246155, 0.9965214133262634, 0.9965209364891052, 0.9965078830718994, 0.9965105056762695, 0.9964996576309204, 0.9965314269065857, 0.9965137839317322, 0.9965206980705261, 0.9965255260467529, 0.9965418577194214, 0.9965055584907532, 0.9965094327926636, 0.9965121746063232, 0.996527910232544, 0.996536374092102, 0.9965054988861084, 0.9965320825576782, 0.996552586555481, 0.996533989906311, 0.9965211749076843, 0.9965342879295349, 0.9965131282806396, 0.9965159893035889, 0.996524453163147, 0.996533989906311, 0.9965484738349915, 0.9965345859527588, 0.9965090751647949, 0.9965168237686157, 0.996539294719696, 0.996523380279541, 0.9965336918830872, 0.9965519905090332, 0.9965333342552185, 0.9965043663978577, 0.9965329766273499, 0.9965353608131409, 0.996536374092102, 0.9965134263038635, 0.9965402483940125, 0.9965081810951233, 0.9965473413467407, 0.9965242147445679, 0.9965142607688904, 0.9965371489524841, 0.9965338110923767, 0.9965394735336304, 0.9965254664421082, 0.996537983417511, 0.9965298175811768, 0.9965461492538452, 0.9965345859527588, 0.9965451955795288, 0.9965171217918396, 0.9965034127235413, 0.9965119957923889, 0.9965320825576782, 0.9965143799781799, 0.9965160489082336, 0.9965462684631348, 0.9965365529060364, 0.9965222477912903, 0.9965850710868835, 0.9965903759002686, 0.9965850710868835, 0.9965784549713135, 0.9965850710868835, 0.996585488319397, 0.9965852499008179, 0.9965847730636597, 0.9965898990631104, 0.9965850710868835, 0.9965850710868835, 0.9965863227844238, 0.9965881705284119, 0.9965847730636597, 0.9965850710868835, 0.9965850710868835, 0.9965851902961731, 0.99659663438797, 0.9965842962265015, 0.9965850710868835, 0.9965850710868835, 0.9965674877166748, 0.9965850710868835, 0.9965850710868835, 0.9965869188308716, 0.996583878993988, 0.9965850710868835, 0.9965850710868835, 0.9965857267379761, 0.9965850710868835, 0.996591329574585, 0.9965850710868835, 0.9965850710868835, 0.9965850710868835, 0.9965850710868835, 0.9965856671333313, 0.9965850710868835, 0.9965850710868835, 0.9965866804122925, 0.9965859651565552, 0.9965884685516357, 0.9965870380401611, 0.9965850710868835, 0.9965875148773193, 0.9965850710868835, 0.996588408946991, 0.9965867400169373, 0.9965850710868835, 0.9965850710868835, 0.9965850710868835, 0.9965850710868835, 0.9965847730636597, 0.9965850710868835, 0.9965850710868835, 0.9965865015983582, 0.9965850710868835, 0.9965850710868835, 0.9965850710868835, 0.996589183807373, 0.9965877532958984, 0.9965853691101074, 0.9965764880180359, 0.9965869188308716, 0.9965859055519104, 0.9965842962265015, 0.9965850710868835, 0.9965875148773193, 0.9965842962265015, 0.9965854287147522, 0.9965899586677551, 0.9965873956680298, 0.9965851306915283, 0.9965850710868835, 0.9965871572494507, 0.9965883493423462, 0.9965857863426208, 0.9965875148773193, 0.9965850710868835, 0.9965869784355164, 0.9965850710868835, 0.9965850710868835, 0.9965859651565552, 0.9965996146202087, 0.9965884685516357, 0.996574878692627, 0.9965850710868835, 0.9965850710868835, 0.9965850710868835, 0.9965850710868835, 0.9965850710868835, 0.9965856075286865, 0.9965859055519104, 0.9965850710868835, 0.9965850710868835, 0.9965850710868835, 0.9965859055519104, 0.9965859055519104, 0.9966028928756714, 0.9965875148773193, 0.9965788125991821], "energy_samples": [-0.9986344311468365, -0.998634112544381, -0.9986344311468365, -0.7550237431423442, -0.9986344311468365, -0.780194861902593, -0.998790874131193, -0.998597621269042, -0.9986262485297918, -0.9986344311468365, -0.9986344311468365, -0.9983838084276399, -0.9986138725318481, -0.9986446981081452, -0.9986344311468365, -0.9986344311468365, -0.9987048929694832, -0.9971823914351405, -0.9986327334003622, -0.9986344311468365, -0.9986344311468365, -0.7464910167245635, -0.9986344311468365, -0.9986344311468365, -0.9986384123952416, -0.9986506045008426, -0.9986344311468365, -0.9986344311468365, -0.9971264847583807, -0.9986344311468365, -0.7904667022056266, -0.9986344311468365, -0.9986344311468365, -0.9986344311468365, -0.9986344311468365, -0.9981825165377373, -0.9986344311468365, -0.9986344311468365, -0.9982630338832058, -0.998641374341262, -0.9985827558778939, -0.9984836543453525, -0.9986344311468365, -0.9986371572591027, -0.9986344311468365, -0.9986409048896392, -0.9984927780979856, -0.9986344311468365, -0.9986344311468365, -0.9986344311468365, -0.7827569857453873, -0.9986446981081452, -0.9986344311468365, -0.9986344311468365, -0.9986381507816696, -0.9986344311468365, -0.9986344311468365, -0.9986344311468365, -0.9986464697238718, -0.9986518156196903, -0.9986526675797852, -0.7541501237359047, -0.9986384123952416, -0.9984506770337241, -0.9986327334003622, -0.9986344311468365, -0.9986371572591027, -0.9986327334003622, -0.9984990648156564, -0.9984335797323715, -0.9984933583528446, -0.9986215377608719, -0.9986344311468365, -0.9986845358968195, -0.9985086204246588, -0.9987131391283219, -0.9986942140823734, -0.9986344311468365, -0.9986241269279487, -0.9986344311468365, -0.9986344311468365, -0.9986821886326616, -0.9975568964996416, -0.9985827558778939, -0.7443157542747558, -0.9986344311468365, -0.9986344311468365, -0.9986344311468365, -0.9986344311468365, -0.9986344311468365, -0.7748779611718968, -0.9986328491276676, -0.9986344311468365, -0.9986344311468365, -0.9986344311468365, -0.9984506770337241, -0.9983378210373511, -0.9764087269881865, -0.9986371572591027, -0.7691348601521473],