{"L": 9, "J": 0.09001252049949561, "B": 0.09001252049949561, "K": 2, "init_state": "random computational-basis state", "energy_avg": -0.615774775241391, "energy_std": 0.1428686979207341, "gsf_avg": 0.10020109112841276, "gsf_std": 0.21808432601180064, "norm_check_samples": [0.9994202256202698, 0.9994213581085205, 0.9994220733642578, 0.999422013759613, 0.9994226694107056, 0.999422013759613, 0.9994215369224548, 0.999422550201416, 0.9994190335273743, 0.9994210004806519, 0.9994198083877563, 0.9994215965270996, 0.9994233250617981, 0.9994219541549683, 0.9994230270385742, 0.9994235038757324, 0.9994186758995056, 0.9994192123413086, 0.9994187951087952, 0.9994217157363892, 0.9994201064109802, 0.9994194507598877, 0.9994211792945862, 0.9994190335273743, 0.9994208812713623, 0.999420166015625, 0.9994240999221802, 0.9994199275970459, 0.9994233250617981, 0.9994217753410339, 0.9994203448295593, 0.9994204044342041, 0.9994197487831116, 0.9994187951087952, 0.9994212985038757, 0.9994204044342041, 0.9994208216667175, 0.9994184374809265, 0.9994227290153503, 0.9994175434112549, 0.999420166015625, 0.9994208216667175, 0.9994212985038757, 0.999419093132019, 0.9994195103645325, 0.9994191527366638, 0.9994201064109802, 0.9994205832481384, 0.9994231462478638, 0.9994215965270996, 0.9994202256202698, 0.9994211792945862, 0.9994204640388489, 0.9994218945503235, 0.9994191527366638, 0.999422013759613, 0.999419629573822, 0.9994182586669922, 0.9994188547134399, 0.9994201064109802, 0.999421238899231, 0.9994187951087952, 0.999421238899231, 0.9994198083877563, 0.9994186758995056, 0.9994192719459534, 0.9994217157363892, 0.9994200468063354, 0.9994205236434937, 0.9994181990623474, 0.9994209408760071, 0.9994207620620728, 0.9994208216667175, 0.9994208812713623, 0.9994184374809265, 0.9994189143180847, 0.9994207620620728, 0.9994227886199951, 0.9994192123413086, 0.9994197487831116, 0.9994193911552429, 0.9994223713874817, 0.9994193315505981, 0.9994221329689026, 0.9994201064109802, 0.9994198083877563, 0.9994218945503235, 0.999422550201416, 0.9994206428527832, 0.9994221925735474, 0.9994198679924011, 0.999419629573822, 0.9994198083877563, 0.9994205832481384, 0.9994192123413086, 0.9994207620620728, 0.9994210600852966, 0.9994218349456787, 0.9994203448295593, 0.9994217753410339, 0.9994244575500488, 0.9994199872016907, 0.9994216561317444, 0.9994196891784668, 0.9994235038757324, 0.9994243383407593, 0.9994209408760071, 0.9994205832481384, 0.9994199275970459, 0.9994217753410339, 0.999424397945404, 0.999421238899231, 0.9994209408760071, 0.9994248747825623, 0.9994205236434937, 0.9994193315505981, 0.9994249939918518, 0.9994215965270996, 0.9994211792945862, 0.9994226694107056, 0.9994210600852966, 0.9994248747825623, 0.9994214177131653, 0.9994221925735474, 0.9994221329689026, 0.9994223117828369, 0.9994202852249146, 0.9994217157363892, 0.999423086643219, 0.999421238899231, 0.999423086643219, 0.9994217753410339, 0.9994224905967712, 0.9994210600852966, 0.9994218945503235, 0.9994199872016907, 0.9994220733642578, 0.9994191527366638, 0.9994231462478638, 0.9994218349456787, 0.9994201064109802, 0.9994199275970459, 0.9994210600852966, 0.9994239807128906, 0.9994249939918518, 0.999421238899231, 0.9994189143180847, 0.999422550201416, 0.999420702457428, 0.999422550201416, 0.9994219541549683, 0.9994219541549683, 0.9994221925735474, 0.9994220733642578, 0.9994202852249146, 0.9994221925735474, 0.9994209408760071, 0.9994255304336548, 0.9994252920150757, 0.9994262456893921, 0.9994210004806519, 0.9994215965270996, 0.9994205832481384, 0.9994217753410339, 0.9994247555732727, 0.9994224905967712, 0.9994218945503235, 0.9994215965270996, 0.9994210600852966, 0.9994217157363892, 0.9994208216667175, 0.9994228482246399, 0.9994230270385742, 0.9994232058525085, 0.999424159526825, 0.9994222521781921, 0.9994236826896667, 0.9994232058525085, 0.9994216561317444, 0.9994209408760071, 0.9994186758995056, 0.9994195103645325, 0.9994226694107056, 0.9994242191314697, 0.999422550201416, 0.9994238018989563, 0.9994224905967712, 0.9994223117828369, 0.9994209408760071, 0.999420166015625, 0.9994231462478638, 0.9994226098060608, 0.999421238899231, 0.9994227886199951, 0.9994221329689026, 0.9994222521781921, 0.9994222521781921, 0.9994233846664429, 0.9994231462478638, 0.9994221925735474], "energy_samples": [-0.9725130280302045, -0.6696890947076649, -0.8460039845846317, -0.453508586059793, -0.5882282147933029, -0.5298519410770962, -0.42593008537709615, -0.6498549913169233, -0.48270520562920344, -0.7513716606212855, -0.7395543053999885, -0.7311850548584578, -0.5976558320222415, -0.6581775195934194, -0.5034060891583476, -0.614164255137554, -0.6492338073822911, -0.7126008566822531, -0.6240599879891235, -0.5574651780933996, -0.5633496764181392, -0.8935894706896749, -0.5396256931377414, -0.5007638112910046, -0.4448691414000862, -0.5646074082375137, -0.69732642500697, -0.6114302327228065, -0.43188813732869946, -0.49413235275434936, -0.6622881420418637, -0.7397608727665519, -0.4745845119891274, -0.5558127487208104, -0.4420429665414826, -0.6786776496571985, -0.464857026042638, -0.4597825173044253, -0.8084542276832201, -0.6737783443650124, -0.3928357757294949, -0.45145881206897065, -0.5339585198657564, -0.9712096544868855, -0.8920400897313128, -0.5485705777635609, -0.5613709785193352, -0.767046275479631, -0.5099270774636085, -0.6969914071112444, -0.5293348238255182, -0.6219694522740237, -0.6271390649369247, -0.7519579478693473, -0.64555782173112, -0.6462511714415755, -0.4314620311961331, -0.67057538434717, -0.6517174289902153, -0.5712034544396012, -0.741145604018253, -0.580606983104376, -0.3850791927271933, -0.5630135763065306, -0.5193924705557776, -0.5229385290836248, -0.5337762890366584, -0.6425300595384675, -0.740113269256248, -0.49282285291504846, -0.42760814613862647, -0.6642150735882838, -0.5667777123113976, -0.5396764483247148, -0.633781771014432, -0.5876279925632713, -0.9590435377078103, -0.5977136904153185, -0.6935854404056352, -0.44061826113893193, -0.304748542315488, -0.3913219245880457, -0.7594802292483769, -0.7713183634736037, -0.4923174301886072, -0.8493596720946199, -0.9632993827455056, -0.7221298291856011, -0.8478140320373538, -0.33083730011038065, -0.6482323106296637, -0.6252172632366049, -0.5296023098582415, -0.5473965887722211, -0.5276673914724666, -0.7216380157203589, -0.7788330465849419, -0.7673671447425162, -0.6180837527041972, -0.6173873103946926],