{"L": 9, "J": 0.09001252049949561, "B": 0.09001252049949561, "K": 3, "init_state": "random computational-basis state", "energy_avg": -0.8396169432582574, "energy_std": 0.12372714412733749, "gsf_avg": 0.3958605825798992, "gsf_std": 0.42365422112769036, "norm_check_samples": [1.0018976926803589, 1.0019325017929077, 1.0019135475158691, 1.0019049644470215, 1.0019097328186035, 1.0018956661224365, 1.00191068649292, 1.001916527748108, 1.0019526481628418, 1.0019261837005615, 1.0019338130950928, 1.0019346475601196, 1.0019220113754272, 1.0019062757492065, 1.0019129514694214, 1.0019296407699585, 1.0019199848175049, 1.0019272565841675, 1.0019111633300781, 1.0019094944000244, 1.0019022226333618, 1.0019153356552124, 1.001938819885254, 1.0019035339355469, 1.0019148588180542, 1.001908779144287, 1.0018973350524902, 1.0019084215164185, 1.0019198656082153, 1.0019036531448364, 1.0019328594207764, 1.0019111633300781, 1.0019185543060303, 1.001906156539917, 1.001908302307129, 1.0019124746322632, 1.001913070678711, 1.0019079446792603, 1.0018974542617798, 1.0018974542617798, 1.0019283294677734, 1.0019288063049316, 1.0018984079360962, 1.0019302368164062, 1.0019129514694214, 1.0018996000289917, 1.0019084215164185, 1.0019102096557617, 1.0019117593765259, 1.0019134283065796, 1.0019193887710571, 1.0019043684005737, 1.001940369606018, 1.0019320249557495, 1.0019007921218872, 1.0019125938415527, 1.0019112825393677, 1.0018949508666992, 1.0019196271896362, 1.0018963813781738, 1.0019073486328125, 1.0018956661224365, 1.001906156539917, 1.001899003982544, 1.0019210577011108, 1.0019025802612305, 1.0019177198410034, 1.0019183158874512, 1.0019186735153198, 1.0019174814224243, 1.001912236213684, 1.0019309520721436, 1.001909613609314, 1.0018935203552246, 1.0018998384475708, 1.0019030570983887, 1.001921534538269, 1.0019099712371826, 1.0019054412841797, 1.0019270181655884, 1.0019077062606812, 1.0019112825393677, 1.0019093751907349, 1.0019320249557495, 1.0019230842590332, 1.0019315481185913, 1.0019015073776245, 1.00191330909729, 1.0019112825393677, 1.0019091367721558, 1.0019112825393677, 1.0019041299819946, 1.001907229423523, 1.0019183158874512, 1.0019252300262451, 1.00193452835083, 1.001908540725708, 1.0018994808197021, 1.0018972158432007, 1.0019052028656006, 1.0019444227218628, 1.0018963813781738, 1.0019145011901855, 1.0018895864486694, 1.0019192695617676, 1.0018996000289917, 1.0019261837005615, 1.0019296407699585, 1.0019055604934692, 1.0019069910049438, 1.0018887519836426, 1.0019301176071167, 1.0019351243972778, 1.0019166469573975, 1.0018945932388306, 1.0018892288208008, 1.0019100904464722, 1.001894474029541, 1.0018996000289917, 1.0019158124923706, 1.0019012689590454, 1.0018938779830933, 1.0019336938858032, 1.001900553703308, 1.00191068649292, 1.001909852027893, 1.0018963813781738, 1.001903772354126, 1.001896858215332, 1.0019208192825317, 1.0019029378890991, 1.0019075870513916, 1.0019062757492065, 1.0019292831420898, 1.0019123554229736, 1.001896619796753, 1.0018967390060425, 1.001893401145935, 1.001894235610962, 1.0019081830978394, 1.0019110441207886, 1.0019396543502808, 1.0019240379333496, 1.0019041299819946, 1.0019252300262451, 1.0019004344940186, 1.0019177198410034, 1.0019224882125854, 1.001914620399475, 1.0018973350524902, 1.001909613609314, 1.0019115209579468, 1.001909613609314, 1.0018959045410156, 1.0018980503082275, 1.0019080638885498, 1.0019117593765259, 1.0019004344940186, 1.001922607421875, 1.0018941164016724, 1.001924991607666, 1.0018943548202515, 1.0019031763076782, 1.001907229423523, 1.0019372701644897, 1.0019261837005615, 1.0019171237945557, 1.001916766166687, 1.001931071281433, 1.0019162893295288, 1.0019055604934692, 1.0018985271453857, 1.0019073486328125, 1.0019041299819946, 1.0019054412841797, 1.0019036531448364, 1.0019054412841797, 1.0019086599349976, 1.0019229650497437, 1.001934289932251, 1.0018928050994873, 1.001893162727356, 1.0019129514694214, 1.0018928050994873, 1.0019012689590454, 1.0019201040267944, 1.0019114017486572, 1.0019240379333496, 1.0019042491912842, 1.0019053220748901, 1.001923680305481, 1.0018950700759888, 1.0019233226776123, 1.0018903017044067, 1.0019179582595825, 1.0019184350967407, 1.001904845237732, 1.001908302307129, 1.0019193887710571, 1.001921534538269], "energy_samples": [-0.649656906710772, -0.9928605041855478, -0.9716274716607914, -0.968930035115515, -0.8430271900633859, -0.8116955804175097, -0.6468791255262024, -0.8094920981712408, -0.9694934088493264, -0.9221678157796335, -0.995787764219104, -0.7242095166955858, -0.5406266582266998, -0.5881423352592725, -0.9927126118279506, -0.9969974289628923, -0.9498694364887788, -0.96187991198148, -0.9958368696280574, -0.86673721141845, -0.7572074188560195, -0.853586372090509, -0.702936196432711, -0.9683905876065999, -0.8221503203744204, -0.951501758122324, -0.9877592936882807, -0.982763403814085, -0.9863965049793225, -0.8341459750406425, -0.7698654009502707, -0.8461719153780575, -0.9491978737138081, -0.5972368989178178, -0.746937355953976, -0.9839918546675814, -0.9646859791385033, -0.9876973620048666, -0.8713564696645222, -0.9614252193848704, -0.8584728096169719, -0.6148283438625247, -0.7365588365450304, -0.7833485108000282, -0.6895903378257642, -0.8127124985361148, -0.8337443927721158, -0.7490810264890996, -0.6916813812520166, -0.9874223446074957, -0.894238387870916, -0.7765104763594621, -0.8419481992875066, -0.7764470378183659, -0.900248007160816, -0.908587371061516, -0.8429230271645295, -0.8825908201640749, -0.6065198617527838, -0.9910553072666619, -0.7721863594232491, -0.9934380521053227, -0.8386433083243897, -0.8719094586412716, -0.5848391503413922, -0.6857971943024166, -0.8852863464537729, -0.7668691002197047, -0.5511099867273468, -0.8858093537864261, -0.8449670403799514, -0.9156955634093308, -0.8966883290694332, -0.973116660490544, -0.8306013812324122, -0.7735574547405767, -0.8657849506405375, -0.9210188605418669, -0.7641649698550305, -0.7424294649152873, -0.9933081987678721, -0.9922582862283632, -0.8039360279504005, -0.9933318295725324, -0.8905204738613474, -0.7160422607479906, -0.7954955499415901, -0.8903505597842318, -0.9187090372848965, -0.7754558666584908, -0.6872827573441875, -0.9920954773583955, -0.6461645475004806, -0.9959412509325963, -0.7331095851055052, -0.8384258946709391, -0.9307967606417129, -0.7608214607211817, -0.7320632851959343, -0.6091292097756789],