{"L": 9, "J": 0.022026065406621664, "B": 0.11013032703310832, "K": 2, "init_state": "random computational-basis state", "energy_avg": -0.9383678783613816, "energy_std": 0.09541073724800261, "gsf_avg": 0.7597191779040461, "gsf_std": 0.4043198357715701, "norm_check_samples": [1.000629186630249, 1.000623106956482, 1.0006170272827148, 1.0006369352340698, 1.0006368160247803, 1.0006297826766968, 1.0006287097930908, 1.000616192817688, 1.0006237030029297, 1.000633716583252, 1.0006181001663208, 1.000627875328064, 1.0006248950958252, 1.0006237030029297, 1.0006239414215088, 1.0006314516067505, 1.0006288290023804, 1.0006248950958252, 1.0006167888641357, 1.0006366968154907, 1.00062894821167, 1.0006266832351685, 1.000625491142273, 1.0006173849105835, 1.0006300210952759, 1.0006330013275146, 1.0006479024887085, 1.0006179809570312, 1.0006320476531982, 1.000634789466858, 1.0006309747695923, 1.000623345375061, 1.0006266832351685, 1.000618815422058, 1.0006422996520996, 1.000622272491455, 1.0006256103515625, 1.0006300210952759, 1.0006217956542969, 1.0006248950958252, 1.0006251335144043, 1.0006308555603027, 1.0006191730499268, 1.0006325244903564, 1.0006225109100342, 1.0006215572357178, 1.0006259679794312, 1.00062096118927, 1.0006215572357178, 1.000627040863037, 1.0006309747695923, 1.0006217956542969, 1.0006170272827148, 1.0006169080734253, 1.0006226301193237, 1.000629186630249, 1.0006250143051147, 1.0006307363510132, 1.0006377696990967, 1.0006273984909058, 1.0006248950958252, 1.0006215572357178, 1.000623106956482, 1.0006235837936401, 1.000634789466858, 1.0006396770477295, 1.0006312131881714, 1.000625729560852, 1.0006282329559326, 1.0006253719329834, 1.0006299018859863, 1.0006344318389893, 1.0006252527236938, 1.0006293058395386, 1.0006216764450073, 1.0006266832351685, 1.0006216764450073, 1.0006279945373535, 1.0006194114685059, 1.0006239414215088, 1.000625491142273, 1.0006167888641357, 1.0006204843521118, 1.0006237030029297, 1.0006259679794312, 1.0006250143051147, 1.0006234645843506, 1.0006145238876343, 1.0006295442581177, 1.000626802444458, 1.0006275177001953, 1.0006282329559326, 1.000625491142273, 1.0006290674209595, 1.0006392002105713, 1.000623106956482, 1.0006333589553833, 1.0006271600723267, 1.000627040863037, 1.0006258487701416, 1.000619649887085, 1.0006184577941895, 1.000619888305664, 1.0006183385849, 1.0006191730499268, 1.000619649887085, 1.0006191730499268, 1.0006186962127686, 1.0006191730499268, 1.0006195306777954, 1.0006169080734253, 1.0006169080734253, 1.0006171464920044, 1.000619649887085, 1.0006191730499268, 1.000618577003479, 1.0006189346313477, 1.0006171464920044, 1.000617265701294, 1.000620722770691, 1.0006191730499268, 1.0006202459335327, 1.0006190538406372, 1.000620722770691, 1.0006190538406372, 1.0006191730499268, 1.0006191730499268, 1.0006191730499268, 1.0006191730499268, 1.000619649887085, 1.0006191730499268, 1.0006191730499268, 1.0006122589111328, 1.0006192922592163, 1.0006192922592163, 1.0006122589111328, 1.0006200075149536, 1.0006194114685059, 1.0006191730499268, 1.0006194114685059, 1.0006192922592163, 1.0006194114685059, 1.0006195306777954, 1.0006197690963745, 1.000616192817688, 1.0006169080734253, 1.0006170272827148, 1.0006179809570312, 1.0006177425384521, 1.0006203651428223, 1.0006206035614014, 1.0006163120269775, 1.0006191730499268, 1.0006206035614014, 1.000616431236267, 1.0006202459335327, 1.0006169080734253, 1.0006191730499268, 1.0006189346313477, 1.0006191730499268, 1.0006191730499268, 1.0006191730499268, 1.0006191730499268, 1.0006142854690552, 1.0006191730499268, 1.0006183385849, 1.0006160736083984, 1.0006183385849, 1.0006189346313477, 1.0006189346313477, 1.0006191730499268, 1.0006200075149536, 1.0006191730499268, 1.0006169080734253, 1.0006171464920044, 1.000619649887085, 1.0006191730499268, 1.0006191730499268, 1.000616431236267, 1.0006200075149536, 1.0006182193756104, 1.0006201267242432, 1.0006204843521118, 1.000619888305664, 1.0006191730499268, 1.0006191730499268, 1.0006179809570312, 1.000619649887085, 1.0006194114685059, 1.000616192817688, 1.0006190538406372, 1.0006195306777954, 1.0006181001663208, 1.0006191730499268, 1.0006189346313477, 1.0006197690963745, 1.0006189346313477, 1.000617504119873, 1.0006182193756104, 1.0006201267242432], "energy_samples": [-0.9937024102863088, -0.7718428309227583, -0.9939987838233079, -0.9355444641417852, -0.9940513722788936, -0.7593480635392369, -0.9940513722788936, -0.9671294498762164, -0.9940513722788936, -0.9931553737545118, -0.7690475446325225, -0.9486038086376167, -0.7760984542986524, -0.9940885343230144, -0.9940513722788936, -0.7639929805829334, -0.9815876663576345, -0.9906519798676259, -0.9761215568375778, -0.9939409054209457, -0.9940513722788936, -0.9939873459449116, -0.9921045217403128, -0.9939409054209457, -0.7666620543982088, -0.9940513722788936, -0.9940513722788936, -0.9940513722788936, -0.9940513722788936, -0.7561848076429666, -0.9940513722788936, -0.9940513722788936, -0.7601036206146549, -0.9924015508730241, -0.9934511943872829, -0.9149350006734304, -0.993985740135647, -0.9942261772383193, -0.9940513722788936, -0.99379328798758, -0.9569543288626912, -0.99379328798758, -0.9928629448139082, -0.9940591005044304, -0.7595483797788775, -0.7707678028760303, -0.7294861947395779, -0.756378796604268, -0.7647392863730406, -0.992824072868897, -0.9933822380098144, -0.9617054829170225, -0.9940513722788936, -0.9917674308497867, -0.9879554668896756, -0.9937370550889437, -0.7690475446325225, -0.9940513722788936, -0.9934733073890835, -0.9940513722788936, -0.9940513722788936, -0.9940513722788936, -0.9940513722788936, -0.9596184295377952, -0.9940513722788936, -0.9932858985419649, -0.7525670381902072, -0.9831424102888862, -0.9934535280743203, -0.9913461819635777, -0.9940513722788936, -0.9812282651219706, -0.9940513722788936, -0.744604828082122, -0.7553236285822535, -0.9938952988094928, -0.9940513722788936, -0.9940513722788936, -0.9708713165001532, -0.9927743445427158, -0.9939032815100232, -0.988066001095986, -0.7809193772747312, -0.9934842117868857, -0.9940513722788936, -0.9940513722788936, -0.7571451409945031, -0.9938952988094928, -0.9942261772383193, -0.7678385088180277, -0.9911011059711887, -0.9928629448139082, -0.7602965516016545, -0.9940513722788936, -0.9934733073890835, -0.9940591005044304, -0.9934733073890835, -0.739268794376289, -0.9940794953312904, -0.9941346482004975],