{"L": 9, "J": 0.12329955564675057, "B": 0.024659911129350114, "K": 2, "init_state": "random computational-basis state", "energy_avg": -0.7078486894075071, "energy_std": 0.20734921051751928, "gsf_avg": 0.3441104058601542, "gsf_std": 0.39123555535483423, "norm_check_samples": [0.9996951222419739, 0.999698281288147, 0.9997127056121826, 0.9996963143348694, 0.99969881772995, 0.9997017979621887, 0.9997019171714783, 0.9997046589851379, 0.9996976256370544, 0.9997053146362305, 0.9997049570083618, 0.9997033476829529, 0.9996910095214844, 0.9997043609619141, 0.9996987581253052, 0.9997031688690186, 0.9996944665908813, 0.9996982216835022, 0.9996992945671082, 0.9996955394744873, 0.9996954202651978, 0.9997072815895081, 0.9997036457061768, 0.9997041821479797, 0.9996983408927917, 0.9997009038925171, 0.9996918439865112, 0.999701201915741, 0.999703586101532, 0.999698281288147, 0.9997050762176514, 0.9997037649154663, 0.9996972680091858, 0.9997031688690186, 0.9997042417526245, 0.999703049659729, 0.9997055530548096, 0.9997032880783081, 0.9997069835662842, 0.9996965527534485, 0.9996968507766724, 0.9996935129165649, 0.9997022151947021, 0.999701201915741, 0.9996950626373291, 0.9996985793113708, 0.9997062683105469, 0.999700129032135, 0.9996950030326843, 0.9997013211250305, 0.9996961951255798, 0.999714732170105, 0.9997007250785828, 0.9997031688690186, 0.9996985793113708, 0.9997061491012573, 0.9997023940086365, 0.9997057318687439, 0.9996964931488037, 0.999700129032135, 0.9997032880783081, 0.999697744846344, 0.9997008442878723, 0.9996907711029053, 0.999699592590332, 0.9997008442878723, 0.9996981024742126, 0.9997119903564453, 0.9996939897537231, 0.999699592590332, 0.9997038245201111, 0.9996963739395142, 0.9996991753578186, 0.9997028112411499, 0.9997028708457947, 0.9996966123580933, 0.9997007846832275, 0.9997007250785828, 0.9996963143348694, 0.9996969103813171, 0.9997011423110962, 0.9996985197067261, 0.9997081756591797, 0.9996968507766724, 0.9997001886367798, 0.9996968507766724, 0.9997031092643738, 0.9996943473815918, 0.9997053146362305, 0.9997032880783081, 0.9996970891952515, 0.9997013211250305, 0.9997063875198364, 0.9996965527534485, 0.9996986389160156, 0.9996970891952515, 0.9996993541717529, 0.999708890914917, 0.999699056148529, 0.9996968507766724, 0.9996949434280396, 0.9997032284736633, 0.9996957778930664, 0.9996994733810425, 0.9996992945671082, 0.9996958374977112, 0.9997003674507141, 0.999696671962738, 0.99969881772995, 0.9997056722640991, 0.9997004866600037, 0.9997000098228455, 0.9997045397758484, 0.9997103214263916, 0.999698281288147, 0.9996964931488037, 0.9996944665908813, 0.9997014403343201, 0.9997043013572693, 0.9996932744979858, 0.9997057914733887, 0.999705970287323, 0.9997085928916931, 0.9997042417526245, 0.9996947646141052, 0.9997057318687439, 0.9996999502182007, 0.9997037053108215, 0.999697208404541, 0.9997064471244812, 0.9996993541717529, 0.9997058510780334, 0.9996941685676575, 0.9996933341026306, 0.9996960163116455, 0.9996980428695679, 0.9997022747993469, 0.9996939301490784, 0.9996976852416992, 0.999699056148529, 0.9997090101242065, 0.9997008442878723, 0.9996978044509888, 0.9997039437294006, 0.9997052550315857, 0.9997029304504395, 0.9997040629386902, 0.9996956586837769, 0.9997063279151917, 0.9996957778930664, 0.9997062087059021, 0.9997045397758484, 0.9997002482414246, 0.9997001886367798, 0.9996999502182007, 0.9996911883354187, 0.9996978044509888, 0.999699056148529, 0.9996932744979858, 0.9997007250785828, 0.999691903591156, 0.9996951818466187, 0.999701201915741, 0.9996992945671082, 0.9996975660324097, 0.9996985793113708, 0.9997028708457947, 0.9996986389160156, 0.9996946454048157, 0.9997005462646484, 0.9997029304504395, 0.9997028708457947, 0.9997076392173767, 0.9996944069862366, 0.999701201915741, 0.9996993541717529, 0.9996905326843262, 0.9996957182884216, 0.9996972680091858, 0.9996940493583679, 0.9996908903121948, 0.9996919631958008, 0.9996967911720276, 0.9997000694274902, 0.9997085928916931, 0.9997009038925171, 0.9996979832649231, 0.9997026920318604, 0.9997029900550842, 0.9997003674507141, 0.999699056148529, 0.9996953010559082, 0.9996919631958008, 0.9996924996376038, 0.9997029900550842, 0.9997059106826782, 0.9996934533119202, 0.9996975064277649, 0.9996981620788574, 0.99969482421875], "energy_samples": [-0.4172115427381288, -0.98081339644268, -0.5277298001623753, -0.5396902129490281, -0.6363493254724167, -0.9912291144246305, -0.979645890659842, -0.6696438553038898, -0.7067507033336529, -0.7953895447694761, -0.6799914510384493, -0.7448361628471747, -0.979681207555066, -0.9800695152460928, -0.9816928668039089, -0.44295101621854743, -0.46980452920140864, -0.7317362241617648, -0.6372857065076579, -0.3239281735760223, -0.9780548559029545, -0.7368819005429238, -0.9813018610845309, -0.8504043759110262, -0.7129382526641553, -0.978813847118009, -0.5619527341641044, -0.9824170538416379, -0.8035168064909118, -0.9613328001136773, -0.5601662755969137, -0.8410322878278008, -0.43081229015241745, -0.5243457069370551, -0.6556331818710123, -0.43357340397228217, -0.7485577041693883, -0.548117813568666, -0.5741563715746079, -0.9073597151774994, -0.9875837783451001, -0.9904652207434786, -0.7650490132354439, -0.979283417546852, -0.8509052946362335, -0.6894383082578639, -0.7802665744122032, -0.49289250559090536, -0.9756100151295046, -0.5105813189652679, -0.9881789164495304, -0.984810213167721, -0.6077341020466468, -0.4580763615047749, -0.5425670455997367, -0.5556673556323009, -0.5369348069351612, -0.9896076113272938, -0.48314977548634047, -0.9353635566168077, -0.27013825348821624, -0.6466244726108498, -0.561627042332502, -0.7296961746536309, -0.5375802869057632, -0.5860362759017331, -0.840213624733755, -0.6785819254954152, -0.5002132138993827, -0.5810000265780865, -0.8495014310472413, -0.979118179786602, -0.9766928926133724, -0.7078198673514239, -0.9816864985449786, -0.577884153059115, -0.3948224432771511, -0.5142149077240559, -0.5531448721651396, -0.6360791889622245, -0.2694712704534813, -0.3943399529914118, -0.5490266460580624, -0.7029808994153787, -0.9801911480933141, -0.8259924304682309, -0.5375551277774966, -0.9818207506721283, -0.846095694245728, -0.6905092762803311, -0.7692886042496011, -0.49492808595202903, -0.4639420014188707, -0.38291479515891014, -0.9896345205130401, -0.9650497655618949, -0.6975090572683722, -0.7063812470924041, -0.9196027896093961, -0.42299447661702116],