{"L": 9, "J": 0.12329955564675057, "B": 0.024659911129350114, "K": 3, "init_state": "random computational-basis state", "energy_avg": -0.8302342173937447, "energy_std": 0.15539340520016778, "gsf_avg": 0.5145871022017059, "gsf_std": 0.40485779984218306, "norm_check_samples": [1.000675916671753, 1.0006827116012573, 1.000687837600708, 1.0006768703460693, 1.000681757926941, 1.0006723403930664, 1.0006784200668335, 1.0006873607635498, 1.0006825923919678, 1.0006916522979736, 1.0006847381591797, 1.0006769895553589, 1.0006835460662842, 1.0006943941116333, 1.0006805658340454, 1.0006924867630005, 1.0006943941116333, 1.0006979703903198, 1.0006829500198364, 1.0006760358810425, 1.000686764717102, 1.0006829500198364, 1.0006927251815796, 1.0006762742996216, 1.0006948709487915, 1.0006963014602661, 1.0006872415542603, 1.000686764717102, 1.0006771087646484, 1.000680685043335, 1.000685691833496, 1.0006771087646484, 1.0006953477859497, 1.000685453414917, 1.0006823539733887, 1.0006815195083618, 1.0006744861602783, 1.0006972551345825, 1.0006802082061768, 1.0006916522979736, 1.000686764717102, 1.000689148902893, 1.0006777048110962, 1.000702142715454, 1.0006778240203857, 1.000684142112732, 1.0006840229034424, 1.0006850957870483, 1.0006910562515259, 1.0006839036941528, 1.0006972551345825, 1.000677466392517, 1.0006895065307617, 1.0006966590881348, 1.0006767511367798, 1.0006824731826782, 1.0006951093673706, 1.0006753206253052, 1.000676155090332, 1.0006850957870483, 1.0006901025772095, 1.0006896257400513, 1.0006771087646484, 1.000692367553711, 1.0006874799728394, 1.0006849765777588, 1.000695824623108, 1.0007044076919556, 1.0006945133209229, 1.0006855726242065, 1.0006823539733887, 1.0007078647613525, 1.0007010698318481, 1.0006812810897827, 1.000685691833496, 1.0006909370422363, 1.000689148902893, 1.0006822347640991, 1.0006864070892334, 1.0006897449493408, 1.0006834268569946, 1.000686764717102, 1.000688076019287, 1.0006884336471558, 1.0007070302963257, 1.0006932020187378, 1.0006858110427856, 1.0006837844848633, 1.0006965398788452, 1.0006704330444336, 1.0006778240203857, 1.0006877183914185, 1.0006895065307617, 1.0006844997406006, 1.0007001161575317, 1.0007033348083496, 1.0007070302963257, 1.0006965398788452, 1.0006859302520752, 1.000671625137329, 1.000697135925293, 1.000683307647705, 1.0006959438323975, 1.000693440437317, 1.000691294670105, 1.0006967782974243, 1.0007015466690063, 1.0007096529006958, 1.0006893873214722, 1.000680923461914, 1.0006890296936035, 1.00068998336792, 1.0007071495056152, 1.000678539276123, 1.0006871223449707, 1.0007022619247437, 1.000701904296875, 1.0006707906723022, 1.0006991624832153, 1.0006929636001587, 1.0007011890411377, 1.000712513923645, 1.0006959438323975, 1.0006991624832153, 1.000677466392517, 1.000689148902893, 1.0006991624832153, 1.0006853342056274, 1.0006873607635498, 1.0006760358810425, 1.0007084608078003, 1.0006991624832153, 1.0006963014602661, 1.0007023811340332, 1.0006935596466064, 1.0007096529006958, 1.0006763935089111, 1.0006927251815796, 1.0007036924362183, 1.000693678855896, 1.0007096529006958, 1.0007089376449585, 1.0007017850875854, 1.0006840229034424, 1.0006991624832153, 1.0006991624832153, 1.0007096529006958, 1.0006929636001587, 1.0006980895996094, 1.0006859302520752, 1.0006886720657349, 1.0007096529006958, 1.0006974935531616, 1.0006965398788452, 1.0006879568099976, 1.0006858110427856, 1.0006779432296753, 1.0006862878799438, 1.0006858110427856, 1.0006787776947021, 1.000695824623108, 1.0006897449493408, 1.000707745552063, 1.0006991624832153, 1.0006780624389648, 1.0006850957870483, 1.0006991624832153, 1.0006921291351318, 1.0006946325302124, 1.0006886720657349, 1.00068998336792, 1.0006821155548096, 1.0007022619247437, 1.0006991624832153, 1.0006828308105469, 1.00068998336792, 1.0006945133209229, 1.0006903409957886, 1.0007096529006958, 1.0006989240646362, 1.0006835460662842, 1.0007096529006958, 1.0007096529006958, 1.0006904602050781, 1.0007041692733765, 1.0006792545318604, 1.0006824731826782, 1.0006945133209229, 1.0007096529006958, 1.000685214996338, 1.0006848573684692, 1.000693678855896, 1.0006866455078125, 1.0006991624832153, 1.000707745552063, 1.0007038116455078, 1.00068998336792, 1.0007096529006958, 1.0006858110427856, 1.0006943941116333], "energy_samples": [-0.9897011852738747, -0.9761425190387241, -0.8988543123112852, -0.7926598277158686, -0.8731565345179132, -0.7790315723764635, -0.7008831697649284, -0.9919591522350906, -0.7856248258625427, -0.7290703347710772, -0.7771937744478211, -0.7857908305266618, -0.9870175527969404, -0.7493606324578284, -0.8325948521880904, -0.6333495341595005, -0.9770001265577569, -0.5040971078066191, -0.9928271485957569, -0.8552863960795452, -0.9357481500400063, -0.9653815190230021, -0.7934798214549886, -0.9928271485957569, -0.5808087572424256, -0.7330244510746949, -0.9928271485957569, -0.6125016313398327, -0.7237528523927815, -0.5814361651204366, -0.9856295721609518, -0.9928271485957569, -0.9432720400178327, -0.9874204217960856, -0.7466332728888803, -0.9919591522350906, -0.5281287174750137, -0.6000637892684875, -0.9897964283398504, -0.7924534548357346, -0.9919591522350906, -0.9825532115471733, -0.9840401162093478, -0.7467185462402064, -0.9928271485957569, -0.9928271485957569, -0.9919591522350906, -0.7089455642546223, -0.9832856268863462, -0.7089306017224585, -0.708812991588891, -0.9919591522350906, -0.992074085499354, -0.9340263149338979, -0.7481176185245719, -0.7470133267074608, -0.5263331889735708, -0.8510899133022201, -0.7299557615348975, -0.5228849897537691, -0.7382041628478406, -0.748941429312674, -0.9815767891205275, -0.9928271485957569, -0.43017933364653504, -0.7875449220921655, -0.9928271485957569, -0.6358987768677062, -0.7454571936171352, -0.6906687429499763, -0.8223463927321173, -0.5758846380741157, -0.9663838184316258, -0.9928271485957569, -0.6665410267057413, -0.7495149595935745, -0.9069356402953638, -0.7679437401937965, -0.9919591522350906, -0.9923398047095093, -0.739541540441011, -0.9919591522350906, -0.9919591522350906, -0.5695438690296716, -0.9468303195588037, -0.5941189008501895, -0.6367657537371821, -0.9810268318818594, -0.9919591522350906, -0.6075880899917756, -0.9919572434988237, -0.7611832372386812, -0.7326642450222247, -0.9928271485957569, -0.9815767891205275, -0.9916800153387628, -0.7625078676635592, -0.9919591522350906, -0.8566601967528317, -0.8144244689464555],