{"L": 10, "J": 0.0807657236752511, "B": 0.0807657236752511, "K": 2, "init_state": "random computational-basis state", "energy_avg": -0.5833108154878134, "energy_std": 0.1224341961239131, "gsf_avg": 0.054421733543604904, "gsf_std": 0.10196072021172187, "norm_check_samples": [1.000802993774414, 1.0007960796356201, 1.000803828239441, 1.0007977485656738, 1.0007997751235962, 1.0008033514022827, 1.0008000135421753, 1.0008000135421753, 1.000801682472229, 1.0008001327514648, 1.0008020401000977, 1.000802993774414, 1.000799298286438, 1.000787615776062, 1.0008012056350708, 1.00080144405365, 1.0008021593093872, 1.0007952451705933, 1.0007973909378052, 1.0007872581481934, 1.0007996559143066, 1.0007981061935425, 1.0008046627044678, 1.0008047819137573, 1.0008009672164917, 1.0007987022399902, 1.000801682472229, 1.0007961988449097, 1.0008044242858887, 1.000791311264038, 1.0007960796356201, 1.0007954835891724, 1.0007930994033813, 1.0007972717285156, 1.000798225402832, 1.000799536705017, 1.0007965564727783, 1.0007996559143066, 1.000795602798462, 1.0008004903793335, 1.000800371170044, 1.0008037090301514, 1.000795841217041, 1.000802755355835, 1.0007964372634888, 1.0008033514022827, 1.0007990598678589, 1.0008126497268677, 1.0008083581924438, 1.0007973909378052, 1.0007953643798828, 1.0007998943328857, 1.0008023977279663, 1.000799536705017, 1.0007898807525635, 1.0007994174957275, 1.0007973909378052, 1.0008035898208618, 1.000800609588623, 1.0008049011230469, 1.0008009672164917, 1.0007939338684082, 1.0008012056350708, 1.0007984638214111, 1.000805139541626, 1.000800609588623, 1.000792145729065, 1.0008009672164917, 1.0007939338684082, 1.000786542892456, 1.0008008480072021, 1.0008047819137573, 1.0008039474487305, 1.0008052587509155, 1.0007991790771484, 1.0008026361465454, 1.0007966756820679, 1.000801920890808, 1.0008028745651245, 1.0007946491241455, 1.000800609588623, 1.0007997751235962, 1.000797152519226, 1.0007997751235962, 1.000801682472229, 1.0008028745651245, 1.000800371170044, 1.0007935762405396, 1.0008060932159424, 1.0008021593093872, 1.0007967948913574, 1.0008047819137573, 1.0008002519607544, 1.000792145729065, 1.0008060932159424, 1.0008009672164917, 1.000800371170044, 1.0008046627044678, 1.0008008480072021, 1.0008026361465454], "energy_samples": [-0.5197130399887061, -0.7656787745770641, -0.4473662179226818, -0.6057723342607216, -0.5246889374979342, -0.5238212153227568, -0.6753818984108431, -0.4908085261548689, -0.46851887705473116, -0.6708016192375635, -0.46771580218938424, -0.5259388146732739, -0.6384253362881352, -0.7858027487625827, -0.5654134964700915, -0.5154957546159465, -0.4918629663612621, -0.6873553338637981, -0.4675533581000114, -0.8562687743372586, -0.6399814691943543, -0.5884866787926891, -0.5517368512364471, -0.33152107899144423, -0.7187577441284188, -0.7289721970495251, -0.5192433073915882, -0.6218774417834055, -0.39901073981792373, -0.788713203775086, -0.688867950320938, -0.6636356961955199, -0.7774176986857891, -0.6747092996355465, -0.5024450601966242, -0.5912001959245622, -0.7072590704864816, -0.7205541025775946, -0.7063812275342751, -0.6354010325677245, -0.5165054777783659, -0.3919141290567661, -0.7177813859599584, -0.5546352857407044, -0.7685654158748503, -0.49421160537963543, -0.5302859655479103, -0.3068505928264588, -0.2999738481331587, -0.5794791388546946, -0.6610648961768801, -0.6456200428682486, -0.5210734787564404, -0.48907971759907704, -0.8736419978683672, -0.5993956316235789, -0.6109132644211814, -0.5813475436736792, -0.5967431732785512, -0.457895004202096, -0.5066803212359823, -0.6951324320780274, -0.5286055984637504, -0.5097621506643932, -0.45281147938260025, -0.5398787539840623, -0.6477985827740748, -0.5081360342235822, -0.8271252075893955, -0.8369788409973046, -0.5786748325638493, -0.4057271738612945, -0.4904528290378469, -0.39055944602844184, -0.5299301034912429, -0.5617458460086295, -0.6738710773417378, -0.4628273498138325, -0.5370363763660944, -0.7024132716121956, -0.5555302363009019, -0.5291990354508207, -0.6068405256445437, -0.5459252110346667, -0.48334602493536316, -0.4633911978055532, -0.6105424821808493, -0.7652546520020017, -0.524157767594818, -0.6000873492006747, -0.6322512650113028, -0.5259593591316217, -0.5568833010509783, -0.8744275799149156, -0.38185790221130994, -0.531813427717118, -0.6847491904911065, -0.47422532876546386, -0.625101637027745, -0.5258568997950853], "gsf_samples": [0.02920607649462083, 0.008404689134593335, 0.0005239685648769109, 0.006313779710706516, 0.02246671552108729, 0.0021927387141881137, 0.05289518343203301, 0.006179239535293445, 0.003426943047101709, 0.07693665424132651, 0.006456244175689864, 0.02452731684489624, 0.0028543048283846107, 0.10048782275656208, 0.00691699481329918, 0.0019648236640304006, 0.0013807750466016953, 0.018021646880746606, 0.005721261267411562, 0.3357707961359788, 0.1074114183858794, 0.02488426231984735, 0.22433111000831354, 0.0002639693388104006, 0.03841519198128254, 0.00019479454927206347, 0.001256170175420766, 0.000805750400370778, 0.00010159476029475203, 0.016780193203833334, 0.03010739447295008, 0.031247102486489473, 0.4066858236392869, 0.024279134230057463, 0.0059901319563732125, 0.0012543473049230688, 0.04548215196077412, 0.09054273000111449, 0.09810755795412932, 0.06339946714880862, 0.007728442490478338, 0.0014184352234233556, 0.3224512188540045, 0.005994480311950693, 0.05283121307657785, 0.01601048747912511, 0.02467239081868811, 7.017920087691534e-05, 1.6567553858741723e-05, 0.007820272930039653, 0.08866570769149879, 0.10910559085555215, 0.00018470905146859671, 0.04111827073980188, 0.2357410387358691, 0.00045752996764879944, 0.0386713945715772, 0.15674079390142379, 0.0007301405484984926, 0.017979784909290496, 0.01804081189040854, 0.19391667810473684, 0.015991021944176384, 0.0031199705691357595, 0.0013061472517696595, 0.017210114809813416, 0.1291291239131131, 0.014282210912535526, 0.26479549521162077, 0.48854491084313373, 0.00823066439918055, 0.011475973919984535, 0.0013536356930293986, 0.00020311846218967525, 0.026818013059896065, 0.016849131812964664, 0.09847915306177855, 0.022899096060153723, 0.007254184868496506, 0.09644146525275421, 0.017276062026367417, 0.002740103221929732, 0.011141961860250066, 0.11887679870106609, 0.0006470144870356329, 0.0007673731604416297, 0.0226776306549684, 0.01913342920128056, 0.0008893770779685057, 0.016074342102503133, 0.004192295592071065, 0.0072497813171577465, 0.02058721763462007, 0.5675924826853258, 0.0010750367121045367, 0.005313809172955576, 0.026512458787664735, 0.0004391048289289313, 0.10126824583682358, 0.00878098725884261]}