{"L": 10, "J": 0.10964486480896526, "B": 0.021928972961793053, "K": 5, "init_state": "random computational-basis state", "energy_avg": -0.8577875954531674, "energy_std": 0.12159474895396258, "gsf_avg": 0.5357191233536807, "gsf_std": 0.3723479948205696, "norm_check_samples": [0.9977516531944275, 0.9977673888206482, 0.9977054595947266, 0.9978572726249695, 0.9977760910987854, 0.9977200031280518, 0.9978246688842773, 0.9977762699127197, 0.997816801071167, 0.9977194666862488, 0.9977104067802429, 0.9977519512176514, 0.9978597164154053, 0.9978194832801819, 0.9977111220359802, 0.9977279901504517, 0.9977629780769348, 0.9978255033493042, 0.9977665543556213, 0.997759222984314, 0.9977632761001587, 0.9979205131530762, 0.9978753924369812, 0.9978476762771606, 0.9977726936340332, 0.9978989362716675, 0.9978913068771362, 0.9978594183921814, 0.9978844523429871, 0.9978067874908447, 0.9978596568107605, 0.9979050159454346, 0.9977947473526001, 0.9978448748588562, 0.9977368712425232, 0.99781733751297, 0.9979586601257324, 0.9979067444801331, 0.99786376953125, 0.9978988170623779, 0.9977570176124573, 0.9977802634239197, 0.9979367256164551, 0.9977615475654602, 0.9978207945823669, 0.9978920817375183, 0.9978522062301636, 0.9977739453315735, 0.9977558851242065, 0.9978315234184265, 0.9979630708694458, 0.9977065324783325, 0.9977866411209106, 0.997949481010437, 0.9977758526802063, 0.9978049397468567, 0.9978855848312378, 0.9979265928268433, 0.9978967308998108, 0.9978018999099731, 0.9978922009468079, 0.9979224801063538, 0.9978803992271423, 0.9978860020637512, 0.9977615475654602, 0.9977851510047913, 0.9979833364486694, 0.997850775718689, 0.9979169368743896, 0.9977147579193115, 0.9977638721466064, 0.9978500604629517, 0.9977439045906067, 0.997858464717865, 0.99790358543396, 0.9979060888290405, 0.9978894591331482, 0.9978306889533997, 0.9978842735290527, 0.9978553056716919, 0.9977824687957764, 0.9977083206176758, 0.997789204120636, 0.9977118372917175, 0.9978504776954651, 0.9978711009025574, 0.9977169632911682, 0.9978364109992981, 0.9978481531143188, 0.9978593587875366, 0.9978585839271545, 0.9979279041290283, 0.9978316426277161, 0.9979068040847778, 0.9977136254310608, 0.9978802800178528, 0.9977697134017944, 0.9978435635566711, 0.9978430867195129, 0.9978059530258179], "energy_samples": [-0.9893154641527497, -0.9910229272748536, -0.9930096125756711, -0.7862720346100198, -0.9299685784763081, -0.9934553081734252, -0.9688288846311207, -0.98390786134707, -0.5839216426751574, -0.9923138526142165, -0.9926612295453345, -0.9920194030589069, -0.8240203181607446, -0.6035603781789111, -0.9926444515405415, -0.9908046694007204, -0.9846140265372606, -0.9179360351860286, -0.9846905301504565, -0.9897887521701518, -0.9909761435062475, -0.6541454743648137, -0.8364450140965141, -0.9445953039357956, -0.9824132912331204, -0.7573986375498059, -0.5576565798579456, -0.7006227846559542, -0.7308850972608332, -0.97932391300489, -0.8062854763603692, -0.8883993964282609, -0.947255487860316, -0.954987548462501, -0.9898525508047604, -0.9763130379761926, -0.6808791626061172, -0.634821075432608, -0.8615847397405784, -0.8267908965598466, -0.9904606783128153, -0.7993630801801251, -0.773030182746295, -0.7767200445386481, -0.8690047729889198, -0.8243944218682845, -0.8521491597298819, -0.9569212974175301, -0.9891018221330846, -0.8957806154863699, -0.6708995106818063, -0.9928447676848898, -0.9774141737091724, -0.6749250039019383, -0.9869476416782383, -0.7942733271724656, -0.6827467761941871, -0.7451323512419995, -0.8562537243243594, -0.8983190211908435, -0.826447342921198, -0.9495493193065382, -0.8479938361093212, -0.7030285100878904, -0.9838070631301283, -0.9879977546036895, -0.7978223085958394, -0.910356200158872, -0.7627763604317396, -0.9854597699230324, -0.9822425406833487, -0.8026244236823757, -0.862664214406354, -0.76398212306845, -0.7595096310249236, -0.7927336644448959, -0.8508597469374156, -0.8128992649089319, -0.8883043633813769, -0.7874609671157397, -0.9751230678035655, -0.9931985562546052, -0.9080788045089421, -0.8543687371264641, -0.8305118893449005, -0.8787013602103892, -0.8031777403090197, -0.7540050158463755, -0.6471970782591351, -0.5959718341426575, -0.9477177232507947, -0.7346986611300245, -0.9314784392640585, -0.8885114795499295, -0.9922180062044886, -0.9415874191195475, -0.5913807133616128, -0.796692439513585, -0.664829896501948, -0.7977213333536695], "gsf_samples": [0.9656949882488342, 0.972024952440768, 0.9779652866900864, 0.18561057226933006, 0.7006851830407801, 0.9805322947308286, 0.9191145861266573, 0.9534393797931318, 0.00260443282070919, 0.9757924123905085, 0.9783501270845774, 0.9746314708280092, 0.2045676240345675, 0.014855597292233203, 0.9765021275631779, 0.9698992092354483, 0.9503531675171927, 0.7531421170892274, 0.9491784383039247, 0.9699243557572587, 0.971776619582069, 0.04900722657780513, 0.3976374506514644, 0.8383419459585544, 0.9463759501952305, 0.032886727099279506, 0.04318346661721777, 0.002507459170232689, 0.19255933264675457, 0.9394280063141833, 0.09513726812116434, 0.7117381087557031, 0.8577889057263026, 0.8882959693354342, 0.9695087810167976, 0.9303867747801585, 0.21069592465823153, 0.05013808526614625, 0.6550324995481213, 0.30135030263037127, 0.9706024019237833, 0.257699368621425, 0.1069889895080816, 0.0542595405464083, 0.6782428524286788, 0.2726700516725763, 0.5816182678509949, 0.8212419484016448, 0.966540097311552, 0.5710400931893219, 0.1706235642219365, 0.978441170675131, 0.936799281205128, 0.03489291866763484, 0.9570673530958532, 0.11499190190158345, 0.24134657675284618, 0.40415674530259804, 0.40991915672732965, 0.5480277936446912, 0.3054795813292925, 0.8794414858300647, 0.3046999063128582, 0.33786704229371206, 0.9475925998974596, 0.9620649325915378, 0.41896246042208535, 0.762613727511979, 0.017437302889913776, 0.9454809325676681, 0.9400143531864702, 0.1707956763751138, 0.43043063395104875, 0.017973533746554755, 0.03761445008126875, 0.1832554330189412, 0.5895161178920472, 0.22144975891397214, 0.7016629827474772, 0.03359155418825216, 0.9297215014580097, 0.980072941260847, 0.6541548759538103, 0.3908306397238307, 0.25307682840411644, 0.6664295430499166, 0.18524006396023987, 0.01952069780489991, 0.15124031738632757, 0.08682047169088887, 0.853973111127548, 0.08699805355585859, 0.8349956206982893, 0.5617560416677535, 0.9749817539111236, 0.8518542068899239, 0.02828898721645471, 0.09377486554495261, 0.020717956835542787, 0.20370418992234987]}