{"L": 10, "J": 0.10964486480896526, "B": 0.021928972961793053, "K": 2, "init_state": "random computational-basis state", "energy_avg": -0.6350278937851873, "energy_std": 0.16819886583959232, "gsf_avg": 0.1684924736816029, "gsf_std": 0.2829634731461143, "norm_check_samples": [1.0003756284713745, 1.000356674194336, 1.0003467798233032, 1.000353217124939, 1.0003528594970703, 1.0003634691238403, 1.000369906425476, 1.0003631114959717, 1.0003550052642822, 1.0003678798675537, 1.0003681182861328, 1.0003712177276611, 1.000354290008545, 1.0003663301467896, 1.000356674194336, 1.0003440380096436, 1.0003763437271118, 1.0003631114959717, 1.0003610849380493, 1.0003710985183716, 1.000359296798706, 1.0003687143325806, 1.0003703832626343, 1.0003538131713867, 1.000349760055542, 1.0003721714019775, 1.0003553628921509, 1.0003410577774048, 1.0003604888916016, 1.0003552436828613, 1.0003713369369507, 1.0003604888916016, 1.000367283821106, 1.0003540515899658, 1.0003448724746704, 1.0003409385681152, 1.0003752708435059, 1.0003751516342163, 1.0003691911697388, 1.0003466606140137, 1.000360369682312, 1.0003633499145508, 1.0003678798675537, 1.0003693103790283, 1.0003503561019897, 1.0003528594970703, 1.0003631114959717, 1.0003652572631836, 1.0003706216812134, 1.0003554821014404, 1.0003526210784912, 1.0003657341003418, 1.0003628730773926, 1.0003657341003418, 1.0003554821014404, 1.0003782510757446, 1.000354528427124, 1.0003619194030762, 1.0003644227981567, 1.0003496408462524, 1.0003764629364014, 1.0003790855407715, 1.0003561973571777, 1.0003607273101807, 1.0003657341003418, 1.0003585815429688, 1.0003420114517212, 1.0003552436828613, 1.000355839729309, 1.0003635883331299, 1.0003666877746582, 1.0003666877746582, 1.000362515449524, 1.000346064567566, 1.0003644227981567, 1.0003587007522583, 1.0003515481948853, 1.0003756284713745, 1.0003725290298462, 1.000374674797058, 1.0003606081008911, 1.0003608465194702, 1.0003843307495117, 1.0003634691238403, 1.0003563165664673, 1.0003658533096313, 1.0003546476364136, 1.0003421306610107, 1.0003565549850464, 1.00035560131073, 1.0003570318222046, 1.0003533363342285, 1.0003644227981567, 1.0003633499145508, 1.0003490447998047, 1.0003681182861328, 1.0003654956817627, 1.000357747077942, 1.0003749132156372, 1.0003530979156494], "energy_samples": [-0.47217213419345605, -0.7449528186057222, -0.7851294286835933, -0.9467414763328377, -0.7516307242727706, -0.6496897609553323, -0.4281279910613168, -0.7460998736120604, -0.962901631345747, -0.5825086367278431, -0.6056407374281655, -0.4675361259168996, -0.7071163732465018, -0.3531797229255771, -0.7604216384344669, -0.9874072317542834, -0.3989437209119143, -0.5983443653170407, -0.666421169001996, -0.5073657069215822, -0.42623322960013327, -0.5286350225547276, -0.5005703230581179, -0.6040790733824761, -0.9677714437239504, -0.429221401271871, -0.4651748930772868, -0.7819166312865311, -0.6697710561932624, -0.7717296952516796, -0.5034165733389869, -0.5031171055363627, -0.4085642000022385, -0.7430465081433852, -0.6560880073008235, -0.9782535860966954, -0.44086420337877674, -0.40122919724925066, -0.5954293207491165, -0.9722740025016584, -0.5973673670728558, -0.7132437632891279, -0.49373380062747546, -0.3492411466786476, -0.5779640966095388, -0.5433100969651075, -0.577394304164761, -0.6375647606431728, -0.437293713298065, -0.5683092778721293, -0.9030809508870755, -0.6421415833176447, -0.5329898409307673, -0.5724834037354709, -0.7405097807508336, -0.4973934985356577, -0.6955472345391139, -0.6062547867311693, -0.5344589505976822, -0.5882469360046998, -0.44558809091020835, -0.44212171813012635, -0.5126645073270463, -0.5787261907671584, -0.5671786824121033, -0.682749156890443, -0.9794962841897585, -0.7846011348305557, -0.9157499651369579, -0.5758723487458024, -0.5306601788023239, -0.5301465751657252, -0.711418874103423, -0.6266252728554376, -0.538973540868441, -0.8069545725823577, -0.8931679431024188, -0.47102987573980654, -0.5103197931014638, -0.5630390066370805, -0.79775142853206, -0.497580833853751, -0.24467723177545114, -0.5975731527782048, -0.5378983788682545, -0.6598363671707191, -0.7788789661717023, -0.9731646499910113, -0.7314066543623483, -0.6658070694876471, -0.7908987756426461, -0.8868909436244007, -0.5118508471281781, -0.6402389897797497, -0.9623347027338971, -0.6122489157312959, -0.6663897899071693, -0.8500519951031767, -0.47481477822421886, -0.677165160756771], "gsf_samples": [0.03386846973770233, 0.006391932210333757, 0.16768147023687308, 0.8564897696022445, 0.39074248187512484, 0.07970315511046006, 0.0021428899596849906, 0.4259313368474148, 0.8902325901578261, 0.11359586296971115, 0.13573119780869933, 0.0441177307561442, 0.06809955745644489, 0.002811165124727369, 0.03211257290392299, 0.9669934318824792, 0.0009441762221009906, 0.048706380970506676, 0.002065736323051062, 0.044396252130463325, 0.02614487812956717, 0.021818556710154598, 0.026197855704939522, 0.0247646253300193, 0.900985676479736, 0.008068410482012976, 0.0013009902244184774, 0.11433334529358444, 0.14786392629968198, 0.0003879201883202129, 0.04914513064164394, 0.009802351789017099, 0.001347428107187076, 0.0015929883270407927, 0.09043192544998664, 0.9304929046051229, 0.017352073452193195, 0.05043269739654538, 0.11158462256764438, 0.9164943662778298, 0.0018671343975385584, 0.008239457437779235, 0.03375908440011508, 0.002823831176999648, 0.02453866920008163, 0.00856130188326058, 0.0017346166848801823, 0.0412048810405126, 0.03575895027027209, 0.05023117566228077, 0.7403432600866092, 0.007271589665905589, 0.027332834350443935, 0.003589123340651467, 0.05243129845273072, 0.09813541578055111, 0.005262706655843273, 0.0217291540363451, 0.055244679034441274, 0.0028363850251178807, 0.04445810063839971, 0.0023176628253944436, 0.012996316850837495, 0.08254493537620583, 0.18546855885474656, 0.0036432607811317423, 0.929530307466217, 0.012821797269462849, 0.7765608534076124, 0.0517511900872468, 0.03670133640070348, 0.028155982516130433, 0.034645406618959894, 0.043010870859260045, 0.02353788112555295, 0.5035172983345422, 0.5383224998458872, 0.0595075660226938, 0.035304948574190045, 0.02089808834516772, 0.42701204876756044, 0.0027931638740338097, 0.0007831210124106541, 0.019262159417322604, 0.02086882084335362, 0.10341064747491126, 0.009438991827638058, 0.9216986684726398, 0.26451339269064816, 0.1599674462032142, 0.013208948323391125, 0.5941178563784913, 0.018248471911688654, 0.014553739048740055, 0.8752595366806645, 0.04561699699053701, 0.26650713009316185, 0.6463416293660542, 0.0009792751340884284, 0.03277407912447179]}