{"L": 11, "J": 0.07324052344033093, "B": 0.07324052344033093, "K": 5, "init_state": "random computational-basis state", "energy_avg": -0.9103254439210537, "energy_std": 0.07319774877982255, "gsf_avg": 0.4531446930134777, "gsf_std": 0.39879753517799127, "norm_check_samples": [0.9969995617866516, 0.9969688653945923, 0.9970113635063171, 0.9969997406005859, 0.9970239996910095, 0.9970013499259949, 0.9970164895057678, 0.996991753578186, 0.9970080256462097, 0.9970114231109619, 0.9970157742500305, 0.9970077276229858, 0.9970020651817322, 0.9970176815986633, 0.997014582157135, 0.9970008134841919, 0.9969984889030457, 0.9969977736473083, 0.9970110058784485, 0.9970071315765381, 0.9970086216926575, 0.9969987273216248, 0.9969737529754639, 0.9970045685768127, 0.9970157742500305, 0.9970042109489441, 0.997006893157959, 0.9970083832740784, 0.9970065951347351, 0.9970107078552246, 0.9970121383666992, 0.9969934821128845, 0.9969849586486816, 0.9969847798347473, 0.9969950914382935, 0.9969952702522278, 0.9970037937164307, 0.9970051646232605, 0.9970094561576843, 0.9970051050186157, 0.9969874024391174, 0.9970077872276306, 0.997002124786377, 0.9969921112060547, 0.996988832950592, 0.9970162510871887, 0.9970177412033081, 0.9969983100891113, 0.9969947934150696, 0.9970080256462097, 0.9970088601112366, 0.9970113039016724, 0.99696946144104, 0.9970116019248962, 0.9970042109489441, 0.9970012903213501, 0.9969990253448486, 0.9970172047615051, 0.9970040321350098, 0.9970079064369202, 0.997008740901947, 0.9970195293426514, 0.9970065355300903, 0.9969794154167175, 0.9970043897628784, 0.997011125087738, 0.9969955682754517, 0.9969966411590576, 0.9969896674156189, 0.9969950318336487, 0.9970031976699829, 0.9970081448554993, 0.9970013499259949, 0.9969909191131592, 0.9970133304595947, 0.9970011711120605, 0.9970099329948425, 0.9969998002052307, 0.9969909191131592, 0.9970088005065918, 0.9970007538795471, 0.9969937205314636, 0.9969874024391174, 0.9970171451568604, 0.9969878792762756, 0.9970097541809082, 0.997012197971344, 0.9969919919967651, 0.9970108270645142, 0.9970229864120483, 0.996993362903595, 0.997001051902771, 0.9969830513000488, 0.9970093369483948, 0.9970042705535889, 0.9970134496688843, 0.9969724416732788, 0.9970111846923828, 0.9969966411590576, 0.9970061779022217], "energy_samples": [-0.8409389344059679, -0.7809426241030347, -0.9202522451217884, -0.8725396718405789, -0.9737562005659858, -0.8541045936958661, -0.9916275263831464, -0.8322175904512363, -0.9092749191507942, -0.9192943292525128, -0.929020296776826, -0.8617172704430007, -0.9963994533347433, -0.8687508212129149, -0.9816750054463607, -0.9020050613674367, -0.9926043492253732, -0.931597037975702, -0.9158531065888471, -0.9291382436727409, -0.9966125982186138, -0.8518474711491838, -0.7002333236431649, -0.8876969147765026, -0.9054298711485769, -0.8795609564615685, -0.8522510663912046, -0.8588319341087973, -0.9779882327302121, -0.9899361191600312, -0.9107987050716582, -0.9017961010092775, -0.9726733070570655, -0.8168805172811232, -0.9224144655724338, -0.9681919274614059, -0.8941313392607295, -0.8435436773456173, -0.9971750041502909, -0.9844850679809731, -0.821065521832837, -0.9213429594558621, -0.7923784191632259, -0.8243743681132795, -0.8945264589076033, -0.9004860979572434, -0.8639098940246168, -0.9374217133244341, -0.8615911974799154, -0.992055668318271, -0.9951987708080328, -0.9812001126864985, -0.920092247234295, -0.9922493453750452, -0.9879831269866702, -0.9942460097388462, -0.9786956689782315, -0.994556472447537, -0.9942287061676006, -0.9973092529970505, -0.9978629197727112, -0.846435392398014, -0.9227371078467121, -0.7632244470772918, -0.9702991548333534, -0.818754720156852, -0.9935901387536941, -0.9253761105193361, -0.990090202982126, -0.8835961922069505, -0.9674543066297676, -0.8986038794091659, -0.8747098457471542, -0.717195230750305, -0.8558430858161143, -0.8387052811758909, -0.9900459327125971, -0.8097035775981809, -0.7577844180564728, -0.9060946214573798, -0.9858795851841199, -0.9833028254690754, -0.7969550155580856, -0.8641850933678246, -0.8675558864521196, -0.9978562506694109, -0.7915308611384198, -0.9017673002538398, -0.9874803213973474, -0.9398850778945902, -0.7712223726835397, -0.9955184475434011, -0.8706978562348282, -0.995170068469555, -0.9385652773255609, -0.998878385402229, -0.8277722915922952, -0.9522489446998043, -0.9261244334961021, -0.9507416383827703], "gsf_samples": [0.05417126590189966, 0.0011800013673154443, 0.006766144704749287, 0.023914765082043002, 0.7325159228436874, 0.06411267333118091, 0.9637349857744286, 0.20174187087001053, 0.0021188286310674467, 0.008395660659511138, 0.003172057976322033, 0.378457270712228, 0.967789332236753, 0.012880576877687051, 0.9131282018393119, 0.004482085893864207, 0.9637434872329238, 0.01940879369034034, 0.0018631123768305467, 0.29589164644124066, 0.9733690692422727, 0.019746126578024156, 0.0070211215380198136, 0.24602530545392506, 0.6411227353130026, 0.005964877690693502, 0.4383292555931277, 0.0005703452583128568, 0.8666698082558145, 0.9431146246075867, 0.17845152244655524, 0.5344438656284418, 0.8578741911753901, 0.3209846230196731, 0.7659442634312709, 0.8179781255504976, 0.512729832478927, 0.011929590945486351, 0.9858326388043455, 0.9328962905397902, 0.19482243010322087, 0.07034670284193033, 0.1093628889547047, 0.1604280866959407, 0.6184981868963467, 0.008227096244745762, 0.0006696754409663973, 0.5320889537219738, 0.15293147498966367, 0.9674088388892811, 0.9737392456592157, 0.9048580442336334, 0.7869998611659156, 0.9695499091128678, 0.9434338143660487, 0.9772631331492774, 0.8375804267207888, 0.9663378203362448, 0.971699789478595, 0.9857997782049962, 0.9880992217328535, 0.0031276313175523517, 0.11228028175881478, 0.12025375470370044, 0.835566067450522, 0.08127578458775572, 0.9720038478628211, 1.0697149532731596e-05, 0.9592648301138536, 0.25208825468733925, 0.6421470761179519, 0.43204011424493954, 8.801073318240244e-05, 0.04303053343348043, 0.09784277968563034, 0.040726084464614835, 0.9434304542996728, 0.33956765934724115, 0.004302043108671447, 0.007630833489887347, 0.9182485736624068, 0.9296577991448663, 0.13207563721509374, 0.0009325221908139633, 0.047901676609126066, 0.9905012454165658, 0.009796052834063994, 0.36063503391389984, 0.9172186346313829, 0.4728886166335155, 0.001981962219965177, 0.9768928028009229, 0.5998285092710763, 0.9779817374115143, 0.6772818341852598, 0.9920158823650352, 0.0006081241120235613, 0.6136260850404393, 0.6466017703479541, 0.3605057858509158]}