{"L": 13, "J": 0.06173436287790912, "B": 0.06173436287790912, "K": 5, "init_state": "random computational-basis state", "energy_avg": -0.9233897511999264, "energy_std": 0.07150661448275719, "gsf_avg": 0.49468702081495813, "gsf_std": 0.41739075086037236, "norm_check_samples": [1.0048679113388062, 1.0048702955245972, 1.004865050315857, 1.0048606395721436, 1.0049114227294922, 1.0048747062683105, 1.0048537254333496, 1.0048941373825073, 1.0049105882644653, 1.0048706531524658, 1.0048835277557373, 1.004900574684143, 1.0048764944076538, 1.0048600435256958, 1.0048748254776, 1.0048816204071045, 1.0048866271972656, 1.004870057106018, 1.0048826932907104, 1.0048627853393555, 1.0048778057098389, 1.0048768520355225, 1.0048930644989014, 1.004863977432251, 1.004868745803833, 1.0048795938491821, 1.0048588514328003, 1.0048673152923584, 1.0048748254776, 1.0048646926879883, 1.0048823356628418, 1.004880666732788, 1.0048515796661377, 1.004886507987976, 1.0048736333847046, 1.004876732826233, 1.0048941373825073, 1.0048508644104004, 1.0049231052398682, 1.0048656463623047, 1.0048754215240479, 1.0048828125, 1.0048662424087524, 1.0048623085021973, 1.0048950910568237, 1.0048977136611938, 1.004880428314209, 1.0048680305480957, 1.0048844814300537, 1.0048547983169556, 1.0049188137054443, 1.0049055814743042, 1.0048601627349854, 1.0048667192459106, 1.0048969984054565, 1.0048686265945435, 1.0048789978027344, 1.0048720836639404, 1.0048574209213257, 1.0048809051513672, 1.0049071311950684, 1.0048691034317017, 1.0048555135726929, 1.004868507385254, 1.0048630237579346, 1.004846215248108, 1.0048850774765015, 1.0048584938049316, 1.0048573017120361, 1.0048609972000122, 1.0048623085021973, 1.004860520362854, 1.0048638582229614, 1.0048829317092896, 1.004858374595642, 1.0048692226409912, 1.004878282546997, 1.0048750638961792, 1.0048519372940063, 1.0049227476119995, 1.0048543214797974, 1.0049017667770386, 1.004869818687439, 1.0048842430114746, 1.0048741102218628, 1.0048748254776, 1.0048682689666748, 1.0048717260360718, 1.004866600036621, 1.004856824874878, 1.0048707723617554, 1.0048846006393433, 1.0048547983169556, 1.00487220287323, 1.0049018859863281, 1.0048723220825195, 1.0048770904541016, 1.0048688650131226, 1.0048798322677612, 1.0048710107803345], "energy_samples": [-0.931864129340749, -0.9965337622458874, -0.9682990139438521, -0.980095585148648, -0.7782905172456159, -0.9984042114502892, -0.9477032329589443, -0.801450825577645, -0.8174649446881234, -0.9025445522765845, -0.9765710592515395, -0.8482177885034133, -0.9169624983883274, -0.8707125412597932, -0.8263357773226635, -0.9459292333012371, -0.8809261858212081, -0.9826898579765522, -0.9869853625509086, -0.9155514659085674, -0.9990584517195383, -0.772766768664714, -0.9212623987535792, -0.995585572857742, -0.9903927299645862, -0.9920830672289555, -0.9973641937982607, -0.8489184249926045, -0.867133122715872, -0.8569721368520112, -0.9811111784367189, -0.9464373433098804, -0.893722782020142, -0.8162955931001075, -0.9983057001078234, -0.9965752340738178, -0.9346824987447258, -0.9962195716450508, -0.7802890556886051, -0.9977994018060817, -0.9748299022909636, -0.9772268614673865, -0.9938145385452932, -0.9933598783799951, -0.9002673434497582, -0.8056115253254515, -0.9511747705232394, -0.9862075103194909, -0.8795664653939802, -0.9956238753165964, -0.8440250084974665, -0.8558146053978505, -0.950312398610204, -0.9987602660916483, -0.8251900919159201, -0.8898050227190626, -0.8129120410183847, -0.9031371742582092, -0.9019586848584515, -0.8797691193482602, -0.861951127760153, -0.9947161199565581, -0.9908962833481664, -0.9914175445333249, -0.9877865369211016, -0.9966945101898543, -0.8827489137971742, -0.9949047224065419, -0.9851743636250824, -0.9798986234476355, -0.8443978622128798, -0.9639136527323506, -0.8682364980911853, -0.7925402073332614, -0.9957069737919507, -0.9127697983722016, -0.8782832057700604, -0.8630653106397493, -0.9393054581358167, -0.7126286781734085, -0.997933904599252, -0.8134588898406844, -0.994498765279994, -0.8722752023596558, -0.9975226134395697, -0.9533266443125019, -0.9922014985399144, -0.9951180592662624, -0.9491223262234101, -0.9820867152506347, -0.8741274374579978, -0.9380756150929775, -0.8771036985255096, -0.9985852190402581, -0.8546994148242155, -0.8889418613169395, -0.9582416610002575, -0.9956377411083142, -0.9873587048072757, -0.8057479010995932], "gsf_samples": [0.48907866898539815, 0.9790091232841747, 0.0011071535678542877, 0.8497451565885281, 0.012166762319900394, 0.9805852080634612, 0.11945377126349069, 0.0007242192019461921, 0.10580226224047386, 0.007366795195800201, 0.8764279423652989, 0.022347283467106547, 0.12861045386855532, 0.0012010964858182823, 0.06847202225156962, 0.717434415104072, 0.005142542460414767, 0.9023209251835286, 0.9100931665574461, 0.15498144206787476, 0.9917327230611215, 0.07048435995002388, 0.662197608453347, 0.9484451562205952, 0.9403972367540195, 0.9672876982465445, 0.9807258336908711, 0.09511241346267686, 0.015149779310255183, 0.047682674122738924, 0.9038974163035541, 0.7045688973276601, 0.00033746991882444894, 0.2641583469386371, 0.9774277449393701, 0.9773094986579295, 0.7392087028908084, 0.9804067168466375, 0.004635807259455137, 0.9823649932744294, 0.886287057874609, 0.8743629720166706, 0.8935509996781901, 0.9633391108211167, 0.6250577467425129, 0.0014556501262356376, 0.6656142742265525, 0.827269813084261, 0.003847316047275066, 0.9706066413278082, 0.002061016769056021, 0.060548251003714054, 0.7011756458401095, 0.9885751223748586, 0.005571382252501402, 0.00039121740581010006, 0.0005659032017791882, 1.5664716889372275e-05, 0.001787792943586254, 0.09730136503806529, 0.3382471353578232, 0.9441737114668008, 0.9479769743165324, 0.9429970674725299, 0.9232629920898695, 0.9741195621639143, 0.4433366219494442, 0.9579509325637646, 0.9242843176149113, 0.7069330115441405, 0.10904637718874793, 0.36615990740276205, 0.3235578453267158, 0.02694137621347483, 0.9495321857911795, 0.00017554315818003887, 0.0041914923176061296, 0.0047151814644697, 0.06864722218297394, 0.007851433112940651, 0.9834918267122388, 0.04193728831329864, 0.9557380754341986, 0.009290093937658289, 0.9841479162794342, 0.7128847548626511, 0.9131734071160538, 0.9664476853841861, 0.5397476713175949, 0.6851128098631399, 0.0880374015262771, 0.6067409152136686, 0.06035079968233518, 0.9884658299785716, 0.0012610471540191997, 0.002576518631985103, 0.7887862961244884, 0.9723404092332343, 0.9284636577920065, 0.12062035459618231]}