{"L": 13, "J": 0.015243609622590108, "B": 0.07621804811295053, "K": 3, "init_state": "random computational-basis state", "energy_avg": -0.9528170126705072, "energy_std": 0.05231358673047654, "gsf_avg": 0.7589921573227199, "gsf_std": 0.2803103827043522, "norm_check_samples": [0.9924783706665039, 0.9924989938735962, 0.9925106167793274, 0.9925385117530823, 0.9925427436828613, 0.9925202131271362, 0.9924871921539307, 0.9925022125244141, 0.9925264120101929, 0.9925302267074585, 0.9924824833869934, 0.9925253987312317, 0.9925203919410706, 0.9925025701522827, 0.9924858212471008, 0.9924988150596619, 0.9925244450569153, 0.9925230741500854, 0.9925095438957214, 0.9925196766853333, 0.9925079941749573, 0.9924905300140381, 0.9924927949905396, 0.9924942255020142, 0.9925042986869812, 0.9925216436386108, 0.9925118684768677, 0.9925025105476379, 0.992481529712677, 0.9925163388252258, 0.9925317168235779, 0.9924834370613098, 0.992487907409668, 0.9924840331077576, 0.9924894571304321, 0.9924712777137756, 0.9925235509872437, 0.9925168752670288, 0.9925243258476257, 0.9925356507301331, 0.9925203323364258, 0.9925314784049988, 0.9924827814102173, 0.9925203323364258, 0.9925324320793152, 0.9925411343574524, 0.9925174117088318, 0.9925140142440796, 0.9925187230110168, 0.9925289154052734, 0.9924741983413696, 0.9925011396408081, 0.9925320744514465, 0.9924860000610352, 0.9925181269645691, 0.9925521612167358, 0.9925044775009155, 0.9925022125244141, 0.9925128221511841, 0.9925092458724976, 0.992494523525238, 0.9925159811973572, 0.9925088286399841, 0.9924965500831604, 0.9924958944320679, 0.992510974407196, 0.9924710988998413, 0.9924752712249756, 0.9925006031990051, 0.9925297498703003, 0.9924920797348022, 0.9924930334091187, 0.9925218224525452, 0.9925039410591125, 0.9925165772438049, 0.9925217032432556, 0.9925152063369751, 0.9925159215927124, 0.9925180077552795, 0.9924988150596619, 0.9925005435943604, 0.9925053119659424, 0.9925314784049988, 0.9925078749656677, 0.9925331473350525, 0.9924644827842712, 0.9925244450569153, 0.9924761652946472, 0.992508590221405, 0.9925224781036377, 0.9925440549850464, 0.9924920201301575, 0.9925329089164734, 0.9924712777137756, 0.9925743341445923, 0.9925034046173096, 0.9924558997154236, 0.9925419688224792, 0.9925084710121155, 0.9924923777580261], "energy_samples": [-0.9853017928051477, -0.9917611102713741, -0.9834563512585993, -0.9615897042706026, -0.9458682932023074, -0.9762838136060338, -0.9286899203239258, -0.9806995911400431, -0.9898966881405588, -0.9717355808701604, -0.9704189016566287, -0.928573619078801, -0.9917548634827332, -0.9926626847508282, -0.9912382150582228, -0.9813129636648775, -0.823795567264169, -0.9732860174321871, -0.9199541492990928, -0.9602779399398991, -0.9880846215005044, -0.9796440273499877, -0.9550978027989031, -0.9832563692162896, -0.992786051432463, -0.9685656822383429, -0.9744527712488223, -0.9615396396352734, -0.9838094109033558, -0.9882853136413245, -0.9360633314222375, -0.8567456673446501, -0.9726445155283184, -0.9898405989839677, -0.9921538077685527, -0.9619040045874132, -0.992364094374744, -0.9176487379806539, -0.8261366136194856, -0.7993912138649208, -0.9281720002867189, -0.7943948555796584, -0.9898486880174192, -0.9763396396326052, -0.9226331217644756, -0.9783688063495789, -0.9775020916719639, -0.983451253964529, -0.9686762232875248, -0.9466889267756234, -0.8465593525806133, -0.8372184061854646, -0.9724729976883212, -0.9902038862707896, -0.9764428218231692, -0.9487977962235256, -0.9536749463014698, -0.9880441436326267, -0.8432672839705834, -0.9880602918921182, -0.967807484941531, -0.9871963664229618, -0.99153350655891, -0.9939359088900158, -0.9920187137824995, -0.9937306223212135, -0.9918705775144993, -0.9911473220320568, -0.9670168132025152, -0.9753586587867831, -0.838280544909101, -0.9875605249853665, -0.9129152153230651, -0.9716774936814141, -0.9709586200979462, -0.939077001520969, -0.9816621526045956, -0.9761434631725702, -0.9904715429744688, -0.9879518120974526, -0.9825995233104865, -0.9147812169109848, -0.8041656844551969, -0.9858549686273179, -0.8879724344427251, -0.9815343066284531, -0.9883327125120098, -0.8441887525650182, -0.9751874802723522, -0.977823696109032, -0.8978016132625304, -0.9672585976640092, -0.9752687764190993, -0.9852309204645403, -0.8659210498873119, -0.9863807416219182, -0.9888029885923776, -0.835601282286749, -0.9685286776810957, -0.9803619206623944], "gsf_samples": [0.9296530437260612, 0.9669533596035733, 0.9265470071171572, 0.8682176362825813, 0.8039275717458064, 0.8797654970303235, 0.6364810945093241, 0.9052859738350338, 0.9588771414776028, 0.8516631899933172, 0.8790260013933298, 0.6142188539973679, 0.9654504787963043, 0.9705424166769084, 0.9626154029670888, 0.9071554962084423, 0.025862577918422947, 0.8700852850022874, 0.5869239755324556, 0.7963482315554647, 0.948214665581438, 0.8923232432534969, 0.7634233203360017, 0.918492909138714, 0.9717195496649559, 0.8333984794440582, 0.8720363265168366, 0.7895637792771893, 0.9225354694259414, 0.9435193745183773, 0.6562691610049899, 0.16661112728336566, 0.861492087855645, 0.9535040215226943, 0.9686509315162509, 0.8393277682395666, 0.9685685131028063, 0.5363288628222126, 0.0426761951772077, 0.17555828853482314, 0.5919705421989854, 0.07613721476044458, 0.9562641036408267, 0.8830471801834741, 0.630124787466683, 0.8903750836748423, 0.8866590846318078, 0.9192895664117297, 0.8630156754810919, 0.8225114419566074, 0.08069026608816521, 0.031085804068578356, 0.8525250780155247, 0.9559732779904353, 0.8731260317433465, 0.7630822129676329, 0.7429548008870254, 0.94520924041841, 0.1969561535109033, 0.9461380592692603, 0.8412251506151004, 0.937990283884554, 0.9627871285502752, 0.9785999345819548, 0.9680122571433468, 0.9779295930531833, 0.9675289903744405, 0.9636912533412285, 0.8391663673459799, 0.884402450837391, 0.008991672814693192, 0.9415718034741085, 0.5475134076277361, 0.8715857446936038, 0.853452521152041, 0.6601199203297944, 0.9103593316141266, 0.8791432011900268, 0.9594518120786627, 0.9456233676719313, 0.9128736229548957, 0.5124383055593752, 0.20022820082247011, 0.9293514979255585, 0.4339653258491676, 0.9084920181572195, 0.9473007663871519, 0.09484330957410284, 0.8786951612844117, 0.8885532773018227, 0.5705533033368761, 0.8257913670203538, 0.8757375761072073, 0.9309634810215314, 0.23769925523965357, 0.9357713666936486, 0.94839519123068, 0.004451073645867223, 0.8268049221219913, 0.9002106027126183]}