{"L": 13, "J": 0.06173436287790912, "B": 0.06173436287790912, "K": 3, "init_state": "random computational-basis state", "energy_avg": -0.7883487778043576, "energy_std": 0.10180695901499158, "gsf_avg": 0.13445159166983234, "gsf_std": 0.246682480465494, "norm_check_samples": [0.9960662722587585, 0.9960556626319885, 0.9960798621177673, 0.9959262609481812, 0.9959284067153931, 0.9960357546806335, 0.9959697723388672, 0.9959508776664734, 0.9960146546363831, 0.9960099458694458, 0.9959434866905212, 0.9961457848548889, 0.995942234992981, 0.9959658980369568, 0.9959295392036438, 0.9959431290626526, 0.9958975911140442, 0.9959266185760498, 0.9960452318191528, 0.9959926009178162, 0.9960274696350098, 0.9960732460021973, 0.9959031939506531, 0.9961226582527161, 0.9960061311721802, 0.9960888028144836, 0.9961283206939697, 0.9960273504257202, 0.9959830641746521, 0.9960646033287048, 0.9960291385650635, 0.9960918426513672, 0.9960526823997498, 0.9960169792175293, 0.9960049986839294, 0.995945155620575, 0.9959497451782227, 0.996008574962616, 0.9959813356399536, 0.9959684014320374, 0.9959938526153564, 0.9959636926651001, 0.996130645275116, 0.9959453344345093, 0.9961175322532654, 0.9959428310394287, 0.9959832429885864, 0.9959663152694702, 0.995980978012085, 0.9959577322006226, 0.9961801171302795, 0.9960049390792847, 0.9959469437599182, 0.9960035681724548, 0.9960681200027466, 0.9959642291069031, 0.9958916306495667, 0.9959574341773987, 0.9959681630134583, 0.9959068894386292, 0.9959782361984253, 0.9960539937019348, 0.9960283041000366, 0.9959819316864014, 0.9959269762039185, 0.9959481358528137, 0.9960086941719055, 0.996021568775177, 0.9959092736244202, 0.9960716366767883, 0.9959049224853516, 0.9961355328559875, 0.9958963394165039, 0.9960231781005859, 0.996016800403595, 0.9960227012634277, 0.9960918426513672, 0.9960423707962036, 0.9960503578186035, 0.9960981607437134, 0.9959447383880615, 0.9960343837738037, 0.9959689974784851, 0.995989203453064, 0.9959642291069031, 0.9960160851478577, 0.995975136756897, 0.9958993196487427, 0.9959942698478699, 0.9959679841995239, 0.9959942698478699, 0.9960320591926575, 0.9959359169006348, 0.9959291219711304, 0.9960476756095886, 0.9959359765052795, 0.9960565567016602, 0.9959876537322998, 0.9959982633590698, 0.9960196614265442], "energy_samples": [-0.6937979405157606, -0.7197351493766773, -0.6991833646349971, -0.9639348049775999, -0.7664719286647953, -0.7573128320819602, -0.8038844240798397, -0.9648923624633773, -0.7778793298650235, -0.779483938924162, -0.8656262280198103, -0.7153763153258189, -0.7942025775533108, -0.7591909763213386, -0.8811696626606889, -0.9477876169069546, -0.972472956994527, -0.9382628582916668, -0.7430428818938687, -0.766923723580983, -0.6853201589483064, -0.6904557098696263, -0.9058871036318262, -0.6210643917816614, -0.7693375650164099, -0.7269541718668293, -0.6645168081892927, -0.8847241930735031, -0.7861011573975927, -0.7013661131407346, -0.6689957278372244, -0.7242424353749923, -0.6881681858402534, -0.8171657199958597, -0.7858362725366901, -0.9360216572388693, -0.9644298961004327, -0.7061750373164242, -0.7789435669942179, -0.7326771398227268, -0.8309080578960532, -0.8923819449948912, -0.5910903751499866, -0.785811487521422, -0.581624316712982, -0.8190152489242567, -0.7724692105346735, -0.7325816290369859, -0.9154248262590393, -0.7692328117569391, -0.5196893162041302, -0.7299768809766534, -0.7833848321056566, -0.8016597296589754, -0.7696057187995778, -0.7451290160724086, -0.9231909166416544, -0.9148436613986025, -0.8069945424909623, -0.98619280358265, -0.8663583879335447, -0.6231169513804291, -0.6802412208490131, -0.8322476012254132, -0.8835429524483178, -0.9520531029343027, -0.7615951951742539, -0.6911490725312754, -0.8571872985797857, -0.7614511794107297, -0.8857302434610334, -0.5819417305157087, -0.9864034883587725, -0.7835784965704559, -0.7024852426298804, -0.7354746271521722, -0.6367967653107779, -0.714720961815781, -0.7201249787326469, -0.6400468495148118, -0.8658059104842384, -0.7544663719156021, -0.8499201175905727, -0.7536567473570601, -0.8492073057912378, -0.7587544975634013, -0.8027092410057631, -0.9771003568940444, -0.778856043493371, -0.8629347641661345, -0.8746851059555077, -0.6700114725287547, -0.8623843767217197, -0.9493260205301755, -0.7461930001456369, -0.8454466308504893, -0.7466714389539543, -0.8825734541228747, -0.7044395314696292, -0.7832668345413514], "gsf_samples": [0.01736802453773368, 0.003615070194182451, 0.03871115919663139, 0.647242661563798, 0.08434410974513058, 0.00047786108415283325, 0.001109290330735803, 0.8309152134145578, 0.004491066048087406, 0.002383015649839435, 0.023948292247585455, 0.0007789445628572, 0.11042332915193419, 0.018633137104397745, 0.0039535511548437294, 0.7843930442672915, 0.8635693901961228, 0.17726779712933127, 0.007566483305786518, 0.0012197795285282136, 0.002327559079447581, 0.004432362501168045, 0.1179314619430899, 0.0034099950411717508, 0.13733693178832057, 0.0066213498998231955, 0.0008259164799298529, 0.5484594636413467, 0.004355376111031937, 0.001846134070055579, 0.017217446983907522, 0.008347541807393614, 0.0021921545284236356, 0.09841066437233226, 0.007849092848457457, 0.49408061315161916, 0.8138126052400443, 0.011974197410225297, 0.03937116318925359, 0.0059953243708289975, 0.00015673111665364577, 0.19574851904653529, 0.002193448648886399, 0.01286603816520097, 0.0008588543312310203, 0.0013973267942131848, 0.0031782970951755277, 0.020705559427609887, 0.4037060185457362, 0.026301973485492732, 0.0015739140411985026, 0.002974209489760502, 0.016066716554439996, 0.0022391110333245395, 0.28855620529869647, 0.034288052975043955, 0.031140285887063898, 0.47591287905097995, 0.17934763047909436, 0.8900290526303729, 0.0036981838839670843, 0.002863632497001711, 0.0017897788046476657, 0.13901696450464263, 0.02060220804229228, 0.79486642540493, 0.0021214543045018266, 0.042917638919381086, 0.0029842244799198414, 0.002408471078809866, 0.009313182161424691, 0.0008010221735895281, 0.8954166111082105, 0.012549082923905948, 0.0012304844872994233, 0.0037742450966957554, 0.026579635301498664, 0.00015543277423738918, 0.01305727805299515, 0.017385652297838495, 0.010479619090536955, 0.03280298312763641, 0.12646426979519484, 0.00024414565170057765, 0.072358356488206, 0.14454945236352632, 2.589352923394596e-07, 0.8496198465771339, 0.0007250791602491011, 0.51892997032211, 0.2213388448507708, 0.0034269074866416075, 0.0030214716725079013, 0.40357343822197644, 0.04889083213246826, 0.008024675304012649, 0.18155934265021156, 0.1322152168519779, 0.006468719351082206, 0.14848472968410006]}