{"L": 14, "J": 0.05723769491823595, "B": 0.05723769491823595, "K": 2, "init_state": "random computational-basis state", "energy_avg": -0.5829071919767607, "energy_std": 0.12205046987905188, "gsf_avg": 0.01949660278284383, "gsf_std": 0.043942668957772234, "norm_check_samples": [1.0053654909133911, 1.0052694082260132, 1.0052334070205688, 1.0052502155303955, 1.0054552555084229, 1.0053409337997437, 1.005388617515564, 1.0052835941314697, 1.0053296089172363, 1.005358099937439, 1.0053622722625732, 1.00532066822052, 1.005259394645691, 1.0054316520690918, 1.0054246187210083, 1.0054396390914917, 1.00523042678833, 1.0053939819335938, 1.0054240226745605, 1.0053528547286987, 1.0053272247314453, 1.005378246307373, 1.005373239517212, 1.0053662061691284, 1.005372166633606, 1.0053753852844238, 1.0053534507751465, 1.0053009986877441, 1.0053389072418213, 1.0053929090499878, 1.0054057836532593, 1.0052909851074219, 1.0054090023040771, 1.0053746700286865, 1.0054150819778442, 1.0053123235702515, 1.0053600072860718, 1.0053530931472778, 1.0052995681762695, 1.0053571462631226, 1.0053043365478516, 1.0053133964538574, 1.0054152011871338, 1.0053491592407227, 1.0052578449249268, 1.0054450035095215, 1.0054569244384766, 1.005461573600769, 1.0052399635314941, 1.005397915840149, 1.0053685903549194, 1.0054175853729248, 1.0054185390472412, 1.00538170337677, 1.0053246021270752, 1.0054492950439453, 1.0053459405899048, 1.005186915397644, 1.0053244829177856, 1.005354881286621, 1.005372166633606, 1.0053852796554565, 1.005324363708496, 1.0053640604019165, 1.0053850412368774, 1.0053597688674927, 1.0052664279937744, 1.005361557006836, 1.0052945613861084, 1.0053658485412598, 1.0053369998931885, 1.0052911043167114, 1.0053036212921143, 1.0052919387817383, 1.0052465200424194, 1.0052344799041748, 1.0052295923233032, 1.0053579807281494, 1.0053036212921143, 1.00522780418396, 1.0053517818450928, 1.0054206848144531, 1.005288004875183, 1.0052648782730103, 1.0052659511566162, 1.0053435564041138, 1.0052570104599, 1.0053582191467285, 1.0052316188812256, 1.0053749084472656, 1.0053942203521729, 1.005367398262024, 1.0054781436920166, 1.0052790641784668, 1.0053433179855347, 1.0053547620773315, 1.0054004192352295, 1.0054174661636353, 1.0053215026855469, 1.005301833152771], "energy_samples": [-0.5763890950337803, -0.3971082975876156, -0.4453344155826884, -0.4100897676930951, -0.7393245423408198, -0.4979808791780601, -0.515994193406648, -0.5341237258976399, -0.4768700327268439, -0.6263315119913232, -0.5278605675768083, -0.5759897060758771, -0.5579733785960914, -0.6889757671230323, -0.7840585819175672, -0.6560427984815214, -0.3659832051304272, -0.5342105218750322, -0.8219876406094613, -0.6193308112089193, -0.479245011695556, -0.7693026422818857, -0.6735784235089541, -0.7246988031979757, -0.5448570336450014, -0.6037863602409304, -0.6293402896657433, -0.43855594969775336, -0.5579827117161924, -0.8097281270738441, -0.6619564156738762, -0.5021923173312094, -0.7038031988389293, -0.5858360657502907, -0.7153021661919495, -0.5959631909182398, -0.5415414675174147, -0.5859633502874404, -0.46533985473042483, -0.6288453162494101, -0.49999432994434984, -0.5745315377570401, -0.6542478348791761, -0.584636039139432, -0.5445207948539513, -0.7773644895287037, -0.8704065983896749, -0.7959155311567567, -0.4323407766881563, -0.744248153049081, -0.7232904899341895, -0.7632099903614254, -0.751236575224175, -0.8022447291508515, -0.5050811397741097, -0.6614453141268782, -0.4970407636383783, -0.46651137181879754, -0.520925885818988, -0.6403643165383545, -0.7083733470769679, -0.6986665480131593, -0.5301544084785451, -0.5678170699378522, -0.6509808618205124, -0.5893483189110442, -0.4567023522908832, -0.5374663255311339, -0.4369034955846534, -0.5109695669413775, -0.5711267017999784, -0.45835817140251983, -0.5959948036629273, -0.42669103385242674, -0.369327130418184, -0.3830763822009222, -0.4369238564951614, -0.4919138426565206, -0.4706208914744584, -0.43871466468116244, -0.6137169080100568, -0.7796399606250569, -0.5792495120336398, -0.4436669997340527, -0.3947092342900247, -0.49717678213014255, -0.4453461427857233, -0.5698621605387996, -0.3969011127449643, -0.6426580009052415, -0.6945730375674701, -0.6774740058083611, -0.7965570940848961, -0.4471257649319851, -0.5981684071300525, -0.5873606686815613, -0.7869431523074679, -0.6310498624410878, -0.5360900844240287, -0.4629857352523215], "gsf_samples": [0.004608887210144294, 0.00028338184640082267, 0.0011676886909817174, 2.596273569641753e-05, 0.0033196670912317124, 0.0017276506900733197, 1.6390903667978423e-05, 0.0004540899007365747, 0.0017883143279727727, 0.0009524875596112571, 0.0010194429319242385, 0.00015641741442603744, 0.0015743740820174728, 0.0018064366950755952, 0.0018809018318088511, 0.005542626062383141, 1.11906912426537e-06, 0.006596532942346654, 0.04473514059311041, 0.0046619492907397884, 5.911952343041203e-05, 0.016407199571859984, 0.0035346971899448917, 0.002069597957022738, 5.7985096895798435e-06, 0.0012026414928640549, 0.003940037157397034, 3.443343802771099e-05, 0.009672165839260402, 0.24743657960659488, 0.004034289709191541, 0.0016785125038663098, 0.0023977200682598057, 0.0019121237068481641, 0.08331100652582259, 0.0037138952611161513, 0.004331407579658491, 0.0008697726759509933, 0.0032169718846036745, 0.08599918502472206, 0.0016354566792863177, 0.008587120476840586, 0.04020057707719874, 0.002193221237354966, 0.0007807154742991742, 0.11003192556527344, 0.11488147702564054, 0.037658164738021645, 0.00018950807694543095, 0.0016112932842850404, 0.0025883433227573676, 0.01438588188852625, 0.1395038656546005, 0.1622679308454871, 0.00039082121970678246, 0.08178769294582047, 0.00013449819584285846, 0.0034919364293178237, 0.00015967560813528485, 0.003959086623224641, 0.17848919124002427, 0.0015329966060183236, 0.00036350727719049755, 0.0035216697153978124, 0.04913024269086225, 0.003289637623063176, 0.0014902271986697124, 0.00038634282869074284, 0.006712640177699575, 0.0021284333353645117, 0.004358021501631263, 0.0003139491212872503, 0.013642122458340294, 5.0270154429716944e-05, 0.0006576285968992654, 0.0001476395175648081, 0.0005987942460397556, 1.1204706565260545e-05, 0.0009770146713095386, 0.0001374839994257634, 0.009467732845180637, 0.15957836091504762, 0.018356083995004477, 5.257120278546618e-05, 5.955788600563888e-05, 8.71045158980651e-05, 5.9596663456299085e-05, 0.016649467750233977, 0.0003625168859780172, 0.00024471954626063396, 0.0052483995568016785, 0.07404780828668732, 0.07065132741815132, 0.00032202925478110224, 0.014875818174466489, 0.015854714089107456, 0.001780071749784975, 0.0004700952279098059, 0.008821005405033708, 0.00014646978516507842]}