{"L": 14, "J": 0.0759852142889399, "B": 0.015197042857787979, "K": 5, "init_state": "random computational-basis state", "energy_avg": -0.7782227278102732, "energy_std": 0.12591513605663399, "gsf_avg": 0.2512305970253543, "gsf_std": 0.3180505866569586, "norm_check_samples": [0.9991857409477234, 0.9991669654846191, 0.9992072582244873, 0.999190628528595, 0.9991461038589478, 0.9993069171905518, 0.9993510842323303, 0.999243438243866, 0.9991508722305298, 0.999265193939209, 0.9991898536682129, 0.9992386102676392, 0.9992495775222778, 0.9991793036460876, 0.9992176294326782, 0.9992032647132874, 0.999218225479126, 0.9992702007293701, 0.9992552995681763, 0.9991848468780518, 0.9991562962532043, 0.9991520047187805, 0.9992164373397827, 0.9991510510444641, 0.9992653131484985, 0.9991453289985657, 0.9992405772209167, 0.9991908669471741, 0.9991447925567627, 0.9993467330932617, 0.9992074370384216, 0.9992200136184692, 0.999161422252655, 0.9991476535797119, 0.9992167949676514, 0.9991562366485596, 0.9992205500602722, 0.9991639256477356, 0.9992249608039856, 0.999235987663269, 0.9991686344146729, 0.9991545081138611, 0.999165952205658, 0.9992614388465881, 0.9991883039474487, 0.9992377161979675, 0.9992795586585999, 0.9992052316665649, 0.9992156028747559, 0.9992199540138245, 0.999225378036499, 0.9992752075195312, 0.9992380142211914, 0.9992352724075317, 0.9992190599441528, 0.9991949796676636, 0.999261200428009, 0.9993401765823364, 0.9992629885673523, 0.9990833401679993, 0.9991553425788879, 0.9993478655815125, 0.9991581439971924, 0.9992294907569885, 0.9991592764854431, 0.9991481304168701, 0.9992008209228516, 0.9991527199745178, 0.9991587400436401, 0.9992596507072449, 0.9991273880004883, 0.9991278052330017, 0.9991722106933594, 0.9991562366485596, 0.9991873502731323, 0.999224841594696, 0.999174952507019, 0.9991734027862549, 0.999259889125824, 0.9992237687110901, 0.9991529583930969, 0.9992588758468628, 0.9991562366485596, 0.9992077946662903, 0.9992360472679138, 0.9992103576660156, 0.9992284178733826, 0.9992179870605469, 0.999221920967102, 0.9992503523826599, 0.9991921782493591, 0.9992997050285339, 0.9992737174034119, 0.9991628527641296, 0.9991850852966309, 0.9992013573646545, 0.999235987663269, 0.9992304444313049, 0.9991386532783508, 0.9992121458053589], "energy_samples": [-0.7934140560031376, -0.8827445029384714, -0.9207884427043562, -0.7297226757424089, -0.6266818350861276, -0.9896360502601574, -0.7661144661662431, -0.8653497002911459, -0.6376038164385419, -0.8939556137831508, -0.7945125891908733, -0.96676160595499, -0.6787828765112754, -0.7045346480439207, -0.9524475899490613, -0.8371672389084622, -0.9445194494416733, -0.9876017679012289, -0.7805929239367219, -0.8213507925220316, -0.8459963157726849, -0.5547506196459904, -0.649438803792257, -0.6624261337023711, -0.9662043304878467, -0.8256200207832672, -0.7847601980372094, -0.5872833462550073, -0.6560162814019774, -0.9920075765689278, -0.7927960080571272, -0.6595951558174247, -0.7627125718626745, -0.6166209045137587, -0.5679751874948673, -0.7070775767727278, -0.8568133980490373, -0.6456767385347446, -0.8219289530931022, -0.8649419805453241, -0.8284811674574319, -0.8195613276842408, -0.686243677142881, -0.796781757918434, -0.7228678248945133, -0.8985982007272835, -0.9818535961897898, -0.8616810711532897, -0.6655106119435666, -0.6460764575987883, -0.985538740986293, -0.7220235911578046, -0.8313201028025269, -0.6890612888309521, -0.8208036745723393, -0.7351291546532804, -0.8154982065559759, -0.993098005108924, -0.8506037642407099, -0.4849514024727064, -0.7028439682758665, -0.9083707687348015, -0.7008209932382896, -0.8738888140832937, -0.8531527114451725, -0.6122318669588086, -0.7426519872156215, -0.7181119222725089, -0.7766452709692205, -0.978804308245137, -0.5509733227857467, -0.6376921489151646, -0.724989967669312, -0.6394933388479401, -0.7968028487323005, -0.8003328917007407, -0.788130066098463, -0.7211240794362964, -0.6956136880982419, -0.9623335051135764, -0.530320730254679, -0.8635196550789033, -0.722953340332007, -0.8863625417736384, -0.7694995977626917, -0.7947941121597172, -0.8372968413736127, -0.9641753661622219, -0.7955827931609069, -0.914089804620184, -0.6252229282871264, -0.9861461705463523, -0.9340152333516097, -0.5117050957028023, -0.555614144358383, -0.7901022693275633, -0.8431806644948634, -0.6910379119595634, -0.6671752976326156, -0.7238614467973395], "gsf_samples": [0.335472635605195, 0.6371759115559877, 0.6664546760096913, 0.03478220563824394, 0.0024613925505264206, 0.9596845290428939, 0.23144001925293176, 0.19265245629861674, 0.03668208865174206, 0.6170540385719105, 0.03719902527529241, 0.8630222764810349, 0.011598237093799027, 0.048205931233194374, 0.8220651640417564, 0.3182086202302332, 0.7775035187281822, 0.9343208540458154, 0.15072445970584677, 0.015741057300770297, 0.2403651976023626, 0.016886368362068884, 0.01984088974072639, 0.06372501902670272, 0.8560137258397275, 0.3918098701830993, 0.002215461553326166, 0.0002498364553981506, 0.04790903646494712, 0.9613738334932826, 0.002267313836306213, 0.0017533437897142468, 0.19485495317374307, 0.0015989916096251402, 0.005540111334056953, 0.09923444098256028, 0.09496224482490456, 0.0029557596147756215, 0.11875166724120913, 0.10447813223282128, 0.06489061224300417, 0.28462978472638895, 0.0218892514264509, 0.027823504702745118, 0.020552646518965354, 0.6028526644363835, 0.9301682925612412, 0.16072472807780214, 0.032921495746898996, 0.02491210170204477, 0.943960071048113, 0.025354288172086882, 0.05650805870200574, 0.02416262266564032, 0.40409894367001975, 0.047455665470378036, 0.08041932963304611, 0.9693494983046932, 0.02223533298807855, 0.0017694418844776125, 0.03408904049552478, 0.6205828741668038, 0.021439628347660354, 0.4430118024901484, 0.3630043453509369, 0.017364575147028428, 0.06400578393621735, 0.045170905289785505, 0.21292100438426664, 0.9193232544388142, 0.01201794733435036, 0.0027483149731150785, 0.05280477394194015, 0.009379208043832585, 0.3233057211520879, 0.3696631602589631, 0.09126481167242075, 0.10810997063744511, 0.014766391597794935, 0.8471006348589544, 0.0021283973566267544, 0.10584799102182199, 0.017608212998864628, 0.6041331108297039, 0.07679017970446878, 0.2612373560636754, 0.13302290258084493, 0.8585861594261016, 0.0996944755428524, 0.6723023349525153, 0.05091411575419722, 0.9399085797040403, 0.7458250542785071, 0.0139108151648704, 0.00410208998185978, 0.07697194618441733, 0.00296704271415, 0.14593133643094178, 0.06809877123584665, 0.005091052735548382]}