{"L": 2, "J": 0.9284766908852597, "B": 0.18569533817705194, "K": 10, "init_state": "random computational-basis state", "energy_avg": -0.9643401146727126, "energy_std": 0.006677638069543857, "gsf_avg": 0.9993834024404076, "gsf_std": 0.00011451716668546564, "norm_check_samples": [1.0007725954055786, 1.0007725954055786, 1.0007725954055786, 1.0007725954055786, 1.0007832050323486, 1.0007832050323486, 1.0007725954055786, 1.0007832050323486, 1.0007832050323486, 1.0007725954055786, 1.0007725954055786, 1.0007725954055786, 1.0007901191711426, 1.0007832050323486, 1.0007832050323486, 1.0007832050323486, 1.000779628753662, 1.0007832050323486, 1.0007832050323486, 1.0007725954055786, 1.0007725954055786, 1.0007725954055786, 1.0007725954055786, 1.0007832050323486, 1.0007725954055786, 1.0007725954055786, 1.0007832050323486, 1.0007832050323486, 1.0007725954055786, 1.0007725954055786, 1.0007725954055786, 1.0007832050323486, 1.0007832050323486, 1.0007725954055786, 1.0007832050323486, 1.0007725954055786, 1.0007725954055786, 1.0007832050323486, 1.0007832050323486, 1.0007832050323486, 1.0007725954055786, 1.0007725954055786, 1.0007725954055786, 1.0007832050323486, 1.0007832050323486, 1.0007832050323486, 1.0007725954055786, 1.0007832050323486, 1.0007725954055786, 1.0007832050323486, 1.0007832050323486, 1.0007832050323486, 1.0007725954055786, 1.0007725954055786, 1.0007832050323486, 1.0007832050323486, 1.0007725954055786, 1.0007832050323486, 1.0007832050323486, 1.0007832050323486, 1.0007832050323486, 1.0007832050323486, 1.0007725954055786, 1.0007832050323486, 1.0007725954055786, 1.0007832050323486, 1.0007725954055786, 1.0007832050323486, 1.0007832050323486, 1.0007725954055786, 1.0007832050323486, 1.0007832050323486, 1.0007725954055786, 1.0007725954055786, 1.0007832050323486, 1.0007832050323486, 1.0007725954055786, 1.0007832050323486, 1.0007832050323486, 1.0007725954055786, 1.0007832050323486, 1.0007832050323486, 1.0007725954055786, 1.0007832050323486, 1.00078547000885, 1.0007832050323486, 1.0007832050323486, 1.0007725954055786, 1.0007832050323486, 1.0007832050323486, 1.0007725954055786, 1.0007901191711426, 1.0007725954055786, 1.0007725954055786, 1.0007725954055786, 1.0007725954055786, 1.0007832050323486, 1.0007725954055786, 1.0007832050323486, 1.0007725954055786], "energy_samples": [-0.9626328350906254, -0.9626328350906254, -0.9626328350906254, -0.9626328350906254, -0.9646785559837369, -0.9646785559837369, -0.9626328350906254, -0.9646785559837369, -0.9646785559837369, -0.9626328350906254, -0.9626328350906254, -0.9626328350906254, -0.996195513393063, -0.9646785559837369, -0.9646785559837369, -0.9646785559837369, -0.9960614411420541, -0.9646785559837369, -0.9646785559837369, -0.9626328350906254, -0.9626328350906254, -0.9626328350906254, -0.9626328350906254, -0.9646785559837369, -0.9626328350906254, -0.9626328350906254, -0.9646785559837369, -0.9646785559837369, -0.9626328350906254, -0.9626328350906254, -0.9626328350906254, -0.9646785559837369, -0.9646785559837369, -0.9626328350906254, -0.9646785559837369, -0.9626328350906254, -0.9626328350906254, -0.9646785559837369, -0.9646785559837369, -0.9646785559837369, -0.9626328350906254, -0.9626328350906254, -0.9626328350906254, -0.9646785559837369, -0.9646785559837369, -0.9646785559837369, -0.9626328350906254, -0.9646785559837369, -0.9626328350906254, -0.9646785559837369, -0.9646785559837369, -0.9646785559837369, -0.9626328350906254, -0.9626328350906254, -0.9646785559837369, -0.9646785559837369, -0.9626328350906254, -0.9646785559837369, -0.9646785559837369, -0.9646785559837369, -0.9646785559837369, -0.9646785559837369, -0.9626328350906254, -0.9646785559837369, -0.9626328350906254, -0.9646785559837369, -0.9626328350906254, -0.9646785559837369, -0.9646785559837369, -0.9626328350906254, -0.9646785559837369, -0.9646785559837369, -0.9626328350906254, -0.9626328350906254, -0.9646785559837369, -0.9646785559837369, -0.9626328350906254, -0.9646785559837369, -0.9646785559837369, -0.9626328350906254, -0.9646785559837369, -0.9646785559837369, -0.9626328350906254, -0.9646785559837369, -0.9284750650943605, -0.9646785559837369, -0.9646785559837369, -0.9626328350906254, -0.9646785559837369, -0.9646785559837369, -0.9626328350906254, -0.996195513393063, -0.9626328350906254, -0.9626328350906254, -0.9626328350906254, -0.9626328350906254, -0.9646785559837369, -0.9626328350906254, -0.9646785559837369, -0.9626328350906254], "gsf_samples": [0.999412571033187, 0.999412571033187, 0.999412571033187, 0.999412571033187, 0.9993776949956326, 0.9993776949956326, 0.999412571033187, 0.9993776949956326, 0.9993776949956326, 0.999412571033187, 0.999412571033187, 0.999412571033187, 0.9988371533362445, 0.9993776949956326, 0.9993776949956326, 0.9993776949956326, 0.998839167734292, 0.9993776949956326, 0.9993776949956326, 0.999412571033187, 0.999412571033187, 0.999412571033187, 0.999412571033187, 0.9993776949956326, 0.999412571033187, 0.999412571033187, 0.9993776949956326, 0.9993776949956326, 0.999412571033187, 0.999412571033187, 0.999412571033187, 0.9993776949956326, 0.9993776949956326, 0.999412571033187, 0.9993776949956326, 0.999412571033187, 0.999412571033187, 0.9993776949956326, 0.9993776949956326, 0.9993776949956326, 0.999412571033187, 0.999412571033187, 0.999412571033187, 0.9993776949956326, 0.9993776949956326, 0.9993776949956326, 0.999412571033187, 0.9993776949956326, 0.999412571033187, 0.9993776949956326, 0.9993776949956326, 0.9993776949956326, 0.999412571033187, 0.999412571033187, 0.9993776949956326, 0.9993776949956326, 0.999412571033187, 0.9993776949956326, 0.9993776949956326, 0.9993776949956326, 0.9993776949956326, 0.9993776949956326, 0.999412571033187, 0.9993776949956326, 0.999412571033187, 0.9993776949956326, 0.999412571033187, 0.9993776949956326, 0.9993776949956326, 0.999412571033187, 0.9993776949956326, 0.9993776949956326, 0.999412571033187, 0.999412571033187, 0.9993776949956326, 0.9993776949956326, 0.999412571033187, 0.9993776949956326, 0.9993776949956326, 0.999412571033187, 0.9993776949956326, 0.9993776949956326, 0.999412571033187, 0.9993776949956326, 0.9999986283632978, 0.9993776949956326, 0.9993776949956326, 0.999412571033187, 0.9993776949956326, 0.9993776949956326, 0.999412571033187, 0.9988371533362445, 0.999412571033187, 0.999412571033187, 0.999412571033187, 0.999412571033187, 0.9993776949956326, 0.999412571033187, 0.9993776949956326, 0.999412571033187]}