{"L": 3, "J": 0.48596110151427596, "B": 0.0971922203028552, "K": 2, "init_state": "random computational-basis state", "energy_avg": -0.867617098746623, "energy_std": 0.23127283155621783, "gsf_avg": 0.8753452014703966, "gsf_std": 0.22699168026853106, "norm_check_samples": [1.0000029802322388, 1.000002145767212, 1.0000022649765015, 1.000003695487976, 1.0000020265579224, 1.0000014305114746, 1.0000035762786865, 1.000002384185791, 1.0000019073486328, 1.0000016689300537, 1.000003457069397, 1.0000028610229492, 1.000001311302185, 1.000002145767212, 1.0000027418136597, 1.0000025033950806, 1.0000025033950806, 1.000002384185791, 1.0000015497207642, 1.0000030994415283, 1.0000032186508179, 1.000002145767212, 1.0000026226043701, 1.000002145767212, 1.0000020265579224, 1.0000008344650269, 1.000002384185791, 1.000002384185791, 1.0000029802322388, 1.000003457069397, 1.0000022649765015, 1.0000022649765015, 1.0000008344650269, 1.0000014305114746, 1.0000029802322388, 1.0000022649765015, 1.0000030994415283, 1.0000016689300537, 1.000002145767212, 1.000002384185791, 1.0000016689300537, 1.000002145767212, 1.0000011920928955, 1.0000019073486328, 1.0000022649765015, 1.000002384185791, 1.0000029802322388, 1.000001072883606, 1.0000025033950806, 1.000002384185791, 1.000002384185791, 1.0000015497207642, 1.0000019073486328, 1.0000030994415283, 1.000002384185791, 1.000003457069397, 1.000002384185791, 1.0000015497207642, 1.0000019073486328, 1.0000015497207642, 1.0000028610229492, 1.000001311302185, 1.000002384185791, 1.0000011920928955, 1.000002384185791, 1.0000025033950806, 1.0000028610229492, 1.0000032186508179, 1.0000025033950806, 1.0000022649765015, 1.0000038146972656, 1.0000022649765015, 1.0000017881393433, 1.0000016689300537, 1.0000027418136597, 1.0000019073486328, 1.0000008344650269, 1.0000033378601074, 1.0000011920928955, 1.0000019073486328, 1.000002145767212, 1.0000025033950806, 1.0000026226043701, 1.0000029802322388, 1.0000022649765015, 1.0000015497207642, 1.0000020265579224, 1.0000022649765015, 1.000001072883606, 1.000002384185791, 1.000002384185791, 1.0000022649765015, 1.000002384185791, 1.0000029802322388, 1.0000011920928955, 1.000003695487976, 1.000002384185791, 1.0000022649765015, 1.0000044107437134, 1.0000028610229492], "energy_samples": [-0.9714516987697382, -0.9873371450024032, -0.48335722989043717, -0.9743640003720069, -0.375137945889163, -0.9447891811667807, -0.9644085870958741, -0.9678828646972626, -0.9814836484505576, -0.9648240733245643, -0.9600047321880042, -0.9911844760121558, -0.9905052634405972, -0.9601075522937638, -0.973201463051612, -0.9657274388800082, -0.9673036494079705, -0.9884703577934008, -0.9666019103535893, -0.9722093256423462, -0.17238561492086482, -0.34901468410911574, -0.9899860779530605, -0.4644478418810072, -0.966102597929322, -0.9829203906792848, -0.9678828646972626, -0.963299143959462, -0.9733530923834136, -0.9719519349490503, -0.9830455251498373, -0.964763082767278, -0.9647825905284295, -0.22984851370363737, -0.9846129597120064, -0.7288746434506943, -0.9722093256423462, -0.9887689690423572, -0.9873371450024032, -0.9438676220309781, -0.9857018695870845, -0.9873371450024032, -0.9744650864488462, -0.18368497360914457, -0.9711857971835958, -0.9829551274143947, -0.9714516987697382, -0.9717767512113133, -0.9670028611118251, -0.963299143959462, -0.9675826109855867, -0.728005847575049, -0.41557044793725406, -0.9707433729977257, -0.963299143959462, -0.9719519349490503, -0.9829551274143947, -0.9678281513747709, -0.9595835911168126, -0.9691188085614919, -0.7489594592519649, -0.9682368668468996, -0.9719518753084675, -0.9726384270979187, -0.9851292094286249, -0.34410401143514513, -0.9719003385933264, -0.9354568265475194, -0.9670028611118251, -0.9711857971835958, -0.9828051833146682, -0.9743169837807104, -0.3102272783724041, -0.9726154183188863, -0.6865709488188514, -0.9608539068565402, -0.9634319884646314, -0.1465152483037448, -0.9744650864488462, -0.8496243057009881, -0.970520742823358, -0.9673036494079705, -0.9735997999258859, -0.9702923200737343, -0.1019245430552107, -0.9825404495361645, -0.49457068727961345, -0.9711857971835958, -0.9583413655438238, -0.480756980902178, -0.9675826109855867, -0.9667582007985892, -0.9884703577934008, -0.9739317883760515, -0.9744650864488462, -0.9743640003720069, -0.7206836324689277, -0.9711857971835958, -0.9680330493414113, -0.9719003385933264], "gsf_samples": [0.9776327230629961, 0.992627194602403, 0.4959872651541305, 0.9803185372148776, 0.3908891834912632, 0.953651759451341, 0.9683418609698972, 0.9723927808909867, 0.9868918580595414, 0.9732528200943589, 0.9652466292718201, 0.996500869005484, 0.9958204597104151, 0.9652868466294874, 0.9792757047421594, 0.9711410621310826, 0.9720777952911206, 0.9939761400803054, 0.9730203460024864, 0.9786905817913447, 0.2000164156484949, 0.3608916692202687, 0.9955424895001516, 0.4654177118446583, 0.9711964601526013, 0.9883946954131995, 0.9723927808909867, 0.9680435110363935, 0.9795814323867053, 0.9777910748454038, 0.9887000670384979, 0.971802860280454, 0.969183631658829, 0.23115616568281513, 0.9899015623093104, 0.7343722537005, 0.9786905817913447, 0.9946219128515092, 0.992627194602403, 0.9484329818466906, 0.9909874778983293, 0.992627194602403, 0.980677809866973, 0.21762289761873715, 0.9778936610851799, 0.9885544214570852, 0.9776327230629961, 0.9775687711938033, 0.973393238715194, 0.9680435110363935, 0.9740697406168536, 0.7382758238866902, 0.419805387060221, 0.9771397106060591, 0.9680435110363935, 0.9777910748454038, 0.9885544214570852, 0.9727316598378567, 0.9641263701078899, 0.9758467638818858, 0.7650191179501794, 0.9726351484676538, 0.9784547812122646, 0.9782553307405916, 0.9908883695450211, 0.35030418730540963, 0.9784515973556688, 0.9413273784573866, 0.973393238715194, 0.9778936610851799, 0.9882479491684442, 0.9783927396994033, 0.32842677932598857, 0.9791918220685976, 0.702249918759562, 0.9658466410026009, 0.9682470826995787, 0.17422908949439517, 0.980677809866973, 0.868074716076194, 0.9767506888862287, 0.9720777952911206, 0.9785648898067787, 0.9761723646745751, 0.1347536207756596, 0.9877125578989494, 0.5129182421491616, 0.9778936610851799, 0.9624396087845278, 0.5022595215376113, 0.9740697406168536, 0.9739877824078506, 0.9939761400803054, 0.9808562918312873, 0.980677809866973, 0.9803185372148776, 0.7360832067984037, 0.9778936610851799, 0.9732890296740354, 0.9784515973556688]}