{"L": 4, "J": 0.049627486921227426, "B": 0.2481374346061371, "K": 2, "init_state": "random computational-basis state", "energy_avg": -0.9331987005262679, "energy_std": 0.07427914511806163, "gsf_avg": 0.8753474192029503, "gsf_std": 0.14100520816270457, "norm_check_samples": [0.9999371767044067, 0.9999389052391052, 0.9999363422393799, 0.9999398589134216, 0.9999384880065918, 0.9999386668205261, 0.9999375939369202, 0.9999380707740784, 0.99993896484375, 0.9999390840530396, 0.9999381303787231, 0.9999379515647888, 0.9999390244483948, 0.9999380111694336, 0.9999362230300903, 0.999936580657959, 0.999936580657959, 0.9999377131462097, 0.999938428401947, 0.9999386072158813, 0.9999372363090515, 0.9999392628669739, 0.999937117099762, 0.9999378323554993, 0.9999375343322754, 0.9999375343322754, 0.9999371767044067, 0.999937117099762, 0.9999385476112366, 0.9999393224716187, 0.999937117099762, 0.9999396204948425, 0.9999378323554993, 0.9999383091926575, 0.9999369382858276, 0.9999387860298157, 0.9999380111694336, 0.9999386072158813, 0.9999386072158813, 0.9999368190765381, 0.999936580657959, 0.9999398589134216, 0.9999398589134216, 0.9999382495880127, 0.9999361038208008, 0.99993896484375, 0.999937117099762, 0.9999383687973022, 0.9999387860298157, 0.9999359846115112, 0.999938428401947, 0.9999387860298157, 0.999937117099762, 0.9999386072158813, 0.9999402761459351, 0.9999368190765381, 0.9999380111694336, 0.9999385476112366, 0.9999377727508545, 0.9999371767044067, 0.9999374747276306, 0.9999379515647888, 0.9999376535415649, 0.9999367594718933, 0.9999382495880127, 0.9999363422393799, 0.9999374747276306, 0.9999371767044067, 0.9999397993087769, 0.999936580657959, 0.9999358057975769, 0.9999362826347351, 0.9999401569366455, 0.9999385476112366, 0.9999380707740784, 0.99993896484375, 0.9999381303787231, 0.9999381303787231, 0.9999385476112366, 0.999937891960144, 0.9999361038208008, 0.9999381303787231, 0.9999390840530396, 0.9999392628669739, 0.9999368190765381, 0.9999378323554993, 0.9999377727508545, 0.9999374151229858, 0.9999393820762634, 0.9999383687973022, 0.9999357461929321, 0.9999393820762634, 0.9999381899833679, 0.9999382495880127, 0.9999377727508545, 0.9999377131462097, 0.9999362826347351, 0.9999372959136963, 0.9999380111694336, 0.9999393820762634], "energy_samples": [-0.98625627157116, -0.9254870544106655, -0.8190223574699148, -0.9095117461781932, -0.9115329324138643, -0.9426189457320062, -0.9030592745365373, -0.8410094030850661, -0.9938210241744616, -0.6903409366271185, -0.9716736401927277, -0.993695594371253, -0.8984592953402502, -0.9215369142658488, -0.9725270776370007, -0.9263577195393298, -0.9611652949229559, -0.9110656783986336, -0.9570758622080432, -0.8737471769252872, -0.9651381954990309, -0.583476218199345, -0.9107770625150714, -0.8445086181991995, -0.8830621601901959, -0.9762715688830281, -0.9947239854960841, -0.9875572522536303, -0.9814477338012703, -0.9888062112258064, -0.9690694098171423, -0.9846609363496063, -0.961938340470401, -0.9888352722372039, -0.6913043320666402, -0.9470450845986983, -0.7718824374511581, -0.9260653284976278, -0.9785898340243064, -0.9961444141716566, -0.6950758837960778, -0.8581324033559048, -0.983756171542131, -0.9932453734290915, -0.9336521553043255, -0.9795902858527421, -0.9817951295478942, -0.9867324931038384, -0.9813251606846666, -0.9055230299755, -0.877568300666248, -0.9729848668846343, -0.9107770625150714, -0.9784257026107634, -0.9089261605364807, -0.9803885196947949, -0.9872091869921913, -0.9942745719606185, -0.8945463926034638, -0.9240547553608877, -0.9660987670359362, -0.8777380659709885, -0.9242563302130219, -0.995337227308694, -0.9728452514803109, -0.9776605784274071, -0.9745540283213489, -0.9240547553608877, -0.8588387184598392, -0.9821590954679928, -0.9727920032161034, -0.9656141630289334, -0.9479444232106421, -0.9511167278842897, -0.992098942552175, -0.962057776791712, -0.9665441733764776, -0.9417277443133908, -0.9474834863878577, -0.9899247280864594, -0.9764611441347474, -0.9653591733533748, -0.9812161319537998, -0.9404676704573914, -0.9848628572225828, -0.9669632812204095, -0.9727227627045645, -0.9234944356144171, -0.9073153125842761, -0.9737956283646086, -0.7726690916461485, -0.9942091415791369, -0.9531008832087878, -0.9817613212162228, -0.8587520684657636, -0.9839242821177968, -0.979374747520166, -0.8155315846694272, -0.9776454063965894, -0.9501439389373443], "gsf_samples": [0.9773094880543254, 0.8753801901775132, 0.6564067423604371, 0.8528859815778699, 0.82686042000741, 0.8882818282808749, 0.8083356085621749, 0.6839218752524494, 0.990139502892022, 0.42262946089860287, 0.9474023473244374, 0.9917163849035625, 0.8081165115717626, 0.8418418334218694, 0.949883243380848, 0.8608323700290468, 0.9289791643555203, 0.8423569600181707, 0.916668974542449, 0.7757597199955094, 0.9321662773366586, 0.18928552466093737, 0.8238518425654396, 0.6898949402466291, 0.8415611803780556, 0.9619466351166692, 0.9921586608211352, 0.9779913763342806, 0.9673953758316582, 0.9801153411877872, 0.9413065905370319, 0.9712264629386256, 0.933582095247528, 0.9809065903846739, 0.4164345129606174, 0.8982471068870681, 0.54733981415943, 0.854699299869688, 0.9602022290982909, 0.995359963145223, 0.4407043623900913, 0.7224213403101394, 0.9715948338081212, 0.988960873207805, 0.8698502638592117, 0.9648696835854936, 0.9675266348124187, 0.9765832186148691, 0.9681758588108001, 0.8096955049465377, 0.7885902731820723, 0.9485279157495965, 0.8238518425654396, 0.9596461914196367, 0.8180516319375228, 0.9634304703716484, 0.9766218231276761, 0.9915254801107752, 0.8117936183411585, 0.8500377783111455, 0.9352210879389037, 0.7791643959467731, 0.8510942850017026, 0.9934694620393876, 0.9486579873603718, 0.9578113945774306, 0.955575692893003, 0.8500377783111455, 0.7156976171993089, 0.9676414521919415, 0.9494612813078209, 0.9319596867598595, 0.8975916050784629, 0.9035872168226365, 0.9871988127923348, 0.9270275312174958, 0.9382101155044144, 0.88738134793456, 0.8974838952480502, 0.9852275448615885, 0.9545905887220212, 0.9338603131957804, 0.9749079770244141, 0.8836861327044027, 0.972621828082397, 0.9372609767745324, 0.9496591560153789, 0.8488625262243714, 0.875971996123408, 0.9529246039731085, 0.6041046717945254, 0.9906480665540657, 0.9137253794331941, 0.9663573277017454, 0.7500814026378078, 0.973225503473945, 0.9637439345011412, 0.6548134740039137, 0.9575440418210537, 0.9028118017701952]}