{"L": 6, "J": 0.1370570864630454, "B": 0.1370570864630454, "K": 3, "init_state": "random computational-basis state", "energy_avg": -0.8117563945617541, "energy_std": 0.16677885262217113, "gsf_avg": 0.5468711053473306, "gsf_std": 0.37668980025671545, "norm_check_samples": [1.0002385377883911, 1.0002375841140747, 1.0002371072769165, 1.000240683555603, 1.0002409219741821, 1.0002413988113403, 1.0002375841140747, 1.0002408027648926, 1.0002410411834717, 1.000241994857788, 1.000241994857788, 1.0002405643463135, 1.0002413988113403, 1.0002390146255493, 1.0002374649047852, 1.0002413988113403, 1.0002388954162598, 1.0002374649047852, 1.000237226486206, 1.0002377033233643, 1.0002379417419434, 1.0002394914627075, 1.0002391338348389, 1.0002413988113403, 1.0002377033233643, 1.0002368688583374, 1.0002416372299194, 1.0002398490905762, 1.0002408027648926, 1.0002379417419434, 1.000238299369812, 1.0002374649047852, 1.0002397298812866, 1.0002381801605225, 1.0002410411834717, 1.0002397298812866, 1.0002375841140747, 1.0002390146255493, 1.0002378225326538, 1.000238299369812, 1.000239610671997, 1.0002416372299194, 1.0002399682998657, 1.0002384185791016, 1.000240445137024, 1.0002381801605225, 1.0002398490905762, 1.000239372253418, 1.0002410411834717, 1.0002388954162598, 1.000239610671997, 1.0002368688583374, 1.000238299369812, 1.0002408027648926, 1.000239372253418, 1.0002394914627075, 1.0002429485321045, 1.0002385377883911, 1.0002390146255493, 1.0002418756484985, 1.000239610671997, 1.0002390146255493, 1.0002391338348389, 1.0002378225326538, 1.0002400875091553, 1.0002378225326538, 1.000238299369812, 1.0002394914627075, 1.0002384185791016, 1.0002416372299194, 1.000243067741394, 1.000240445137024, 1.000239610671997, 1.0002390146255493, 1.0002403259277344, 1.000241756439209, 1.0002405643463135, 1.000238299369812, 1.0002390146255493, 1.000241994857788, 1.000240445137024, 1.000238299369812, 1.0002388954162598, 1.0002387762069702, 1.000238299369812, 1.0002379417419434, 1.0002379417419434, 1.0002390146255493, 1.0002399682998657, 1.0002402067184448, 1.0002421140670776, 1.0002394914627075, 1.000239372253418, 1.0002378225326538, 1.0002413988113403, 1.0002368688583374, 1.0002378225326538, 1.0002402067184448, 1.0002400875091553, 1.000236988067627], "energy_samples": [-0.9171445047631421, -0.9445568293850864, -0.9874829207159095, -0.5328623105288401, -0.9777675941417109, -0.9740578198286104, -0.9081846721387721, -0.6908589996462022, -0.9809279238669483, -0.8325785886886871, -0.9652289450850124, -0.9584766142851527, -0.510250839919067, -0.6329539516765743, -0.9583399741156768, -0.9765927753851142, -0.9045846844329839, -0.6260364929165252, -0.8484144741317322, -0.9664042195766596, -0.9820136496544606, -0.9075100236190851, -0.9414352700052521, -0.801185437049813, -0.40459883261733287, -0.6700367563146568, -0.9747593852219084, -0.6972644165182129, -0.96074771982459, -0.8251007276044113, -0.5795880651336366, -0.8629368853921949, -0.7077312977704892, -0.7002571171267552, -0.852865407919994, -0.806728062525399, -0.6857395027957546, -0.5803781320619674, -0.6688380071597211, -0.5802394937853961, -0.9716426610293658, -0.9879785817097508, -0.9759540611028052, -0.6701341208064149, -0.9771337612848436, -0.959601023050476, -0.6599446206532456, -0.6890205220702846, -0.98490274044384, -0.7022222673435801, -0.686425292967348, -0.8754661571367125, -0.9884432054140301, -0.9703698499079523, -0.9119118401177633, -0.8649960487725367, -0.9469919124000914, -0.9622825742510592, -0.9171542935378945, -0.4892947544063892, -0.8457743547238461, -0.991995062771927, -0.8157230223751022, -0.5036652580072042, -0.5304790869145396, -0.8784040827781256, -0.9830550783208147, -0.8800063304974971, -0.5263384586462163, -0.5843210250029428, -0.7254878582806761, -0.8190628888335518, -0.7794801944152812, -0.7436212813541884, -0.6826760360218079, -0.970582229956439, -0.7853534602473073, -0.9449601699330344, -0.9225682976447701, -0.876987659582684, -0.9008714766061184, -0.9668873024387115, -0.5554615569791306, -0.9415109962905547, -0.9647404072138989, -0.7970693620600358, -0.4938071578712545, -0.47570096715358157, -0.9738456234548838, -0.9875150324921388, -0.8354578948998906, -0.581003655081413, -0.4209863826918201, -0.7020730964722491, -0.9702767433100105, -0.9757474461716984, -0.8835015001417786, -0.5832653039631168, -0.9777045245994864, -0.922141576239855], "gsf_samples": [0.8435523083496472, 0.9035747091913098, 0.9663524420398674, 0.01488224892150587, 0.9368750190890734, 0.9136763013464695, 0.8086149560048137, 0.15436424846242786, 0.9576523961745227, 0.3995622068714292, 0.906735964364101, 0.8967365554977461, 0.0033960245418928336, 0.006940384621009134, 0.8954495049073903, 0.9500980224825039, 0.6195148049768212, 0.21100289784408155, 0.6290888698040117, 0.9334365989930069, 0.9614529160726101, 0.8001476146801918, 0.8308851815078455, 0.5386074923850314, 0.03642462596182952, 0.25622844459832944, 0.9250878746790009, 0.5189835404424294, 0.9204431102778082, 0.5973910679960258, 0.2809407261194449, 0.6452229148807942, 0.02533174074912162, 0.0010429021595382813, 0.5700743713634532, 0.46815022371703696, 0.08630355069139127, 0.006016088657212686, 0.08094636978473574, 0.16454519663602785, 0.9158534314534871, 0.9658486046637785, 0.8897283314150868, 0.01293924737010385, 0.9439867756558137, 0.9108700587053586, 0.021044880474533845, 0.020435885655526544, 0.9729685389790982, 0.19395991587497566, 0.01646623178054624, 0.7122341598502411, 0.9695101283753783, 0.928591552277797, 0.8019890701456355, 0.6869627056753262, 0.8538003924564299, 0.8918276441820759, 0.7120015385343403, 0.0345285994047784, 0.7111229162692632, 0.9829388951851373, 0.6178521465790797, 0.036996760433522326, 0.02732051261668443, 0.6553578618665187, 0.9645670715639595, 0.7279466001950895, 0.03103866362169566, 0.0037462137912509623, 0.0004973052889554159, 0.48114705927831736, 0.5716828285813297, 0.001064056830449713, 0.00033102785656434144, 0.9330617835492367, 0.5883748851101593, 0.913117145074507, 0.7795414244458375, 0.7166054736918409, 0.8049302639297602, 0.8794858818225971, 0.008946115399147372, 0.8708121127090549, 0.8849219153303923, 0.5239252049970641, 0.028645615664400156, 0.0032577312370938487, 0.9479540315117254, 0.9629784232247192, 0.45615213651828934, 0.0030615413719817866, 0.15786972997158988, 0.00016151064786403552, 0.928943835863286, 0.953791012260241, 0.5552294984415784, 0.11210877959922531, 0.9517496374196782, 0.7865948142101719]}