{"L": 7, "J": 0.028328208642998804, "B": 0.14164104321499402, "K": 2, "init_state": "random computational-basis state", "energy_avg": -0.8956667391244659, "energy_std": 0.07441010426448914, "gsf_avg": 0.6921727225902194, "gsf_std": 0.2241035983698338, "norm_check_samples": [0.9997109770774841, 0.9997101426124573, 0.9997113943099976, 0.9997119903564453, 0.999712347984314, 0.9997110962867737, 0.9997122883796692, 0.999711275100708, 0.9997099041938782, 0.9997113347053528, 0.9997106194496155, 0.9997103810310364, 0.9997116923332214, 0.9997110962867737, 0.999711275100708, 0.9997115731239319, 0.9997108578681946, 0.9997128248214722, 0.9997110962867737, 0.9997105598449707, 0.999712347984314, 0.9997127056121826, 0.999713122844696, 0.999710202217102, 0.999710202217102, 0.9997116923332214, 0.9997110962867737, 0.9997120499610901, 0.999710738658905, 0.9997128248214722, 0.9997118711471558, 0.9997121691703796, 0.9997105002403259, 0.999712347984314, 0.9997124075889587, 0.9997110962867737, 0.9997106194496155, 0.999710738658905, 0.9997109770774841, 0.9997121691703796, 0.9997121691703796, 0.9997130632400513, 0.999710202217102, 0.9997122287750244, 0.9997125267982483, 0.9997129440307617, 0.9997131824493408, 0.9997115731239319, 0.9997122287750244, 0.9997116327285767, 0.9997115135192871, 0.9997103214263916, 0.9997113943099976, 0.9997139573097229, 0.9997117519378662, 0.9997109770774841, 0.9997119307518005, 0.9997106194496155, 0.9997099041938782, 0.9997114539146423, 0.9997106194496155, 0.9997110962867737, 0.9997130632400513, 0.9997120499610901, 0.9997102618217468, 0.9997125267982483, 0.9997127056121826, 0.9997103214263916, 0.9997115135192871, 0.9997133016586304, 0.9997135400772095, 0.9997099041938782, 0.9997100234031677, 0.999713122844696, 0.999711811542511, 0.9997109174728394, 0.9997105598449707, 0.9997129440307617, 0.9997114539146423, 0.9997116923332214, 0.9997110366821289, 0.9997122287750244, 0.9997128844261169, 0.9997114539146423, 0.9997106194496155, 0.9997109174728394, 0.9997131824493408, 0.9997119307518005, 0.9997110366821289, 0.9997097849845886, 0.999710738658905, 0.9997120499610901, 0.9997133612632751, 0.9997120499610901, 0.9997120499610901, 0.9997140169143677, 0.9997107982635498, 0.9997099041938782, 0.9997098445892334, 0.9997117519378662], "energy_samples": [-0.8946300315703197, -0.9085590878715273, -0.8465982977719754, -0.9655439137386302, -0.9675866721761704, -0.9729083434339806, -0.8922724546863436, -0.9367055789034282, -0.8484294685399143, -0.8920342759138268, -0.9227709994163509, -0.8957860641943411, -0.9478582299154256, -0.7500365623366576, -0.9611024052647031, -0.9801107921830092, -0.7993968028151476, -0.7818390203220246, -0.8997497092652378, -0.867497314202376, -0.872486072291391, -0.9697985574156985, -0.8740945505231635, -0.9519042767543319, -0.9327731970444485, -0.945328445269234, -0.7713426932246084, -0.9632213928828536, -0.9857169029002273, -0.9441473517546513, -0.721220881304007, -0.9836707122426421, -0.8280788234237988, -0.9398329487831147, -0.9686082500928456, -0.8768207199611479, -0.944423977045128, -0.9314548392819291, -0.9396309967169033, -0.9443541513319358, -0.9787312827034472, -0.9767456565095956, -0.9446342433220019, -0.972176595454055, -0.9557877644143058, -0.977462909552029, -0.8652912880409157, -0.9436788146013477, -0.7913924315791129, -0.8819170025318955, -0.7451795404647771, -0.8091092591726896, -0.7738025442835852, -0.8578626979180644, -0.7910292181620857, -0.9371775475648225, -0.9787576389939441, -0.8582852702178121, -0.8258104843845382, -0.9621072665882919, -0.9198109459563144, -0.8932862281114725, -0.9178092015476274, -0.9500865705705845, -0.9399183226805594, -0.8914522120923771, -0.9225417707970225, -0.9000689556842607, -0.9117360536558626, -0.8734731982627143, -0.9023931180298436, -0.9269298658630161, -0.9602771347511825, -0.7101829113315654, -0.9785162911495956, -0.9011573122546818, -0.8312419899566749, -0.8218551934073335, -0.9807467189677094, -0.9772779989086502, -0.7190514206957818, -0.9838124401350639, -0.9649777401304108, -0.9765668708582239, -0.8420941038557187, -0.6816649136384343, -0.8368499785678436, -0.8772103615636565, -0.9765019993765858, -0.7869542584906778, -0.9119873162798835, -0.8820943033145838, -0.9055167524302657, -0.8181519749961931, -0.8620131736707357, -0.7194415518219568, -0.8520432805090996, -0.9388059730132268, -0.9029520997266726, -0.9699561841677528], "gsf_samples": [0.6876494649934377, 0.8091507416606609, 0.5672820150090995, 0.9002724454622155, 0.8998567649628272, 0.9265484280634216, 0.74249090305308, 0.846600202733642, 0.5600841988518985, 0.6806837116569974, 0.7628704934606104, 0.6833973669575989, 0.8853570492600766, 0.33466248691171996, 0.8676959119720238, 0.9375834999464742, 0.46413120611501396, 0.3911093052298775, 0.7829717273404423, 0.6123877297153671, 0.6639440101355003, 0.9273221995087687, 0.5910439923425603, 0.8467906708676312, 0.8097952292319762, 0.859072400215128, 0.30912247616823296, 0.9065184258277881, 0.9617201169287912, 0.8037586723150226, 0.10617309324427421, 0.9562035638225094, 0.44684840892564215, 0.793929794336802, 0.9072621725862023, 0.6387864578640692, 0.8172322607803355, 0.834405844751718, 0.8342541781010766, 0.821854025395039, 0.9381709690071812, 0.9245602669497908, 0.8434086188990321, 0.9095649275420078, 0.8433749562727264, 0.9386893398170782, 0.6211223480563135, 0.798020682785379, 0.3310360790424938, 0.6432668886090765, 0.19038406930936483, 0.3803147500615241, 0.34242482231729804, 0.47458823081593643, 0.2920559760519219, 0.7953173973793634, 0.951084023216861, 0.5691556813236472, 0.4544343021718778, 0.885653269952823, 0.7501942787898812, 0.6734036960983328, 0.7747289137011902, 0.839105893841188, 0.8206899208087318, 0.6657610633566792, 0.8482055207295072, 0.6674250282888023, 0.7450862837437093, 0.5958394902664806, 0.7567011415377567, 0.8301818451251741, 0.8840863005180052, 0.3008257054089623, 0.9297907707337086, 0.7351002205546467, 0.4920328175749024, 0.4982879841118754, 0.9444244857425286, 0.933828753593366, 0.21355234977027662, 0.9503113583017893, 0.8920854522594771, 0.936446590628023, 0.5366887768427, 0.01207140090538497, 0.5570581525094764, 0.6491862027119384, 0.9373450888073211, 0.38317106211300267, 0.7615008709292533, 0.6678098935181123, 0.6471121631211756, 0.4757072699191586, 0.5662642260877662, 0.1269297872124162, 0.5160473966424702, 0.7966260018085232, 0.6983841384898142, 0.9018227156311954]}