{"L": 7, "J": 0.028328208642998804, "B": 0.14164104321499402, "K": 5, "init_state": "random computational-basis state", "energy_avg": -0.9761195944901813, "energy_std": 0.039001328001704715, "gsf_avg": 0.9270271148651098, "gsf_std": 0.12657034198589648, "norm_check_samples": [1.000038504600525, 1.0000383853912354, 1.000023603439331, 1.000038504600525, 1.0000368356704712, 1.000024676322937, 1.0000535249710083, 1.0000394582748413, 1.0000301599502563, 1.000031590461731, 1.0000323057174683, 1.0000462532043457, 1.0000325441360474, 1.0000293254852295, 1.00003182888031, 1.0000457763671875, 1.0000466108322144, 1.0000280141830444, 1.0000280141830444, 1.000036358833313, 1.0000321865081787, 1.0000340938568115, 1.0000430345535278, 1.0000396966934204, 1.0000303983688354, 1.0000289678573608, 1.0000362396240234, 1.0000425577163696, 1.0000516176223755, 1.0000300407409668, 1.0000405311584473, 1.0000290870666504, 1.000052571296692, 1.0000405311584473, 1.0000247955322266, 1.0000243186950684, 1.0000358819961548, 1.0000604391098022, 1.000030279159546, 1.0000452995300293, 1.0000346899032593, 1.000036358833313, 1.0000566244125366, 1.000025987625122, 1.00003981590271, 1.0000548362731934, 1.0000487565994263, 1.0000282526016235, 1.0000355243682861, 1.0000426769256592, 1.0000395774841309, 1.0000331401824951, 1.0000499486923218, 1.0000348091125488, 1.0000450611114502, 1.000048041343689, 1.0000461339950562, 1.0000276565551758, 1.000032901763916, 1.0000368356704712, 1.0000500679016113, 1.0000319480895996, 1.0000367164611816, 1.0000402927398682, 1.0000699758529663, 1.0000402927398682, 1.0000383853912354, 1.0000401735305786, 1.000053882598877, 1.0000356435775757, 1.000030279159546, 1.0000371932983398, 1.0000594854354858, 1.0000413656234741, 1.0000643730163574, 1.000036597251892, 1.0000481605529785, 1.0000544786453247, 1.0000419616699219, 1.0000354051589966, 1.0000442266464233, 1.0000344514846802, 1.0000263452529907, 1.0000402927398682, 1.0000545978546143, 1.0000299215316772, 1.0000234842300415, 1.000043272972107, 1.0000276565551758, 1.0000313520431519, 1.0000375509262085, 1.0000265836715698, 1.0000720024108887, 1.0000457763671875, 1.000028133392334, 1.0000379085540771, 1.0000405311584473, 1.0000208616256714, 1.0000450611114502, 1.0000348091125488], "energy_samples": [-0.9635621787137904, -0.9848056251516216, -0.9982585274007355, -0.983474861217446, -0.9978801162730873, -0.9840855532270162, -0.9901580088227908, -0.9948974570260677, -0.9930755949001645, -0.9624807544803354, -0.9968884373591991, -0.9872803233560801, -0.9862540872861185, -0.9932878212179678, -0.9951527230635515, -0.9954266798865143, -0.9663745230509563, -0.980433684634917, -0.981268076715903, -0.9955955800516034, -0.9948598061866826, -0.9965123935714341, -0.9782456539855382, -0.9848362749814734, -0.9883703977240249, -0.9854809895739988, -0.982083606342533, -0.9958762881361829, -0.9956344428971281, -0.9965767178247664, -0.795734650441118, -0.9972854349701521, -0.919564423686184, -0.976080031548649, -0.991108420210709, -0.9942573741917395, -0.995953320502011, -0.8769087452132254, -0.9973891858303154, -0.9824257916527285, -0.9971388250202465, -0.9951940046710789, -0.9590690883918568, -0.997068985909227, -0.9917717633297091, -0.9740470826049797, -0.9884795449968447, -0.993727006316995, -0.9846268598156592, -0.9965744010188732, -0.9822182024801661, -0.991559297907216, -0.9259779040576291, -0.9755396279949414, -0.9962121268999345, -0.9769072095855869, -0.9105433817797973, -0.7834548883405912, -0.9763189325173781, -0.9951174797516159, -0.9738836000335325, -0.9824837674908559, -0.9959032790726937, -0.996389062947395, -0.8158302541711084, -0.9899137356455294, -0.9949699338644119, -0.9693137485205289, -0.945219192587527, -0.9764806473531265, -0.9894061870863393, -0.9703465577664788, -0.9702728276973869, -0.9609362898013719, -0.9588664518978134, -0.9969595224269412, -0.9908996855934737, -0.9413341269787832, -0.9875025870615052, -0.9814842737177568, -0.9954898607056843, -0.9895593211592099, -0.9970610752011667, -0.9932208944684651, -0.9800805945563675, -0.9886576366052608, -0.9979344158269752, -0.9983426650030031, -0.9874236696470381, -0.9850739877342122, -0.9654928757967114, -0.9924199764481627, -0.8576336050417998, -0.9955707960339789, -0.9903738441766851, -0.9917810364181255, -0.9793097359292597, -0.9955501811293038, -0.9978963656518602, -0.9973200030735088], "gsf_samples": [0.8888615758301818, 0.9552786570956985, 0.9964852399461476, 0.9497647469637913, 0.9951360277417057, 0.9514886647997601, 0.9720480001422773, 0.9861638281019204, 0.9806950391204993, 0.8861274900894589, 0.9947754403005613, 0.9621316827590705, 0.9582021711226107, 0.9808923489626138, 0.9874356706296894, 0.9877349771132244, 0.8948740361625191, 0.9459865819533998, 0.9447935906536474, 0.9880508886136526, 0.9865681722927083, 0.9913103350675045, 0.9336889550953443, 0.9589266511277399, 0.9658313099588557, 0.956322239793, 0.9478116135047981, 0.9892495166806063, 0.9883410425864705, 0.9914212553790537, 0.3450503758808945, 0.9932152630713195, 0.7539691889378268, 0.9276739217517666, 0.9743545235061836, 0.9842156213906194, 0.9897110872164845, 0.5449463892137594, 0.9937553644749055, 0.9472199980019231, 0.9931191244598032, 0.9874945255518596, 0.8765503341844506, 0.9928982263457633, 0.9758773409605, 0.9211031038467853, 0.9664899829985176, 0.9822250220938584, 0.9534038751453544, 0.9916560237672841, 0.9594015076185863, 0.9782649725071755, 0.7737884234016149, 0.9260659504791852, 0.9905826123318183, 0.9395563798103075, 0.7230936006512237, 0.28421602262496937, 0.9555631064053909, 0.986737061386383, 0.9215237239405476, 0.945118778472255, 0.9892816627924664, 0.990799983897225, 0.4263788346751409, 0.9709206456226847, 0.9863486218617467, 0.9092805369471323, 0.8360810962495385, 0.9285682702100266, 0.9714915973899407, 0.9042065745675141, 0.9115158196778703, 0.8802916852937835, 0.8739549253710479, 0.9928917042788367, 0.9737858485654811, 0.8149030826500465, 0.9632625813048276, 0.9442564088220756, 0.9881477909839431, 0.9686076796113471, 0.9927362609453819, 0.9812599966911072, 0.9410596840581682, 0.9662505027871404, 0.9956757599599484, 0.9967774191800067, 0.9638754113065361, 0.9571110810506553, 0.8933312852700936, 0.9785638047037742, 0.5664917059177162, 0.9887837653179966, 0.9716391769025161, 0.9760272489743453, 0.935475305519667, 0.9877751048620343, 0.9957550691210609, 0.9939083711523186]}