{"L": 8, "J": 0.14083900003351849, "B": 0.028167800006703696, "K": 2, "init_state": "random computational-basis state", "energy_avg": -0.6676381921164338, "energy_std": 0.21902948952750212, "gsf_avg": 0.32956451680540005, "gsf_std": 0.36423413990615927, "norm_check_samples": [1.000077724456787, 1.0000731945037842, 1.0000711679458618, 1.0000666379928589, 1.0000698566436768, 1.0000706911087036, 1.0000721216201782, 1.0000814199447632, 1.000082015991211, 1.000066876411438, 1.0000816583633423, 1.0000795125961304, 1.0000767707824707, 1.0000823736190796, 1.0000760555267334, 1.0000708103179932, 1.0000708103179932, 1.0000752210617065, 1.0000712871551514, 1.0000721216201782, 1.0000782012939453, 1.0000816583633423, 1.0000693798065186, 1.0000687837600708, 1.0000641345977783, 1.0000675916671753, 1.0000736713409424, 1.0000728368759155, 1.0000773668289185, 1.0000721216201782, 1.0000730752944946, 1.0000807046890259, 1.0000672340393066, 1.0000711679458618, 1.0000739097595215, 1.000074028968811, 1.000077247619629, 1.0000700950622559, 1.0000590085983276, 1.0000793933868408, 1.000063419342041, 1.0000786781311035, 1.000069499015808, 1.000066876411438, 1.00007164478302, 1.0000665187835693, 1.0000743865966797, 1.0000784397125244, 1.0000795125961304, 1.0000810623168945, 1.0000674724578857, 1.0000879764556885, 1.0000660419464111, 1.0000766515731812, 1.0000725984573364, 1.0000723600387573, 1.0000691413879395, 1.0000743865966797, 1.000065803527832, 1.0000704526901245, 1.0000758171081543, 1.000074863433838, 1.0000730752944946, 1.0000725984573364, 1.000071406364441, 1.0000721216201782, 1.0000754594802856, 1.0000642538070679, 1.0000784397125244, 1.0000799894332886, 1.0000711679458618, 1.000076413154602, 1.0000813007354736, 1.00007164478302, 1.0000767707824707, 1.0000674724578857, 1.0000773668289185, 1.0000741481781006, 1.0000741481781006, 1.0000718832015991, 1.0000678300857544, 1.0000698566436768, 1.000070571899414, 1.000072717666626, 1.0000709295272827, 1.0000839233398438, 1.0000728368759155, 1.0000718832015991, 1.0000648498535156, 1.000083327293396, 1.000066876411438, 1.0000733137130737, 1.0000743865966797, 1.0000697374343872, 1.0000766515731812, 1.0000675916671753, 1.0000725984573364, 1.0000718832015991, 1.0000739097595215, 1.0000689029693604], "energy_samples": [-0.9415071665559788, -0.8443780339017416, -0.7213414313099338, -0.25197572857014194, -0.5105694736122386, -0.6588116022903694, -0.7689865053621026, -0.974103094880544, -0.9747367598389668, -0.6790127386471537, -0.9838626108965745, -0.9749612352872554, -0.9787843981304898, -0.9874659566210927, -0.8341276146106787, -0.985857250581796, -0.7646271482421662, -0.7164260685665834, -0.44362018746463167, -0.7019478917301502, -0.7264228739895788, -0.7987570552017071, -0.6190176896501712, -0.49716934875858065, -0.305737725446859, -0.5683064975929627, -0.4302816151882422, -0.677843977395378, -0.9163535972007529, -0.7047217160486677, -0.6015858997631753, -0.9285235471425146, -0.31912221483295117, -0.446414205649153, -0.7287933492092872, -0.5129401254157643, -0.8095991627271482, -0.9102419407171206, -0.2150173234673061, -0.5842988279444699, -0.15925532835687836, -0.467584554687518, -0.6108076824613176, -0.27242389429291897, -0.6031071834531256, -0.5457808566547016, -0.5398237263755883, -0.9745545636379144, -0.9737847510715746, -0.9771761882158108, -0.7833595426865689, -0.9834394158188925, -0.4086578068062121, -0.4500925281192593, -0.8012003219161502, -0.68738361525434, -0.7006713762410592, -0.5349165111452462, -0.5363252364311991, -0.5968015750621675, -0.5066791291788878, -0.9605870541669207, -0.6145666400181135, -0.7131274486091131, -0.6567858626367857, -0.804601241933116, -0.6552312854176935, -0.39353514867964584, -0.7089410609068155, -0.9855309958630541, -0.6077372972142316, -0.7868209527753849, -0.49168109640176083, -0.44749197958896686, -0.6712789987050422, -0.4658232679401155, -0.9705114817219738, -0.6333454387083348, -0.9867333509272068, -0.7184337733496998, -0.48838070731277605, -0.28087915829966303, -0.4737356212157178, -0.49550854992160015, -0.49820397253345033, -0.96817014644586, -0.5749318544162664, -0.8384393992526507, -0.40528664776312073, -0.9773282438731136, -0.5111392124772016, -0.9713947078228405, -0.46006704014243266, -0.39708169880509386, -0.9689432486215313, -0.44344405016843214, -0.3742341359366612, -0.696284580989439, -0.9570521345954038, -0.5984723471764376], "gsf_samples": [0.8740673952584243, 0.6154797530154847, 0.08745475385764012, 0.014140455334101167, 0.0028608565061431215, 0.36125365022544753, 0.5204451378725107, 0.933707223736533, 0.933127329400702, 0.06908178293470854, 0.9667687078490883, 0.925916544003197, 0.9451922789570734, 0.9685780987491919, 0.38036825772191757, 0.966425965871745, 0.5752062597031306, 0.015102830609707596, 0.030473714882275637, 0.026554415710880325, 0.1194062634345444, 0.39615053043416054, 0.0688520410754237, 0.036677602519807784, 0.01913190220389723, 0.17087867927968065, 0.0350317180468037, 0.3266544704502599, 0.7491046193004552, 0.1852771700781843, 0.0013461212367009822, 0.8201785612120239, 0.010253194857099218, 0.010301854606507838, 0.22066081115985448, 0.004051619824342183, 0.5673904538267781, 0.7686496435664305, 0.030841915994722736, 0.11767086617845285, 0.003054565827001345, 0.043626828396248644, 0.2695288778989463, 0.015303749088331467, 0.18931548618594204, 0.06616636413691358, 0.10229389770541189, 0.938139174363303, 0.926889286100118, 0.9412132777935062, 0.5546607947361452, 0.9649849417592109, 0.0661450236198492, 0.0021269882583658853, 0.608766231164542, 0.41804731750554863, 0.06912847679337107, 0.03839620154714815, 0.18785052978361472, 0.005663725514127445, 0.010087213825695057, 0.8786998061222984, 0.022670943426058562, 0.025247336963131684, 0.0004596697660407155, 0.3846760053673169, 0.0593580609191032, 0.06895524157093152, 0.05484015908892155, 0.9698043360728466, 0.1609251960049656, 0.38198762288395466, 0.036787841423357844, 0.014012317934025317, 0.10223464469477045, 0.013590397721146528, 0.9271060483800968, 0.27087224537224924, 0.9719584892495723, 0.14926040319659362, 0.1053780906506003, 0.05773712441844659, 0.030580934815952667, 0.047812909776697506, 0.026633681686159594, 0.9139829261519716, 0.19395471254090801, 0.6295808792623794, 0.00041392407773627453, 0.9395723663402852, 0.07100040364786091, 0.9284323774275395, 0.029000820844079636, 0.02581309780533197, 0.9067120650553065, 0.04367623779781233, 0.0559898736501912, 0.037412319548540705, 0.8747201885011514, 0.2524955768943039]}