{"L": 9, "J": 0.022026065406621664, "B": 0.11013032703310832, "K": 5, "init_state": "random computational-basis state", "energy_avg": -0.9775984331238569, "energy_std": 0.04057759912610943, "gsf_avg": 0.9143875866327146, "gsf_std": 0.1613345414690825, "norm_check_samples": [0.9965210556983948, 0.9965256452560425, 0.996522843837738, 0.9965331554412842, 0.996503472328186, 0.9965202808380127, 0.9965368509292603, 0.9965225458145142, 0.9965243935585022, 0.9965174794197083, 0.9965127110481262, 0.9965113997459412, 0.9965277314186096, 0.9965366721153259, 0.99654620885849, 0.9965174198150635, 0.9965355396270752, 0.9965394139289856, 0.9965490102767944, 0.9965404868125916, 0.9965065121650696, 0.9965125322341919, 0.9965338110923767, 0.9965326189994812, 0.996529757976532, 0.9965296983718872, 0.9965263605117798, 0.996520459651947, 0.9965488314628601, 0.9965389966964722, 0.9965189099311829, 0.9965146780014038, 0.9965187907218933, 0.9965115785598755, 0.9965429306030273, 0.9965085983276367, 0.9965215921401978, 0.9965367913246155, 0.9965214133262634, 0.9965209364891052, 0.9965078830718994, 0.9965105056762695, 0.9964996576309204, 0.9965314269065857, 0.9965137839317322, 0.9965206980705261, 0.9965255260467529, 0.9965418577194214, 0.9965055584907532, 0.9965094327926636, 0.9965121746063232, 0.996527910232544, 0.996536374092102, 0.9965054988861084, 0.9965320825576782, 0.996552586555481, 0.996533989906311, 0.9965211749076843, 0.9965342879295349, 0.9965131282806396, 0.9965159893035889, 0.996524453163147, 0.996533989906311, 0.9965484738349915, 0.9965345859527588, 0.9965090751647949, 0.9965168237686157, 0.996539294719696, 0.996523380279541, 0.9965336918830872, 0.9965519905090332, 0.9965333342552185, 0.9965043663978577, 0.9965329766273499, 0.9965353608131409, 0.996536374092102, 0.9965134263038635, 0.9965402483940125, 0.9965081810951233, 0.9965473413467407, 0.9965242147445679, 0.9965142607688904, 0.9965371489524841, 0.9965338110923767, 0.9965394735336304, 0.9965254664421082, 0.996537983417511, 0.9965298175811768, 0.9965461492538452, 0.9965345859527588, 0.9965451955795288, 0.9965171217918396, 0.9965034127235413, 0.9965119957923889, 0.9965320825576782, 0.9965143799781799, 0.9965160489082336, 0.9965462684631348, 0.9965365529060364, 0.9965222477912903], "energy_samples": [-0.9954403673811774, -0.9983540603768066, -0.9921126825429755, -0.9371946818605207, -0.9920752275604273, -0.7532214673913168, -0.9837554530053746, -0.9973061697259819, -0.9922041873718594, -0.9891834721285087, -0.9538998607856459, -0.9968381830778897, -0.9967364643666566, -0.9943693672163147, -0.994018501632771, -0.9883527234743368, -0.9518798496836129, -0.99445671707557, -0.9921676785348057, -0.9653502303116044, -0.9893859291131413, -0.9583016678647286, -0.9920839737805046, -0.9967986958569096, -0.9897888271029631, -0.9935812366057546, -0.9179582923051818, -0.9884729629270936, -0.9948599164531815, -0.9947647851073866, -0.9958852486988471, -0.7813749996225625, -0.9567068917652907, -0.9975594253989097, -0.986734226517175, -0.9961506471336733, -0.9874588177057434, -0.9924132921663797, -0.9977592586788214, -0.995406014864425, -0.8523352859198216, -0.9781597590364741, -0.9948783896670521, -0.996536120978754, -0.9094911001995142, -0.9970450647224693, -0.9964481725902891, -0.9530744963969799, -0.990462732109418, -0.9976443607506222, -0.9802487863533957, -0.9963148631440062, -0.9744548247037293, -0.9847597454491958, -0.9954526149546512, -0.9955245295306354, -0.9952338265062364, -0.977852908766407, -0.9953915550546294, -0.9227484456608401, -0.9941173889899161, -0.9864849890594797, -0.9780438543779582, -0.9936712648658801, -0.9885539506084629, -0.9937741107067046, -0.9838290780829242, -0.9931838296837062, -0.9969272292741923, -0.9963868378480536, -0.8785555283601604, -0.9958310803503407, -0.9958729391223043, -0.9909421742862976, -0.9545596255377139, -0.9916566810523939, -0.9967450930715891, -0.9956050076604255, -0.993395608399132, -0.872339594444705, -0.9830118019290207, -0.9853766418816485, -0.9934869099341246, -0.9945278648618766, -0.9180254308827643, -0.9782168003521319, -0.995375471616814, -0.9795663814187101, -0.9861292963209419, -0.99608863181852, -0.9870892718564768, -0.9933107056175601, -0.9916436941804817, -0.9953050151257357, -0.9977480861192403, -0.9912621139429917, -0.9982894417622878, -0.9972640707605425, -0.9849196158987401, -0.9963101626547989], "gsf_samples": [0.9845766701140617, 0.9957123069069388, 0.9704023604359784, 0.7585723508686462, 0.971547149323706, 0.01292679189175826, 0.9454194562017879, 0.9917618269438319, 0.9716590539147895, 0.9608432278379454, 0.897400627499367, 0.989453018973538, 0.9889287936449609, 0.9799176259437319, 0.9785865300563021, 0.9572957834022857, 0.8113059324742703, 0.9803340469896682, 0.9709060675222452, 0.8707801181881233, 0.9596631763354997, 0.8311788403492673, 0.9718957611005143, 0.9901429465191872, 0.9604101486406638, 0.9765863251825868, 0.6740683758302821, 0.9559833503040881, 0.9817330616884223, 0.9819789056982918, 0.9857123713499729, 0.14199979837015428, 0.8354461296671356, 0.9924989130683143, 0.9493927406489331, 0.9873646861103562, 0.9528784960456622, 0.971423261353047, 0.993377199449365, 0.9840546485290735, 0.42153148445598776, 0.9133587603836483, 0.9823387485484983, 0.9883220147210217, 0.6426366810520237, 0.9904705851001535, 0.987799868516469, 0.8191063485553297, 0.965093807325611, 0.993048155449981, 0.9251628337146648, 0.9877049774656229, 0.8995791263971741, 0.9408230319094596, 0.9844131887700546, 0.9850378288512227, 0.9833885330837359, 0.9149595478243351, 0.9851709310962673, 0.6966639191643139, 0.979152383816252, 0.9476920596194356, 0.9143317124929141, 0.9767343812098253, 0.9576304417181887, 0.9778343316897056, 0.9367504255377962, 0.9751753188114469, 0.989956660415286, 0.9875787482325922, 0.5290253157811676, 0.9876824178286364, 0.9858573972427231, 0.9665692391058555, 0.8246427440702695, 0.9691846870998437, 0.989100790976965, 0.9850055011626934, 0.9760290163063837, 0.46574322511696503, 0.9353993506431456, 0.9415390310223898, 0.9770680561522526, 0.980460641642844, 0.6807296937740567, 0.9181193251127088, 0.9834886370744185, 0.9262506465361497, 0.9467454202569394, 0.9865197520587716, 0.9583852102148345, 0.976111470243846, 0.9718039098067036, 0.9833216573390782, 0.9933985347924837, 0.9672059555120824, 0.9953478327950628, 0.991326898385278, 0.9435374733411265, 0.9875931205720209]}