{"L": 9, "J": 0.09001252049949561, "B": 0.09001252049949561, "K": 2, "init_state": "random computational-basis state", "energy_avg": -0.6155748330581915, "energy_std": 0.13009246282007528, "gsf_avg": 0.09599905025835502, "gsf_std": 0.13882577485548808, "norm_check_samples": [0.9994202256202698, 0.9994213581085205, 0.9994220733642578, 0.999422013759613, 0.9994226694107056, 0.999422013759613, 0.9994215369224548, 0.999422550201416, 0.9994190335273743, 0.9994210004806519, 0.9994198083877563, 0.9994215965270996, 0.9994233250617981, 0.9994219541549683, 0.9994230270385742, 0.9994235038757324, 0.9994186758995056, 0.9994192123413086, 0.9994187951087952, 0.9994217157363892, 0.9994201064109802, 0.9994194507598877, 0.9994211792945862, 0.9994190335273743, 0.9994208812713623, 0.999420166015625, 0.9994240999221802, 0.9994199275970459, 0.9994233250617981, 0.9994217753410339, 0.9994203448295593, 0.9994204044342041, 0.9994197487831116, 0.9994187951087952, 0.9994212985038757, 0.9994204044342041, 0.9994208216667175, 0.9994184374809265, 0.9994227290153503, 0.9994175434112549, 0.999420166015625, 0.9994208216667175, 0.9994212985038757, 0.999419093132019, 0.9994195103645325, 0.9994191527366638, 0.9994201064109802, 0.9994205832481384, 0.9994231462478638, 0.9994215965270996, 0.9994202256202698, 0.9994211792945862, 0.9994204640388489, 0.9994218945503235, 0.9994191527366638, 0.999422013759613, 0.999419629573822, 0.9994182586669922, 0.9994188547134399, 0.9994201064109802, 0.999421238899231, 0.9994187951087952, 0.999421238899231, 0.9994198083877563, 0.9994186758995056, 0.9994192719459534, 0.9994217157363892, 0.9994200468063354, 0.9994205236434937, 0.9994181990623474, 0.9994209408760071, 0.9994207620620728, 0.9994208216667175, 0.9994208812713623, 0.9994184374809265, 0.9994189143180847, 0.9994207620620728, 0.9994227886199951, 0.9994192123413086, 0.9994197487831116, 0.9994193911552429, 0.9994223713874817, 0.9994193315505981, 0.9994221329689026, 0.9994201064109802, 0.9994198083877563, 0.9994218945503235, 0.999422550201416, 0.9994206428527832, 0.9994221925735474, 0.9994198679924011, 0.999419629573822, 0.9994198083877563, 0.9994205832481384, 0.9994192123413086, 0.9994207620620728, 0.9994210600852966, 0.9994218349456787, 0.9994203448295593, 0.9994217753410339], "energy_samples": [-0.46939192170139626, -0.5508295005654006, -0.851006772861035, -0.47241991943652606, -0.8723512087989239, -0.8559134244593181, -0.5266718889202286, -0.8022249142581976, -0.8872970255711926, -0.6238905652111325, -0.7333179747415752, -0.7803119424880536, -0.7408218024655341, -0.7036741669601414, -0.7209098708389595, -0.7368110135839412, -0.8118605446429727, -0.35113950178097875, -0.4980546383382275, -0.6501684645174596, -0.5580092212297909, -0.6307526603208682, -0.6811629305973049, -0.7443435048645047, -0.5337799702608979, -0.4453757810647833, -0.7651455030276306, -0.5586198618288609, -0.7082279246389889, -0.6772508270551156, -0.6198778174056961, -0.5093856127966156, -0.7812155381381978, -0.5373781801757928, -0.8964700390691027, -0.557654713252541, -0.4977088456241766, -0.4197864135911295, -0.5249707088097069, -0.3530314323241131, -0.5625844935202837, -0.7263323138630852, -0.47297378625129316, -0.5073279260166722, -0.3894319218586591, -0.4994530740247012, -0.6842123447477765, -0.757164310651252, -0.7743070941007246, -0.7392974182926058, -0.5489989951097504, -0.48474093969954407, -0.7530755001482228, -0.573354494978318, -0.6649892506361412, -0.6364034418329758, -0.5688691861207147, -0.71096458403381, -0.7249059076186445, -0.4035334901651911, -0.6392054083211288, -0.6733540452235298, -0.6072709773300934, -0.6435870771451261, -0.5181686731502413, -0.6569561221202425, -0.5368131949245802, -0.5192201543499322, -0.4412326733790575, -0.5781535344036551, -0.4571543472169383, -0.5476751567863326, -0.7829042568627139, -0.7092363033309718, -0.42301055540930366, -0.5995049542925103, -0.8016687821476326, -0.47751881766331244, -0.6430046247095982, -0.4678646730775932, -0.5306955938289424, -0.41026717027787324, -0.4691892440449246, -0.7145020360122217, -0.7434876863845228, -0.5642753256630297, -0.6068838693326342, -0.6608870620966266, -0.556157284151269, -0.6592135091362602, -0.688287006337279, -0.7209599428789264, -0.4844308101376414, -0.5484405718738506, -0.4471252347203623, -0.5007248408530365, -0.7505889537245898, -0.7264071167268696, -0.4894104484249738, -0.7399102454814523], "gsf_samples": [0.004944594345775001, 0.03023285207128964, 0.48842082745520465, 0.001450819023412707, 0.16684130904439584, 0.37877912310118184, 0.003435863629480108, 0.46053965795208973, 0.32195046828186746, 0.0035386826085126925, 0.03986532912555771, 0.4065684898514929, 0.045130631453342944, 0.22250798950558387, 0.05390352733948985, 0.0006114473807999274, 0.5179235820785394, 0.006083363803034395, 0.002677259071764642, 0.04003731414964644, 0.0016708283217411574, 0.11085404925862662, 0.005183577140617884, 0.04318400026334913, 0.02805912176351496, 0.04047085313040085, 0.003741917973621619, 0.004450783023179171, 0.07551359815008657, 0.2709660403067276, 0.014659237476452298, 0.1056724783226038, 0.26322994309047215, 0.0008792303947551285, 0.6619016288809886, 0.08872138932373333, 0.002804726139055667, 0.051945678651802385, 0.00799838114866108, 0.012311758520825486, 0.04937881846840046, 0.08647385222880913, 0.0005420983195220944, 0.1587617037821453, 0.00019437144674893525, 0.001848532885162886, 0.21739432765284036, 0.028517676788973784, 0.3469262426877998, 0.000755622057601936, 0.09788248673479814, 0.008343279790545886, 0.16428600064864154, 0.008194692509289874, 0.15319851709085558, 0.032481903072396956, 0.020895942923178992, 0.1632030561396317, 0.2056203408610399, 0.0010982710486748947, 0.038133510116806935, 0.41302944960122656, 0.0012603534657057503, 0.008290192901317748, 0.037559976574110206, 0.007420709088220807, 0.004781545784135346, 0.0037182792222213478, 0.00464453298529381, 0.0008143374895234027, 0.015280337544985641, 0.005529792984083264, 0.38424575244321707, 0.0014058482504647357, 0.006809665166187253, 0.2530583841072851, 0.18601076257709429, 0.03534588962712734, 0.22284527862021747, 0.008881767110331115, 0.006965384964958051, 0.002249560697796489, 0.03229313248912582, 0.21272596326133422, 0.13116325416381264, 0.02267324092895867, 0.030038697056014363, 0.2727892293500638, 0.14505248210155663, 0.001733875694040953, 0.029456416702378984, 0.16304114239581005, 0.0012828778863052297, 0.0038417134461266066, 0.0011074781130262393, 0.00022987007179166345, 0.019285259899635778, 0.04428201928705977, 0.004628148261794805, 0.10033882371362281]}