{"L": 11, "J": 0.07324052344033065, "B": 0.07324052344033065, "nit": 11, "init_state": "random computational-basis state", "energy_avg": -0.6261578942894918, "energy_std": 0.06639057005179609, "gsf_avg": 0.04486681860060601, "gsf_std": 0.07654908419518788, "norm_check_samples": [0.9999247193336487, 0.9999250173568726, 0.9999247789382935, 0.9999244213104248, 0.99992436170578, 0.999924898147583, 0.9999244213104248, 0.9999252557754517, 0.9999250769615173, 0.9999242424964905, 0.9999245405197144, 0.9999243021011353, 0.9999241828918457, 0.9999246001243591, 0.9999243021011353, 0.9999237060546875, 0.9999252557754517, 0.9999252557754517, 0.9999239444732666, 0.9999246001243591, 0.9999246597290039, 0.9999244213104248, 0.9999245405197144, 0.9999245405197144, 0.9999255537986755, 0.9999240636825562, 0.9999244213104248, 0.9999241232872009, 0.999923825263977, 0.9999247193336487, 0.9999239444732666, 0.9999244809150696, 0.9999242424964905, 0.9999250769615173, 0.9999233484268188, 0.9999242424964905, 0.9999246001243591, 0.999924898147583, 0.9999251961708069, 0.9999246597290039, 0.9999237656593323, 0.9999247789382935, 0.9999240636825562, 0.9999255537986755, 0.9999246001243591, 0.9999250173568726, 0.9999241232872009, 0.9999238848686218, 0.9999246001243591, 0.9999244213104248, 0.9999244213104248, 0.9999248385429382, 0.9999246597290039, 0.99992436170578, 0.9999245405197144, 0.9999246597290039, 0.9999250173568726, 0.9999237656593323, 0.9999241232872009, 0.9999239444732666, 0.9999243021011353, 0.9999244213104248, 0.9999245405197144, 0.9999246597290039, 0.9999252557754517, 0.9999244809150696, 0.99992436170578, 0.9999244809150696, 0.999923825263977, 0.9999251961708069, 0.9999246001243591, 0.9999243021011353, 0.9999241232872009, 0.9999246597290039, 0.9999253153800964, 0.9999239444732666, 0.9999248385429382, 0.9999241232872009, 0.9999246597290039, 0.9999253749847412, 0.9999244213104248, 0.9999243021011353, 0.999924898147583, 0.9999246597290039, 0.9999246001243591, 0.99992436170578, 0.9999252557754517, 0.9999241828918457, 0.9999249577522278, 0.9999254941940308, 0.9999248385429382, 0.999924898147583, 0.9999246001243591, 0.9999251961708069, 0.9999244809150696, 0.9999245405197144, 0.9999244213104248, 0.9999244213104248, 0.9999240636825562, 0.9999245405197144, 0.9999246597290039, 0.9999249577522278, 0.9999240636825562, 0.9999239444732666, 0.9999250173568726, 0.9999240040779114, 0.9999253153800964, 0.9999241232872009, 0.9999254941940308, 0.9999247789382935, 0.9999247193336487, 0.9999244809150696, 0.9999240636825562, 0.9999240040779114, 0.9999252557754517, 0.9999251961708069, 0.9999242424964905, 0.999924898147583, 0.9999247789382935, 0.9999247789382935, 0.9999247193336487, 0.99992436170578, 0.9999239444732666, 0.9999241232872009, 0.9999235272407532, 0.9999246001243591, 0.9999248385429382, 0.9999245405197144, 0.9999252557754517, 0.9999250769615173, 0.9999253153800964, 0.9999253153800964, 0.99992436170578, 0.9999241828918457, 0.9999249577522278, 0.9999246597290039, 0.9999243021011353, 0.999924898147583, 0.9999247789382935, 0.9999241828918457, 0.9999237656593323, 0.9999256134033203, 0.9999247193336487, 0.9999247193336487, 0.9999248385429382, 0.9999238848686218, 0.9999251365661621, 0.9999247193336487, 0.9999244809150696, 0.9999247193336487, 0.9999254941940308, 0.9999244809150696, 0.9999246597290039, 0.9999248385429382, 0.999924898147583, 0.9999249577522278, 0.9999243021011353, 0.9999246001243591, 0.9999238848686218, 0.999923825263977, 0.9999247193336487, 0.9999243021011353, 0.9999248385429382, 0.9999246597290039, 0.9999253153800964, 0.9999247193336487, 0.999924898147583, 0.9999246597290039, 0.9999244809150696, 0.9999244809150696, 0.9999246597290039, 0.9999247789382935, 0.9999250173568726, 0.9999246597290039, 0.9999244809150696, 0.9999246001243591, 0.9999246597290039, 0.9999243021011353, 0.9999244213104248, 0.9999244809150696, 0.9999246597290039, 0.9999247789382935, 0.9999246001243591, 0.9999251365661621, 0.9999257922172546, 0.9999241232872009, 0.999925434589386, 0.9999245405197144, 0.9999244213104248, 0.9999250173568726, 0.9999246597290039, 0.9999245405197144, 0.9999248385429382, 0.9999246001243591, 0.9999249577522278, 0.999924898147583, 0.9999245405197144, 0.99992436170578, 0.9999244809150696, 0.9999240040779114],