{"L": 11, "J": 0.018017690914504187, "B": 0.09008845457252093, "nit": 11, "init_state": "random computational-basis state", "energy_avg": -0.9354484876926196, "energy_std": 0.07485477015855885, "gsf_avg": 0.7170539542056501, "gsf_std": 0.39542239111566196, "norm_check_samples": [1.000042200088501, 1.0000414848327637, 1.0000433921813965, 1.0000420808792114, 1.0000429153442383, 1.0000429153442383, 1.0000430345535278, 1.0000418424606323, 1.0000427961349487, 1.0000425577163696, 1.0000420808792114, 1.000042200088501, 1.0000417232513428, 1.0000419616699219, 1.0000433921813965, 1.0000423192977905, 1.00004243850708, 1.000042200088501, 1.0000429153442383, 1.0000419616699219, 1.0000423192977905, 1.0000416040420532, 1.0000433921813965, 1.0000426769256592, 1.00004243850708, 1.0000426769256592, 1.00004243850708, 1.000042200088501, 1.0000419616699219, 1.0000419616699219, 1.0000444650650024, 1.0000426769256592, 1.0000413656234741, 1.00004243850708, 1.00004243850708, 1.0000427961349487, 1.0000423192977905, 1.00004243850708, 1.0000423192977905, 1.0000427961349487, 1.0000419616699219, 1.000042200088501, 1.0000420808792114, 1.0000417232513428, 1.00004243850708, 1.0000430345535278, 1.000042200088501, 1.000042200088501, 1.0000426769256592, 1.0000427961349487, 1.0000417232513428, 1.000042200088501, 1.0000420808792114, 1.000042200088501, 1.0000419616699219, 1.00004243850708, 1.000043511390686, 1.0000416040420532, 1.0000425577163696, 1.0000419616699219, 1.0000426769256592, 1.0000425577163696, 1.0000426769256592, 1.0000419616699219, 1.0000418424606323, 1.0000437498092651, 1.000042200088501, 1.0000420808792114, 1.0000427961349487, 1.00004243850708, 1.0000427961349487, 1.0000423192977905, 1.0000426769256592, 1.0000419616699219, 1.00004243850708, 1.00004243850708, 1.0000423192977905, 1.0000423192977905, 1.0000426769256592, 1.0000425577163696, 1.0000420808792114, 1.0000419616699219, 1.0000425577163696, 1.0000419616699219, 1.0000420808792114, 1.0000425577163696, 1.00004243850708, 1.000043272972107, 1.000042200088501, 1.0000425577163696, 1.00004243850708, 1.0000423192977905, 1.0000425577163696, 1.0000427961349487, 1.0000423192977905, 1.0000423192977905, 1.0000430345535278, 1.0000436305999756, 1.00004243850708, 1.000042200088501, 1.000042200088501, 1.0000429153442383, 1.0000425577163696, 1.00004243850708, 1.000042200088501, 1.0000427961349487, 1.00004243850708, 1.0000429153442383, 1.0000417232513428, 1.0000426769256592, 1.0000410079956055, 1.0000423192977905, 1.00004243850708, 1.0000430345535278, 1.0000423192977905, 1.0000420808792114, 1.00004243850708, 1.0000419616699219, 1.0000425577163696, 1.00004243850708, 1.0000430345535278, 1.0000423192977905, 1.000042200088501, 1.0000427961349487, 1.00004243850708, 1.0000430345535278, 1.0000429153442383, 1.0000437498092651, 1.0000423192977905, 1.0000429153442383, 1.000042200088501, 1.0000427961349487, 1.000042200088501, 1.0000427961349487, 1.0000426769256592, 1.0000426769256592, 1.0000417232513428, 1.0000419616699219, 1.0000427961349487, 1.000042200088501, 1.000042200088501, 1.0000417232513428, 1.0000416040420532, 1.0000414848327637, 1.0000423192977905, 1.0000418424606323, 1.0000433921813965, 1.0000423192977905, 1.00004243850708, 1.00004243850708, 1.0000420808792114, 1.0000429153442383, 1.0000431537628174, 1.0000419616699219, 1.000042200088501, 1.0000423192977905, 1.0000431537628174, 1.000042200088501, 1.0000427961349487, 1.0000431537628174, 1.0000416040420532, 1.0000429153442383, 1.0000426769256592, 1.0000414848327637, 1.0000427961349487, 1.0000418424606323, 1.0000420808792114, 1.0000427961349487, 1.0000423192977905, 1.0000418424606323, 1.0000431537628174, 1.0000420808792114, 1.000042200088501, 1.0000418424606323, 1.0000429153442383, 1.0000420808792114, 1.0000429153442383, 1.0000431537628174, 1.0000426769256592, 1.0000418424606323, 1.0000418424606323, 1.0000427961349487, 1.0000431537628174, 1.0000420808792114, 1.0000423192977905, 1.0000427961349487, 1.0000418424606323, 1.0000423192977905, 1.0000423192977905, 1.00004243850708, 1.00004243850708, 1.0000429153442383, 1.000042200088501, 1.0000431537628174, 1.0000425577163696, 1.00004243850708, 1.0000419616699219, 1.0000416040420532, 1.000042200088501, 1.00004243850708],