{"L": 14, "J": 0.0759852142889397, "B": 0.015197042857787939, "nit": 14, "init_state": "random computational-basis state", "energy_avg": -0.8758762571012, "energy_std": 0.10582490128788145, "gsf_avg": 0.49694792658498343, "gsf_std": 0.4105230780320288, "norm_check_samples": [1.0001184940338135, 1.0001180171966553, 1.000117540359497, 1.000118613243103, 1.0001171827316284, 1.0001206398010254, 1.0001215934753418, 1.0001181364059448, 1.0001189708709717, 1.0001165866851807, 1.0001187324523926, 1.0001167058944702, 1.0001181364059448, 1.0001171827316284, 1.0001215934753418, 1.0001188516616821, 1.0001200437545776, 1.0001184940338135, 1.000116229057312, 1.0001184940338135, 1.000118613243103, 1.0001184940338135, 1.0001182556152344, 1.0001200437545776, 1.0001176595687866, 1.0001194477081299, 1.0001182556152344, 1.0001171827316284, 1.0001174211502075, 1.000117301940918, 1.0001190900802612, 1.0001168251037598, 1.0001211166381836, 1.0001178979873657, 1.000117301940918, 1.0001187324523926, 1.0001181364059448, 1.0001187324523926, 1.0001176595687866, 1.0001195669174194, 1.0001189708709717, 1.0001180171966553, 1.0001165866851807, 1.000117540359497, 1.0001161098480225, 1.0001188516616821, 1.000117301940918, 1.0001190900802612, 1.000117540359497, 1.0001187324523926, 1.0001189708709717, 1.000119686126709, 1.0001171827316284, 1.0001168251037598, 1.000115990638733, 1.000116229057312, 1.0001176595687866, 1.0001190900802612, 1.000118374824524, 1.0001169443130493, 1.000118374824524, 1.0001188516616821, 1.0001188516616821, 1.0001193284988403, 1.0001177787780762, 1.0001193284988403, 1.0001182556152344, 1.000118374824524, 1.0001212358474731, 1.000118374824524, 1.0001171827316284, 1.0001198053359985, 1.0001206398010254, 1.0001178979873657, 1.000117301940918, 1.0001187324523926, 1.0001212358474731, 1.0001169443130493, 1.000119924545288, 1.000115990638733, 1.0001170635223389, 1.0001198053359985, 1.0001147985458374, 1.0001164674758911, 1.0001150369644165, 1.0001202821731567, 1.0001182556152344, 1.0001190900802612, 1.0001198053359985, 1.000118374824524, 1.0001181364059448, 1.000117540359497, 1.000119686126709, 1.000119924545288, 1.000118613243103, 1.0001174211502075, 1.0001174211502075, 1.0001204013824463, 1.0001164674758911, 1.000116229057312, 1.0001184940338135, 1.000116229057312, 1.0001169443130493, 1.0001177787780762, 1.0001176595687866, 1.0001187324523926, 1.000118613243103, 1.0001164674758911, 1.0001164674758911, 1.000117540359497, 1.0001177787780762, 1.0001156330108643, 1.0001195669174194, 1.0001178979873657, 1.0001161098480225, 1.0001188516616821, 1.000118613243103, 1.0001208782196045, 1.0001171827316284, 1.0001156330108643, 1.0001169443130493, 1.000116229057312, 1.0001202821731567, 1.0001169443130493, 1.0001164674758911, 1.000121831893921, 1.0001178979873657, 1.0001167058944702, 1.0001205205917358, 1.0001182556152344, 1.0001217126846313, 1.0001190900802612, 1.0001190900802612, 1.0001184940338135, 1.0001190900802612, 1.0001187324523926, 1.0001195669174194, 1.0001164674758911, 1.0001178979873657, 1.000117540359497, 1.0001184940338135, 1.0001169443130493, 1.0001153945922852, 1.0001188516616821, 1.0001201629638672, 1.000116229057312, 1.0001187324523926, 1.0001184940338135, 1.000115990638733, 1.000118613243103, 1.0001181364059448, 1.0001192092895508, 1.0001168251037598, 1.0001174211502075, 1.0001181364059448, 1.0001202821731567, 1.0001182556152344, 1.0001168251037598, 1.0001188516616821, 1.0001178979873657, 1.0001181364059448, 1.0001168251037598, 1.000116229057312, 1.0001174211502075, 1.0001217126846313, 1.0001193284988403, 1.000118613243103, 1.0001200437545776, 1.000118374824524, 1.0001177787780762, 1.0001181364059448, 1.0001208782196045, 1.0001201629638672, 1.0001189708709717, 1.0001167058944702, 1.0001178979873657, 1.0001189708709717, 1.0001182556152344, 1.0001174211502075, 1.0001167058944702, 1.0001192092895508, 1.0001188516616821, 1.0001187324523926, 1.0001169443130493, 1.0001182556152344, 1.0001174211502075, 1.0001178979873657, 1.0001217126846313, 1.0001158714294434, 1.0001181364059448, 1.0001168251037598, 1.0001182556152344, 1.0001178979873657, 1.0001181364059448, 1.0001177787780762, 1.0001167058944702, 1.0001150369644165, 1.000118374824524, 1.000116229057312, 1.0001180171966553],