{"L": 14, "J": 0.057237694918235646, "B": 0.057237694918235646, "nit": 14, "init_state": "random computational-basis state", "energy_avg": -0.6237433669726806, "energy_std": 0.05418380068192984, "gsf_avg": 0.0202411995617571, "gsf_std": 0.036504038237057924, "norm_check_samples": [0.9998436570167542, 0.9998429417610168, 0.9998428225517273, 0.9998441338539124, 0.9998440146446228, 0.9998433589935303, 0.9998419880867004, 0.9998435974121094, 0.9998432397842407, 0.9998438954353333, 0.9998430013656616, 0.9998431205749512, 0.9998437762260437, 0.9998419284820557, 0.9998433589935303, 0.9998423457145691, 0.9998425245285034, 0.9998432993888855, 0.9998425245285034, 0.9998432397842407, 0.9998419880867004, 0.9998427033424377, 0.9998432397842407, 0.99984210729599, 0.9998418092727661, 0.9998425245285034, 0.9998427033424377, 0.9998437166213989, 0.9998419880867004, 0.9998423457145691, 0.999843180179596, 0.9998428821563721, 0.9998430013656616, 0.9998423457145691, 0.999843180179596, 0.9998430609703064, 0.9998424649238586, 0.9998428821563721, 0.9998424649238586, 0.9998428821563721, 0.9998429417610168, 0.999842643737793, 0.9998428821563721, 0.9998433589935303, 0.9998423457145691, 0.9998425841331482, 0.9998427629470825, 0.9998425245285034, 0.9998436570167542, 0.9998421669006348, 0.999843955039978, 0.9998433589935303, 0.9998422265052795, 0.9998419880867004, 0.9998424053192139, 0.9998432397842407, 0.9998425841331482, 0.9998435378074646, 0.9998424053192139, 0.9998423457145691, 0.999843418598175, 0.9998425245285034, 0.9998420476913452, 0.9998430609703064, 0.9998435974121094, 0.9998422265052795, 0.9998430013656616, 0.9998435974121094, 0.9998432397842407, 0.9998425245285034, 0.9998432397842407, 0.9998437762260437, 0.9998429417610168, 0.9998432397842407, 0.999843418598175, 0.9998428821563721, 0.9998425245285034, 0.9998424649238586, 0.9998422265052795, 0.9998434782028198, 0.9998419284820557, 0.9998434782028198, 0.9998434782028198, 0.9998422861099243, 0.9998419880867004, 0.999842643737793, 0.9998427629470825, 0.9998428225517273, 0.9998419284820557, 0.9998428225517273, 0.9998427629470825, 0.9998428821563721, 0.9998421669006348, 0.9998429417610168, 0.9998435378074646, 0.9998428225517273, 0.9998425841331482, 0.9998419880867004, 0.9998419284820557, 0.9998416304588318, 0.9998432993888855, 0.9998427033424377, 0.9998417496681213, 0.9998425841331482, 0.9998434782028198, 0.999842643737793, 0.9998422265052795, 0.9998418092727661, 0.9998432397842407, 0.9998424053192139, 0.9998430013656616, 0.9998427033424377, 0.9998425841331482, 0.9998419880867004, 0.9998410940170288, 0.9998429417610168, 0.9998432397842407, 0.9998432397842407, 0.9998422861099243, 0.9998438358306885, 0.9998423457145691, 0.9998429417610168, 0.9998431205749512, 0.9998434782028198, 0.9998435378074646, 0.9998429417610168, 0.9998435974121094, 0.9998422265052795, 0.9998432397842407, 0.999842643737793, 0.9998428821563721, 0.9998435974121094, 0.9998433589935303, 0.999842643737793, 0.9998425841331482, 0.9998425841331482, 0.9998429417610168, 0.9998429417610168, 0.9998430609703064, 0.9998423457145691, 0.9998432397842407, 0.9998433589935303, 0.9998423457145691, 0.9998416304588318, 0.9998429417610168, 0.9998434782028198, 0.9998422861099243, 0.9998433589935303, 0.999843180179596, 0.9998416304588318, 0.9998421669006348, 0.99984210729599, 0.9998428821563721, 0.9998432397842407, 0.9998431205749512, 0.9998428225517273, 0.9998433589935303, 0.999842643737793, 0.9998440742492676, 0.9998420476913452, 0.9998435378074646, 0.9998428821563721, 0.9998428821563721, 0.9998427033424377, 0.9998436570167542, 0.9998422265052795, 0.9998423457145691, 0.9998430609703064, 0.9998425245285034, 0.9998415112495422, 0.9998427033424377, 0.9998437166213989, 0.9998441338539124, 0.9998418092727661, 0.9998429417610168, 0.9998425245285034, 0.9998418092727661, 0.9998415112495422, 0.9998430013656616, 0.9998417496681213, 0.999843418598175, 0.9998424053192139, 0.9998416304588318, 0.9998432993888855, 0.9998422861099243, 0.9998425245285034, 0.9998427629470825, 0.9998437166213989, 0.9998431205749512, 0.9998428225517273, 0.999842643737793, 0.9998432397842407, 0.9998412728309631, 0.9998429417610168, 0.9998423457145691, 0.999842643737793, 0.9998428225517273, 0.999843418598175, 0.999843418598175, 0.9998425245285034],