{"L": 15, "J": 0.07056923801288421, "B": 0.014113847602576843, "nit": 15, "init_state": "random computational-basis state", "energy_avg": -0.8947251422126196, "energy_std": 0.08885547761302022, "gsf_avg": 0.5401785204320956, "gsf_std": 0.39829925271005895, "norm_check_samples": [1.0001440048217773, 1.000146746635437, 1.0001460313796997, 1.0001440048217773, 1.0001444816589355, 1.0001466274261475, 1.0001457929611206, 1.0001438856124878, 1.0001457929611206, 1.0001435279846191, 1.0001453161239624, 1.000144600868225, 1.000145673751831, 1.000144362449646, 1.0001466274261475, 1.000144600868225, 1.000143051147461, 1.0001455545425415, 1.0001450777053833, 1.0001473426818848, 1.0001453161239624, 1.000146508216858, 1.0001447200775146, 1.0001449584960938, 1.000147819519043, 1.0001436471939087, 1.0001459121704102, 1.0001450777053833, 1.0001444816589355, 1.0001460313796997, 1.0001428127288818, 1.0001461505889893, 1.0001457929611206, 1.0001455545425415, 1.0001444816589355, 1.0001437664031982, 1.000145435333252, 1.000146508216858, 1.0001487731933594, 1.0001462697982788, 1.0001447200775146, 1.0001448392868042, 1.0001444816589355, 1.0001457929611206, 1.0001444816589355, 1.000148057937622, 1.0001450777053833, 1.0001459121704102, 1.000144362449646, 1.0001457929611206, 1.0001435279846191, 1.0001459121704102, 1.0001437664031982, 1.0001450777053833, 1.0001442432403564, 1.000146508216858, 1.0001472234725952, 1.0001457929611206, 1.0001459121704102, 1.0001457929611206, 1.0001450777053833, 1.0001438856124878, 1.0001444816589355, 1.0001455545425415, 1.0001462697982788, 1.000146508216858, 1.000145435333252, 1.0001469850540161, 1.0001442432403564, 1.0001440048217773, 1.0001449584960938, 1.000144124031067, 1.0001455545425415, 1.0001473426818848, 1.0001438856124878, 1.0001435279846191, 1.0001453161239624, 1.000146508216858, 1.0001469850540161, 1.0001482963562012, 1.0001447200775146, 1.0001472234725952, 1.0001442432403564, 1.0001475811004639, 1.0001440048217773, 1.000149130821228, 1.0001455545425415, 1.0001449584960938, 1.0001451969146729, 1.0001431703567505, 1.0001469850540161, 1.0001461505889893, 1.0001435279846191, 1.0001438856124878, 1.0001444816589355, 1.0001455545425415, 1.000146746635437, 1.0001460313796997, 1.0001451969146729, 1.0001453161239624, 1.0001437664031982, 1.0001451969146729, 1.0001468658447266, 1.0001462697982788, 1.0001451969146729, 1.0001448392868042, 1.0001449584960938, 1.0001481771469116, 1.0001444816589355, 1.0001466274261475, 1.0001455545425415, 1.0001460313796997, 1.000144600868225, 1.0001463890075684, 1.000144124031067, 1.0001453161239624, 1.0001438856124878, 1.0001453161239624, 1.000145435333252, 1.0001451969146729, 1.0001425743103027, 1.0001407861709595, 1.0001471042633057, 1.0001463890075684, 1.0001479387283325, 1.0001451969146729, 1.0001471042633057, 1.0001463890075684, 1.0001442432403564, 1.0001450777053833, 1.000144124031067, 1.0001449584960938, 1.0001457929611206, 1.0001475811004639, 1.0001460313796997, 1.000145673751831, 1.0001469850540161, 1.0001472234725952, 1.000145435333252, 1.0001440048217773, 1.000146746635437, 1.0001449584960938, 1.0001435279846191, 1.000145673751831, 1.000145673751831, 1.0001429319381714, 1.000145435333252, 1.000143051147461, 1.0001434087753296, 1.000145435333252, 1.000145435333252, 1.0001424551010132, 1.0001496076583862, 1.000147819519043, 1.0001426935195923, 1.000144600868225, 1.0001469850540161, 1.0001442432403564, 1.0001450777053833, 1.000146746635437, 1.0001436471939087, 1.0001442432403564, 1.0001457929611206, 1.0001457929611206, 1.0001472234725952, 1.0001461505889893, 1.0001469850540161, 1.0001459121704102, 1.0001444816589355, 1.0001431703567505, 1.0001471042633057, 1.0001461505889893, 1.0001451969146729, 1.0001469850540161, 1.00014328956604, 1.0001472234725952, 1.0001451969146729, 1.0001440048217773, 1.000144600868225, 1.0001451969146729, 1.0001440048217773, 1.0001436471939087, 1.0001438856124878, 1.0001440048217773, 1.0001474618911743, 1.0001442432403564, 1.0001435279846191, 1.0001449584960938, 1.0001453161239624, 1.0001472234725952, 1.0001463890075684, 1.0001449584960938, 1.000146508216858, 1.0001448392868042, 1.000145673751831, 1.0001463890075684, 1.0001436471939087, 1.0001455545425415, 1.000145435333252, 1.000144124031067],