{"L": 17, "J": 0.011654771876631793, "B": 0.05827385938315896, "nit": 17, "init_state": "random computational-basis state", "energy_avg": -0.9357800166606394, "energy_std": 0.05640920349590112, "gsf_avg": 0.6093131547460695, "gsf_std": 0.4105183564356666, "norm_check_samples": [1.0001626014709473, 1.0001616477966309, 1.0001622438430786, 1.0001602172851562, 1.000162959098816, 1.0001623630523682, 1.0001646280288696, 1.0001616477966309, 1.0001603364944458, 1.0001609325408936, 1.0001626014709473, 1.00016450881958, 1.00016188621521, 1.0001628398895264, 1.0001643896102905, 1.0001617670059204, 1.0001615285873413, 1.0001624822616577, 1.0001649856567383, 1.0001630783081055, 1.0001623630523682, 1.0001604557037354, 1.000163197517395, 1.0001630783081055, 1.000162959098816, 1.0001622438430786, 1.0001616477966309, 1.0001609325408936, 1.0001639127731323, 1.0001628398895264, 1.000160813331604, 1.0001626014709473, 1.0001617670059204, 1.0001630783081055, 1.0001611709594727, 1.0001612901687622, 1.0001646280288696, 1.000160574913025, 1.0001616477966309, 1.0001611709594727, 1.0001641511917114, 1.0001622438430786, 1.0001624822616577, 1.0001603364944458, 1.0001627206802368, 1.000162124633789, 1.000163197517395, 1.000162124633789, 1.0001628398895264, 1.000162959098816, 1.0001626014709473, 1.0001637935638428, 1.0001623630523682, 1.0001622438430786, 1.0001606941223145, 1.0001647472381592, 1.000160574913025, 1.0001633167266846, 1.0001628398895264, 1.000162959098816, 1.0001623630523682, 1.000163197517395, 1.0001647472381592, 1.000162959098816, 1.0001633167266846, 1.000163197517395, 1.0001634359359741, 1.00016450881958, 1.0001636743545532, 1.000160813331604, 1.000164270401001, 1.000161051750183, 1.000162959098816, 1.0001609325408936, 1.0001622438430786, 1.0001616477966309, 1.0001633167266846, 1.0001636743545532, 1.0001600980758667, 1.0001624822616577, 1.0001626014709473, 1.000162124633789, 1.000163197517395, 1.0001623630523682, 1.000162959098816, 1.0001628398895264, 1.0001596212387085, 1.0001614093780518, 1.000162124633789, 1.000163197517395, 1.00016188621521, 1.0001635551452637, 1.0001623630523682, 1.0001614093780518, 1.0001623630523682, 1.0001633167266846, 1.0001614093780518, 1.00016188621521, 1.000162959098816, 1.0001624822616577, 1.0001622438430786, 1.0001633167266846, 1.0001635551452637, 1.0001633167266846, 1.0001628398895264, 1.0001630783081055, 1.000163197517395, 1.0001617670059204, 1.000163197517395, 1.0001628398895264, 1.0001623630523682, 1.0001622438430786, 1.0001622438430786, 1.000162959098816, 1.0001640319824219, 1.0001609325408936, 1.0001624822616577, 1.0001622438430786, 1.0001623630523682, 1.0001627206802368, 1.0001617670059204, 1.000160813331604, 1.000161051750183, 1.0001620054244995, 1.0001633167266846, 1.0001609325408936, 1.00016188621521, 1.0001620054244995, 1.0001622438430786, 1.0001616477966309, 1.0001635551452637, 1.0001614093780518, 1.000163197517395, 1.00016188621521, 1.0001620054244995, 1.0001615285873413, 1.0001617670059204, 1.00016188621521, 1.0001622438430786, 1.0001639127731323, 1.0001612901687622, 1.0001611709594727, 1.0001622438430786, 1.0001622438430786, 1.0001630783081055, 1.00016188621521, 1.000162959098816, 1.0001623630523682, 1.000162124633789, 1.000162959098816, 1.0001622438430786, 1.000160813331604, 1.000162124633789, 1.0001639127731323, 1.000163197517395, 1.0001626014709473, 1.0001620054244995, 1.000162124633789, 1.0001622438430786, 1.0001620054244995, 1.0001627206802368, 1.0001622438430786, 1.000162124633789, 1.0001623630523682, 1.0001641511917114, 1.0001636743545532, 1.0001626014709473, 1.0001617670059204, 1.000161051750183, 1.000162124633789, 1.0001643896102905, 1.0001624822616577, 1.0001624822616577, 1.0001633167266846, 1.000162959098816, 1.0001640319824219, 1.0001617670059204, 1.0001622438430786, 1.0001641511917114, 1.000162124633789, 1.0001630783081055, 1.000162124633789, 1.0001622438430786, 1.0001612901687622, 1.0001633167266846, 1.0001623630523682, 1.0001604557037354, 1.0001633167266846, 1.0001626014709473, 1.0001627206802368, 1.0001614093780518, 1.0001633167266846, 1.0001646280288696, 1.0001637935638428, 1.0001617670059204, 1.0001628398895264, 1.0001651048660278, 1.0001622438430786, 1.0001606941223145, 1.000160813331604],