{"L": 18, "J": 0.058137655199498206, "B": 0.01162753103989964, "nit": 18, "init_state": "random computational-basis state", "energy_avg": -0.8726907812886492, "energy_std": 0.09501723614713348, "gsf_avg": 0.38912789379368595, "gsf_std": 0.40362657132555735, "norm_check_samples": [1.0002546310424805, 1.0002501010894775, 1.0002503395080566, 1.0002532005310059, 1.0002498626708984, 1.0002521276474, 1.0002493858337402, 1.0002498626708984, 1.0002522468566895, 1.0002491474151611, 1.0002520084381104, 1.0002517700195312, 1.0002515316009521, 1.0002511739730835, 1.0002549886703491, 1.0002508163452148, 1.0002516508102417, 1.0002501010894775, 1.0002498626708984, 1.0002532005310059, 1.0002490282058716, 1.0002543926239014, 1.0002530813217163, 1.000251054763794, 1.0002518892288208, 1.0002508163452148, 1.0002491474151611, 1.0002504587173462, 1.0002498626708984, 1.0002543926239014, 1.0002520084381104, 1.000252604484558, 1.0002537965774536, 1.000250220298767, 1.0002509355545044, 1.0002509355545044, 1.0002498626708984, 1.0002508163452148, 1.0002541542053223, 1.0002506971359253, 1.0002501010894775, 1.0002504587173462, 1.000252366065979, 1.000251293182373, 1.0002504587173462, 1.0002506971359253, 1.0002521276474, 1.0002517700195312, 1.0002530813217163, 1.0002496242523193, 1.0002508163452148, 1.0002551078796387, 1.0002498626708984, 1.0002501010894775, 1.0002537965774536, 1.0002530813217163, 1.000252604484558, 1.0002501010894775, 1.0002508163452148, 1.0002543926239014, 1.0002539157867432, 1.0002503395080566, 1.0002508163452148, 1.0002505779266357, 1.0002490282058716, 1.0002508163452148, 1.000253677368164, 1.0002517700195312, 1.0002515316009521, 1.0002529621124268, 1.0002514123916626, 1.0002511739730835, 1.0002508163452148, 1.0002490282058716, 1.0002514123916626, 1.0002497434616089, 1.0002498626708984, 1.000252366065979, 1.0002508163452148, 1.0002529621124268, 1.000248670578003, 1.0002539157867432, 1.0002514123916626, 1.0002517700195312, 1.000252366065979, 1.0002549886703491, 1.0002518892288208, 1.0002521276474, 1.00025475025177, 1.0002514123916626, 1.0002546310424805, 1.0002533197402954, 1.000253438949585, 1.000249981880188, 1.000253438949585, 1.0002495050430298, 1.0002521276474, 1.0002496242523193, 1.0002546310424805, 1.0002520084381104, 1.0002516508102417, 1.000248908996582, 1.0002573728561401, 1.0002517700195312, 1.000253438949585, 1.0002518892288208, 1.0002535581588745, 1.0002552270889282, 1.0002515316009521, 1.000251054763794, 1.000252604484558, 1.0002504587173462, 1.0002522468566895, 1.0002509355545044, 1.0002485513687134, 1.0002527236938477, 1.0002479553222656, 1.0002527236938477, 1.0002528429031372, 1.0002520084381104, 1.0002506971359253, 1.0002552270889282, 1.0002498626708984, 1.000251293182373, 1.0002492666244507, 1.0002506971359253, 1.000253438949585, 1.0002483129501343, 1.0002509355545044, 1.0002501010894775, 1.000253438949585, 1.0002532005310059, 1.000249981880188, 1.0002543926239014, 1.0002485513687134, 1.0002504587173462, 1.0002504587173462, 1.0002508163452148, 1.000251293182373, 1.0002506971359253, 1.0002517700195312, 1.0002521276474, 1.0002504587173462, 1.0002528429031372, 1.0002509355545044, 1.000249981880188, 1.0002516508102417, 1.0002514123916626, 1.0002516508102417, 1.000250220298767, 1.0002517700195312, 1.0002501010894775, 1.0002508163452148, 1.0002522468566895, 1.0002539157867432, 1.0002504587173462, 1.0002509355545044, 1.0002535581588745, 1.0002501010894775, 1.000252604484558, 1.000252366065979, 1.0002492666244507, 1.0002490282058716, 1.0002521276474, 1.000252366065979, 1.0002508163452148, 1.0002498626708984, 1.0002533197402954, 1.0002533197402954, 1.0002503395080566, 1.0002529621124268, 1.0002503395080566, 1.0002483129501343, 1.000254511833191, 1.0002524852752686, 1.0002501010894775, 1.0002501010894775, 1.0002527236938477, 1.0002497434616089, 1.0002515316009521, 1.0002524852752686, 1.0002506971359253, 1.0002515316009521, 1.0002516508102417, 1.000248670578003, 1.0002521276474, 1.0002564191818237, 1.0002528429031372, 1.0002539157867432, 1.0002504587173462, 1.0002528429031372, 1.0002501010894775, 1.0002504587173462, 1.0002516508102417, 1.0002554655075073, 1.000252366065979, 1.0002530813217163, 1.0002518892288208, 1.0002508163452148, 1.0002509355545044],