{"L": 19, "J": 0.04195531011372611, "B": 0.04195531011372611, "nit": 19, "init_state": "random computational-basis state", "energy_avg": -0.629352466577836, "energy_std": 0.04266996657340412, "gsf_avg": 0.005525992318033158, "gsf_std": 0.010848999074009545, "norm_check_samples": [0.9996030926704407, 0.9996037483215332, 0.999602198600769, 0.9996004700660706, 0.9996029734611511, 0.9996020197868347, 0.999602198600769, 0.9996019601821899, 0.999602735042572, 0.9996026158332825, 0.9996036887168884, 0.9996029138565063, 0.9996026158332825, 0.9996026754379272, 0.9996010661125183, 0.999603271484375, 0.9996015429496765, 0.9996027946472168, 0.999601423740387, 0.999602198600769, 0.9996032118797302, 0.9996001124382019, 0.9996026158332825, 0.9996045827865601, 0.9996029734611511, 0.9996007680892944, 0.9996018409729004, 0.9996026754379272, 0.9996014833450317, 0.9996008276939392, 0.9996005892753601, 0.999601423740387, 0.9996016621589661, 0.999602735042572, 0.999602198600769, 0.9996017813682556, 0.9996030330657959, 0.9996022582054138, 0.9996025562286377, 0.9996022582054138, 0.9996027946472168, 0.9996025562286377, 0.9995998740196228, 0.999602735042572, 0.9996026158332825, 0.9996030926704407, 0.9996022582054138, 0.9996019005775452, 0.9996033906936646, 0.9996016025543213, 0.9996019005775452, 0.9996024966239929, 0.9996013045310974, 0.9996020197868347, 0.9996023774147034, 0.999600887298584, 0.9996017217636108, 0.9996017813682556, 0.9996026754379272, 0.9996016621589661, 0.9996031522750854, 0.999601423740387, 0.9996020793914795, 0.999601423740387, 0.9996014833450317, 0.9996019601821899, 0.9996029138565063, 0.9996023774147034, 0.9996029138565063, 0.9996023178100586, 0.9996026158332825, 0.9996016025543213, 0.9996016621589661, 0.9996017813682556, 0.9996010065078735, 0.9996030330657959, 0.9995998740196228, 0.9996027946472168, 0.9996014833450317, 0.999602735042572, 0.9996011257171631, 0.9996018409729004, 0.9996018409729004, 0.9996010065078735, 0.9996006488800049, 0.9996011257171631, 0.999602198600769, 0.999602735042572, 0.9996029734611511, 0.9996010661125183, 0.9996026158332825, 0.9996017217636108, 0.9996020793914795, 0.9996023774147034, 0.999601423740387, 0.9996013641357422, 0.9996020793914795, 0.9996021389961243, 0.9996035695075989, 0.9996008276939392, 0.9996019601821899, 0.9996017217636108, 0.9996024370193481, 0.9996028542518616, 0.9996010065078735, 0.9996020793914795, 0.9996022582054138, 0.9996031522750854, 0.9996016025543213, 0.9996008276939392, 0.9996024370193481, 0.9996023178100586, 0.9996042847633362, 0.9996023774147034, 0.9996023178100586, 0.9996001124382019, 0.9996020197868347, 0.9996014833450317, 0.9996016621589661, 0.9996015429496765, 0.9996020197868347, 0.9996020793914795, 0.9996013641357422, 0.9996001124382019, 0.9996004700660706, 0.9996026754379272, 0.9996011853218079, 0.9996020197868347, 0.9996024966239929, 0.9996022582054138, 0.9996016025543213, 0.9996041059494019, 0.9996020197868347, 0.9996023774147034, 0.9996024370193481, 0.9996017217636108, 0.9996026754379272, 0.9996015429496765, 0.9996018409729004, 0.9996019005775452, 0.9995992183685303, 0.9996033310890198, 0.999600887298584, 0.9996030926704407, 0.999601423740387, 0.9996023178100586, 0.9996036887168884, 0.9996017217636108, 0.9996024966239929, 0.9996023178100586, 0.9996011853218079, 0.999602198600769, 0.9996013045310974, 0.9996015429496765, 0.9996036887168884, 0.9996023178100586, 0.9996032118797302, 0.9995998740196228, 0.9996023178100586, 0.9996029138565063, 0.9996035099029541, 0.9996019005775452, 0.9996026158332825, 0.9996016025543213, 0.9996025562286377, 0.9996028542518616, 0.9996002316474915, 0.9996014833450317, 0.9996017813682556, 0.9996035695075989, 0.9996041059494019, 0.999602735042572, 0.9996034502983093, 0.9996029138565063, 0.9996005892753601, 0.9996029734611511, 0.9996005892753601, 0.9996024966239929, 0.9996018409729004, 0.9996011257171631, 0.9996010065078735, 0.9996029734611511, 0.9996008276939392, 0.9996026754379272, 0.9996028542518616, 0.9996019005775452, 0.9996020793914795, 0.9996017813682556, 0.9996025562286377, 0.999600887298584, 0.9996015429496765, 0.9996008276939392, 0.9996008276939392, 0.9996015429496765, 0.9995999932289124, 0.999602735042572, 0.9996017813682556, 0.9996001124382019, 0.9996015429496765, 0.9996005296707153],