{"L": 3, "J": 0.06622517641798502, "B": 0.33112588208992505, "nit": 3, "init_state": "random computational-basis state", "energy_avg": -0.9643235187489151, "energy_std": 0.1081002936429346, "gsf_avg": 0.957886102540393, "gsf_std": 0.16845683847833384, "norm_check_samples": [1.0000005960464478, 1.0000003576278687, 1.0000005960464478, 1.0000009536743164, 1.0000009536743164, 1.0000005960464478, 1.0000008344650269, 1.0000007152557373, 1.0000003576278687, 1.0000005960464478, 1.0000005960464478, 1.0000005960464478, 1.0000004768371582, 1.0000007152557373, 1.0000005960464478, 1.0000005960464478, 1.0000007152557373, 1.0000007152557373, 1.0000008344650269, 1.0000009536743164, 1.0000004768371582, 1.0000005960464478, 1.0000005960464478, 1.0000007152557373, 1.0000005960464478, 1.0000009536743164, 1.0000008344650269, 1.000000238418579, 1.0000004768371582, 1.0000003576278687, 1.0000007152557373, 1.000000238418579, 1.0000005960464478, 1.0000007152557373, 1.0000005960464478, 1.0000008344650269, 1.0000004768371582, 1.0000005960464478, 1.0000007152557373, 1.0000007152557373, 1.0000004768371582, 1.0000008344650269, 1.0000004768371582, 1.0000007152557373, 1.0000003576278687, 1.0000003576278687, 1.0000005960464478, 1.0000004768371582, 1.0000004768371582, 1.0000007152557373, 1.0000009536743164, 1.0000008344650269, 1.0000005960464478, 1.0000001192092896, 1.0000005960464478, 1.0000007152557373, 1.0000005960464478, 1.0000004768371582, 1.0000004768371582, 1.0000007152557373, 1.0000009536743164, 1.0000005960464478, 1.0000004768371582, 1.0000004768371582, 1.0000004768371582, 1.0000007152557373, 1.0000008344650269, 1.0000005960464478, 1.0000004768371582, 1.0000004768371582, 1.0000005960464478, 1.0000005960464478, 1.0000004768371582, 1.000001072883606, 1.0000005960464478, 1.0000007152557373, 1.0000007152557373, 1.0000005960464478, 1.0000005960464478, 1.0000004768371582, 1.0000007152557373, 1.0000005960464478, 1.0000005960464478, 1.0000004768371582, 1.0000005960464478, 1.0000007152557373, 1.0000007152557373, 1.0000005960464478, 1.0000004768371582, 1.0000008344650269, 1.0000007152557373, 1.0000008344650269, 1.0000007152557373, 1.0000005960464478, 1.0000003576278687, 1.0000007152557373, 1.0000007152557373, 1.0000008344650269, 1.0000005960464478, 1.0000008344650269, 1.0000009536743164, 1.0000007152557373, 1.0000007152557373, 1.0000007152557373, 1.0000004768371582, 1.000000238418579, 1.0000008344650269, 1.0000005960464478, 1.0000008344650269, 1.0000007152557373, 1.0000005960464478, 1.0000007152557373, 1.0000005960464478, 1.0000005960464478, 1.0000007152557373, 1.0000004768371582, 1.0000005960464478, 1.000001072883606, 1.0000004768371582, 1.0000009536743164, 1.0000004768371582, 1.0000007152557373, 1.0000007152557373, 1.0000004768371582, 1.0000005960464478, 1.000000238418579, 1.0000007152557373, 1.0000005960464478, 1.0000005960464478, 1.0000009536743164, 1.0000009536743164, 1.0000011920928955, 1.0000004768371582, 1.0000004768371582, 1.0000004768371582, 1.0000005960464478, 1.0000007152557373, 1.0000004768371582, 1.0000005960464478, 1.000000238418579, 1.0000004768371582, 1.0000005960464478, 1.0000008344650269, 1.0000009536743164, 1.0000005960464478, 1.0000005960464478, 1.0000005960464478, 1.0000004768371582, 1.0000005960464478, 1.0000005960464478, 1.0000004768371582, 1.0000007152557373, 1.0000004768371582, 1.0000007152557373, 1.0000008344650269, 1.000001072883606, 1.0000008344650269, 1.0000007152557373, 1.0000007152557373, 1.0000004768371582, 1.0000008344650269, 1.0000004768371582, 1.0000008344650269, 1.0000007152557373, 1.0000007152557373, 1.0000005960464478, 1.0000007152557373, 1.0000005960464478, 1.0000003576278687, 1.0000007152557373, 1.000000238418579, 1.0000007152557373, 1.0000005960464478, 1.0000008344650269, 1.0000007152557373, 1.000000238418579, 1.0000008344650269, 1.0000008344650269, 1.0000003576278687, 1.0000009536743164, 1.0000007152557373, 1.0000004768371582, 1.0000007152557373, 1.0000005960464478, 1.0000003576278687, 1.0000007152557373, 1.0000009536743164, 1.0000007152557373, 1.0000004768371582, 1.0000007152557373, 1.0000005960464478, 1.0000003576278687, 1.0000005960464478, 1.0000008344650269, 1.000000238418579, 1.000001072883606, 1.0000005960464478, 1.0000005960464478, 1.0000007152557373, 1.0000005960464478],