{"L": 7, "J": 0.02832820864299869, "B": 0.14164104321499343, "nit": 7, "init_state": "random computational-basis state", "energy_avg": -0.9412894303429732, "energy_std": 0.09824276869771513, "gsf_avg": 0.8351331495257145, "gsf_std": 0.3265676263988641, "norm_check_samples": [1.0000102519989014, 1.0000102519989014, 1.000010371208191, 1.0000110864639282, 1.0000104904174805, 1.0000102519989014, 1.0000104904174805, 1.0000101327896118, 1.000010371208191, 1.0000100135803223, 1.0000102519989014, 1.0000098943710327, 1.0000100135803223, 1.000010371208191, 1.0000101327896118, 1.0000102519989014, 1.00001060962677, 1.000010371208191, 1.0000098943710327, 1.0000102519989014, 1.0000102519989014, 1.0000102519989014, 1.0000104904174805, 1.0000104904174805, 1.0000102519989014, 1.0000098943710327, 1.0000102519989014, 1.000010371208191, 1.000010371208191, 1.0000098943710327, 1.0000102519989014, 1.0000098943710327, 1.0000101327896118, 1.0000097751617432, 1.00001060962677, 1.0000101327896118, 1.0000104904174805, 1.00001060962677, 1.0000101327896118, 1.0000098943710327, 1.0000102519989014, 1.0000101327896118, 1.0000101327896118, 1.0000104904174805, 1.0000104904174805, 1.0000101327896118, 1.000010371208191, 1.00001060962677, 1.000010371208191, 1.0000104904174805, 1.00001060962677, 1.00001060962677, 1.0000104904174805, 1.000010371208191, 1.0000098943710327, 1.0000102519989014, 1.0000102519989014, 1.0000102519989014, 1.000010371208191, 1.0000101327896118, 1.0000100135803223, 1.0000098943710327, 1.0000104904174805, 1.0000102519989014, 1.00001060962677, 1.0000107288360596, 1.0000102519989014, 1.0000107288360596, 1.0000096559524536, 1.0000104904174805, 1.000010371208191, 1.0000101327896118, 1.000010371208191, 1.0000100135803223, 1.000010371208191, 1.0000102519989014, 1.0000107288360596, 1.0000098943710327, 1.0000107288360596, 1.0000102519989014, 1.0000102519989014, 1.000010371208191, 1.00001060962677, 1.00001060962677, 1.0000100135803223, 1.0000101327896118, 1.000010371208191, 1.0000102519989014, 1.0000104904174805, 1.0000102519989014, 1.000010371208191, 1.0000100135803223, 1.00001060962677, 1.0000102519989014, 1.0000107288360596, 1.0000102519989014, 1.0000102519989014, 1.0000098943710327, 1.0000098943710327, 1.00001060962677, 1.000010371208191, 1.0000104904174805, 1.0000101327896118, 1.0000102519989014, 1.000010371208191, 1.000010371208191, 1.0000101327896118, 1.000010371208191, 1.0000101327896118, 1.000010371208191, 1.0000101327896118, 1.0000102519989014, 1.00001060962677, 1.0000102519989014, 1.0000104904174805, 1.0000101327896118, 1.0000102519989014, 1.0000102519989014, 1.0000101327896118, 1.0000104904174805, 1.000010371208191, 1.0000097751617432, 1.0000104904174805, 1.0000102519989014, 1.0000098943710327, 1.0000102519989014, 1.000010371208191, 1.00001060962677, 1.0000100135803223, 1.0000098943710327, 1.0000102519989014, 1.0000097751617432, 1.00001060962677, 1.0000101327896118, 1.0000102519989014, 1.00001060962677, 1.0000102519989014, 1.0000102519989014, 1.0000104904174805, 1.000010371208191, 1.0000102519989014, 1.0000101327896118, 1.0000101327896118, 1.00001060962677, 1.000010371208191, 1.0000104904174805, 1.0000107288360596, 1.0000100135803223, 1.0000098943710327, 1.0000109672546387, 1.0000101327896118, 1.000010371208191, 1.0000104904174805, 1.0000104904174805, 1.000009298324585, 1.000010371208191, 1.0000102519989014, 1.000010371208191, 1.0000101327896118, 1.0000097751617432, 1.0000102519989014, 1.0000101327896118, 1.0000101327896118, 1.00001060962677, 1.0000108480453491, 1.0000104904174805, 1.00001060962677, 1.0000107288360596, 1.0000097751617432, 1.0000102519989014, 1.0000098943710327, 1.0000102519989014, 1.0000101327896118, 1.0000102519989014, 1.0000102519989014, 1.00001060962677, 1.0000097751617432, 1.0000098943710327, 1.00001060962677, 1.0000101327896118, 1.0000104904174805, 1.000010371208191, 1.0000102519989014, 1.00001060962677, 1.0000104904174805, 1.00001060962677, 1.0000098943710327, 1.0000101327896118, 1.0000101327896118, 1.0000100135803223, 1.0000104904174805, 1.0000104904174805, 1.0000101327896118, 1.0000100135803223, 1.000010371208191, 1.0000107288360596, 1.000009536743164, 1.000010371208191, 1.0000098943710327, 1.0000102519989014],