{"L": 8, "J": 0.024782761272985464, "B": 0.12391380636492731, "nit": 8, "init_state": "random computational-basis state", "energy_avg": -0.926869524346483, "energy_std": 0.09439765549622739, "gsf_avg": 0.7571469858251265, "gsf_std": 0.3810416121154264, "norm_check_samples": [1.0000160932540894, 1.0000159740447998, 1.0000154972076416, 1.0000158548355103, 1.0000152587890625, 1.000015139579773, 1.0000168085098267, 1.0000157356262207, 1.0000156164169312, 1.000016212463379, 1.0000157356262207, 1.0000160932540894, 1.0000154972076416, 1.0000158548355103, 1.0000159740447998, 1.000016450881958, 1.000016212463379, 1.000015139579773, 1.0000154972076416, 1.0000158548355103, 1.000015377998352, 1.0000157356262207, 1.0000152587890625, 1.000015377998352, 1.0000160932540894, 1.0000156164169312, 1.0000152587890625, 1.0000158548355103, 1.000015377998352, 1.000015139579773, 1.0000159740447998, 1.0000157356262207, 1.0000156164169312, 1.0000160932540894, 1.0000152587890625, 1.0000154972076416, 1.0000152587890625, 1.000015377998352, 1.0000160932540894, 1.0000156164169312, 1.0000156164169312, 1.0000160932540894, 1.0000156164169312, 1.0000157356262207, 1.0000152587890625, 1.0000152587890625, 1.0000154972076416, 1.0000152587890625, 1.0000160932540894, 1.0000156164169312, 1.0000156164169312, 1.0000158548355103, 1.000015377998352, 1.0000156164169312, 1.0000156164169312, 1.0000165700912476, 1.0000158548355103, 1.0000152587890625, 1.0000158548355103, 1.000015377998352, 1.0000152587890625, 1.000015377998352, 1.0000156164169312, 1.0000158548355103, 1.0000165700912476, 1.0000157356262207, 1.0000156164169312, 1.0000157356262207, 1.000016450881958, 1.0000154972076416, 1.000015377998352, 1.0000150203704834, 1.0000157356262207, 1.000016212463379, 1.0000159740447998, 1.0000160932540894, 1.000015377998352, 1.0000154972076416, 1.0000158548355103, 1.0000156164169312, 1.0000158548355103, 1.0000160932540894, 1.000016212463379, 1.0000158548355103, 1.0000150203704834, 1.0000159740447998, 1.0000156164169312, 1.0000158548355103, 1.0000157356262207, 1.0000156164169312, 1.000016212463379, 1.0000154972076416, 1.0000156164169312, 1.000016212463379, 1.0000159740447998, 1.0000160932540894, 1.0000157356262207, 1.0000159740447998, 1.0000160932540894, 1.0000156164169312, 1.000016212463379, 1.0000157356262207, 1.0000159740447998, 1.0000157356262207, 1.000015377998352, 1.000015139579773, 1.0000156164169312, 1.0000157356262207, 1.0000159740447998, 1.0000152587890625, 1.000015377998352, 1.0000159740447998, 1.0000157356262207, 1.0000154972076416, 1.000015377998352, 1.0000158548355103, 1.0000154972076416, 1.0000160932540894, 1.0000163316726685, 1.0000152587890625, 1.0000156164169312, 1.0000160932540894, 1.000015377998352, 1.0000150203704834, 1.0000158548355103, 1.0000158548355103, 1.0000156164169312, 1.0000157356262207, 1.0000158548355103, 1.0000156164169312, 1.0000158548355103, 1.000016689300537, 1.000015377998352, 1.0000158548355103, 1.0000157356262207, 1.0000157356262207, 1.0000156164169312, 1.000016212463379, 1.0000158548355103, 1.0000157356262207, 1.0000154972076416, 1.0000156164169312, 1.0000154972076416, 1.0000159740447998, 1.0000156164169312, 1.0000157356262207, 1.0000159740447998, 1.0000154972076416, 1.0000157356262207, 1.0000156164169312, 1.0000160932540894, 1.0000160932540894, 1.0000158548355103, 1.0000156164169312, 1.000015377998352, 1.0000154972076416, 1.0000158548355103, 1.0000157356262207, 1.000015139579773, 1.0000156164169312, 1.0000168085098267, 1.0000154972076416, 1.0000152587890625, 1.000015377998352, 1.000016212463379, 1.0000159740447998, 1.000016212463379, 1.0000159740447998, 1.000016212463379, 1.0000160932540894, 1.0000158548355103, 1.0000159740447998, 1.0000154972076416, 1.0000156164169312, 1.0000158548355103, 1.0000154972076416, 1.000015377998352, 1.0000158548355103, 1.0000156164169312, 1.0000157356262207, 1.0000157356262207, 1.000015377998352, 1.000015139579773, 1.0000157356262207, 1.000016212463379, 1.0000150203704834, 1.0000149011611938, 1.0000154972076416, 1.0000160932540894, 1.000016450881958, 1.0000157356262207, 1.0000157356262207, 1.0000157356262207, 1.000016450881958, 1.0000158548355103, 1.0000154972076416, 1.0000158548355103, 1.0000160932540894, 1.0000158548355103, 1.000015377998352],